date,symbol,quantity,close,market_value,avg_cost,weight
2023-07-10,510880.SH,44500,2.55,113474.99999999999,2.5460355816,0.11345907844736715
2023-07-10,512100.SH,44300,2.548,112876.40000000001,2.5560435831,0.1128605624362758
2023-07-10,512660.SH,102700,1.106,113586.20000000001,1.1028817653,0.1135702628450173
2023-07-11,510880.SH,44500,2.548,113386.0,2.5460355816,0.11320511762639092
2023-07-11,512100.SH,44300,2.569,113806.7,2.5560435831,0.11362514649225992
2023-07-11,512660.SH,102700,1.112,114202.40000000001,1.1028817653,0.11402021524011913
2023-07-12,510880.SH,44500,2.53,112584.99999999999,2.5460355816,0.11291704062122156
2023-07-12,512100.SH,44300,2.531,112123.3,2.5560435831,0.11245397895532631
2023-07-12,512660.SH,102700,1.092,112148.40000000001,1.1028817653,0.11247915298134749
2023-07-13,510880.SH,44500,2.561,113964.5,2.5460355816,0.11393426998066118
2023-07-13,512100.SH,44300,2.556,113230.8,2.5560435831,0.11320076460061029
2023-07-13,512660.SH,102700,1.099,112867.3,1.1028817653,0.11283736102196983
2023-07-14,510880.SH,44500,2.576,114632.0,2.5460355816,0.11459917551960781
2023-07-14,512100.SH,44300,2.553,113097.9,2.5560435831,0.11306551480388592
2023-07-14,512660.SH,102700,1.094,112353.8,1.1028817653,0.11232162787437114
2023-07-17,510880.SH,44100,2.559,112851.90000000001,2.5460355816,0.11298446385504193
2023-07-17,512660.SH,103400,1.099,113636.59999999999,1.1028736962892651,0.1137700856193813
2023-07-17,510300.SH,30800,3.644,112235.2,3.6689333499,0.11236703943543176
2023-07-18,510880.SH,44100,2.552,112543.2,2.5460355816,0.11271942473414528
2023-07-18,512660.SH,103400,1.1,113740.00000000001,1.1028736962892651,0.11391809873241286
2023-07-18,510300.SH,30800,3.638,112050.4,3.6689333499,0.11222585308779982
2023-07-19,510880.SH,44100,2.571,113381.1,2.5460355816,0.11357618899916903
2023-07-19,512660.SH,103400,1.091,112809.4,1.1028736962892651,0.11300350530452481
2023-07-19,510300.SH,30800,3.636,111988.8,3.6689333499,0.1121814933405139
2023-07-20,510880.SH,44100,2.562,112984.2,2.5460355816,0.11356889729018663
2023-07-20,512660.SH,103400,1.07,110638.0,1.1028736962892651,0.1112105556209777
2023-07-20,510300.SH,30800,3.608,111126.40000000001,3.6689333499,0.11170148310850718
2023-07-21,510880.SH,44100,2.562,112984.2,2.5460355816,0.11359728371940635
2023-07-21,512660.SH,103400,1.067,110327.79999999999,1.1028736962892651,0.11092646935357262
2023-07-21,510300.SH,30800,3.61,111188.0,3.6689333499,0.11179133703821732
2023-07-24,510880.SH,44000,2.56,112640.0,2.5460355816,0.11350223584212932
2023-07-24,159928.SZ,118500,0.938,111153.0,0.9497593423499999,0.11200385316548474
2023-07-24,512880.SH,125700,0.898,112878.6,0.8957161342499999,0.11374266227565145
2023-07-25,510880.SH,44000,2.602,114488.0,2.5460355816,0.11399377337409258
2023-07-25,159928.SZ,118500,0.969,114826.5,0.9497593423499999,0.11433081212301938
2023-07-25,512880.SH,125700,0.949,119289.29999999999,0.8957161342499999,0.11877434691980068
2023-07-26,510880.SH,44000,2.609,114796.0,2.5460355816,0.11432179797368724
2023-07-26,159928.SZ,118500,0.968,114708.0,0.9497593423499999,0.1142341614861643
2023-07-26,512880.SH,125700,0.946,118912.2,0.8957161342499999,0.1184209946775732
2023-07-27,510880.SH,44000,2.618,115192.0,2.5460355816,0.11473330107124699
2023-07-27,159928.SZ,118500,0.974,115419.0,0.9497593423499999,0.1149593971486063
2023-07-27,512880.SH,125700,0.936,117655.20000000001,0.8957161342499999,0.11718669251508594
2023-07-28,510880.SH,44000,2.67,117480.0,2.5460355816,0.11532128267885251
2023-07-28,159928.SZ,118500,0.993,117670.5,0.9497593423499999,0.1155082822051576
2023-07-28,512880.SH,125700,1.017,127836.9,0.8957161342499999,0.12548787267354614
2023-07-31,510880.SH,43000,2.69,115670.0,2.5460355816,0.11345535586976384
2023-07-31,512880.SH,112700,1.013,114165.09999999999,0.8957161342499999,0.11197926902746758
2023-07-31,510300.SH,30200,3.804,114880.79999999999,3.8230565729999997,0.11268126607247483
2023-08-01,510880.SH,43000,2.694,115842.0,2.5460355816,0.11369063651080613
2023-08-01,512880.SH,112700,1.011,113939.69999999998,0.8957161342499999,0.11182366513743112
2023-08-01,510300.SH,30200,3.786,114337.2,3.8230565729999997,0.11221378295318919
2023-08-02,510880.SH,43000,2.655,114164.99999999999,2.5460355816,0.1122390827246172
2023-08-02,512880.SH,112700,1.018,114728.6,0.8957161342499999,0.1127931750210618
2023-08-02,510300.SH,30200,3.757,113461.40000000001,3.8230565729999997,0.11154735217142632
2023-08-03,510880.SH,43000,2.671,114852.99999999999,2.5460355816,0.11227170936441525
2023-08-03,512880.SH,112700,1.054,118785.8,0.8957161342499999,0.11611612073014688
2023-08-03,510300.SH,30200,3.793,114548.6,3.8230565729999997,0.1119741506734753
2023-08-04,510880.SH,43000,2.66,114380.0,2.5460355816,0.11168100939326668
2023-08-04,512880.SH,112700,1.063,119800.09999999999,0.8957161342499999,0.11697321291671871
2023-08-04,510300.SH,30200,3.814,115182.8,3.8230565729999997,0.11246486596208041
2023-08-07,510880.SH,43500,2.632,114492.0,2.5474297473287355,0.11199552646491259
2023-08-07,512880.SH,111000,1.066,118326.0,0.8957161342499999,0.11574592691617971
2023-08-07,510300.SH,30400,3.783,115003.2,3.8230555297565787,0.11249557985841487
2023-08-08,510880.SH,43500,2.627,114274.49999999999,2.5474297473287355,0.11194159982515968
2023-08-08,512880.SH,111000,1.059,117549.0,0.8957161342499999,0.1151492513014513
2023-08-08,510300.SH,30400,3.768,114547.2,3.8230555297565787,0.11220873268745461
2023-08-09,510880.SH,43500,2.617,113839.5,2.5474297473287355,0.11166251284051107
2023-08-09,512880.SH,111000,1.053,116883.0,0.8957161342499999,0.11464781107030034
2023-08-09,510300.SH,30400,3.76,114304.0,3.8230555297565787,0.1121181300666445
2023-08-10,510880.SH,43500,2.638,114753.0,2.5474297473287355,0.11218479470871325
2023-08-10,512880.SH,111000,1.074,119214.00000000001,0.8957161342499999,0.1165459562399636
2023-08-10,510300.SH,30400,3.765,114456.0,3.8230555297565787,0.11189444165451433
2023-08-11,510880.SH,43500,2.596,112926.0,2.5474297473287355,0.11148113397798325
2023-08-11,512880.SH,111000,1.027,113996.99999999999,0.8957161342499999,0.11253843074303663
2023-08-11,510300.SH,30400,3.67,111568.0,3.8230555297565787,0.11014050932164103
2023-08-14,510880.SH,44200,2.59,114478.0,2.5480949628687783,0.11325611354421641
2023-08-14,512880.SH,113600,1.017,115531.19999999998,0.8982957632196302,0.11429807216320667
2023-08-14,510300.SH,31400,3.643,114390.2,3.8174110702101904,0.11316925068175217
2023-08-15,510880.SH,44200,2.614,115538.79999999999,2.5480949628687783,0.11395681705364377
2023-08-15,512880.SH,113600,1.036,117689.6,0.8982957632196302,0.11607816782168862
2023-08-15,510300.SH,31400,3.639,114264.59999999999,3.8174110702101904,0.11270006368343609
2023-08-16,510880.SH,44200,2.613,115494.6,2.5480949628687783,0.11399856244047016
2023-08-16,512880.SH,113600,1.038,117916.8,0.8982957632196302,0.11638938692874326
2023-08-16,510300.SH,31400,3.609,113322.6,3.8174110702101904,0.11185469703359657
2023-08-17,510880.SH,44200,2.612,115450.40000000001,2.5480949628687783,0.1139140073833309
2023-08-17,512880.SH,113600,1.038,117916.8,0.8982957632196302,0.11634758498730843
2023-08-17,510300.SH,31400,3.622,113730.8,3.8174110702101904,0.11221729150277635
2023-08-18,510880.SH,44200,2.613,115494.6,2.5480949628687783,0.1143476584556483
2023-08-18,512880.SH,113600,1.021,115985.59999999999,0.8982957632196302,0.11483378248483861
2023-08-18,510300.SH,31400,3.572,112160.8,3.8174110702101904,0.11104696540368363
2023-08-21,510880.SH,43700,2.588,113095.6,2.5480949628687783,0.11273651983025457
2023-08-21,512880.SH,113100,0.985,111403.5,0.8982957632196302,0.1110497922722879
2023-08-21,510300.SH,32000,3.52,112640.0,3.8128305157687494,0.11228236636686019
2023-08-22,510880.SH,43700,2.606,113882.2,2.5480949628687783,0.11310666971786434
2023-08-22,512880.SH,113100,1.004,113552.4,0.8982957632196302,0.11277911563414492
2023-08-22,510300.SH,32000,3.543,113376.0,3.8128305157687494,0.11260391690652787
2023-08-23,510880.SH,43700,2.612,114144.40000000001,2.5480949628687783,0.11388188774881985
2023-08-23,512880.SH,113100,0.977,110498.7,0.8982957632196302,0.11024457222422229
2023-08-23,510300.SH,32000,3.488,111616.0,3.8128305157687494,0.11135930262870782
2023-08-24,510880.SH,43700,2.596,113445.2,2.5480949628687783,0.11298890252869785
2023-08-24,512880.SH,113100,0.992,112195.2,0.8982957632196302,0.11174393025873074
2023-08-24,510300.SH,32000,3.511,112352.0,3.8128305157687494,0.11190009958027541
2023-08-25,510880.SH,43700,2.599,113576.3,2.5480949628687783,0.11305352610086097
2023-08-25,512880.SH,113100,0.998,112873.8,0.8982957632196302,0.1123542595982028
2023-08-25,510300.SH,32000,3.504,112128.0,3.8128305157687494,0.11161189239865481
2023-08-28,510880.SH,42600,2.641,112506.6,2.5480949628687783,0.11116701854388977
2023-08-28,512880.SH,106100,1.023,108540.29999999999,0.8982957632196302,0.10724794405714294
2023-08-28,159928.SZ,120100,0.929,111572.90000000001,0.9707761454999998,0.11024443582239228
2023-08-29,510880.SH,42600,2.641,112506.6,2.5480949628687783,0.11109034585621914
2023-08-29,512880.SH,106100,1.016,107797.6,0.8982957632196302,0.10644062362981699
2023-08-29,159928.SZ,120100,0.941,113014.09999999999,0.9707761454999998,0.11159145735120726
2023-08-30,510880.SH,42600,2.611,111228.6,2.5480949628687783,0.11034216950714944
2023-08-30,512880.SH,106100,0.987,104720.7,0.8982957632196302,0.10388613387480686
2023-08-30,159928.SZ,120100,0.938,112653.79999999999,0.9707761454999998,0.11175601145051281
2023-08-31,510880.SH,42600,2.578,109822.79999999999,2.5480949628687783,0.10938403113292182
2023-08-31,512880.SH,106100,0.968,102704.8,0.8982957632196302,0.10229446927869723
2023-08-31,159928.SZ,120100,0.933,112053.3,0.9707761454999998,0.1116056197414984
2023-09-01,510880.SH,42600,2.606,111015.59999999999,2.5480949628687783,0.1102842752099404
2023-09-01,512880.SH,106100,0.969,102810.9,0.8982957632196302,0.10213362437514782
2023-09-01,159928.SZ,120100,0.944,113374.4,0.9707761454999998,0.11262753641255703
2023-09-04,510880.SH,43600,2.652,115627.20000000001,2.549797096747935,0.11430743853130435
2023-09-04,512880.SH,117300,0.976,114484.8,0.9055177261517713,0.11317807781187014
2023-09-04,159928.SZ,120300,0.962,115728.59999999999,0.9707822940527846,0.11440768115818688
2023-09-05,510880.SH,43600,2.628,114580.8,2.549797096747935,0.11363074266033417
2023-09-05,512880.SH,117300,0.967,113429.09999999999,0.9055177261517713,0.11248859208779577
2023-09-05,159928.SZ,120300,0.953,114645.9,0.9707822940527846,0.11369530287764097
2023-09-06,510880.SH,43600,2.625,114450.0,2.549797096747935,0.11359606225845718
2023-09-06,512880.SH,117300,0.964,113077.2,0.9055177261517713,0.11223350503461786
2023-09-06,159928.SZ,120300,0.95,114285.0,0.9707822940527846,0.11343229336136111
2023-09-07,510880.SH,43600,2.617,114101.2,2.549797096747935,0.11350431280916914
2023-09-07,512880.SH,117300,0.959,112490.7,0.9055177261517713,0.11190223767079052
2023-09-07,159928.SZ,120300,0.939,112961.7,0.9707822940527846,0.11237077377148989
2023-09-08,510880.SH,43600,2.598,113272.79999999999,2.549797096747935,0.11280188392686424
2023-09-08,512880.SH,117300,0.964,113077.2,0.9055177261517713,0.11260709710693842
2023-09-08,159928.SZ,120300,0.932,112119.6,0.9707822940527846,0.11165347819711749
2023-09-11,510880.SH,43700,2.619,114450.3,2.5500270793640722,0.11380070711835462
2023-09-11,512880.SH,118000,0.979,115522.0,0.9059098870983286,0.11486632440217773
2023-09-11,512660.SH,107000,1.054,112778.0,1.0638505594499998,0.1121378986983328
2023-09-12,510880.SH,43700,2.614,114231.79999999999,2.5500270793640722,0.1138277499517492
2023-09-12,512880.SH,118000,0.968,114224.0,0.9059098870983286,0.11381997754118031
2023-09-12,512660.SH,107000,1.048,112136.0,1.0638505594499998,0.11173936301966134
2023-09-13,510880.SH,43700,2.629,114887.3,2.5500270793640722,0.11476241988587092
2023-09-13,512880.SH,118000,0.957,112926.0,0.9059098870983286,0.11280325177832415
2023-09-13,512660.SH,107000,1.031,110316.99999999999,1.0638505594499998,0.11019708770725416
2023-09-14,510880.SH,43700,2.667,116547.9,2.5500270793640722,0.11619851869961406
2023-09-14,512880.SH,118000,0.961,113398.0,0.9059098870983286,0.11305806130782997
2023-09-14,512660.SH,107000,1.029,110102.99999999999,1.0638505594499998,0.10977293888936314
2023-09-15,510880.SH,43700,2.669,116635.3,2.5500270793640722,0.11631784973466863
2023-09-15,512880.SH,118000,0.957,112926.0,0.9059098870983286,0.11261864546271318
2023-09-15,512660.SH,107000,1.03,110210.0,1.0638505594499998,0.10991003769234382
2023-09-18,510880.SH,42500,2.671,113517.49999999999,2.5500270793640722,0.11319663819180634
2023-09-18,512880.SH,119200,0.955,113836.0,0.9064105476308959,0.11351423793866557
2023-09-18,159928.SZ,122300,0.935,114350.5,0.92774173905,0.11402728368359198
2023-09-19,510880.SH,42500,2.692,114410.0,2.5500270793640722,0.11399941373215719
2023-09-19,512880.SH,119200,0.956,113955.2,0.9064105476308959,0.11354624588524358
2023-09-19,159928.SZ,122300,0.933,114105.90000000001,0.92774173905,0.1136964050640692
2023-09-20,510880.SH,42500,2.7,114750.00000000001,2.5500270793640722,0.11438166217207922
2023-09-20,512880.SH,119200,0.952,113478.4,0.9064105476308959,0.11311414390089823
2023-09-20,159928.SZ,122300,0.931,113861.3,0.92774173905,0.11349581482417222
2023-09-21,510880.SH,42500,2.681,113942.5,2.5500270793640722,0.11399958501282036
2023-09-21,512880.SH,119200,0.945,112644.0,0.9064105476308959,0.112700434466368
2023-09-21,159928.SZ,122300,0.914,111782.2,0.92774173905,0.111838202705927
2023-09-22,510880.SH,42500,2.695,114537.5,2.5500270793640722,0.11388239692671132
2023-09-22,512880.SH,119200,0.974,116100.8,0.9064105476308959,0.11543675555262448
2023-09-22,159928.SZ,122300,0.932,113983.6,0.92774173905,0.11333166498601324
2023-09-25,510880.SH,42300,2.689,113744.7,2.5500270793640722,0.11326555806376253
2023-09-25,512880.SH,117400,0.95,111530.0,0.9064105476308959,0.11106018733929084
2023-09-25,512010.SH,271700,0.425,115472.5,0.41933526284999995,0.1149860798218978
2023-09-26,510880.SH,42300,2.676,113194.8,2.5500270793640722,0.1128144176791837
2023-09-26,512880.SH,117400,0.952,111764.79999999999,0.9064105476308959,0.11138922308295458
2023-09-26,512010.SH,271700,0.423,114929.09999999999,0.41933526284999995,0.11454288969893202
2023-09-27,510880.SH,42300,2.665,112729.5,2.5500270793640722,0.11211631872932096
2023-09-27,512880.SH,117400,0.953,111882.2,0.9064105476308959,0.11127362753616075
2023-09-27,512010.SH,271700,0.432,117374.4,0.41933526284999995,0.11673595324261005
2023-09-28,510880.SH,42300,2.661,112560.3,2.5500270793640722,0.1121667346635112
2023-09-28,512880.SH,117400,0.947,111177.79999999999,0.9064105476308959,0.11078906855323692
2023-09-28,512010.SH,271700,0.428,116287.59999999999,0.41933526284999995,0.11588100221709184
2023-10-09,510880.SH,42300,2.656,112348.8,2.5500270793640722,0.1119851893835884
2023-10-09,512880.SH,117400,0.935,109769.0,0.9064105476308959,0.10941373876220409
2023-10-09,512010.SH,271700,0.433,117646.1,0.41933526284999995,0.11726534496799769
2023-10-10,510880.SH,42300,2.627,111122.09999999999,2.5500270793640722,0.11114809167778172
2023-10-10,512880.SH,117400,0.932,109416.8,0.9064105476308959,0.10944239280475719
2023-10-10,512010.SH,271700,0.426,115744.2,0.41933526284999995,0.11577127279606401
2023-10-11,510880.SH,42300,2.618,110741.4,2.5500270793640722,0.11056494357643418
2023-10-11,512880.SH,117400,0.93,109182.0,0.9064105476308959,0.10900802833955718
2023-10-11,512010.SH,271700,0.435,118189.5,0.41933526284999995,0.1180011757014718
2023-10-12,510880.SH,42300,2.644,111841.20000000001,2.5500270793640722,0.11133678283455663
2023-10-12,512880.SH,117400,0.941,110473.4,0.9064105476308959,0.10997515177586709
2023-10-12,512010.SH,271700,0.437,118732.9,0.41933526284999995,0.11819740044471203
2023-10-13,510880.SH,42300,2.64,111672.0,2.5500270793640722,0.11137752309373282
2023-10-13,512880.SH,117400,0.931,109299.40000000001,0.9064105476308959,0.1090111795940893
2023-10-13,512010.SH,271700,0.435,118189.5,0.41933526284999995,0.11787783657216433
2023-10-16,510880.SH,43000,2.659,114336.99999999999,2.55166209667675,0.11417683432612538
2023-10-16,512880.SH,122100,0.929,113430.90000000001,0.9073774266328187,0.11327200361005885
2023-10-16,512010.SH,260000,0.428,111280.0,0.41933526284999995,0.1111241166360079
2023-10-17,510880.SH,43000,2.655,114164.99999999999,2.55166209667675,0.11387370126988006
2023-10-17,512880.SH,122100,0.942,115018.2,0.9073774266328187,0.11472472427976455
2023-10-17,512010.SH,260000,0.427,111020.0,0.41933526284999995,0.11073672592284925
2023-10-18,510880.SH,43000,2.632,113176.0,2.55166209667675,0.11321823197650178
2023-10-18,512880.SH,122100,0.941,114896.09999999999,0.9073774266328187,0.11493897383716817
2023-10-18,512010.SH,260000,0.42,109200.0,0.41933526284999995,0.10924074831973205
2023-10-19,510880.SH,43000,2.587,111241.00000000001,2.55166209667675,0.11172595925394008
2023-10-19,512880.SH,122100,0.935,114163.5,0.9073774266328187,0.11466120000078377
2023-10-19,512010.SH,260000,0.415,107900.0,0.41933526284999995,0.10837039404086743
2023-10-20,510880.SH,43000,2.564,110252.0,2.55166209667675,0.11100498163710554
2023-10-20,512880.SH,122100,0.938,114529.79999999999,0.9073774266328187,0.11531199747760919
2023-10-20,512010.SH,260000,0.408,106080.0,0.41933526284999995,0.10680448837267492
2023-10-23,510880.SH,43800,2.534,110989.2,2.552006743312791,0.11218971863268722
2023-10-23,512880.SH,120300,0.914,109954.2,0.9073774266328187,0.11114352351834428
2023-10-23,512010.SH,276800,0.409,113211.2,0.41855628157875713,0.11443575297478384
2023-10-24,510880.SH,43800,2.555,111909.0,2.552006743312791,0.11252768736611096
2023-10-24,512880.SH,120300,0.945,113683.5,0.9073774266328187,0.11431199766493558
2023-10-24,512010.SH,276800,0.411,113764.79999999999,0.41855628157875713,0.1143937471308665
2023-10-25,510880.SH,43800,2.578,112916.4,2.552006743312791,0.11353418378591161
2023-10-25,512880.SH,120300,0.944,113563.2,0.9073774266328187,0.11418452253274315
2023-10-25,512010.SH,276800,0.408,112934.4,0.41855628157875713,0.11355228226680675
2023-10-26,510880.SH,43800,2.588,113354.40000000001,2.552006743312791,0.11381152285707426
2023-10-26,512880.SH,120300,0.943,113442.9,0.9073774266328187,0.11390037974990637
2023-10-26,512010.SH,276800,0.412,114041.59999999999,0.41855628157875713,0.11450149411983405
2023-10-27,510880.SH,43800,2.599,113836.20000000001,2.552006743312791,0.11374273646964132
2023-10-27,512880.SH,120300,0.947,113924.09999999999,0.9073774266328187,0.11383056430064481
2023-10-27,512010.SH,276800,0.426,117916.8,0.41855628157875713,0.1178199861532922
2023-10-30,510880.SH,43600,2.558,111528.79999999999,2.552006743312791,0.11169172432956942
2023-10-30,512880.SH,120200,0.943,113348.59999999999,0.9073774266328187,0.11351418274331503
2023-10-30,512010.SH,276800,0.426,117916.8,0.41855628157875713,0.11808905609515186
2023-10-31,510880.SH,43600,2.566,111877.59999999999,2.552006743312791,0.11197496183962372
2023-10-31,512880.SH,120200,0.945,113589.0,0.9073774266328187,0.1136878511909535
2023-10-31,512010.SH,276800,0.426,117916.8,0.41855628157875713,0.11801941747276079
2023-11-01,510880.SH,43600,2.563,111746.8,2.552006743312791,0.11189908307272191
2023-11-01,512880.SH,120200,0.942,113228.4,0.9073774266328187,0.11338270212472647
2023-11-01,512010.SH,276800,0.426,117916.8,0.41855628157875713,0.11807749124690402
2023-11-02,510880.SH,43600,2.572,112139.2,2.552006743312791,0.1121248812624452
2023-11-02,512880.SH,120200,0.935,112387.0,0.9073774266328187,0.11237264962156346
2023-11-02,512010.SH,276800,0.433,119854.4,0.41855628157875713,0.11983909613035951
2023-11-03,510880.SH,43600,2.558,111528.79999999999,2.552006743312791,0.11137364498756468
2023-11-03,512880.SH,120200,0.946,113709.2,0.9073774266328187,0.11355101169043323
2023-11-03,512010.SH,276800,0.435,120408.0,0.41855628157875713,0.12024049255136511
2023-11-06,512010.SH,259400,0.445,115433.0,0.41855628157875713,0.11454261587403261
2023-11-06,159928.SZ,124200,0.912,113270.40000000001,0.9177337375499999,0.11239669693326886
2023-11-06,159995.SZ,113300,1.019,115452.69999999998,1.0058041507499997,0.11456216391950241
2023-11-07,512010.SH,259400,0.442,114654.8,0.41855628157875713,0.11388889859298724
2023-11-07,159928.SZ,124200,0.908,112773.6,0.9177337375499999,0.11202026512946782
2023-11-07,159995.SZ,113300,1.021,115679.29999999999,1.0058041507499997,0.11490655486737361
2023-11-08,512010.SH,259400,0.445,115433.0,0.41855628157875713,0.11458870044112861
2023-11-08,159928.SZ,124200,0.906,112525.2,0.9177337375499999,0.11170216865955215
2023-11-08,159995.SZ,113300,1.022,115792.6,1.0058041507499997,0.11494567025633423
2023-11-09,512010.SH,259400,0.441,114395.4,0.41855628157875713,0.1138424005903312
2023-11-09,159928.SZ,124200,0.906,112525.2,0.9177337375499999,0.11198124133406707
2023-11-09,159995.SZ,113300,1.009,114319.69999999998,1.0058041507499997,0.11376706653210256
2023-11-10,512010.SH,259400,0.44,114136.0,0.41855628157875713,0.11376335817839302
2023-11-10,159928.SZ,124200,0.899,111655.8,0.9177337375499999,0.1112912557658847
2023-11-10,159995.SZ,113300,1.005,113866.49999999999,1.0058041507499997,0.1134947380670427
2023-11-13,512010.SH,257400,0.435,111969.0,0.41855628157875713,0.11180601250384284
2023-11-13,159995.SZ,112700,1.006,113376.2,1.0058041507499997,0.11321116411540862
2023-11-13,512880.SH,116600,0.97,113102.0,0.9757801462500001,0.11293736325420102
2023-11-14,512010.SH,257400,0.435,111969.0,0.41855628157875713,0.11151173826622748
2023-11-14,159995.SZ,112700,1.016,114503.2,1.0058041507499997,0.11403558903844367
2023-11-14,512880.SH,116600,0.983,114617.8,0.9757801462500001,0.11414972103216792
2023-11-15,512010.SH,257400,0.44,113256.0,0.41855628157875713,0.11268655310745712
2023-11-15,159995.SZ,112700,1.012,114052.4,1.0058041507499997,0.11347894883832152
2023-11-15,512880.SH,116600,0.984,114734.4,0.9757801462500001,0.11415751976806728
2023-11-16,512010.SH,257400,0.432,111196.8,0.41855628157875713,0.11119358979600137
2023-11-16,159995.SZ,112700,0.995,112136.5,1.0058041507499997,0.11213326266726477
2023-11-16,512880.SH,116600,0.975,113685.0,0.9757801462500001,0.11368171796273287
2023-11-17,512010.SH,257400,0.435,111969.0,0.41855628157875713,0.11178951406460057
2023-11-17,159995.SZ,112700,0.998,112474.6,1.0058041507499997,0.11229430358947855
2023-11-17,512880.SH,116600,0.979,114151.4,0.9757801462500001,0.11396841568464347
2023-11-20,159995.SZ,113500,0.992,112592.0,1.0058108175288543,0.11241669263814663
2023-11-20,512880.SH,115900,0.975,113002.5,0.9757801462500001,0.1128265534837481
2023-11-20,512100.SH,47000,2.437,114538.99999999999,2.41693236225,0.11436066113116986
2023-11-21,159995.SZ,113500,0.983,111570.5,1.0058108175288543,0.111630764711872
2023-11-21,512880.SH,115900,0.973,112770.7,0.9757801462500001,0.11283161299889401
2023-11-21,512100.SH,47000,2.419,113693.0,2.41693236225,0.11375441117846441
2023-11-22,159995.SZ,113500,0.969,109981.5,1.0058108175288543,0.11047210191578975
2023-11-22,512880.SH,115900,0.964,111727.59999999999,0.9757801462500001,0.11222599086215945
2023-11-22,512100.SH,47000,2.392,112424.0,2.41693236225,0.11292549734074137
2023-11-23,159995.SZ,113500,0.977,110889.5,1.0058108175288543,0.11111809854790601
2023-11-23,512880.SH,115900,0.967,112075.3,0.9757801462500001,0.11230634307293413
2023-11-23,512100.SH,47000,2.416,113552.0,2.41693236225,0.11378608728790213
2023-11-24,159995.SZ,113500,0.964,109414.0,1.0058108175288543,0.1101117514732117
2023-11-24,512880.SH,115900,0.957,110916.29999999999,0.9757801462500001,0.11162363189288564
2023-11-24,512100.SH,47000,2.381,111906.99999999999,2.41693236225,0.11262064975334692
2023-11-27,512880.SH,118100,0.946,111722.59999999999,0.9753883670649873,0.11276643968378783
2023-11-27,512100.SH,47100,2.382,112192.20000000001,2.4169690058545648,0.11324042722145262
2023-11-27,512010.SH,259100,0.43,111413.0,0.43434726509999994,0.1124539470482235
2023-11-28,512880.SH,118100,0.945,111604.5,0.9753883670649873,0.11243610576652037
2023-11-28,512100.SH,47100,2.391,112616.1,2.4169690058545648,0.11345524356646045
2023-11-28,512010.SH,259100,0.436,112967.6,0.43434726509999994,0.11380936272094734
2023-11-29,512880.SH,118100,0.936,110541.6,0.9753883670649873,0.11158008161618144
2023-11-29,512100.SH,47100,2.384,112286.4,2.4169690058545648,0.1133412731169731
2023-11-29,512010.SH,259100,0.434,112449.4,0.43434726509999994,0.11350580441834233
2023-11-30,512880.SH,118100,0.938,110777.79999999999,0.9753883670649873,0.11181841029888426
2023-11-30,512100.SH,47100,2.368,111532.79999999999,2.4169690058545648,0.11258050252111343
2023-11-30,512010.SH,259100,0.436,112967.6,0.43434726509999994,0.1140287805614504
2023-12-01,512880.SH,118100,0.945,111604.5,0.9753883670649873,0.11249483496595558
2023-12-01,512100.SH,47100,2.391,112616.1,2.4169690058545648,0.11351450509620625
2023-12-01,512010.SH,259100,0.434,112449.4,0.43434726509999994,0.11334647523191918
2023-12-04,512100.SH,47000,2.38,111860.0,2.4169690058545648,0.11335925503196748
2023-12-04,512010.SH,258800,0.422,109213.59999999999,0.43434726509999994,0.11067738544036548
2023-12-04,159995.SZ,115100,0.964,110956.4,0.9767809463999999,0.11244354411790627
2023-12-05,512100.SH,47000,2.336,109792.0,2.4169690058545648,0.11205373698691162
2023-12-05,512010.SH,258800,0.416,107660.79999999999,0.43434726509999994,0.10987863384400041
2023-12-05,159995.SZ,115100,0.935,107618.5,0.9767809463999999,0.1098354624556065
2023-12-06,512100.SH,47000,2.346,110262.0,2.4169690058545648,0.11246297875470058
2023-12-06,512010.SH,258800,0.417,107919.59999999999,0.43434726509999994,0.11007382128036662
2023-12-06,159995.SZ,115100,0.934,107503.40000000001,0.9767809463999999,0.1096493133650585
2023-12-07,512100.SH,47000,2.344,110168.0,2.4169690058545648,0.11265885297724959
2023-12-07,512010.SH,258800,0.412,106625.59999999999,0.43434726509999994,0.10903636077636904
2023-12-07,159995.SZ,115100,0.924,106352.40000000001,0.9767809463999999,0.108756983837209
2023-12-08,512100.SH,47000,2.339,109933.0,2.4169690058545648,0.11212881818426598
2023-12-08,512010.SH,258800,0.416,107660.79999999999,0.43434726509999994,0.10981123292162155
2023-12-08,159995.SZ,115100,0.939,108078.9,0.9767809463999999,0.11023768411355521
2023-12-11,512100.SH,47600,2.364,112526.4,2.415954650738751,0.11430712784836419
2023-12-11,510880.SH,43500,2.581,112273.5,2.54903798205,0.11405022571132922
2023-12-11,512880.SH,120400,0.94,113176.0,0.92173693815,0.11496700775432668
2023-12-12,512100.SH,47600,2.37,112812.0,2.415954650738751,0.11455931012214679
2023-12-12,510880.SH,43500,2.593,112795.5,2.54903798205,0.114542554558758
2023-12-12,512880.SH,120400,0.936,112694.40000000001,0.92173693815,0.11443988865217583
2023-12-13,512100.SH,47600,2.347,111717.2,2.415954650738751,0.11383784535043498
2023-12-13,510880.SH,43500,2.571,111838.50000000001,2.54903798205,0.11396144789902204
2023-12-13,512880.SH,120400,0.925,111370.0,0.92173693815,0.1134840547084777
2023-12-14,512100.SH,47600,2.339,111336.4,2.415954650738751,0.1135093144548005
2023-12-14,510880.SH,43500,2.579,112186.50000000001,2.54903798205,0.11437600556586595
2023-12-14,512880.SH,120400,0.921,110888.40000000001,0.92173693815,0.113052570991964
2023-12-15,512100.SH,47600,2.322,110527.2,2.415954650738751,0.11286252308492442
2023-12-15,510880.SH,43500,2.562,111447.0,2.54903798205,0.11380175748816194
2023-12-15,512880.SH,120400,0.921,110888.40000000001,0.92173693815,0.11323135485971177
2023-12-18,510880.SH,43300,2.559,110804.70000000001,2.54903798205,0.11321453951096913
2023-12-18,512880.SH,120300,0.92,110676.0,0.92173693815,0.11308304047496197
2023-12-18,512010.SH,273000,0.407,111110.99999999999,0.4063248609,0.11352750108617495
2023-12-19,510880.SH,43300,2.551,110458.3,2.54903798205,0.11305455268928921
2023-12-19,512880.SH,120300,0.918,110435.40000000001,0.92173693815,0.11303111443922938
2023-12-19,512010.SH,273000,0.403,110019.0,0.4063248609,0.11260492721980067
2023-12-20,510880.SH,43300,2.549,110371.7,2.54903798205,0.11338836350342088
2023-12-20,512880.SH,120300,0.893,107427.90000000001,0.92173693815,0.11036410398325974
2023-12-20,512010.SH,273000,0.401,109473.0,0.4063248609,0.11246510036368013
2023-12-21,510880.SH,43300,2.529,109505.7,2.54903798205,0.11247258056909983
2023-12-21,512880.SH,120300,0.893,107427.90000000001,0.92173693815,0.11033848592465233
2023-12-21,512010.SH,273000,0.405,110565.0,0.4063248609,0.11356058059646687
2023-12-22,510880.SH,43300,2.525,109332.5,2.54903798205,0.112419401983166
2023-12-22,512880.SH,120300,0.89,107067.0,0.92173693815,0.11008993768670462
2023-12-22,512010.SH,273000,0.403,110019.0,0.4063248609,0.11312528467551679
2023-12-25,510880.SH,43600,2.523,110002.8,2.548968412219381,0.1133413194526849
2023-12-25,512880.SH,123800,0.885,109563.0,0.920864373258845,0.11288817178466835
2023-12-25,159995.SZ,119200,0.916,109187.2,0.92373853845,0.11250096647852778
2023-12-26,510880.SH,43600,2.506,109261.59999999999,2.548968412219381,0.11310050823044389
2023-12-26,512880.SH,123800,0.874,108201.2,0.920864373258845,0.11200285105786394
2023-12-26,159995.SZ,119200,0.896,106803.2,0.92373853845,0.11055573230336867
2023-12-27,510880.SH,43600,2.518,109784.79999999999,2.548968412219381,0.11324110526523293
2023-12-27,512880.SH,123800,0.882,109191.6,0.920864373258845,0.11262922981759961
2023-12-27,159995.SZ,119200,0.912,108710.40000000001,0.92373853845,0.11213288041537244
2023-12-28,510880.SH,43600,2.5,109000.0,2.548968412219381,0.11196097008327645
2023-12-28,512880.SH,123800,0.902,111667.6,0.920864373258845,0.11470103507221359
2023-12-28,159995.SZ,119200,0.932,111094.40000000001,0.92373853845,0.11411226417265641
2023-12-29,510880.SH,43600,2.515,109654.0,2.548968412219381,0.11255712387510307
2023-12-29,512880.SH,123800,0.902,111667.6,0.920864373258845,0.11462403456358601
2023-12-29,159995.SZ,119200,0.932,111094.40000000001,0.92373853845,0.11403565891467936
2024-01-02,510880.SH,43800,2.554,111865.2,2.5489332025745437,0.11495046694756116
2024-01-02,512880.SH,122400,0.891,109058.40000000001,0.920864373258845,0.11206625478302372
2024-01-02,512010.SH,267800,0.407,108994.59999999999,0.4123296617999999,0.11200069516491856
2024-01-03,510880.SH,43800,2.594,113617.2,2.5489332025745437,0.11659039124885458
2024-01-03,512880.SH,122400,0.892,109180.8,0.920864373258845,0.11203789733300012
2024-01-03,512010.SH,267800,0.405,108459.0,0.4123296617999999,0.11129720891255478
2024-01-04,510880.SH,43800,2.618,114668.4,2.5489332025745437,0.11778987513310463
2024-01-04,512880.SH,122400,0.884,108201.6,0.920864373258845,0.11114703748549849
2024-01-04,512010.SH,267800,0.401,107387.8,0.4123296617999999,0.11031108442098098
2024-01-05,510880.SH,43800,2.628,115106.40000000001,2.5489332025745437,0.11855169833880914
2024-01-05,512880.SH,122400,0.877,107344.8,0.920864373258845,0.11055778260669953
2024-01-05,512010.SH,267800,0.393,105245.40000000001,0.4123296617999999,0.1083955445774284
2024-01-08,510880.SH,41800,2.599,108638.20000000001,2.5489332025745437,0.11260595309496718
2024-01-08,512880.SH,125800,0.86,108188.0,0.9196222844744246,0.11213931060564616
2024-01-08,510500.SH,21400,5.01,107214.0,5.125097568149999,0.11112973756122442
2024-01-09,510880.SH,41800,2.622,109599.59999999999,2.5489332025745437,0.11348876124916783
2024-01-09,512880.SH,125800,0.858,107936.4,0.9196222844744246,0.11176654230211314
2024-01-09,510500.SH,21400,5.022,107470.8,5.125097568149999,0.11128442040351486
2024-01-10,510880.SH,41800,2.607,108972.6,2.5489332025745437,0.1130043149733916
2024-01-10,512880.SH,125800,0.854,107433.2,0.9196222844744246,0.1114079610048707
2024-01-10,510500.SH,21400,5.009,107192.6,5.125097568149999,0.11115845940371044
2024-01-11,510880.SH,41800,2.579,107802.20000000001,2.5489332025745437,0.11165350119660561
2024-01-11,512880.SH,125800,0.862,108439.6,0.9196222844744246,0.11231367271131232
2024-01-11,510500.SH,21400,5.072,108540.8,5.125097568149999,0.11241848814477375
2024-01-12,510880.SH,41800,2.594,108429.2,2.5489332025745437,0.11241155133064838
2024-01-12,512880.SH,125800,0.853,107307.4,0.9196222844744246,0.11124855023608418
2024-01-12,510500.SH,21400,5.052,108112.79999999999,5.125097568149999,0.11208353069745162
2024-01-15,510880.SH,42200,2.608,110057.6,2.549396319137818,0.11422587602167081
2024-01-15,510500.SH,21600,5.039,108842.4,5.1245181230745365,0.11296465203948752
2024-01-15,516160.SH,53500,2.025,108337.5,2.0396307056999996,0.11244062966571831
2024-01-16,510880.SH,42200,2.618,110479.59999999999,2.549396319137818,0.11442325724361858
2024-01-16,510500.SH,21600,5.034,108734.4,5.1245181230745365,0.11261576094075758
2024-01-16,516160.SH,53500,2.057,110049.5,2.0396307056999996,0.1139778044818374
2024-01-17,510880.SH,42200,2.581,108918.2,2.549396319137818,0.11377624324650358
2024-01-17,510500.SH,21600,4.901,105861.59999999999,5.1245181230745365,0.11058331070531888
2024-01-17,516160.SH,53500,1.986,106251.0,2.0396307056999996,0.11099007898757281
2024-01-18,510880.SH,42200,2.556,107863.2,2.549396319137818,0.11241472865167133
2024-01-18,510500.SH,21600,4.906,105969.59999999999,5.1245181230745365,0.11044122397004863
2024-01-18,516160.SH,53500,2.045,109407.5,2.0396307056999996,0.1140241938395832
2024-01-19,510880.SH,42200,2.534,106934.79999999999,2.549396319137818,0.11179937196773439
2024-01-19,510500.SH,21600,4.866,105105.59999999999,5.1245181230745365,0.10988695981375478
2024-01-19,516160.SH,53500,2.022,108176.99999999999,2.0396307056999996,0.11309808089932934
2024-01-22,510880.SH,42600,2.465,105009.0,2.549381020366571,0.11084061155993696
2024-01-22,516160.SH,54200,1.957,106069.40000000001,2.039133584962177,0.11195990023517582
2024-01-22,510300.SH,35400,2.995,106023.0,3.0564436581,0.11191092343912613
2024-01-23,510880.SH,42600,2.483,105775.8,2.549381020366571,0.11134095368268415
2024-01-23,516160.SH,54200,1.977,107153.40000000001,2.039133584962177,0.11279103298053174
2024-01-23,510300.SH,35400,3.017,106801.8,3.0564436581,0.11242093434440861
2024-01-24,510880.SH,42600,2.551,108672.6,2.549381020366571,0.11391083403434733
2024-01-24,516160.SH,54200,1.964,106448.8,2.039133584962177,0.11157984248058325
2024-01-24,510300.SH,35400,3.068,108607.2,3.0564436581,0.11384228162513059
2024-01-25,510880.SH,42600,2.623,111739.8,2.549381020366571,0.11629887755986977
2024-01-25,516160.SH,54200,1.996,108183.2,2.039133584962177,0.11259716529683159
2024-01-25,510300.SH,35400,3.124,110589.6,3.0564436581,0.11510174843515895
2024-01-26,510880.SH,42600,2.664,113486.40000000001,2.549381020366571,0.11818803702139265
2024-01-26,516160.SH,54200,1.957,106069.40000000001,2.039133584962177,0.11046375754307922
2024-01-26,510300.SH,35400,3.118,110377.2,3.0564436581,0.11495002572922974
2024-01-29,510880.SH,40700,2.679,109035.29999999999,2.549381020366571,0.11383273967358455
2024-01-29,510300.SH,34800,3.088,107462.40000000001,3.0564436581,0.11219063371127162
2024-01-29,512880.SH,122400,0.875,107100.0,0.8887105332,0.11181228848859871
2024-01-30,510880.SH,40700,2.645,107651.5,2.549381020366571,0.11293975003858062
2024-01-30,510300.SH,34800,3.032,105513.6,3.0564436581,0.11069682828080223
2024-01-30,512880.SH,122400,0.864,105753.6,0.8887105332,0.11094861799120347
2024-01-31,510880.SH,40700,2.649,107814.3,2.549381020366571,0.11330902140996303
2024-01-31,510300.SH,34800,3.011,104782.8,3.0564436581,0.11012302197942085
2024-01-31,512880.SH,122400,0.855,104652.0,0.8887105332,0.10998555579914214
2024-02-01,510880.SH,40700,2.619,106593.3,2.549381020366571,0.11222953912378499
2024-02-01,510300.SH,34800,3.007,104643.6,3.0564436581,0.11017674657087928
2024-02-01,512880.SH,122400,0.852,104284.8,0.8887105332,0.10979897462238333
2024-02-02,510880.SH,40700,2.627,106918.9,2.549381020366571,0.11293430493722321
2024-02-02,510300.SH,34800,2.977,103599.59999999999,3.0564436581,0.10942825653625644
2024-02-02,512880.SH,122400,0.833,101959.2,0.8887105332,0.1076955653673516
2024-02-05,510880.SH,40900,2.633,107689.7,2.5498109689222357,0.11390182225968637
2024-02-05,510300.SH,36200,2.997,108491.4,3.052406138173481,0.11474976863622555
2024-02-05,512880.SH,129700,0.815,105705.5,0.8851301223105628,0.11180316291039234
2024-02-06,510880.SH,40900,2.675,109407.5,2.5498109689222357,0.11430755274877247
2024-02-06,510300.SH,36200,3.1,112220.0,3.052406138173481,0.11724601667588828
2024-02-06,512880.SH,129700,0.863,111931.1,0.8851301223105628,0.11694417766129495
2024-02-07,510880.SH,40900,2.719,111207.09999999999,2.5498109689222357,0.11568658525054801
2024-02-07,510300.SH,36200,3.129,113269.8,3.052406138173481,0.11783237197995923
2024-02-07,512880.SH,129700,0.873,113228.1,0.8851301223105628,0.1177889922802373
2024-02-08,510880.SH,40900,2.72,111248.00000000001,2.5498109689222357,0.11550385146837043
2024-02-08,510300.SH,36200,3.151,114066.2,3.052406138173481,0.11842986320977844
2024-02-08,512880.SH,129700,0.881,114265.7,0.8851301223105628,0.11863699518849213
2024-02-19,510880.SH,40900,2.79,114111.0,2.5498109689222357,0.11816434058729518
2024-02-19,510300.SH,36200,3.178,115043.59999999999,3.052406138173481,0.1191300675025944
2024-02-19,512880.SH,129700,0.871,112968.7,0.8851301223105628,0.11698146491139304
2024-02-20,510880.SH,40900,2.834,115910.6,2.5498109689222357,0.11957458903559998
2024-02-20,510300.SH,36200,3.19,115478.0,3.052406138173481,0.11912831434444315
2024-02-20,512880.SH,129700,0.882,114395.4,0.8851301223105628,0.11801149284502946
2024-02-21,510880.SH,40900,2.827,115624.3,2.5498109689222357,0.11895788906690052
2024-02-21,510300.SH,36200,3.238,117215.6,3.052406138173481,0.12059506817952788
2024-02-21,512880.SH,129700,0.891,115562.7,0.8851301223105628,0.11889451306404886
2024-02-22,510880.SH,40900,2.885,117996.49999999999,2.5498109689222357,0.12082536867274604
2024-02-22,510300.SH,36200,3.264,118156.79999999999,3.052406138173481,0.12098951173290665
2024-02-22,512880.SH,129700,0.901,116859.7,0.8851301223105628,0.11966131483125772
2024-02-23,510880.SH,40900,2.867,117260.3,2.5498109689222357,0.12013276698399322
2024-02-23,510300.SH,36200,3.267,118265.4,3.052406138173481,0.12116248841652931
2024-02-23,512880.SH,129700,0.902,116989.40000000001,0.8851301223105628,0.11985523088203917
2024-02-26,510880.SH,38500,2.798,107723.0,2.5498109689222357,0.11101387056645136
2024-02-26,510300.SH,33800,3.232,109241.6,3.052406138173481,0.1125788628507566
2024-02-26,159928.SZ,129800,0.84,109032.0,0.8516809276499999,0.11236285970128315
2024-02-27,510880.SH,38500,2.815,108377.5,2.5498109689222357,0.11142427172486222
2024-02-27,510300.SH,33800,3.273,110627.40000000001,3.052406138173481,0.11373742223076767
2024-02-27,159928.SZ,129800,0.842,109291.59999999999,0.8516809276499999,0.11236406943918203
2024-02-28,510880.SH,38500,2.809,108146.5,2.5498109689222357,0.11147170983166452
2024-02-28,510300.SH,33800,3.237,109410.6,3.052406138173481,0.11277467745796965
2024-02-28,159928.SZ,129800,0.834,108253.2,0.8516809276499999,0.11158169056556749
2024-02-29,510880.SH,38500,2.827,108839.5,2.5498109689222357,0.11168304850531634
2024-02-29,510300.SH,33800,3.292,111269.59999999999,3.052406138173481,0.11417663747046933
2024-02-29,159928.SZ,129800,0.848,110070.4,0.8516809276499999,0.11294610708611828
2024-03-01,510880.SH,38500,2.822,108647.0,2.5498109689222357,0.11143286374790128
2024-03-01,510300.SH,33800,3.319,112182.2,3.052406138173481,0.11505871130854796
2024-03-01,159928.SZ,129800,0.846,109810.8,0.8516809276499999,0.11262650523666588
2024-03-04,510880.SH,39100,2.849,111395.90000000001,2.5541526650513062,0.11415273806557294
2024-03-04,510300.SH,33300,3.316,110422.79999999999,3.052406138173481,0.11315555567904335
2024-03-04,510500.SH,21100,5.225,110247.49999999999,5.22517758315,0.1129759173352363
2024-03-05,510880.SH,39100,2.87,112217.0,2.5541526650513062,0.11485091427567268
2024-03-05,510300.SH,33300,3.345,111388.5,3.052406138173481,0.11400296804223752
2024-03-05,510500.SH,21100,5.198,109677.8,5.22517758315,0.11225211514961524
2024-03-06,510880.SH,39100,2.868,112138.79999999999,2.5541526650513062,0.11484726993963407
2024-03-06,510300.SH,33300,3.331,110922.3,3.052406138173481,0.11360138801579002
2024-03-06,510500.SH,21100,5.193,109572.29999999999,5.22517758315,0.11221878168846613
2024-03-07,510880.SH,39100,2.887,112881.7,2.5541526650513062,0.1157701695643872
2024-03-07,510300.SH,33300,3.312,110289.59999999999,3.052406138173481,0.11311174170116536
2024-03-07,510500.SH,21100,5.123,108095.3,5.22517758315,0.11086129292979557
2024-03-08,510880.SH,39100,2.904,113546.4,2.5541526650513062,0.11615456160364554
2024-03-08,510300.SH,33300,3.322,110622.6,3.052406138173481,0.11316360189715782
2024-03-08,510500.SH,21100,5.194,109593.4,5.22517758315,0.11211076116594597
2024-03-11,510880.SH,38100,2.872,109423.2,2.5541526650513062,0.11166100354524354
2024-03-11,510300.SH,33300,3.37,112221.0,3.052406138173481,0.11451602108922765
2024-03-11,159995.SZ,125600,0.899,112914.40000000001,0.88170493215,0.11522360174724416
2024-03-12,510880.SH,38100,2.801,106718.1,2.5541526650513062,0.10909930671835785
2024-03-12,510300.SH,33300,3.375,112387.5,3.052406138173481,0.11489520834618909
2024-03-12,159995.SZ,125600,0.905,113668.0,0.88170493215,0.11620428021171947
2024-03-13,510880.SH,38100,2.783,106032.3,2.5541526650513062,0.10862174998705915
2024-03-13,510300.SH,33300,3.354,111688.2,3.052406138173481,0.11441577459797306
2024-03-13,159995.SZ,125600,0.9,113040.0,0.88170493215,0.11580058735439264
2024-03-14,510880.SH,38100,2.792,106375.2,2.5541526650513062,0.10917976034772667
2024-03-14,510300.SH,33300,3.341,111255.3,3.052406138173481,0.11418852318411091
2024-03-14,159995.SZ,125600,0.886,111281.6,0.88170493215,0.11421551657822106
2024-03-15,510880.SH,38100,2.786,106146.6,2.5541526650513062,0.10892314330274755
2024-03-15,510300.SH,33300,3.35,111555.0,3.052406138173481,0.1144730142193721
2024-03-15,159995.SZ,125600,0.887,111407.2,0.88170493215,0.11432134812191681
2024-03-18,510880.SH,39600,2.769,109652.40000000001,2.5630000956680496,0.11231588580665121
2024-03-18,510300.SH,32900,3.381,111234.9,3.052406138173481,0.113936825150332
2024-03-18,159915.SZ,59600,1.875,111750.0,1.8514802774999999,0.11446443706561162
2024-03-19,510880.SH,39600,2.767,109573.2,2.5630000956680496,0.1124821387693649
2024-03-19,510300.SH,32900,3.358,110478.2,3.052406138173481,0.11341116462227671
2024-03-19,159915.SZ,59600,1.853,110438.8,1.8514802774999999,0.11337071863486818
2024-03-20,510880.SH,39600,2.773,109810.8,2.5630000956680496,0.11266647135759904
2024-03-20,510300.SH,32900,3.361,110576.90000000001,3.052406138173481,0.11345249407765078
2024-03-20,159915.SZ,59600,1.856,110617.6,1.8514802774999999,0.11349425249653357
2024-03-21,510880.SH,39600,2.777,109969.20000000001,2.5630000956680496,0.11288729589391937
2024-03-21,510300.SH,32900,3.359,110511.1,3.052406138173481,0.11344357552171437
2024-03-21,159915.SZ,59600,1.846,110021.6,1.8514802774999999,0.1129410863580206
2024-03-22,510880.SH,39600,2.783,110206.8,2.5630000956680496,0.11342352980340147
2024-03-22,510300.SH,32900,3.328,109491.2,3.052406138173481,0.11268704278148163
2024-03-22,159915.SZ,59600,1.817,108293.2,1.8514802774999999,0.11145407540828438
2024-03-25,510880.SH,39500,2.793,110323.5,2.5630000956680496,0.11382777985346479
2024-03-25,510300.SH,33100,3.309,109527.90000000001,3.054178061809895,0.11300690867324104
2024-03-25,159915.SZ,60700,1.781,108106.7,1.8508092172817132,0.11154056613762763
2024-03-26,510880.SH,39500,2.776,109651.99999999999,2.5630000956680496,0.11309290888390006
2024-03-26,510300.SH,33100,3.32,109892.0,3.054178061809895,0.11334044014764479
2024-03-26,159915.SZ,60700,1.792,108774.40000000001,1.8508092172817132,0.11218776956280688
2024-03-27,510880.SH,39500,2.775,109612.5,2.5630000956680496,0.11355958182005046
2024-03-27,510300.SH,33100,3.282,108634.2,3.054178061809895,0.11254605381097708
2024-03-27,159915.SZ,60700,1.742,105739.4,1.8508092172817132,0.109547013761232
2024-03-28,510880.SH,39500,2.767,109296.5,2.5630000956680496,0.1130895114910956
2024-03-28,510300.SH,33100,3.299,109196.9,3.054178061809895,0.11298645498567672
2024-03-28,159915.SZ,60700,1.758,106710.6,1.8508092172817132,0.11041387075452284
2024-03-29,510880.SH,39500,2.787,110086.5,2.5630000956680496,0.11368031034264477
2024-03-29,510300.SH,33100,3.315,109726.5,3.054178061809895,0.1133085580231201
2024-03-29,159915.SZ,60700,1.768,107317.6,1.8508092172817132,0.11082101868283409
2024-04-01,510880.SH,39400,2.782,109610.8,2.5630000956680496,0.11260614349690806
2024-04-01,510300.SH,32900,3.373,110971.70000000001,3.054178061809895,0.11400423292500221
2024-04-01,159915.SZ,61600,1.822,112235.2,1.8498688391071427,0.11530226069515206
2024-04-02,510880.SH,39400,2.803,110438.2,2.5630000956680496,0.11350627207328746
2024-04-02,510300.SH,32900,3.361,110576.90000000001,3.054178061809895,0.11364882528346805
2024-04-02,159915.SZ,61600,1.808,111372.8,1.8498688391071427,0.1144668360980515
2024-04-03,510880.SH,39400,2.84,111896.0,2.5630000956680496,0.11501776363998796
2024-04-03,510300.SH,32900,3.347,110116.3,3.054178061809895,0.11318841215333887
2024-04-03,159915.SZ,61600,1.79,110264.0,1.8498688391071427,0.11334023280545893
2024-04-08,510880.SH,39400,2.85,112290.0,2.5630000956680496,0.1157238600169659
2024-04-08,510300.SH,32900,3.318,109162.2,3.054178061809895,0.11250041100671507
2024-04-08,159915.SZ,61600,1.758,108292.8,1.8498688391071427,0.11160442450837371
2024-04-09,510880.SH,39400,2.835,111699.0,2.5630000956680496,0.11506948632216954
2024-04-09,510300.SH,32900,3.312,108964.79999999999,3.054178061809895,0.11225278259606566
2024-04-09,159915.SZ,61600,1.777,109463.2,1.8498688391071427,0.1127662216777313
2024-04-10,510880.SH,39400,2.846,112132.40000000001,2.5630000956680496,0.1158456801667896
2024-04-10,510300.SH,32900,3.286,108109.4,3.054178061809895,0.11168945795705365
2024-04-10,159915.SZ,61600,1.739,107122.40000000001,1.8498688391071427,0.11066977331350175
2024-04-11,510880.SH,39400,2.886,113708.40000000001,2.5630000956680496,0.11735450814001938
2024-04-11,510300.SH,32900,3.283,108010.7,3.054178061809895,0.11147410896960286
2024-04-11,159915.SZ,61600,1.731,106629.6,1.8498688391071427,0.11004872341152466
2024-04-12,510880.SH,39400,2.879,113432.6,2.5630000956680496,0.117349124485537
2024-04-12,510300.SH,32900,3.255,107089.5,3.054178061809895,0.11078701419692323
2024-04-12,159915.SZ,61600,1.713,105520.8,1.8498688391071427,0.10916415117888026
2024-04-15,510880.SH,38000,2.945,111910.0,2.5630000956680496,0.11501425601456365
2024-04-15,510300.SH,33600,3.328,111820.79999999999,3.0585445679626644,0.11492258170809863
2024-04-15,510500.SH,21400,5.188,111023.2,5.1140887665,0.11410285719199448
2024-04-16,510880.SH,38000,2.959,112442.0,2.5630000956680496,0.11600337132856953
2024-04-16,510300.SH,33600,3.296,110745.59999999999,3.0585445679626644,0.11425324131379047
2024-04-16,510500.SH,21400,5.04,107856.0,5.1140887665,0.11127211911931659
2024-04-17,510880.SH,38000,2.992,113696.0,2.5630000956680496,0.11659736029224806
2024-04-17,510300.SH,33600,3.342,112291.2,3.0585445679626644,0.11515671179328106
2024-04-17,510500.SH,21400,5.181,110873.4,5.1140887665,0.1137027315527946
2024-04-18,510880.SH,38000,3.001,114038.0,2.5630000956680496,0.11685729737005643
2024-04-18,510300.SH,33600,3.348,112492.79999999999,3.0585445679626644,0.11527389625905647
2024-04-18,510500.SH,21400,5.191,111087.4,5.1140887665,0.11383375134487106
2024-04-19,510880.SH,38000,3.023,114874.0,2.5630000956680496,0.11782221639081746
2024-04-19,510300.SH,33600,3.32,111552.0,3.0585445679626644,0.11441495797855449
2024-04-19,510500.SH,21400,5.154,110295.59999999999,5.1140887665,0.11312631274400686
2024-04-22,510880.SH,36500,2.936,107164.0,2.5630000956680496,0.11041117206303212
2024-04-22,510300.SH,33200,3.313,109991.6,3.0585445679626644,0.11332445105714797
2024-04-22,510500.SH,21400,5.109,109332.6,5.1140887665,0.11264548272459657
2024-04-23,510880.SH,36500,2.888,105412.0,2.5630000956680496,0.10904523616096183
2024-04-23,510300.SH,33200,3.288,109161.59999999999,3.0585445679626644,0.11292407365108764
2024-04-23,510500.SH,21400,5.047,108005.79999999999,5.1140887665,0.11172843668418786
2024-04-24,510880.SH,36500,2.889,105448.49999999999,2.5630000956680496,0.10887709573629463
2024-04-24,510300.SH,33200,3.302,109626.40000000001,3.0585445679626644,0.11319083768878015
2024-04-24,510500.SH,21400,5.109,109332.6,5.1140887665,0.11288748495519622
2024-04-25,510880.SH,36500,2.908,106142.0,2.5630000956680496,0.10949656007563603
2024-04-25,510300.SH,33200,3.312,109958.4,3.0585445679626644,0.11343357531816639
2024-04-25,510500.SH,21400,5.101,109161.4,5.1140887665,0.11261138656743358
2024-04-26,510880.SH,36500,2.879,105083.5,2.5630000956680496,0.1080513145835027
2024-04-26,510300.SH,33200,3.362,111618.40000000001,3.0585445679626644,0.11477077611335024
2024-04-26,510500.SH,21400,5.221,111729.40000000001,5.1140887665,0.11488491102433786
2024-04-29,510880.SH,38400,2.845,109248.00000000001,2.578143886507391,0.11206394543349943
2024-04-29,510300.SH,32700,3.405,111343.5,3.0585445679626644,0.11421345844660627
2024-04-29,510500.SH,21000,5.327,111867.0,5.1140887665,0.11475045203398945
2024-04-30,510880.SH,38400,2.858,109747.2,2.578143886507391,0.11267858098267261
2024-04-30,510300.SH,32700,3.387,110754.9,3.0585445679626644,0.11371319695516428
2024-04-30,510500.SH,21000,5.289,111069.0,5.1140887665,0.11403568666138603
2024-05-06,510880.SH,38400,2.875,110400.0,2.578143886507391,0.112876813397248
2024-05-06,510300.SH,32700,3.437,112389.9,3.0585445679626644,0.11491135661263915
2024-05-06,510500.SH,21000,5.374,112854.0,5.1140887665,0.11538586865156727
2024-05-07,510880.SH,38400,2.875,110400.0,2.578143886507391,0.11287168946164713
2024-05-07,510300.SH,32700,3.439,112455.3,3.0585445679626644,0.11497300452822797
2024-05-07,510500.SH,21000,5.373,112833.0,5.1140887665,0.11535916066146767
2024-05-08,510880.SH,38400,2.897,111244.79999999999,2.578143886507391,0.11392111728805747
2024-05-08,510300.SH,32700,3.41,111507.0,3.0585445679626644,0.11418962527182777
2024-05-08,510500.SH,21000,5.302,111341.99999999999,5.1140887665,0.11402065571682357
2024-05-09,510880.SH,38400,2.908,111667.2,2.578143886507391,0.11392343347120894
2024-05-09,510300.SH,32700,3.445,112651.5,3.0585445679626644,0.11492762123239317
2024-05-09,510500.SH,21000,5.403,113462.99999999999,5.1140887665,0.11575551757314394
2024-05-10,510880.SH,38400,2.927,112396.8,2.578143886507391,0.11462392256294295
2024-05-10,510300.SH,32700,3.447,112716.90000000001,3.0585445679626644,0.11495036528740128
2024-05-10,510500.SH,21000,5.383,113043.0,5.1140887665,0.11528292690079041
2024-05-13,510880.SH,110400,2.931,323582.4,2.8039226811547446,0.32965429004957514
2024-05-13,510300.SH,94200,3.444,324424.8,3.3002335262975486,0.33051249733754184
2024-05-13,510500.SH,60300,5.354,322846.2,5.268022783601492,0.32890427556073243
2024-05-14,510880.SH,110400,2.918,322147.2,2.8039226811547446,0.32898386724826467
2024-05-14,510300.SH,94200,3.438,323859.60000000003,3.3002335262975486,0.3307326081166501
2024-05-14,510500.SH,60300,5.348,322484.39999999997,5.268022783601492,0.3293282233688086
2024-05-15,510880.SH,110400,2.917,322036.8,2.8039226811547446,0.33073359283111
2024-05-15,510300.SH,94200,3.412,321410.39999999997,3.3002335262975486,0.3300902765313908
2024-05-15,510500.SH,60300,5.299,319529.7,5.268022783601492,0.3281587871238527
2024-05-16,510880.SH,110400,2.924,322809.6,2.8039226811547446,0.3314131049615389
2024-05-16,510300.SH,94200,3.424,322540.8,3.3002335262975486,0.3311371409176764
2024-05-16,510500.SH,60300,5.273,317961.89999999997,5.268022783601492,0.32643620430888776
2024-05-17,510880.SH,110400,2.945,325128.0,2.8039226811547446,0.33010467881256755
2024-05-17,510300.SH,94200,3.465,326403.0,3.3002335262975486,0.33139919501998744
2024-05-17,510500.SH,60300,5.351,322665.3,5.268022783601492,0.3276042826839299
2024-05-20,510880.SH,110400,2.984,329433.6,2.8039226811547446,0.33191816399417834
2024-05-20,510300.SH,93600,3.473,325072.8,3.3002335262975486,0.3275244751611455
2024-05-20,159928.SZ,359500,0.912,327864.0,0.9047233355999998,0.33033672618636134
2024-05-21,510880.SH,110400,3.0,331200.0,2.8039226811547446,0.33372337306712657
2024-05-21,510300.SH,93600,3.461,323949.6,3.3002335262975486,0.326417733139331
2024-05-21,159928.SZ,359500,0.91,327145.0,0.9047233355999998,0.3296374785085904
2024-05-22,510880.SH,110400,3.0,331200.0,2.8039226811547446,0.3343188510710921
2024-05-22,510300.SH,93600,3.469,324698.39999999997,3.3002335262975486,0.32775602666854436
2024-05-22,159928.SZ,359500,0.903,324628.5,0.9047233355999998,0.3276854684327658
2024-05-23,510880.SH,110400,2.958,326563.2,2.8039226811547446,0.33357629863298915
2024-05-23,510300.SH,93600,3.432,321235.2,3.3002335262975486,0.32813387732184157
2024-05-23,159928.SZ,359500,0.893,321033.5,0.9047233355999998,0.327927845719278
2024-05-24,510880.SH,110400,2.953,326011.2,2.8039226811547446,0.3357508526530705
2024-05-24,510300.SH,93600,3.391,317397.6,3.3002335262975486,0.32687991955502815
2024-05-24,159928.SZ,359500,0.883,317438.5,0.9047233355999998,0.3269220414510658
2024-05-27,510880.SH,108400,3.01,326284.0,2.8039226811547446,0.3323334461668324
2024-05-27,510300.SH,94400,3.421,322942.39999999997,3.3010955048882473,0.32892989146077545
2024-05-27,159928.SZ,362800,0.888,322166.4,0.9045435394106944,0.32813950408589515
2024-05-28,510880.SH,108400,3.001,325308.39999999997,2.8039226811547446,0.33389050147013133
2024-05-28,510300.SH,94400,3.398,320771.2,3.3010955048882473,0.32923360363635185
2024-05-28,159928.SZ,362800,0.876,317812.8,0.9045435394106944,0.3261971568075911
2024-05-29,510880.SH,108400,3.004,325633.6,2.8039226811547446,0.33408040242223386
2024-05-29,510300.SH,94400,3.399,320865.6,3.3010955048882473,0.32918872245201825
2024-05-29,159928.SZ,362800,0.876,317812.8,0.9045435394106944,0.3260567340684037
2024-05-30,510880.SH,108400,2.981,323140.39999999997,2.8039226811547446,0.33407346913900304
2024-05-30,510300.SH,94400,3.385,319544.0,3.3010955048882473,0.3303553892442839
2024-05-30,159928.SZ,362800,0.866,314184.8,0.9045435394106944,0.3248148671188866
2024-05-31,510880.SH,108400,2.988,323899.2,2.8039226811547446,0.33505288996133037
2024-05-31,510300.SH,94400,3.371,318222.4,3.3010955048882473,0.32918060547982353
2024-05-31,159928.SZ,362800,0.866,314184.8,0.9045435394106944,0.3250039679688081
2024-06-03,510880.SH,106700,2.957,315511.89999999997,2.8039226811547446,0.3282382451377861
2024-06-03,510300.SH,94500,3.376,319032.0,3.3012220540894237,0.33190033029752025
2024-06-03,512660.SH,351500,0.901,316701.5,0.9067249358999998,0.3294758283047472
2024-06-04,510880.SH,106700,2.97,316899.0,2.8039226811547446,0.3273271759636662
2024-06-04,510300.SH,94500,3.401,321394.5,3.3012220540894237,0.33197060910654347
2024-06-04,512660.SH,351500,0.91,319865.0,0.9067249358999998,0.3303907779438183
2024-06-05,510880.SH,106700,2.932,312844.39999999997,2.8039226811547446,0.32420206413959074
2024-06-05,510300.SH,94500,3.388,320166.0,3.3012220540894237,0.33178947127490926
2024-06-05,512660.SH,351500,0.916,321974.0,0.9067249358999998,0.33366310983760805
2024-06-06,510880.SH,106700,2.949,314658.3,2.8039226811547446,0.3276140500891064
2024-06-06,510300.SH,94500,3.388,320166.0,3.3012220540894237,0.3333485242907269
2024-06-06,512660.SH,351500,0.898,315647.0,0.9067249358999998,0.3286434588519552
2024-06-07,510880.SH,106700,2.976,317539.2,2.8039226811547446,0.3298876778320603
2024-06-07,510300.SH,94500,3.365,317992.5,3.3012220540894237,0.33035860578162135
2024-06-07,512660.SH,351500,0.902,317053.0,0.9067249358999998,0.32938257046590846
2024-06-11,510880.SH,36500,2.92,106580.0,2.8039226811547446,0.11114675317081088
2024-06-11,510300.SH,32400,3.34,108216.0,3.3012220540894237,0.11285285270343845
2024-06-11,512660.SH,121000,0.911,110231.0,0.9067249358999998,0.11495419167547057
2024-06-12,510880.SH,36500,2.961,108076.5,2.8039226811547446,0.11256112646543087
2024-06-12,510300.SH,32400,3.336,108086.4,3.3012220540894237,0.11257143726520702
2024-06-12,512660.SH,121000,0.91,110110.0,0.9067249358999998,0.11467900639925047
2024-06-13,510880.SH,36500,2.933,107054.5,2.8039226811547446,0.11160821547324823
2024-06-13,510300.SH,32400,3.323,107665.2,3.3012220540894237,0.11224489246664424
2024-06-13,512660.SH,121000,0.914,110594.0,0.9067249358999998,0.11529827314170273
2024-06-14,510880.SH,36500,2.938,107237.0,2.8039226811547446,0.11185684409487737
2024-06-14,510300.SH,32400,3.343,108313.2,3.3012220540894237,0.11297940753487389
2024-06-14,512660.SH,121000,0.903,109263.0,0.9067249358999998,0.1139701255754878
2024-06-17,510880.SH,37000,2.896,107152.0,2.80578136113914,0.11165775522807876
2024-06-17,512660.SH,120700,0.905,109233.5,0.9067249358999998,0.11382678256781341
2024-06-17,159995.SZ,124700,0.893,111357.1,0.86969533035,0.11603968021790252
2024-06-18,510880.SH,37000,2.903,107411.0,2.80578136113914,0.1118271395302328
2024-06-18,512660.SH,120700,0.91,109837.0,0.9067249358999998,0.11435288308071036
2024-06-18,159995.SZ,124700,0.893,111357.1,0.86969533035,0.11593548109022435
2024-06-19,510880.SH,37000,2.903,107411.0,2.80578136113914,0.11202515564788966
2024-06-19,512660.SH,120700,0.898,108388.6,0.9067249358999998,0.1130447513332606
2024-06-19,159995.SZ,124700,0.891,111107.7,0.86969533035,0.11588065827688998
2024-06-20,510880.SH,37000,2.909,107633.0,2.80578136113914,0.11248553217652538
2024-06-20,512660.SH,120700,0.88,106216.0,0.9067249358999998,0.11100464806947516
2024-06-20,159995.SZ,124700,0.891,111107.7,0.86969533035,0.11611688574516857
2024-06-21,510880.SH,37000,2.914,107818.0,2.80578136113914,0.11258468552879854
2024-06-21,512660.SH,120700,0.882,106457.4,0.9067249358999998,0.11116393274975901
2024-06-21,159995.SZ,124700,0.894,111481.8,0.86969533035,0.116410463885292
2024-06-24,510880.SH,37200,2.872,106838.4,2.806462391455596,0.11243015643857876
2024-06-24,159995.SZ,121800,0.871,106087.8,0.86969533035,0.11164027119672942
2024-06-24,588000.SH,136600,0.774,105728.40000000001,0.79363451895,0.11126206075718686
2024-06-25,510880.SH,37200,2.885,107321.99999999999,2.806462391455596,0.11375300075533187
2024-06-25,159995.SZ,121800,0.837,101946.59999999999,0.86969533035,0.10805549343847037
2024-06-25,588000.SH,136600,0.751,102586.6,0.79363451895,0.10873384382779795
2024-06-26,510880.SH,37200,2.893,107619.59999999999,2.806462391455596,0.11349665890574466
2024-06-26,159995.SZ,121800,0.859,104626.2,0.86969533035,0.11033979065155625
2024-06-26,588000.SH,136600,0.764,104362.40000000001,0.79363451895,0.11006158464986758
2024-06-27,510880.SH,37200,2.893,107619.59999999999,2.806462391455596,0.11391663583375258
2024-06-27,159995.SZ,121800,0.846,103042.8,0.86969533035,0.10907203820577481
2024-06-27,588000.SH,136600,0.75,102450.0,0.79363451895,0.10844455230430101
2024-06-28,510880.SH,37200,2.916,108475.2,2.806462391455596,0.11477173568702985
2024-06-28,159995.SZ,121800,0.848,103286.4,0.86969533035,0.10928174735667544
2024-06-28,588000.SH,136600,0.745,101767.0,0.79363451895,0.10767415248519446
2024-07-01,510880.SH,36700,2.984,109512.8,2.806462391455596,0.11554688257816063
2024-07-01,159995.SZ,126000,0.847,106722.0,0.8690593185446825,0.11260231135087824
2024-07-01,510300.SH,32600,3.29,107254.0,3.2786212913999995,0.11316362419770146
2024-07-02,510880.SH,36700,2.986,109586.20000000001,2.806462391455596,0.11586633394344358
2024-07-02,159995.SZ,126000,0.832,104832.0,0.8690593185446825,0.11083968163837303
2024-07-02,510300.SH,32600,3.285,107091.0,3.2786212913999995,0.11322813975060103
2024-07-03,510880.SH,36700,2.964,108778.8,2.806462391455596,0.11501205568439093
2024-07-03,159995.SZ,126000,0.84,105840.0,0.8690593185446825,0.1119048562186376
2024-07-03,510300.SH,32600,3.279,106895.4,3.2786212913999995,0.11302073287446857
2024-07-04,510880.SH,36700,2.95,108265.0,2.806462391455596,0.11472801233382122
2024-07-04,159995.SZ,126000,0.831,104706.0,0.8690593185446825,0.11095655345148557
2024-07-04,510300.SH,32600,3.264,106406.4,3.2786212913999995,0.1127584609208656
2024-07-05,510880.SH,36700,2.933,107641.09999999999,2.806462391455596,0.11419418368259704
2024-07-05,159995.SZ,126000,0.832,104832.0,0.8690593185446825,0.11121406845353693
2024-07-05,510300.SH,32600,3.247,105852.2,3.2786212913999995,0.11229637722029039
2024-07-08,510880.SH,36400,2.922,106360.8,2.806462391455596,0.11298134337427683
2024-07-08,159995.SZ,127400,0.832,105996.79999999999,0.8687618582153062,0.11259468579941617
2024-07-08,510300.SH,32900,3.223,106036.7,3.2784358692899693,0.11263706941819898
2024-07-09,510880.SH,36400,2.948,107307.2,2.806462391455596,0.11322079625860433
2024-07-09,159995.SZ,127400,0.865,110201.0,0.8687618582153062,0.11627407078457416
2024-07-09,510300.SH,32900,3.26,107254.0,3.2784358692899693,0.11316466445793338
2024-07-10,510880.SH,36400,2.882,104904.8,2.806462391455596,0.11101314913035526
2024-07-10,159995.SZ,127400,0.864,110073.6,0.8687618582153062,0.11648291567321108
2024-07-10,510300.SH,32900,3.252,106990.79999999999,3.2784358692899693,0.1132206117925587
2024-07-11,510880.SH,36400,2.877,104722.79999999999,2.806462391455596,0.11054557295687717
2024-07-11,159995.SZ,127400,0.872,111092.8,0.8687618582153062,0.11726975622676022
2024-07-11,510300.SH,32900,3.298,108504.2,3.2784358692899693,0.11453722548697698
2024-07-12,510880.SH,36400,2.873,104577.20000000001,2.806462391455596,0.1102815407287073
2024-07-12,159995.SZ,127400,0.878,111857.2,0.8687618582153062,0.1179586406750148
2024-07-12,510300.SH,32900,3.308,108833.2,3.2784358692899693,0.1147696914665486
2024-07-15,510880.SH,37400,2.91,108834.0,2.808253062807051,0.11450302456006935
2024-07-15,159995.SZ,122000,0.883,107726.0,0.8687618582153062,0.11333731025008757
2024-07-15,510300.SH,32500,3.315,107737.5,3.2784358692899693,0.1133494092704529
2024-07-16,510880.SH,37400,2.897,108347.79999999999,2.808253062807051,0.11350091445874531
2024-07-16,159995.SZ,122000,0.914,111508.0,0.8687618582153062,0.11681141628594004
2024-07-16,510300.SH,32500,3.34,108550.0,3.2784358692899693,0.11371273126447243
2024-07-17,510880.SH,37400,2.884,107861.59999999999,2.808253062807051,0.11318909652763956
2024-07-17,159995.SZ,122000,0.903,110166.0,0.8687618582153062,0.11560731537510976
2024-07-17,510300.SH,32500,3.345,108712.5,3.2784358692899693,0.11408202415188552
2024-07-18,510880.SH,37400,2.888,108011.2,2.808253062807051,0.11321823379660782
2024-07-18,159995.SZ,122000,0.905,110410.0,0.8687618582153062,0.11573267581031846
2024-07-18,510300.SH,32500,3.366,109395.0,3.2784358692899693,0.11466874440965301
2024-07-19,510880.SH,37400,2.865,107151.00000000001,2.808253062807051,0.11198609175544715
2024-07-19,159995.SZ,122000,0.929,113338.0,0.8687618582153062,0.11845227452267237
2024-07-19,510300.SH,32500,3.389,110142.5,3.2784358692899693,0.11511258048151053
2024-07-22,159995.SZ,116100,0.93,107973.0,0.8687618582153062,0.11293394070297023
2024-07-22,510300.SH,32000,3.36,107520.0,3.2784358692899693,0.11246012710940105
2024-07-22,512660.SH,121600,0.895,108832.0,0.89171293365,0.11383240842234314
2024-07-23,159995.SZ,116100,0.887,102980.7,0.8687618582153062,0.10888212305960895
2024-07-23,510300.SH,32000,3.29,105280.0,3.2784358692899693,0.11131318699247171
2024-07-23,512660.SH,121600,0.87,105792.0,0.89171293365,0.11185452771948677
2024-07-24,159995.SZ,116100,0.879,102051.9,0.8687618582153062,0.10804494913628233
2024-07-24,510300.SH,32000,3.268,104576.0,3.2784358692899693,0.11071727817782777
2024-07-24,512660.SH,121600,0.873,106156.8,0.89171293365,0.11239091145260889
2024-07-25,159995.SZ,116100,0.871,101123.1,0.8687618582153062,0.10733661371428369
2024-07-25,510300.SH,32000,3.248,103936.0,3.2784358692899693,0.11032235248927089
2024-07-25,512660.SH,121600,0.866,105305.6,0.89171293365,0.11177610762675266
2024-07-26,159995.SZ,116100,0.878,101935.8,0.8687618582153062,0.10764860490266587
2024-07-26,510300.SH,32000,3.263,104416.0,3.2784358692899693,0.11026780316156601
2024-07-26,512660.SH,121600,0.895,108832.0,0.89171293365,0.11493128978010603
2024-07-29,159995.SZ,122000,0.862,105164.0,0.8693192195803037,0.11126783092471824
2024-07-29,510300.SH,32900,3.243,106694.7,3.2781007406467784,0.1128873743882273
2024-07-29,512660.SH,119300,0.902,107608.6,0.89171293365,0.11385431812070325
2024-07-30,159995.SZ,122000,0.871,106262.0,0.8693192195803037,0.1123181145124769
2024-07-30,510300.SH,32900,3.22,105938.0,3.2781007406467784,0.11197564901114959
2024-07-30,512660.SH,119300,0.907,108205.1,0.89171293365,0.11437195622738153
2024-07-31,159995.SZ,122000,0.904,110288.0,0.8693192195803037,0.11558274178918432
2024-07-31,510300.SH,32900,3.297,108471.3,3.2781007406467784,0.11367882507106077
2024-07-31,512660.SH,119300,0.92,109756.0,0.89171293365,0.11502520136201323
2024-08-01,159995.SZ,122000,0.908,110776.0,0.8693192195803037,0.11610583895121063
2024-08-01,510300.SH,32900,3.272,107648.79999999999,3.2781007406467784,0.11282817790939446
2024-08-01,512660.SH,119300,0.922,109994.6,0.89171293365,0.11528684293622114
2024-08-02,159995.SZ,122000,0.884,107848.0,0.8693192195803037,0.11365474642024342
2024-08-02,510300.SH,32900,3.236,106464.40000000001,3.2781007406467784,0.11219665070083233
2024-08-02,512660.SH,119300,0.913,108920.90000000001,0.89171293365,0.1147854134463754
2024-08-05,159995.SZ,122800,0.844,103643.2,0.8693867588664255,0.11030496425408225
2024-08-05,512660.SH,118000,0.884,104312.0,0.89171293365,0.11101675200371879
2024-08-05,512880.SH,131700,0.812,106940.40000000001,0.8146513220999998,0.11381409488820547
2024-08-06,159995.SZ,122800,0.849,104257.2,0.8693867588664255,0.11053432922481779
2024-08-06,512660.SH,118000,0.906,106908.0,0.89171293365,0.11334472888938914
2024-08-06,512880.SH,131700,0.815,107335.5,0.8146513220999998,0.11379796785747584
2024-08-07,159995.SZ,122800,0.838,102906.4,0.8693867588664255,0.10925293078315922
2024-08-07,512660.SH,118000,0.912,107616.0,0.89171293365,0.11425298522891154
2024-08-07,512880.SH,131700,0.81,106677.0,0.8146513220999998,0.11325607442447774
2024-08-08,159995.SZ,122800,0.841,103274.8,0.8693867588664255,0.10995439263494224
2024-08-08,512660.SH,118000,0.883,104194.0,0.89171293365,0.11093304452010724
2024-08-08,512880.SH,131700,0.813,107072.09999999999,0.8146513220999998,0.11399729385724104
2024-08-09,159995.SZ,122800,0.844,103643.2,0.8693867588664255,0.11055065435219096
2024-08-09,512660.SH,118000,0.873,103014.0,0.89171293365,0.10987952038760478
2024-08-09,512880.SH,131700,0.806,106150.20000000001,0.8146513220999998,0.1132247370750415
2024-08-12,159995.SZ,126100,0.84,105924.0,0.8686945411482717,0.11319376982607736
2024-08-12,512660.SH,121700,0.865,105270.5,0.8911375309835663,0.11249541885197006
2024-08-12,512880.SH,132100,0.804,106208.40000000001,0.8146551076500377,0.11349768875038665
2024-08-13,159995.SZ,126100,0.848,106932.8,0.8686945411482717,0.11382431793802461
2024-08-13,512660.SH,121700,0.875,106487.5,0.8911375309835663,0.11335031960656969
2024-08-13,512880.SH,132100,0.815,107661.5,0.8146551076500377,0.11459998060169224
2024-08-14,159995.SZ,126100,0.836,105419.59999999999,0.8686945411482717,0.11266651486039803
2024-08-14,512660.SH,121700,0.864,105148.8,0.8911375309835663,0.11237709911395055
2024-08-14,512880.SH,132100,0.808,106736.8,0.8146551076500377,0.11407426383093214
2024-08-15,159995.SZ,126100,0.84,105924.0,0.8686945411482717,0.11295709459304136
2024-08-15,512660.SH,121700,0.867,105513.9,0.8911375309835663,0.11251976495582404
2024-08-15,512880.SH,132100,0.817,107925.7,0.8146551076500377,0.11509170257845439
2024-08-16,159995.SZ,126100,0.837,105545.7,0.8686945411482717,0.11283976584785096
2024-08-16,512660.SH,121700,0.856,104175.2,0.8911375309835663,0.1113745531570973
2024-08-16,512880.SH,132100,0.812,107265.20000000001,0.8146551076500377,0.11467809727561526
2024-08-19,159995.SZ,126200,0.839,105881.8,0.8687109634611494,0.11312417978493332
2024-08-19,512880.SH,130700,0.811,105997.70000000001,0.8146551076500377,0.11324800741571665
2024-08-19,510880.SH,37600,2.841,106821.6,2.8122484215,0.11412826267889507
2024-08-20,159995.SZ,126200,0.825,104115.0,0.8687109634611494,0.11169801049280063
2024-08-20,512880.SH,130700,0.805,105213.5,0.8146551076500377,0.11287651757176469
2024-08-20,510880.SH,37600,2.806,105505.6,2.8122484215,0.1131898920986335
2024-08-21,159995.SZ,126200,0.821,103610.2,0.8687109634611494,0.11144328085461168
2024-08-21,512880.SH,130700,0.8,104560.0,0.8146551076500377,0.11246488710723652
2024-08-21,510880.SH,37600,2.773,104264.8,2.8122484215,0.1121473695606216
2024-08-22,159995.SZ,126200,0.807,101843.40000000001,0.8687109634611494,0.10992390647039187
2024-08-22,512880.SH,130700,0.788,102991.6,0.8146551076500377,0.11116320748949868
2024-08-22,510880.SH,37600,2.776,104377.59999999999,2.8122484215,0.1126591761469469
2024-08-23,159995.SZ,126200,0.801,101086.20000000001,0.8687109634611494,0.10908806022499082
2024-08-23,512880.SH,130700,0.795,103906.5,0.8146551076500377,0.11213161173105732
2024-08-23,510880.SH,37600,2.776,104377.59999999999,2.8122484215,0.1126400034321203
2024-08-26,159995.SZ,131000,0.801,104931.0,0.8662827938076111,0.11325299529715686
2024-08-26,512880.SH,132000,0.795,104940.0,0.8145033281807569,0.11326270908009684
2024-08-26,510880.SH,37600,2.776,104377.59999999999,2.8122484215,0.11265570557727
2024-08-26,510300.SH,32900,3.183,104720.7,3.1865476776,0.11302601656912613
2024-08-27,159995.SZ,131000,0.788,103228.0,0.8662827938076111,0.11179941020496685
2024-08-27,512880.SH,132000,0.788,104016.0,0.8145033281807569,0.1126528408172185
2024-08-27,510880.SH,37600,2.776,104377.59999999999,2.8122484215,0.113044465829135
2024-08-27,510300.SH,32900,3.166,104161.4,3.1865476776,0.11281031392765173
2024-08-28,159995.SZ,131000,0.787,103097.0,0.8662827938076111,0.11173703962762853
2024-08-28,512880.SH,132000,0.789,104148.0,0.8145033281807569,0.11287611863718881
2024-08-28,510880.SH,37600,2.776,104377.59999999999,2.8122484215,0.11312496025526211
2024-08-28,510300.SH,32900,3.146,103503.4,3.1865476776,0.11217749796205792
2024-08-29,159995.SZ,131000,0.795,104145.0,0.8662827938076111,0.11270442290710013
2024-08-29,512880.SH,132000,0.794,104808.0,0.8145033281807569,0.11342191325601181
2024-08-29,510880.SH,37600,2.776,104377.59999999999,2.8122484215,0.11295613973237441
2024-08-29,510300.SH,32900,3.136,103174.40000000001,3.1865476776,0.11165405166629519
2024-08-30,159995.SZ,131000,0.822,107682.0,0.8662827938076111,0.11557437265987729
2024-08-30,512880.SH,132000,0.814,107448.0,0.8145033281807569,0.11532322202000794
2024-08-30,510880.SH,37600,2.776,104377.59999999999,2.8122484215,0.11202778217105558
2024-08-30,510300.SH,32900,3.181,104654.90000000001,3.1865476776,0.1123254064122341
2024-09-02,159995.SZ,128500,0.793,101900.5,0.8662827938076111,0.11037377163617641
2024-09-02,512880.SH,130200,0.793,103248.6,0.8145033281807569,0.1118339693932309
2024-09-02,510880.SH,37600,2.776,104377.59999999999,2.8122484215,0.11305684845837034
2024-09-02,510300.SH,33200,3.121,103617.2,3.1865630750915663,0.11223321936967944
2024-09-03,159995.SZ,128500,0.798,102543.0,0.8662827938076111,0.1108509203500497
2024-09-03,512880.SH,130200,0.799,104029.8,0.8145033281807569,0.1124581792402368
2024-09-03,510880.SH,37600,2.776,104377.59999999999,2.8122484215,0.11283415761123965
2024-09-03,510300.SH,33200,3.133,104015.6,3.1865630750915663,0.11244282877195548
2024-09-04,159995.SZ,128500,0.79,101515.0,0.8662827938076111,0.10996018253516898
2024-09-04,512880.SH,130200,0.798,103899.6,0.8145033281807569,0.11254316092529226
2024-09-04,510880.SH,37600,2.776,104377.59999999999,2.8122484215,0.11306092645010937
2024-09-04,510300.SH,33200,3.112,103318.40000000001,3.1865630750915663,0.11191361004030542
2024-09-05,159995.SZ,128500,0.789,101386.5,0.8662827938076111,0.10968489586884134
2024-09-05,512880.SH,130200,0.806,104941.20000000001,0.8145033281807569,0.11353054493794788
2024-09-05,510880.SH,37600,2.776,104377.59999999999,2.8122484215,0.11292081477356031
2024-09-05,510300.SH,33200,3.119,103550.8,3.1865630750915663,0.11202634192062272
2024-09-06,159995.SZ,128500,0.777,99844.5,0.8662827938076111,0.10826041422884229
2024-09-06,512880.SH,130200,0.809,105331.8,0.8145033281807569,0.11421023991776784
2024-09-06,510880.SH,37600,2.776,104377.59999999999,2.8122484215,0.11317561019597883
2024-09-06,510300.SH,33200,3.091,102621.20000000001,3.1865630750915663,0.11127116286486359
2024-09-09,512880.SH,130100,0.808,105120.8,0.8145033281807569,0.11426974552243704
2024-09-09,510880.SH,37600,2.776,104377.59999999999,2.8122484215,0.11346186283059798
2024-09-09,510300.SH,33800,3.05,103090.0,3.184864449498225,0.1120621995447907
2024-09-09,512660.SH,128300,0.811,104051.3,0.8126497218,0.11310716406533011
2024-09-10,512880.SH,130100,0.805,104730.5,0.8145033281807569,0.11379853148181496
2024-09-10,510880.SH,37600,2.776,104377.59999999999,2.8122484215,0.11341507583365197
2024-09-10,510300.SH,33800,3.05,103090.0,3.184864449498225,0.11201598971130955
2024-09-10,512660.SH,128300,0.817,104821.09999999999,0.8126497218,0.1138969760318959
2024-09-11,512880.SH,130100,0.804,104600.40000000001,0.8145033281807569,0.11371833130814447
2024-09-11,510880.SH,37600,2.776,104377.59999999999,2.8122484215,0.11347611001438788
2024-09-11,510300.SH,33800,3.043,102853.40000000001,3.184864449498225,0.11181904674713583
2024-09-11,512660.SH,128300,0.816,104692.79999999999,0.8126497218,0.11381878574056414
2024-09-12,512880.SH,130100,0.803,104470.3,0.8145033281807569,0.11370237087817935
2024-09-12,510880.SH,37600,2.776,104377.59999999999,2.8122484215,0.11360147895214479
2024-09-12,510300.SH,33800,3.032,102481.6,3.184864449498225,0.11153792887920515
2024-09-12,512660.SH,128300,0.812,104179.6,0.8126497218,0.1133859816344011
2024-09-13,512880.SH,130100,0.805,104730.5,0.8145033281807569,0.11412777661407165
2024-09-13,510880.SH,37600,2.776,104377.59999999999,2.8122484215,0.113743211541174
2024-09-13,510300.SH,33800,3.017,101974.59999999999,3.184864449498225,0.11112459473705663
2024-09-13,512660.SH,128300,0.805,103281.5,0.8126497218,0.11254876048874245
2024-09-18,512880.SH,129300,0.806,104215.8,0.8145033281807569,0.11351028156152088
2024-09-18,510880.SH,37600,2.776,104377.59999999999,2.8122484215,0.11368651168743896
2024-09-18,510300.SH,34400,3.027,104128.8,3.182090790495349,0.11341552247032884
2024-09-18,512660.SH,129300,0.805,104086.5,0.8126168662563032,0.11336944994668029
2024-09-19,512880.SH,129300,0.816,105508.79999999999,0.8145033281807569,0.11462506781348446
2024-09-19,510880.SH,37600,2.776,104377.59999999999,2.8122484215,0.1133961288367298
2024-09-19,510300.SH,34400,3.054,105057.59999999999,3.182090790495349,0.11413488281851301
2024-09-19,512660.SH,129300,0.806,104215.8,0.8126168662563032,0.11322034884518198
2024-09-20,512880.SH,129300,0.816,105508.79999999999,0.8145033281807569,0.11482839768511006
2024-09-20,510880.SH,37600,2.776,104377.59999999999,2.8122484215,0.11359727873141715
2024-09-20,510300.SH,34400,3.063,105367.20000000001,3.182090790495349,0.11467429014988828
2024-09-20,512660.SH,129300,0.791,102276.3,0.8126168662563032,0.11131037079524764
2024-09-23,512880.SH,127400,0.816,103958.4,0.8145033281807569,0.11303984461142554
2024-09-23,510880.SH,37600,2.776,104377.59999999999,2.8122484215,0.11349566446687838
2024-09-23,510300.SH,34000,3.072,104448.0,3.182090790495349,0.11357221436626741
2024-09-23,512660.SH,132000,0.795,104940.0,0.812159277325303,0.11410719377677028
2024-09-24,512880.SH,127400,0.866,110328.4,0.8145033281807569,0.1180791683987875
2024-09-24,510880.SH,37600,2.776,104377.59999999999,2.8122484215,0.11171031400311508
2024-09-24,510300.SH,34000,3.216,109344.0,3.182090790495349,0.11702561252947583
2024-09-24,512660.SH,132000,0.821,108372.0,0.812159277325303,0.1159853277824513
2024-09-25,512880.SH,127400,0.882,112366.8,0.8145033281807569,0.11959258882882241
2024-09-25,510880.SH,37600,2.776,104377.59999999999,2.8122484215,0.11108964035408407
2024-09-25,510300.SH,34000,3.263,110942.0,3.182090790495349,0.11807616653537537
2024-09-25,512660.SH,132000,0.833,109956.0,0.812159277325303,0.11702676143898373
2024-09-26,512880.SH,127400,0.938,119501.2,0.8145033281807569,0.12495964191293585
2024-09-26,510880.SH,37600,2.776,104377.59999999999,2.8122484215,0.10914524305807517
2024-09-26,510300.SH,34000,3.429,116586.0,3.182090790495349,0.12191128467380695
2024-09-26,512660.SH,132000,0.863,113916.0,0.812159277325303,0.11911932740553234
2024-09-27,512880.SH,127400,1.006,128164.4,0.8145033281807569,0.13093504293162836
2024-09-27,510880.SH,37600,2.776,104377.59999999999,2.8122484215,0.10663402268570939
2024-09-27,510300.SH,34000,3.658,124372.0,3.182090790495349,0.12706065927427962
2024-09-27,512660.SH,132000,0.909,119988.0,0.812159277325303,0.12258188647768198
2024-09-30,512880.SH,103100,1.107,114131.7,0.8145033281807569,0.11201184769061233
2024-09-30,510880.SH,37600,2.776,104377.59999999999,2.8122484215,0.1024389177898135
2024-09-30,159915.SZ,56700,2.232,126554.40000000001,2.0016002999999998,0.1242038117138081
2024-09-30,510500.SH,20100,5.842,117424.2,5.640509645399999,0.11524319365778307
2024-10-08,512880.SH,103100,1.218,125575.8,0.8145033281807569,0.1183892582016823
2024-10-08,510880.SH,37600,2.776,104377.59999999999,2.8122484215,0.09840420396980877
2024-10-08,159915.SZ,56700,2.678,151842.6,2.0016002999999998,0.1431528429634911
2024-10-08,510500.SH,20100,6.093,122469.3,5.640509645399999,0.11546053920802647
2024-10-09,512880.SH,103100,1.179,121554.90000000001,0.8145033281807569,0.11867556371020359
2024-10-09,510880.SH,37600,2.776,104377.59999999999,2.8122484215,0.10190515165343515
2024-10-09,159915.SZ,56700,2.242,127121.4,2.0016002999999998,0.12411020703098166
2024-10-09,510500.SH,20100,5.71,114771.0,5.640509645399999,0.11205235759795594
2024-10-10,512880.SH,103100,1.113,114750.3,0.8145033281807569,0.11337677990337955
2024-10-10,510880.SH,37600,2.776,104377.59999999999,2.8122484215,0.10312823741674738
2024-10-10,159915.SZ,56700,2.174,123265.8,2.0016002999999998,0.12179035241052967
2024-10-10,510500.SH,20100,5.636,113283.6,5.640509645399999,0.11192763577840309
2024-10-11,512880.SH,103100,1.116,115059.6,0.8145033281807569,0.11491287340640818
2024-10-11,510880.SH,37600,2.776,104377.59999999999,2.8122484215,0.10424449533341598
2024-10-11,159915.SZ,56700,2.06,116802.0,2.0016002999999998,0.11665305145868131
2024-10-11,510500.SH,20100,5.403,108600.29999999999,5.640509645399999,0.10846181045126133
2024-10-14,512880.SH,293700,1.124,330118.80000000005,1.0178868584145933,0.3254000725495329
2024-10-14,510880.SH,37600,2.776,104377.59999999999,2.8122484215,0.10288562363775137
2024-10-14,159915.SZ,159300,2.116,337078.8,2.0518777855016945,0.33226058611296744
2024-10-14,588000.SH,249400,0.974,242915.6,0.9497593423499998,0.23944335755313936
2024-10-15,512880.SH,293700,1.087,319251.89999999997,1.0178868584145933,0.3240014665341874
2024-10-15,510880.SH,37600,2.776,104377.59999999999,2.8122484215,0.10593044386993092
2024-10-15,159915.SZ,159300,2.045,325768.5,2.0518777855016945,0.33061501513582986
2024-10-15,588000.SH,249400,0.946,235932.4,0.9497593423499998,0.2394424077129393
2024-10-16,512880.SH,293700,1.094,321307.80000000005,1.0178868584145933,0.3297182158549701
2024-10-16,510880.SH,37600,2.776,104377.59999999999,2.8122484215,0.10710974351454809
2024-10-16,159915.SZ,159300,2.0,318600.0,2.0518777855016945,0.3269395376377214
2024-10-16,588000.SH,249400,0.923,230196.2,0.9497593423499998,0.23622171749516774
2024-10-17,512880.SH,293700,1.088,319545.60000000003,1.0178868584145933,0.3285202440235333
2024-10-17,510880.SH,37600,2.776,104377.59999999999,2.8122484215,0.10730911213482754
2024-10-17,159915.SZ,159300,1.995,317803.5,2.0518777855016945,0.32672921602279287
2024-10-17,588000.SH,249400,0.926,230944.40000000002,0.9497593423499998,0.2374306222456779
2024-10-18,512880.SH,293700,1.169,343335.3,1.0178868584145933,0.3267371786282685
2024-10-18,510880.SH,37600,2.776,104377.59999999999,2.8122484215,0.09933159373938526
2024-10-18,159915.SZ,159300,2.156,343450.80000000005,2.0518777855016945,0.326847094923306
2024-10-18,588000.SH,249400,1.041,259625.4,0.9497593423499998,0.24707413043819168
2024-10-21,512880.SH,293700,1.137,333936.9,1.0178868584145933,0.3194351478958352
2024-10-21,510880.SH,37600,2.776,104377.59999999999,2.8122484215,0.09984483323949023
2024-10-21,159915.SZ,159300,2.167,345203.1,2.0518777855016945,0.3302120948676255
2024-10-21,588000.SH,249400,1.05,261870.0,0.9497593423499998,0.2504978700451563
2024-10-22,512880.SH,293700,1.146,336580.19999999995,1.0178868584145933,0.32175575089499614
2024-10-22,510880.SH,37600,2.776,104377.59999999999,2.8122484215,0.09978035863255638
2024-10-22,159915.SZ,159300,2.175,346477.5,2.0518777855016945,0.3312171309563695
2024-10-22,588000.SH,249400,1.037,258627.8,0.9497593423499998,0.2472367120565051
2024-10-23,512880.SH,293700,1.14,334818.0,1.0178868584145933,0.3216331289875537
2024-10-23,510880.SH,37600,2.776,104377.59999999999,2.8122484215,0.10026729173524505
2024-10-23,159915.SZ,159300,2.162,344406.6,2.0518777855016945,0.33084413741783536
2024-10-23,588000.SH,249400,1.032,257380.80000000002,0.9497593423499998,0.24724534536769158
2024-10-24,512880.SH,293700,1.138,334230.6,1.0178868584145933,0.32296590127295827
2024-10-24,510880.SH,37600,2.776,104377.59999999999,2.8122484215,0.10085972276837707
2024-10-24,159915.SZ,159300,2.132,339627.60000000003,2.0518777855016945,0.3281810041665
2024-10-24,588000.SH,249400,1.029,256632.59999999998,0.9497593423499998,0.24798321564519404
2024-10-25,512880.SH,293700,1.147,336873.9,1.0178868584145933,0.3203113038378422
2024-10-25,510880.SH,37600,2.776,104377.59999999999,2.8122484215,0.09924581615692028
2024-10-25,159915.SZ,159300,2.196,349822.80000000005,2.0518777855016945,0.3326235638326528
2024-10-25,588000.SH,249400,1.045,260622.99999999997,0.9497593423499998,0.2478093225391754
2024-10-28,512880.SH,296500,1.149,340678.5,1.019118970375602,0.3246019207927708
2024-10-28,510880.SH,37600,2.776,104377.59999999999,2.8122484215,0.09945203306853678
2024-10-28,159915.SZ,157800,2.188,345266.4,2.0518777855016945,0.32897331831977983
2024-10-28,588000.SH,249400,1.039,259126.59999999998,0.9497593423499998,0.24689844556818227
2024-10-29,512880.SH,296500,1.136,336823.99999999994,1.019118970375602,0.32557041091210687
2024-10-29,510880.SH,37600,2.776,104377.59999999999,2.8122484215,0.1008902516507717
2024-10-29,159915.SZ,157800,2.135,336902.99999999994,2.0518777855016945,0.3256467714519201
2024-10-29,588000.SH,249400,1.028,256383.2,0.9497593423499998,0.24781720950692615
2024-10-30,512880.SH,296500,1.133,335934.5,1.019118970375602,0.3277726140668469
2024-10-30,510880.SH,37600,2.776,104377.59999999999,2.8122484215,0.10184163520574313
2024-10-30,159915.SZ,157800,2.111,333115.80000000005,2.0518777855016945,0.32502239738094474
2024-10-30,588000.SH,249400,1.008,251395.2,0.9497593423499998,0.24528728626520288
2024-10-31,512880.SH,296500,1.166,345719.0,1.019118970375602,0.3326094764671301
2024-10-31,510880.SH,37600,2.776,104377.59999999999,2.8122484215,0.10041964396199086
2024-10-31,159915.SZ,157800,2.122,334851.6,2.0518777855016945,0.3221541638445699
2024-10-31,588000.SH,249400,1.02,254388.0,0.9497593423499998,0.2447417107521435
2024-11-01,512880.SH,296500,1.153,341864.5,1.019118970375602,0.3344787865377927
2024-11-01,510880.SH,37600,2.776,104377.59999999999,2.8122484215,0.10212260410111934
2024-11-01,159915.SZ,157800,2.084,328855.2,2.0518777855016945,0.32175054222548155
2024-11-01,588000.SH,249400,0.99,246906.0,0.9497593423499998,0.24157179019436137
2024-11-04,512880.SH,290800,1.198,348378.39999999997,1.019118970375602,0.3322613874169919
2024-11-04,510880.SH,37600,2.776,104377.59999999999,2.8122484215,0.09954878428529385
2024-11-04,159915.SZ,161000,2.145,345345.0,2.052508348771226,0.32936832145024225
2024-11-04,588000.SH,249400,1.004,250397.6,0.9497593423499998,0.23881346829161906
2024-11-05,512880.SH,290800,1.265,367862.0,1.019118970375602,0.3355771222424124
2024-11-05,510880.SH,37600,2.776,104377.59999999999,2.8122484215,0.09521705050961941
2024-11-05,159915.SZ,161000,2.249,362089.0,2.052508348771226,0.33031078125936586
2024-11-05,588000.SH,249400,1.05,261870.0,0.9497593423499998,0.2388873572198828
2024-11-06,512880.SH,290800,1.257,365535.6,1.019118970375602,0.3337330958454871
2024-11-06,510880.SH,37600,2.905,109227.99999999999,2.8122484215,0.09972489298719704
2024-11-06,159915.SZ,161000,2.223,357903.0,2.052508348771226,0.3267645509832349
2024-11-06,588000.SH,249400,1.053,262618.2,0.9497593423499998,0.23976976500064373
2024-11-07,512880.SH,290800,1.364,396651.2,1.019118970375602,0.3446605880503453
2024-11-07,510880.SH,37600,2.974,111822.40000000001,2.8122484215,0.09716540411626369
2024-11-07,159915.SZ,161000,2.306,371266.0,2.052508348771226,0.322602724719097
2024-11-07,588000.SH,249400,1.087,271097.8,0.9497593423499998,0.2355639593858657
2024-11-08,512880.SH,290800,1.32,383856.0,1.019118970375602,0.33926041265042833
2024-11-08,510880.SH,37600,2.941,110581.59999999999,2.8122484215,0.09773446096334198
2024-11-08,159915.SZ,161000,2.282,367402.0,2.052508348771226,0.32471800396136224
2024-11-08,588000.SH,249400,1.081,269601.39999999997,0.9497593423499998,0.23827967314600573
2024-11-11,512880.SH,284200,1.321,375428.2,1.019118970375602,0.3239423194192985
2024-11-11,159915.SZ,164200,2.349,385705.80000000005,2.056409525896269,0.33281045873878434
2024-11-11,588000.SH,341500,1.13,385894.99999999994,0.9856571498972766,0.33297371202352455
2024-11-12,512880.SH,284200,1.289,366333.8,1.019118970375602,0.32116326759933905
2024-11-12,159915.SZ,164200,2.345,385049.00000000006,2.056409525896269,0.33757080298312064
2024-11-12,588000.SH,341500,1.105,377357.5,0.9856571498972766,0.3308276979987039
2024-11-13,512880.SH,284200,1.286,365481.2,1.019118970375602,0.31836787025131624
2024-11-13,159915.SZ,164200,2.372,389482.39999999997,2.056409525896269,0.33927513149341537
2024-11-13,588000.SH,341500,1.116,381114.00000000006,0.9856571498972766,0.3319854824351024
2024-11-14,512880.SH,284200,1.265,359513.0,1.019118970375602,0.32216478056845527
2024-11-14,159915.SZ,164200,2.288,375689.6,2.056409525896269,0.336660864964134
2024-11-14,588000.SH,341500,1.08,368820.0,0.9856571498972766,0.33050491740008753
2024-11-15,512880.SH,284200,1.215,345303.0,1.019118970375602,0.3214315235518297
2024-11-15,159915.SZ,164200,2.204,361896.80000000005,2.056409525896269,0.33687816147711375
2024-11-15,588000.SH,341500,1.04,355160.0,0.9856571498972766,0.33060708972892744
2024-11-18,512880.SH,291600,1.199,349628.4,1.0241224515800622,0.33173848548462265
2024-11-18,159915.SZ,160700,2.149,345344.3,2.056409525896269,0.32767359588851236
2024-11-18,588000.SH,340700,1.02,347514.0,0.9856571498972766,0.32973227588120174
2024-11-19,512880.SH,291600,1.225,357210.0,1.0241224515800622,0.32982832428638775
2024-11-19,159915.SZ,160700,2.215,355950.5,2.056409525896269,0.32866537035329885
2024-11-19,588000.SH,340700,1.052,358416.4,0.9856571498972766,0.3309422485617975
2024-11-20,512880.SH,291600,1.225,357210.0,1.0241224515800622,0.3291270188167862
2024-11-20,159915.SZ,160700,2.223,357236.1,2.056409525896269,0.32915106689828194
2024-11-20,588000.SH,340700,1.055,359438.5,0.9856571498972766,0.3311803195682579
2024-11-21,512880.SH,291600,1.237,360709.2,1.0241224515800622,0.3303527055912269
2024-11-21,159915.SZ,160700,2.223,357236.1,2.056409525896269,0.3271718940627466
2024-11-21,588000.SH,340700,1.064,362504.80000000005,0.9856571498972766,0.33199719183709925
2024-11-22,512880.SH,291600,1.178,343504.8,1.0241224515800622,0.32827404531161813
2024-11-22,159915.SZ,160700,2.136,343255.2,2.056409525896269,0.3280355123953102
2024-11-22,588000.SH,340700,1.022,348195.4,0.9856571498972766,0.3327566674960496
2024-11-25,512880.SH,293200,1.167,342164.4,1.0249769729902665,0.32971009305422977
2024-11-25,159915.SZ,161200,2.132,343678.4,2.0567031377886504,0.3311689855657947
2024-11-25,588000.SH,338000,1.008,340704.0,0.9856571498972766,0.32830284957742034
2024-11-26,512880.SH,293200,1.167,342164.4,1.0249769729902665,0.33154247265430264
2024-11-26,159915.SZ,161200,2.109,339970.8,2.0567031377886504,0.3294169693348033
2024-11-26,588000.SH,338000,1.002,338676.0,0.9856571498972766,0.3281623642572652
2024-11-27,512880.SH,293200,1.196,350667.2,1.0249769729902665,0.3302772349032284
2024-11-27,159915.SZ,161200,2.165,348998.0,2.0567031377886504,0.32870509254004054
2024-11-27,588000.SH,338000,1.038,350844.0,0.9856571498972766,0.33044375465509257
2024-11-28,512880.SH,293200,1.184,347148.8,1.0249769729902665,0.33033441229532867
2024-11-28,159915.SZ,161200,2.128,343033.60000000003,2.0567031377886504,0.32641853479992117
2024-11-28,588000.SH,338000,1.034,349492.0,0.9856571498972766,0.33256411781322304
2024-11-29,512880.SH,293200,1.216,356531.2,1.0249769729902665,0.3309510936478812
2024-11-29,159915.SZ,161200,2.179,351254.8,2.0567031377886504,0.3260532604413521
2024-11-29,588000.SH,338000,1.06,358280.0,0.9856571498972766,0.33257442218847294
2024-12-02,512880.SH,293100,1.23,360513.0,1.0249769729902665,0.33096521157928926
2024-12-02,159915.SZ,163000,2.211,360393.0,2.0580190221566284,0.33085504682686834
2024-12-02,588000.SH,334100,1.068,356818.80000000005,0.9856571498972766,0.327573789676012
2024-12-03,512880.SH,293100,1.229,360219.9,1.0249769729902665,0.33255454563764086
2024-12-03,159915.SZ,163000,2.198,358274.0,2.0580190221566284,0.33075809327519146
2024-12-03,588000.SH,334100,1.057,353143.69999999995,0.9856571498972766,0.32602180695262906
2024-12-04,512880.SH,293100,1.214,355823.39999999997,1.0249769729902665,0.3319584966521117
2024-12-04,159915.SZ,163000,2.17,353710.0,2.0580190221566284,0.32998684136798884
2024-12-04,588000.SH,334100,1.05,350805.0,0.9856571498972766,0.3272766783130172
2024-12-05,512880.SH,293100,1.228,359926.8,1.0249769729902665,0.33384114525371783
2024-12-05,159915.SZ,163000,2.177,354851.0,2.0580190221566284,0.32913321329344475
2024-12-05,588000.SH,334100,1.053,351807.3,0.9856571498972766,0.32631010511197917
2024-12-06,512880.SH,293100,1.244,364616.4,1.0249769729902665,0.33293256419066525
2024-12-06,159915.SZ,163000,2.224,362512.00000000006,2.0580190221566284,0.33101102887825795
2024-12-06,588000.SH,334100,1.067,356484.7,0.9856571498972766,0.32550747927339535
2024-12-09,512880.SH,290600,1.232,358019.2,1.0249769729902665,0.33017404977110676
2024-12-09,159915.SZ,162300,2.206,358033.8,2.0580190221566284,0.33018751424766735
2024-12-09,588000.SH,338300,1.054,356568.2,0.9866635834486553,0.32883590213484065
2024-12-10,512880.SH,290600,1.244,361506.4,1.0249769729902665,0.33065582681294003
2024-12-10,159915.SZ,162300,2.221,360468.3,2.0580190221566284,0.3297063171671509
2024-12-10,588000.SH,338300,1.063,359612.89999999997,0.9866635834486553,0.3289239160969186
2024-12-11,512880.SH,290600,1.241,360634.60000000003,1.0249769729902665,0.33067866358346354
2024-12-11,159915.SZ,162300,2.218,359981.4,2.0580190221566284,0.3300797213215377
2024-12-11,588000.SH,338300,1.059,358259.69999999995,0.9866635834486553,0.32850103348877935
2024-12-12,512880.SH,290600,1.259,365865.39999999997,1.0249769729902665,0.33198853827200575
2024-12-12,159915.SZ,162300,2.248,364850.4,2.0580190221566284,0.3310675209625087
2024-12-12,588000.SH,338300,1.063,359612.89999999997,0.9866635834486553,0.3263149809048819
2024-12-13,512880.SH,290600,1.219,354241.4,1.0249769729902665,0.32971475580899723
2024-12-13,159915.SZ,162300,2.193,355923.9,2.0580190221566284,0.3312807644027094
2024-12-13,588000.SH,338300,1.042,352508.60000000003,0.9866635834486553,0.3281019298409827
2024-12-16,512880.SH,290500,1.201,348890.5,1.0249769729902665,0.3298555464087451
2024-12-16,159915.SZ,161500,2.158,348517.0,2.0580190221566284,0.3295024240205354
2024-12-16,588000.SH,340200,1.025,348704.99999999994,0.9869790660807763,0.3296801670164749
2024-12-17,512880.SH,290500,1.203,349471.5,1.0249769729902665,0.3308110325188852
2024-12-17,159915.SZ,161500,2.159,348678.49999999994,2.0580190221566284,0.33006037574490654
2024-12-17,588000.SH,340200,1.019,346663.8,0.9869790660807763,0.3281532531692007
2024-12-18,512880.SH,290500,1.202,349181.0,1.0249769729902665,0.32919273385791936
2024-12-18,159915.SZ,161500,2.158,348517.0,2.0580190221566284,0.32856674339657793
2024-12-18,588000.SH,340200,1.033,351426.6,0.9869790660807763,0.3313097883458535
2024-12-19,512880.SH,290500,1.198,348019.0,1.0249769729902665,0.3265518295012019
2024-12-19,159915.SZ,161500,2.171,350616.49999999994,2.0580190221566284,0.32898910556121397
2024-12-19,588000.SH,340200,1.045,355509.0,0.9869790660807763,0.3335798170621224
2024-12-20,512880.SH,290500,1.203,349471.5,1.0249769729902665,0.32549173063027864
2024-12-20,159915.SZ,161500,2.169,350293.5,2.0580190221566284,0.326257327259984
2024-12-20,588000.SH,340200,1.065,362313.0,0.9869790660807763,0.3374520823582127
2024-12-23,512880.SH,294400,1.188,349747.2,1.0273337384635612,0.32819575286672725
2024-12-23,159915.SZ,163400,2.147,350819.8,2.059282906537916,0.3292022591790718
2024-12-23,588000.SH,340200,1.065,362313.0,0.9869790660807763,0.3399872473844038
2024-12-24,512880.SH,294400,1.209,355929.60000000003,1.0273337384635612,0.3309104406541779
2024-12-24,159915.SZ,163400,2.17,354578.0,2.059282906537916,0.32965384791339936
2024-12-24,588000.SH,340200,1.065,362313.0,0.9869790660807763,0.33684513590535076
2024-12-25,512880.SH,294400,1.201,353574.4,1.0273337384635612,0.3301458502275604
2024-12-25,159915.SZ,163400,2.156,352290.4,2.059282906537916,0.3289469306460177
2024-12-25,588000.SH,340200,1.065,362313.0,0.9869790660807763,0.33830541304318995
2024-12-26,512880.SH,294400,1.204,354457.6,1.0273337384635612,0.330194436876385
2024-12-26,159915.SZ,163400,2.166,353924.39999999997,2.059282906537916,0.3296977352292981
2024-12-26,588000.SH,340200,1.065,362313.0,0.9869790660807763,0.3375121227700963
2024-12-27,512880.SH,294400,1.213,357107.2,1.0273337384635612,0.33199483163520477
2024-12-27,159915.SZ,163400,2.163,353434.19999999995,2.059282906537916,0.3285801230642319
2024-12-27,588000.SH,340200,1.065,362313.0,0.9869790660807763,0.33683455117747824
2024-12-30,512880.SH,292900,1.225,358802.5,1.0273337384635612,0.3323149427778816
2024-12-30,588000.SH,340200,1.065,362313.0,0.9869790660807763,0.3355662902646515
2024-12-30,159995.SZ,279000,1.276,356004.0,1.2700153903499998,0.32972303394958774
2024-12-30,512100.SH,1000,2.422,2422.0,2.4302119999999996,0.0022432028522879
2024-12-31,512880.SH,292900,1.17,342693.0,1.0273337384635612,0.3265090289152827
2024-12-31,588000.SH,340200,1.065,362313.0,0.9869790660807763,0.3452024575739301
2024-12-31,159995.SZ,279000,1.226,342054.0,1.2700153903499998,0.32590020623878546
2024-12-31,512100.SH,1000,2.342,2342.0,2.4302119999999996,0.002231397039681558
2025-01-02,512880.SH,292900,1.106,323947.4,1.0273337384635612,0.3191184712889134
2025-01-02,588000.SH,340200,1.065,362313.0,0.9869790660807763,0.35691217366800926
2025-01-02,159995.SZ,279000,1.17,326430.0,1.2700153903499998,0.3215640643599547
2025-01-02,512100.SH,1000,2.277,2277.0,2.4302119999999996,0.002243057851752648
2025-01-03,512880.SH,292900,1.076,315160.4,1.0273337384635612,0.3152035552270682
2025-01-03,588000.SH,340200,1.065,362313.0,0.9869790660807763,0.3623626118794898
2025-01-03,159995.SZ,279000,1.147,320013.0,1.2700153903499998,0.32005681969841315
2025-01-03,512100.SH,1000,2.212,2212.0,2.4302119999999996,0.0022123028913603195
2025-01-06,512880.SH,105600,1.077,113731.2,1.0273337384635612,0.11401977913932694
2025-01-06,588000.SH,340200,1.065,362313.0,0.9869790660807763,0.3632323253364685
2025-01-06,159995.SZ,98600,1.141,112502.6,1.2700153903499998,0.11278806171569493
2025-01-06,510880.SH,38100,2.963,112890.3,2.9603668437,0.1131767454574678
2025-01-07,512880.SH,105600,1.089,114998.4,1.0273337384635612,0.11461672137039482
2025-01-07,588000.SH,340200,1.065,362313.0,0.9869790660807763,0.36111048649261085
2025-01-07,159995.SZ,98600,1.193,117629.8,1.2700153903499998,0.11723938777804968
2025-01-07,510880.SH,38100,2.949,112356.9,2.9603668437,0.11198398848454685
2025-01-08,512880.SH,105600,1.077,113731.2,1.0273337384635612,0.11350062992111269
2025-01-08,588000.SH,340200,1.065,362313.0,0.9869790660807763,0.3615784738805895
2025-01-08,159995.SZ,98600,1.195,117827.0,1.2700153903499998,0.11758812640431952
2025-01-08,510880.SH,38100,2.943,112128.3,2.9603668437,0.11190097951998661
2025-01-09,512880.SH,105600,1.073,113308.79999999999,1.0273337384635612,0.113282921290909
2025-01-09,588000.SH,340200,1.065,362313.0,0.9869790660807763,0.36223025097497386
2025-01-09,159995.SZ,98600,1.198,118122.79999999999,1.2700153903499998,0.1180958218166796
2025-01-09,510880.SH,38100,2.899,110451.9,2.9603668437,0.11042667378113044
2025-01-10,512880.SH,105600,1.054,111302.40000000001,1.0273337384635612,0.11167439375259337
2025-01-10,588000.SH,340200,1.065,362313.0,0.9869790660807763,0.36352391883448476
2025-01-10,159995.SZ,98600,1.195,117827.0,1.2700153903499998,0.11822080020454921
2025-01-10,510880.SH,38100,2.866,109194.6,2.9603668437,0.10955954908480799
2025-01-13,512880.SH,108000,1.057,114156.0,1.027695296127334,0.11472418400152694
2025-01-13,588000.SH,340200,1.065,362313.0,0.9869790660807763,0.36411632571345554
2025-01-13,159995.SZ,95300,1.186,113025.79999999999,1.2700153903499998,0.1135883587031762
2025-01-13,510880.SH,39400,2.839,111856.6,2.957064276522081,0.11241333929171658
2025-01-14,512880.SH,108000,1.103,119124.0,1.027695296127334,0.11840371571634806
2025-01-14,588000.SH,340200,1.065,362313.0,0.9869790660807763,0.3601222713503342
2025-01-14,159995.SZ,95300,1.229,117123.70000000001,1.2700153903499998,0.11641551054738622
2025-01-14,510880.SH,39400,2.889,113826.59999999999,2.957064276522081,0.11313834649070265
2025-01-15,512880.SH,108000,1.09,117720.00000000001,1.027695296127334,0.11717482173627723
2025-01-15,588000.SH,340200,1.065,362313.0,0.9869790660807763,0.36063507634841835
2025-01-15,159995.SZ,95300,1.225,116742.50000000001,1.2700153903499998,0.11620184867947116
2025-01-15,510880.SH,39400,2.898,114181.20000000001,2.957064276522081,0.11365241042842522
2025-01-16,512880.SH,108000,1.092,117936.00000000001,1.027695296127334,0.11756078228394456
2025-01-16,588000.SH,340200,1.065,362313.0,0.9869790660807763,0.36116028788192583
2025-01-16,159995.SZ,95300,1.195,113883.5,1.2700153903499998,0.11352117546155203
2025-01-16,510880.SH,39400,2.928,115363.2,2.957064276522081,0.11499616774164931
2025-01-17,512880.SH,108000,1.094,118152.00000000001,1.027695296127334,0.11755009751335896
2025-01-17,588000.SH,340200,1.065,362313.0,0.9869790660807763,0.3604672665749003
2025-01-17,159995.SZ,95300,1.22,116266.0,1.2700153903499998,0.11567370537517936
2025-01-17,510880.SH,39400,2.911,114693.4,2.957064276522081,0.11410911668138231
2025-01-20,512880.SH,103000,1.099,113197.0,1.027695296127334,0.11258135448483565
2025-01-20,588000.SH,340200,1.065,362313.0,0.9869790660807763,0.36034248511413075
2025-01-20,159995.SZ,93100,1.219,113488.90000000001,1.2700153903499998,0.1128716669257495
2025-01-20,512100.SH,49400,2.308,114015.2,2.30884594605,0.1133951045333307
2025-01-21,512880.SH,103000,1.103,113609.0,1.027695296127334,0.1127469872642792
2025-01-21,588000.SH,340200,1.065,362313.0,0.9869790660807763,0.3595639359265797
2025-01-21,159995.SZ,93100,1.23,114513.0,1.2700153903499998,0.1136441281288842
2025-01-21,512100.SH,49400,2.323,114756.2,2.30884594605,0.113885482839362
2025-01-22,512880.SH,103000,1.097,112991.0,1.027695296127334,0.11234875273036245
2025-01-22,588000.SH,340200,1.065,362313.0,0.9869790660807763,0.36025359230377474
2025-01-22,159995.SZ,93100,1.226,114140.59999999999,1.2700153903499998,0.11349181833858632
2025-01-22,512100.SH,49400,2.304,113817.59999999999,2.30884594605,0.11317065428895487
2025-01-23,512880.SH,103000,1.101,113403.0,1.027695296127334,0.11295647738979842
2025-01-23,588000.SH,340200,1.065,362313.0,0.9869790660807763,0.3608863980011996
2025-01-23,159995.SZ,93100,1.209,112557.90000000001,1.2700153903499998,0.1121147049583626
2025-01-23,512100.SH,49400,2.292,113224.79999999999,2.30884594605,0.11277897904962343
2025-01-24,512880.SH,103000,1.114,114742.00000000001,1.027695296127334,0.1138013690864375
2025-01-24,588000.SH,340200,1.065,362313.0,0.9869790660807763,0.3593428338168624
2025-01-24,159995.SZ,93100,1.216,113209.59999999999,1.2700153903499998,0.11228153138108062
2025-01-24,512100.SH,49400,2.339,115546.59999999999,2.30884594605,0.11459937314394866
2025-01-27,512880.SH,102100,1.086,110880.6,1.027695296127334,0.11099716233914832
2025-01-27,588000.SH,340200,1.065,362313.0,0.9869790660807763,0.36269387862785596
2025-01-27,159995.SZ,94100,1.181,111132.1,1.2694690684546754,0.11124892672650098
2025-01-27,159915.SZ,54700,2.028,110931.6,2.0876691128999996,0.11104821595248822
2025-02-05,512880.SH,102100,1.086,110880.6,1.027695296127334,0.11061501754731962
2025-02-05,588000.SH,340200,1.065,362313.0,0.9869790660807763,0.3614451838520175
2025-02-05,159995.SZ,94100,1.22,114802.0,1.2694690684546754,0.11452702496620136
2025-02-05,159915.SZ,54700,2.024,110712.8,2.0876691128999996,0.11044761946375549
2025-02-06,512880.SH,102100,1.104,112718.40000000001,1.027695296127334,0.11142249377899674
2025-02-06,588000.SH,340200,1.065,362313.0,0.9869790660807763,0.3581475428017932
2025-02-06,159995.SZ,94100,1.266,119130.6,1.2694690684546754,0.11776097369540509
2025-02-06,159915.SZ,54700,2.08,113776.0,2.0876691128999996,0.112467934713402
2025-02-07,512880.SH,102100,1.128,115168.79999999999,1.027695296127334,0.11318474365667018
2025-02-07,588000.SH,340200,1.065,362313.0,0.9869790660807763,0.3560712973346874
2025-02-07,159995.SZ,94100,1.273,119789.29999999999,1.2694690684546754,0.11772564456095715
2025-02-07,159915.SZ,54700,2.131,116565.69999999998,2.0876691128999996,0.11455757873365285
2025-02-10,588000.SH,340200,1.065,362313.0,0.9869790660807763,0.35481940215800917
2025-02-10,159995.SZ,90400,1.288,116435.2,1.2694690684546754,0.11402700994484942
2025-02-10,510500.SH,19900,5.82,115818.0,5.785625667149999,0.11342257528472979
2025-02-10,512100.SH,47700,2.442,116483.40000000001,2.4159315621,0.11407421304047122
2025-02-11,588000.SH,340200,1.065,362313.0,0.9869790660807763,0.35550240217204765
2025-02-11,159995.SZ,90400,1.274,115169.6,1.2694690684546754,0.11300469333751166
2025-02-11,510500.SH,19900,5.797,115360.29999999999,5.785625667149999,0.1131918086441504
2025-02-11,512100.SH,47700,2.437,116244.9,2.4159315621,0.1140597803287474
2025-02-12,588000.SH,340200,1.065,362313.0,0.9869790660807763,0.3531383008468811
2025-02-12,159995.SZ,90400,1.313,118695.2,1.2694690684546754,0.11568953155608748
2025-02-12,510500.SH,19900,5.874,116892.59999999999,5.785625667149999,0.11393257803494253
2025-02-12,512100.SH,47700,2.474,118009.8,2.4159315621,0.11502148765095448
2025-02-13,588000.SH,340200,1.065,362313.0,0.9869790660807763,0.35489089335848456
2025-02-13,159995.SZ,90400,1.276,115350.40000000001,1.2694690684546754,0.11298740731151943
2025-02-13,510500.SH,19900,5.845,116315.5,5.785625667149999,0.11393273690549004
2025-02-13,512100.SH,47700,2.45,116865.00000000001,2.4159315621,0.11447098020865745
2025-02-14,588000.SH,340200,1.065,362313.0,0.9869790660807763,0.35442406251467873
2025-02-14,159995.SZ,90400,1.276,115350.40000000001,1.2694690684546754,0.11283878133186831
2025-02-14,510500.SH,19900,5.891,117230.9,5.785625667149999,0.1146783356662666
2025-02-14,512100.SH,47700,2.459,117294.3,2.4159315621,0.11474035520617666
2025-02-17,588000.SH,340200,1.065,362313.0,0.9869790660807763,0.3538082461962078
2025-02-17,159995.SZ,90500,1.297,117378.5,1.2695377661690903,0.11462321591039124
2025-02-17,512100.SH,46900,2.47,115843.00000000001,2.4159315621,0.11312375946793879
2025-02-17,159915.SZ,52700,2.182,114991.4,2.1997587296999996,0.11229214949959458
2025-02-18,588000.SH,340200,1.065,362313.0,0.9869790660807763,0.35627578253714887
2025-02-18,159995.SZ,90500,1.269,114844.49999999999,1.2695377661690903,0.11293084738220155
2025-02-18,512100.SH,46900,2.42,113498.0,2.4159315621,0.11160678409662729
2025-02-18,159915.SZ,52700,2.14,112778.0,2.1997587296999996,0.11089878144856678
2025-02-19,588000.SH,340200,1.065,362313.0,0.9869790660807763,0.35301774312385964
2025-02-19,159995.SZ,90500,1.318,119279.0,1.2695377661690903,0.11621885878251913
2025-02-19,512100.SH,46900,2.475,116077.5,2.4159315621,0.11309949429763717
2025-02-19,159915.SZ,52700,2.185,115149.5,2.1997587296999996,0.1121953024369561
2025-02-20,588000.SH,340200,1.065,362313.0,0.9869790660807763,0.35304178763248995
2025-02-20,159995.SZ,90500,1.309,118464.5,1.2695377661690903,0.11543311681057292
2025-02-20,512100.SH,46900,2.492,116874.8,2.4159315621,0.11388409557810439
2025-02-20,159915.SZ,52700,2.184,115096.8,2.1997587296999996,0.11215159274654558
2025-02-21,588000.SH,340200,1.065,362313.0,0.9869790660807763,0.34895209570208086
2025-02-21,159995.SZ,90500,1.385,125342.5,1.2695377661690903,0.12072028344425419
2025-02-21,512100.SH,46900,2.54,119126.0,2.4159315621,0.11473302738959432
2025-02-21,159915.SZ,52700,2.239,117995.29999999999,2.1997587296999996,0.11364402386333292
2025-02-24,588000.SH,340200,1.065,362313.0,0.9869790660807763,0.3493181070608553
2025-02-24,159995.SZ,154700,1.39,215032.99999999997,1.3162528073518593,0.20732052262992742
2025-02-24,512100.SH,46900,2.544,119313.6,2.4159315621,0.11503424083214257
2025-02-24,159915.SZ,153300,2.221,340479.3,2.2220883894068493,0.32826750508374
2025-02-25,588000.SH,340200,1.065,362313.0,0.9869790660807763,0.3512100756027976
2025-02-25,159995.SZ,154700,1.381,213640.7,1.3162528073518593,0.20709377361241416
2025-02-25,512100.SH,46900,2.533,118797.7,2.4159315621,0.11515719612169166
2025-02-25,159915.SZ,153300,2.197,336800.10000000003,2.2220883894068493,0.3264790073335205
2025-02-26,588000.SH,340200,1.065,362313.0,0.9869790660807763,0.34798040317506546
2025-02-26,159995.SZ,154700,1.405,217353.5,1.3162528073518593,0.20875529876518809
2025-02-26,512100.SH,46900,2.573,120673.7,2.4159315621,0.11590001677728069
2025-02-26,159915.SZ,153300,2.223,340785.89999999997,2.2220883894068493,0.3273048852190717
2025-02-27,588000.SH,340200,1.065,362313.0,0.9869790660807763,0.3493374398363014
2025-02-27,159995.SZ,154700,1.394,215651.8,1.3162528073518593,0.20792863548393267
2025-02-27,512100.SH,46900,2.559,120017.1,2.4159315621,0.11571891279246775
2025-02-27,159915.SZ,153300,2.212,339099.60000000003,2.2220883894068493,0.32695538419409154
2025-02-28,588000.SH,340200,1.065,362313.0,0.9869790660807763,0.35876771396901713
2025-02-28,159995.SZ,154700,1.328,205441.6,1.3162528073518593,0.2034313237066769
2025-02-28,512100.SH,46900,2.47,115843.00000000001,2.4159315621,0.11470945919498571
2025-02-28,159915.SZ,153300,2.128,326222.4,2.2220883894068493,0.3230302658019069
2025-03-03,588000.SH,340200,1.065,362313.0,0.9869790660807763,0.35866578414344674
2025-03-03,159995.SZ,154700,1.305,201883.5,1.3162528073518593,0.19985124418147715
2025-03-03,512100.SH,46900,2.467,115702.3,2.4159315621,0.11453758533836854
2025-03-03,159915.SZ,153300,2.154,330208.2,2.2220883894068493,0.3268841664074877
2025-03-04,588000.SH,340200,1.065,362313.0,0.9869790660807763,0.3570227995073144
2025-03-04,159995.SZ,154700,1.33,205751.0,1.3162528073518593,0.20274679081741326
2025-03-04,512100.SH,46900,2.5,117250.0,2.4159315621,0.11553801062129324
2025-03-04,159915.SZ,153300,2.149,329441.7,2.2220883894068493,0.3246314595624469
2025-03-05,588000.SH,340200,1.065,362313.0,0.9869790660807763,0.35647103067050745
2025-03-05,159995.SZ,154700,1.335,206524.5,1.3162528073518593,0.20319447928644904
2025-03-05,512100.SH,46900,2.517,118047.29999999999,2.4159315621,0.11614389408845553
2025-03-05,159915.SZ,153300,2.149,329441.7,2.2220883894068493,0.3241297506433501
2025-03-06,588000.SH,340200,1.065,362313.0,0.9869790660807763,0.35099001220254133
2025-03-06,159995.SZ,154700,1.379,213331.3,1.3162528073518593,0.20666428085711525
2025-03-06,512100.SH,46900,2.573,120673.7,2.4159315621,0.1169024115489254
2025-03-06,159915.SZ,153300,2.191,335880.3,2.2220883894068493,0.3253833856240136
2025-03-07,588000.SH,340200,1.065,362313.0,0.9869790660807763,0.35391002838524155
2025-03-07,159995.SZ,154700,1.358,210082.6,1.3162528073518593,0.2052102434338413
2025-03-07,512100.SH,46900,2.562,120157.79999999999,2.4159315621,0.11737103114905667
2025-03-07,159915.SZ,153300,2.16,331128.0,2.2220883894068493,0.3234482888528655
2025-03-10,588000.SH,340200,1.065,362313.0,0.9869790660807763,0.3539678737734462
2025-03-10,159995.SZ,154700,1.357,209927.9,1.3162528073518593,0.20509264754155837
2025-03-10,512100.SH,46900,2.565,120298.5,2.4159315621,0.11752767431236229
2025-03-10,159915.SZ,153300,2.159,330974.69999999995,2.2220883894068493,0.3233513863201271
2025-03-11,588000.SH,340200,1.065,362313.0,0.9869790660807763,0.35426465873317486
2025-03-11,159995.SZ,154700,1.346,208226.2,1.3162528073518593,0.20360070900659324
2025-03-11,512100.SH,46900,2.583,121142.70000000001,2.4159315621,0.11845166271570544
2025-03-11,159915.SZ,153300,2.159,330974.69999999995,2.2220883894068493,0.3236225008344026
2025-03-12,588000.SH,340200,1.065,362313.0,0.9869790660807763,0.35494635723976464
2025-03-12,159995.SZ,154700,1.342,207607.40000000002,1.3162528073518593,0.20338627199691625
2025-03-12,512100.SH,46900,2.587,121330.3,2.4159315621,0.11886338057924452
2025-03-12,159915.SZ,153300,2.149,329441.7,2.2220883894068493,0.3227434051162265
2025-03-13,588000.SH,340200,1.065,362313.0,0.9869790660807763,0.35907733885137816
2025-03-13,159995.SZ,154700,1.302,201419.4,1.3162528073518593,0.19962061020455044
2025-03-13,512100.SH,46900,2.547,119454.3,2.4159315621,0.11838750516364079
2025-03-13,159915.SZ,153300,2.125,325762.5,2.2220883894068493,0.3228532556037793
2025-03-14,588000.SH,340200,1.065,362313.0,0.9869790660807763,0.3536827026177355
2025-03-14,159995.SZ,154700,1.328,205441.6,1.3162528073518593,0.20054798011142788
2025-03-14,512100.SH,46900,2.59,121471.0,2.4159315621,0.11857756020258436
2025-03-14,159915.SZ,153300,2.186,335113.8,2.2220883894068493,0.3271313876910276
2025-03-17,588000.SH,340200,1.065,362313.0,0.9869790660807763,0.35480645128522525
2025-03-17,159995.SZ,154700,1.319,204049.3,1.3162528073518593,0.19982172326202566
2025-03-17,512100.SH,46900,2.593,121611.7,2.4159315621,0.11909209912910501
2025-03-17,159915.SZ,153300,2.173,333120.9,2.2220883894068493,0.3262191651360575
2025-03-18,588000.SH,340200,1.065,362313.0,0.9869790660807763,0.3536157697647527
2025-03-18,159995.SZ,154700,1.326,205132.2,1.3162528073518593,0.20020805437987926
2025-03-18,512100.SH,46900,2.604,122127.6,2.4159315621,0.11919595842136994
2025-03-18,159915.SZ,153300,2.185,334960.5,2.2220883894068493,0.3269198594814054
2025-03-19,588000.SH,340200,1.065,362313.0,0.9869790660807763,0.35524600508608717
2025-03-19,159995.SZ,154700,1.308,202347.6,1.3162528073518593,0.19840076546731011
2025-03-19,512100.SH,46900,2.586,121283.4,2.4159315621,0.11891774055376964
2025-03-19,159915.SZ,153300,2.178,333887.39999999997,2.2220883894068493,0.3273748526787071
2025-03-20,588000.SH,340200,1.065,362313.0,0.9869790660807763,0.3571504113525353
2025-03-20,159995.SZ,154700,1.296,200491.2,1.3162528073518593,0.19763440603170027
2025-03-20,512100.SH,46900,2.575,120767.50000000001,2.4159315621,0.11904668698892203
2025-03-20,159915.SZ,153300,2.158,330821.39999999997,2.2220883894068493,0.32610753435350537
2025-03-21,588000.SH,340200,1.065,362313.0,0.9869790660807763,0.36239800318230236
2025-03-21,159995.SZ,154700,1.263,195386.09999999998,1.3162528073518593,0.19543194003410763
2025-03-21,512100.SH,46900,2.521,118234.9,2.4159315621,0.1182626393931744
2025-03-21,159915.SZ,153300,2.112,323769.60000000003,2.2220883894068493,0.32384556041636037
2025-03-24,588000.SH,340200,1.065,362313.0,0.9869790660807763,0.3638015416498147
2025-03-24,512100.SH,121900,2.501,304871.89999999997,2.4799696356849052,0.30612444826906055
2025-03-24,510500.SH,55700,5.899,328574.3,5.912727286200001,0.32992422818532235
2025-03-24,512660.SH,100,1.059,105.89999999999999,1.126538,0.00010633508392112724
2025-03-25,588000.SH,340200,1.065,362313.0,0.9869790660807763,0.3649694046126862
2025-03-25,512100.SH,121900,2.484,302799.6,2.4799696356849052,0.3050196645689211
2025-03-25,510500.SH,55700,5.879,327460.3,5.912727286200001,0.3298611717638936
2025-03-25,512660.SH,100,1.054,105.4,1.126538,0.00010617277118452036
2025-03-26,588000.SH,340200,1.065,362313.0,0.9869790660807763,0.36461130216916066
2025-03-26,512100.SH,121900,2.492,303774.8,2.4799696356849052,0.3057017700004591
2025-03-26,510500.SH,55700,5.879,327460.3,5.912727286200001,0.32953751698587685
2025-03-26,512660.SH,100,1.052,105.2,1.126538,0.00010586732738873764
2025-03-27,588000.SH,340200,1.065,362313.0,0.9869790660807763,0.36430510444974085
2025-03-27,512100.SH,121900,2.492,303774.8,2.4799696356849052,0.3054450440453396
2025-03-27,510500.SH,55700,5.894,328295.8,5.912727286200001,0.33010086778396364
2025-03-27,512660.SH,100,1.049,104.89999999999999,1.126538,0.00010547677134626086
2025-03-28,588000.SH,340200,1.065,362313.0,0.9869790660807763,0.36643778158827917
2025-03-28,512100.SH,121900,2.466,300605.4,2.4799696356849052,0.30402766643608514
2025-03-28,510500.SH,55700,5.847,325677.9,5.912727286200001,0.32938560633576336
2025-03-28,512660.SH,100,1.04,104.0,1.126538,0.00010518399639312152
2025-03-31,588000.SH,340200,1.065,362313.0,0.9869790660807763,0.36826052942846316
2025-03-31,512100.SH,121900,2.451,298776.9,2.4799696356849052,0.30368145602005725
2025-03-31,510500.SH,55700,5.792,322614.39999999997,5.912727286200001,0.32791025921025735
2025-03-31,512660.SH,100,1.021,102.1,1.126538,0.00010377601702021757
2025-04-01,588000.SH,340200,1.065,362313.0,0.9869790660807763,0.36709463929757735
2025-04-01,512100.SH,121900,2.462,300117.80000000005,2.4799696356849052,0.30407861583156687
2025-04-01,510500.SH,55700,5.824,324396.8,5.912727286200001,0.3286780388373819
2025-04-01,512660.SH,100,1.035,103.49999999999999,1.126538,0.00010486594510078095
2025-04-02,588000.SH,340200,1.065,362313.0,0.9869790660807763,0.366588051225234
2025-04-02,512100.SH,121900,2.47,301093.0,2.4799696356849052,0.30464569614548576
2025-04-02,510500.SH,55700,5.831,324786.7,5.912727286200001,0.32861896596830564
2025-04-02,512660.SH,100,1.023,102.3,1.126538,0.00010350707162133691
2025-04-03,588000.SH,340200,1.065,362313.0,0.9869790660807763,0.36896838943693305
2025-04-03,512100.SH,121900,2.441,297557.89999999997,2.4799696356849052,0.30302379193469725
2025-04-03,510500.SH,55700,5.78,321946.0,5.912727286200001,0.327859881112913
2025-04-03,512660.SH,100,1.02,102.0,1.126538,0.00010387365543761105
2025-04-07,588000.SH,340200,1.065,362313.0,0.9869790660807763,0.3936395138880634
2025-04-07,512100.SH,121900,2.193,267326.7,2.4799696356849052,0.29044045407506813
2025-04-07,510500.SH,55700,5.218,290642.6,5.912727286200001,0.31577230676007445
2025-04-07,512660.SH,100,0.927,92.7,1.126538,0.0001007150804343854
2025-04-08,588000.SH,340200,1.065,362313.0,0.9869790660807763,0.3936345956916274
2025-04-08,512100.SH,121900,2.178,265498.2,2.4799696356849052,0.2884502532723221
2025-04-08,510500.SH,55700,5.251,292480.7,5.912727286200001,0.3177653633518647
2025-04-08,512660.SH,100,0.946,94.6,1.126538,0.00010277807517927303
2025-04-09,588000.SH,340200,1.065,362313.0,0.9869790660807763,0.38891699581318495
2025-04-09,512100.SH,121900,2.217,270252.3,2.4799696356849052,0.29009644320685046
2025-04-09,510500.SH,55700,5.366,298886.19999999995,5.912727286200001,0.3208328792895059
2025-04-09,512660.SH,100,0.999,99.9,1.126538,0.00010723547838950626
2025-04-10,588000.SH,340200,1.065,362313.0,0.9869790660807763,0.38370039516438154
2025-04-10,512100.SH,121900,2.272,276956.8,2.4799696356849052,0.2933056048319066
2025-04-10,510500.SH,55700,5.473,304846.1,5.912727286200001,0.32284121473510624
2025-04-10,512660.SH,100,1.01,101.0,1.126538,0.0001069620463842107
2025-04-11,588000.SH,340200,1.065,362313.0,0.9869790660807763,0.3813681074303677
2025-04-11,512100.SH,121900,2.302,280613.8,2.4799696356849052,0.29537210595491664
2025-04-11,510500.SH,55700,5.511,306962.7,5.912727286200001,0.32310677218514305
2025-04-11,512660.SH,100,1.021,102.1,1.126538,0.00010746973961365046
2025-04-14,588000.SH,340200,1.065,362313.0,0.9869790660807763,0.38011853794035166
2025-04-14,512660.SH,105900,1.023,108335.7,1.021915839879792,0.11365975797375351
2025-04-14,159928.SZ,130200,0.83,108066.0,0.8316649246499999,0.11337680381620875
2025-04-14,159995.SZ,85500,1.249,106789.50000000001,1.26601218975,0.11203757140202308
2025-04-15,588000.SH,340200,1.065,362313.0,0.9869790660807763,0.38144517091219143
2025-04-15,512660.SH,105900,1.005,106429.49999999999,1.021915839879792,0.11204957817577364
2025-04-15,159928.SZ,130200,0.831,108196.2,0.8316649246499999,0.11390956990516389
2025-04-15,159995.SZ,85500,1.231,105250.50000000001,1.26601218975,0.11080832032274197
2025-04-16,588000.SH,340200,1.065,362313.0,0.9869790660807763,0.380952217441587
2025-04-16,512660.SH,105900,1.0,105900.0,1.021915839879792,0.11134803285298642
2025-04-16,159928.SZ,130200,0.834,108586.79999999999,0.8316649246499999,0.1141730554655398
2025-04-16,159995.SZ,85500,1.247,106618.50000000001,1.26601218975,0.11210349613537425
2025-04-17,588000.SH,340200,1.065,362313.0,0.9869790660807763,0.3805987796046963
2025-04-17,512660.SH,105900,1.001,106005.9,1.021915839879792,0.11135597168994067
2025-04-17,159928.SZ,130200,0.838,109107.59999999999,0.8316649246499999,0.11461421314056454
2025-04-17,159995.SZ,85500,1.25,106875.0,1.26601218975,0.11226893478912409
2025-04-18,588000.SH,340200,1.065,362313.0,0.9869790660807763,0.3815091545522175
2025-04-18,512660.SH,105900,0.995,105370.5,1.021915839879792,0.11095326518712946
2025-04-18,159928.SZ,130200,0.832,108326.4,0.8316649246499999,0.11406577539223084
2025-04-18,159995.SZ,85500,1.24,106020.0,1.26601218975,0.11163717715242373
2025-04-21,588000.SH,340200,1.065,362313.0,0.9869790660807763,0.382402716155314
2025-04-21,159928.SZ,129400,0.827,107013.79999999999,0.8316649246499999,0.11294755580423982
2025-04-21,510880.SH,36600,2.924,107018.4,2.9343460398,0.11295241086738775
2025-04-21,515300.SH,82900,1.285,106526.5,1.2970369944,0.11243323574511283
2025-04-22,588000.SH,340200,1.065,362313.0,0.9869790660807763,0.3819503249020823
2025-04-22,159928.SZ,129400,0.829,107272.59999999999,0.8316649246499999,0.11308676316635372
2025-04-22,510880.SH,36600,2.934,107384.40000000001,2.9343460398,0.11320462271410403
2025-04-22,515300.SH,82900,1.291,107023.9,1.2970369944,0.11282458365360329
2025-04-23,588000.SH,340200,1.065,362313.0,0.9869790660807763,0.3827675203978583
2025-04-23,159928.SZ,129400,0.823,106496.2,0.8316649246499999,0.11250848411675649
2025-04-23,510880.SH,36600,2.918,106798.8,2.9343460398,0.1128281675166687
2025-04-23,515300.SH,82900,1.283,106360.7,1.2970369944,0.11236533441190485
2025-04-24,588000.SH,340200,1.052,357890.4,0.9869790660807763,0.37943011468262894
2025-04-24,159928.SZ,129400,0.822,106366.79999999999,0.8316649246499999,0.11276850991930559
2025-04-24,510880.SH,36600,2.931,107274.6,2.9343460398,0.11373094606765967
2025-04-24,515300.SH,82900,1.292,107106.8,1.2970369944,0.11355304698670152
2025-04-25,588000.SH,340200,1.054,358570.8,0.9869790660807763,0.38009263129606813
2025-04-25,159928.SZ,129400,0.82,106108.0,0.8316649246499999,0.11247672404323832
2025-04-25,510880.SH,36600,2.928,107164.8,2.9343460398,0.11359695439315438
2025-04-25,515300.SH,82900,1.29,106941.0,1.2970369944,0.1133597216600817
2025-04-28,588000.SH,101300,1.051,106466.29999999999,0.9869790660807763,0.11296224474778906
2025-04-28,159928.SZ,130300,0.817,106455.09999999999,0.8316255583247121,0.11295036138994553
2025-04-28,510880.SH,36500,2.931,106981.5,2.9343460398,0.11350887920859085
2025-04-29,588000.SH,101300,1.053,106668.9,0.9869790660807763,0.11323679853926694
2025-04-29,159928.SZ,130300,0.815,106194.5,0.8316255583247121,0.11273318842210038
2025-04-29,510880.SH,36500,2.919,106543.5,2.9343460398,0.11310367731520984
2025-04-30,588000.SH,101300,1.062,107580.6,0.9869790660807763,0.1141687233363142
2025-04-30,159928.SZ,130300,0.817,106455.09999999999,0.8316255583247121,0.11297429889440716
2025-04-30,510880.SH,36500,2.895,105667.5,2.9343460398,0.11213846709481058
2025-05-06,588000.SH,101300,1.078,109201.40000000001,0.9869790660807763,0.11569363513724928
2025-05-06,159928.SZ,130300,0.819,106715.7,0.8316255583247121,0.11306015544870443
2025-05-06,510880.SH,36500,2.887,105375.5,2.9343460398,0.11164027795802262
2025-05-07,588000.SH,101300,1.081,109505.3,0.9869790660807763,0.11587715904687323
2025-05-07,159928.SZ,130300,0.82,106846.0,0.8316255583247121,0.1130631205569248
2025-05-07,510880.SH,36500,2.906,106069.0,2.9343460398,0.11224090873174902
2025-05-08,588000.SH,101300,1.077,109100.09999999999,0.9869790660807763,0.1154482103678533
2025-05-08,159928.SZ,130300,0.822,107106.59999999999,0.8316255583247121,0.11333871635851403
2025-05-08,510880.SH,36500,2.91,106215.0,2.9343460398,0.11239523762326102
2025-05-09,588000.SH,101300,1.056,106972.8,0.9869790660807763,0.11336225374270359
2025-05-09,159928.SZ,130300,0.823,107236.9,0.8316255583247121,0.11364212835768465
2025-05-09,510880.SH,36500,2.927,106835.5,2.9343460398,0.11321675285426397
2025-05-12,588000.SH,100800,1.063,107150.4,0.9869790660807763,0.11280103620094624
2025-05-12,510880.SH,36500,2.94,107310.0,2.9343460398,0.11296905279610288
2025-05-12,512660.SH,102100,1.096,111901.6,1.0478377570499997,0.11780279338708775
2025-05-13,588000.SH,100800,1.06,106848.0,0.9869790660807763,0.11282341370265497
2025-05-13,510880.SH,36500,2.962,108113.0,2.9343460398,0.11415915810904403
2025-05-13,512660.SH,102100,1.063,108532.29999999999,1.0478377570499997,0.11460190722335148
2025-05-14,588000.SH,100800,1.065,107352.0,0.9869790660807763,0.1132463755961708
2025-05-14,510880.SH,36500,2.99,109135.00000000001,2.9343460398,0.1151272747660789
2025-05-14,512660.SH,102100,1.057,107919.7,1.0478377570499997,0.11384524629653918
2025-05-15,588000.SH,100800,1.05,105840.0,0.9869790660807763,0.11211052465196075
2025-05-15,510880.SH,36500,2.981,108806.5,2.9343460398,0.11525277589326878
2025-05-15,512660.SH,102100,1.037,105877.7,1.0478377570499997,0.11215045820051876
2025-05-16,588000.SH,100800,1.044,105235.2,0.9869790660807763,0.1116069918699736
2025-05-16,510880.SH,36500,2.963,108149.5,2.9343460398,0.11469774721045534
2025-05-16,512660.SH,102100,1.038,105979.8,1.0478377570499997,0.1123966759884661
2025-05-19,510880.SH,36000,2.974,107064.0,2.9343460398,0.11342307159129668
2025-05-19,159928.SZ,130900,0.818,107076.2,0.8166529224,0.1134359962109019
2025-05-19,512010.SH,294400,0.363,106867.2,0.36329045445,0.1132145826455337
2025-05-20,510880.SH,36000,2.978,107208.00000000001,2.9343460398,0.1132874177449583
2025-05-20,159928.SZ,130900,0.824,107861.59999999999,0.8166529224,0.11397808127975144
2025-05-20,512010.SH,294400,0.368,108339.2,0.36329045445,0.11448276442573861
2025-05-21,510880.SH,36000,3.007,108252.0,2.9343460398,0.11412662974176892
2025-05-21,159928.SZ,130900,0.826,108123.4,0.8166529224,0.11399105086484478
2025-05-21,512010.SH,294400,0.371,109222.4,0.36329045445,0.11514969150045616
2025-05-22,510880.SH,36000,3.008,108288.0,2.9343460398,0.11429428616942157
2025-05-22,159928.SZ,130900,0.822,107599.79999999999,0.8166529224,0.11356791457015113
2025-05-22,512010.SH,294400,0.369,108633.59999999999,0.36329045445,0.1146590551678346
2025-05-23,510880.SH,36000,2.98,107280.0,2.9343460398,0.11337842867711327
2025-05-23,159928.SZ,130900,0.818,107076.2,0.8166529224,0.1131630434816957
2025-05-23,512010.SH,294400,0.37,108928.0,0.36329045445,0.11512011072837988
2025-05-26,510880.SH,35900,2.964,106407.6,2.9343460398,0.11277091372297668
2025-05-26,512010.SH,290300,0.365,105959.5,0.36329045445,0.11229601675660147
2025-05-26,510300.SH,28400,3.756,106670.4,3.7740173656499993,0.11304942950687179
2025-05-27,510880.SH,35900,2.952,105976.8,2.9343460398,0.11236753569016619
2025-05-27,512010.SH,290300,0.367,106540.09999999999,0.36329045445,0.112964804458937
2025-05-27,510300.SH,28400,3.735,106074.0,3.7740173656499993,0.11247059715710125
2025-05-28,510880.SH,35900,2.957,106156.29999999999,2.9343460398,0.11254999579104487
2025-05-28,512010.SH,290300,0.367,106540.09999999999,0.36329045445,0.11295691171016227
2025-05-28,510300.SH,28400,3.731,105960.4,3.7740173656499993,0.11234229691518478
2025-05-29,510880.SH,35900,2.965,106443.5,2.9343460398,0.11256564199088685
2025-05-29,512010.SH,290300,0.372,107991.6,0.36329045445,0.11420278160360245
2025-05-29,510300.SH,28400,3.755,106642.0,3.7740173656499993,0.1127755588006046
2025-05-30,510880.SH,35900,2.979,106946.1,2.9343460398,0.11302613831658782
2025-05-30,512010.SH,290300,0.373,108281.9,0.36329045445,0.11443788045176896
2025-05-30,510300.SH,28400,3.748,106443.20000000001,3.7740173656499993,0.11249464773432805
2025-06-03,512010.SH,287800,0.375,107925.0,0.36329045445,0.11408806630916468
2025-06-03,512660.SH,102000,1.048,106896.0,1.04983935735,0.11300030517659919
2025-06-03,515300.SH,80800,1.326,107140.8,1.3250593986,0.1132590845014311
2025-06-04,512010.SH,287800,0.379,109076.2,0.36329045445,0.11518708859552129
2025-06-04,512660.SH,102000,1.047,106794.0,1.04983935735,0.11277703054809483
2025-06-04,515300.SH,80800,1.325,107060.0,1.3250593986,0.11305793294079286
2025-06-05,512010.SH,287800,0.376,108212.8,0.36329045445,0.11436679173434586
2025-06-05,512660.SH,102000,1.052,107304.0,1.04983935735,0.1134063088679181
2025-06-05,515300.SH,80800,1.32,106656.0,1.3250593986,0.1127214575282997
2025-06-06,512010.SH,287800,0.373,107349.4,0.36329045445,0.11358035632176203
2025-06-06,512660.SH,102000,1.047,106794.0,1.04983935735,0.1129927188510253
2025-06-06,515300.SH,80800,1.324,106979.20000000001,1.3250593986,0.11318866854418419
2025-06-09,512010.SH,287100,0.378,108523.8,0.36329045445,0.11459164632266391
2025-06-09,515300.SH,80900,1.324,107111.6,1.3251194753631645,0.11310048656842692
2025-06-09,510880.SH,35900,2.985,107161.5,2.9833852471499993,0.11315317660647847
2025-06-10,512010.SH,287100,0.379,108810.9,0.36329045445,0.11484802518954047
2025-06-10,515300.SH,80900,1.323,107030.7,1.3251194753631645,0.11296905484334888
2025-06-10,510880.SH,35900,2.99,107341.00000000001,2.9833852471499993,0.11329657113276764
2025-06-11,512010.SH,287100,0.378,108523.8,0.36329045445,0.11448199337359508
2025-06-11,515300.SH,80900,1.329,107516.09999999999,1.3251194753631645,0.11341896844521464
2025-06-11,510880.SH,35900,2.999,107664.1,2.9833852471499993,0.11357509396808883
2025-06-12,512010.SH,287100,0.383,109959.3,0.36329045445,0.11582967634559105
2025-06-12,515300.SH,80900,1.329,107516.09999999999,1.3251194753631645,0.1132560416894269
2025-06-12,510880.SH,35900,2.997,107592.3,2.9833852471499993,0.11333630976441042
2025-06-13,512010.SH,287100,0.377,108236.7,0.36329045445,0.11433615762358493
2025-06-13,515300.SH,80900,1.324,107111.6,1.3251194753631645,0.11314765491662607
2025-06-13,510880.SH,35900,2.982,107053.8,2.9833852471499993,0.11308659771596637
2025-06-16,512010.SH,284900,0.374,106552.6,0.36329045445,0.11263464007752244
2025-06-16,515300.SH,81100,1.324,107376.40000000001,1.3251701301711467,0.11350546271813246
2025-06-16,510880.SH,35900,2.988,107269.2,2.9833852471499993,0.11339214372435558
2025-06-17,512010.SH,284900,0.367,104558.3,0.36329045445,0.11073785474790254
2025-06-17,515300.SH,81100,1.325,107457.5,1.3251701301711467,0.1138084018827079
2025-06-17,510880.SH,35900,2.991,107376.90000000001,2.9833852471499993,0.1137230382999729
2025-06-18,512010.SH,284900,0.365,103988.5,0.36329045445,0.11013679327337123
2025-06-18,515300.SH,81100,1.33,107863.0,1.3251701301711467,0.11424037208773702
2025-06-18,510880.SH,35900,2.995,107520.5,2.9833852471499993,0.11387762186347059
2025-06-19,512010.SH,284900,0.361,102848.9,0.36329045445,0.10914778061934019
2025-06-19,515300.SH,81100,1.327,107619.7,1.3251701301711467,0.1142107636145764
2025-06-19,510880.SH,35900,2.981,107017.9,2.9833852471499993,0.11357210696023473
2025-06-20,512010.SH,284900,0.363,103418.7,0.36329045445,0.10956285957047178
2025-06-20,515300.SH,81100,1.333,108106.3,1.3251701301711467,0.11452895236145198
2025-06-20,510880.SH,35900,2.997,107592.3,2.9833852471499993,0.11398441535006794
2025-06-23,512010.SH,295200,0.363,107157.59999999999,0.3632686814796917,0.11344993220716902
2025-06-23,515300.SH,80200,1.335,107067.0,1.3251701301711467,0.11335401214309547
2025-06-23,510880.SH,35700,3.01,107456.99999999999,2.9833852471499993,0.11376691308116046
2025-06-24,512010.SH,295200,0.365,107748.0,0.3632686814796917,0.11392852166482628
2025-06-24,515300.SH,80200,1.341,107548.2,1.3251701301711467,0.11371726095809731
2025-06-24,510880.SH,35700,3.014,107599.79999999999,2.9833852471499993,0.11377182078025554
2025-06-25,512010.SH,295200,0.369,108928.8,0.3632686814796917,0.11490572670625748
2025-06-25,515300.SH,80200,1.347,108029.4,1.3251701301711467,0.1139569765997695
2025-06-25,510880.SH,35700,3.03,108171.0,2.9833852471499993,0.1141063461962546
2025-06-26,512010.SH,295200,0.366,108043.2,0.3632686814796917,0.11400940528776073
2025-06-26,515300.SH,80200,1.351,108350.2,1.3251701301711467,0.11433335799763365
2025-06-26,510880.SH,35700,3.037,108420.9,2.9833852471499993,0.11440796209075423
2025-06-27,512010.SH,295200,0.365,107748.0,0.3632686814796917,0.11402846150459595
2025-06-27,515300.SH,80200,1.332,106826.40000000001,1.3251701301711467,0.1130531428896552
2025-06-27,510880.SH,35700,3.011,107492.7,2.9833852471499993,0.11375828046901176
2025-06-30,512100.SH,42900,2.521,108150.9,2.4939939738,0.11393640338509185
2025-06-30,512660.SH,96800,1.147,111029.6,1.1058841657499998,0.11696909866940909
2025-06-30,512880.SH,93900,1.136,106670.4,1.13991137085,0.11237670443472132
2025-07-01,512100.SH,42900,2.528,108451.2,2.4939939738,0.11433109467104412
2025-07-01,512660.SH,96800,1.143,110642.40000000001,1.1058841657499998,0.11664109487983106
2025-07-01,512880.SH,93900,1.13,106106.99999999999,1.13991137085,0.1118597992669558
2025-07-02,512100.SH,42900,2.505,107464.5,2.4939939738,0.11374374110409495
2025-07-02,512660.SH,96800,1.12,108416.00000000001,1.1058841657499998,0.11475083804923077
2025-07-02,512880.SH,93900,1.124,105543.6,1.13991137085,0.11171060130177088
2025-07-03,512100.SH,42900,2.516,107936.4,2.4939939738,0.11406014756471405
2025-07-03,512660.SH,96800,1.124,108803.20000000001,1.1058841657499998,0.11497612526926132
2025-07-03,512880.SH,93900,1.131,106200.9,1.13991137085,0.11222618435954358
2025-07-04,512100.SH,42900,2.506,107507.4,2.4939939738,0.11375146319537768
2025-07-04,512660.SH,96800,1.116,108028.8,1.1058841657499998,0.11430314626938069
2025-07-04,512880.SH,93900,1.131,106200.9,1.13991137085,0.11236908126943806
2025-07-07,512100.SH,124500,2.509,312370.5,2.5005534350240968,0.3298939309034265
2025-07-07,512660.SH,279100,1.118,312033.80000000005,1.1130747947030455,0.3295383426307338
2025-07-07,512880.SH,276400,1.132,312884.8,1.1319817314560057,0.33043708222105617
2025-07-08,512100.SH,124500,2.545,316852.5,2.5005534350240968,0.3310246860885351
2025-07-08,512660.SH,279100,1.125,313987.5,1.1130747947030455,0.3280315403010041
2025-07-08,512880.SH,276400,1.146,316754.39999999997,1.1319817314560057,0.33092219826942276
2025-07-09,512100.SH,124500,2.537,315856.5,2.5005534350240968,0.3316785552059175
2025-07-09,512660.SH,279100,1.116,311475.60000000003,1.1130747947030455,0.32707820478570576
2025-07-09,512880.SH,276400,1.141,315372.4,1.1319817314560057,0.3311702054060078
2025-07-10,512100.SH,124500,2.542,316479.0,2.5005534350240968,0.33106166346439986
2025-07-10,512660.SH,279100,1.113,310638.3,1.1130747947030455,0.3249518367214042
2025-07-10,512880.SH,276400,1.155,319242.0,1.1319817314560057,0.3339519764903894
2025-07-11,512100.SH,124500,2.568,319716.0,2.5005534350240968,0.32941336252413655
2025-07-11,512660.SH,279100,1.128,314824.8,1.1130747947030455,0.3243738066721365
2025-07-11,512880.SH,276400,1.181,326428.4,1.1319817314560057,0.3363293575153382
2025-07-14,512100.SH,124700,2.566,319980.19999999995,2.500706974021652,0.33126769274632634
2025-07-14,512660.SH,284200,1.123,319156.6,1.1133703434258269,0.3304150397642172
2025-07-14,512880.SH,270300,1.17,316251.0,1.1319817314560057,0.3274069429880926
2025-07-15,512100.SH,124700,2.557,318857.89999999997,2.500706974021652,0.3314374526941124
2025-07-15,512660.SH,284200,1.119,318019.8,1.1133703434258269,0.3305662880496017
2025-07-15,512880.SH,270300,1.164,314629.19999999995,1.1319817314560057,0.3270419224086542
2025-07-16,512100.SH,124700,2.568,320229.60000000003,2.500706974021652,0.33286108912050233
2025-07-16,512660.SH,284200,1.118,317735.60000000003,1.1133703434258269,0.33026871303700933
2025-07-16,512880.SH,270300,1.16,313548.0,1.1319817314560057,0.32591593272937686
2025-07-17,512100.SH,124700,2.599,324095.30000000005,2.500706974021652,0.3323329463639786
2025-07-17,512660.SH,284200,1.145,325409.0,1.1133703434258269,0.33368003714757943
2025-07-17,512880.SH,270300,1.166,315169.8,1.1319817314560057,0.3231805837324572
2025-07-18,512100.SH,124700,2.605,324843.5,2.500706974021652,0.3314207536030396
2025-07-18,512660.SH,284200,1.155,328251.0,1.1133703434258269,0.3348972468002326
2025-07-18,512880.SH,270300,1.171,316521.3,1.1319817314560057,0.3229300502470075
2025-07-21,512100.SH,124000,2.627,325748.0,2.500706974021652,0.32974191308320666
2025-07-21,512660.SH,279500,1.168,326456.0,1.1133703434258269,0.33045859369049485
2025-07-21,159915.SZ,143100,2.275,325552.5,2.2598067386999996,0.3295440161076066
2025-07-22,512100.SH,124000,2.643,327732.0,2.500706974021652,0.3304165817537628
2025-07-22,512660.SH,279500,1.168,326456.0,1.1133703434258269,0.3291301295357377
2025-07-22,159915.SZ,143100,2.289,327555.9,2.2598067386999996,0.33023903924937864
2025-07-23,512100.SH,124000,2.633,326492.0,2.500706974021652,0.33107525340700467
2025-07-23,512660.SH,279500,1.153,322263.5,1.1133703434258269,0.3267873942587513
2025-07-23,159915.SZ,143100,2.287,327269.7,2.2598067386999996,0.3318638706612548
2025-07-24,512100.SH,124000,2.669,330956.0,2.500706974021652,0.3303192237070045
2025-07-24,512660.SH,279500,1.174,328133.0,1.1133703434258269,0.32750165530357667
2025-07-24,159915.SZ,143100,2.325,332707.5,2.2598067386999996,0.3320673537313063
2025-07-25,512100.SH,124000,2.667,330708.0,2.500706974021652,0.330483911972293
2025-07-25,512660.SH,279500,1.174,328133.0,1.1133703434258269,0.3279106567945269
2025-07-25,159915.SZ,143100,2.318,331705.8,2.2598067386999996,0.33148103586214733
2025-07-28,512660.SH,281300,1.192,335309.6,1.113779835007176,0.3325020385855957
2025-07-28,159915.SZ,142200,2.342,333032.4,2.2598067386999996,0.33024390567718176
2025-07-28,588000.SH,297200,1.11,329892.0,1.1118889666499998,0.32712980037875244
2025-07-29,512660.SH,281300,1.205,338966.5,1.113779835007176,0.33154362223942047
2025-07-29,159915.SZ,142200,2.383,338862.6,2.2598067386999996,0.331441997499658
2025-07-29,588000.SH,297200,1.125,334350.0,1.1118889666499998,0.32702821693515505
2025-07-30,512660.SH,281300,1.188,334184.39999999997,1.113779835007176,0.3314205047944469
2025-07-30,159915.SZ,142200,2.345,333459.0,2.2598067386999996,0.33070110426534416
2025-07-30,588000.SH,297200,1.112,330486.4,1.1118889666499998,0.3277530893593462
2025-07-31,512660.SH,281300,1.186,333621.8,1.113779835007176,0.33420634629760027
2025-07-31,159915.SZ,142200,2.301,327202.2,2.2598067386999996,0.3277754983713195
2025-07-31,588000.SH,297200,1.101,327217.2,1.1118889666499998,0.32779052465315855
2025-08-01,512660.SH,281300,1.167,328277.10000000003,1.113779835007176,0.3315198139986599
2025-08-01,159915.SZ,142200,2.303,327486.6,2.2598067386999996,0.33072150545698586
2025-08-01,588000.SH,297200,1.091,324245.2,1.1118889666499998,0.32744808697883054
2025-08-04,512660.SH,279600,1.199,335240.4,1.113779835007176,0.33481889995071556
2025-08-04,159915.SZ,142100,2.313,328677.30000000005,2.2598067386999996,0.32826405178126306
2025-08-04,512010.SH,800200,0.409,327281.8,0.4063248609,0.3268703063529637
2025-08-05,512660.SH,279600,1.205,336918.0,1.113779835007176,0.3350645603444039
2025-08-05,159915.SZ,142100,2.32,329672.0,2.2598067386999996,0.3278584217461231
2025-08-05,512010.SH,800200,0.411,328882.19999999995,0.4063248609,0.3270729665618943
2025-08-06,512660.SH,279600,1.247,348661.2,1.113779835007176,0.3422447308772544
2025-08-06,159915.SZ,142100,2.336,331945.6,2.2598067386999996,0.32583675079959773
2025-08-06,512010.SH,800200,0.41,328082.0,0.4063248609,0.3220442532626841
2025-08-07,512660.SH,279600,1.238,346144.8,1.113779835007176,0.3421899094427447
2025-08-07,159915.SZ,142100,2.32,329672.0,2.2598067386999996,0.3259053200446996
2025-08-07,512010.SH,800200,0.407,325681.39999999997,0.4063248609,0.3219603147965427
2025-08-08,512660.SH,279600,1.234,345026.4,1.113779835007176,0.34211765084832996
2025-08-08,159915.SZ,142100,2.312,328535.19999999995,2.2598067386999996,0.3257654801052506
2025-08-08,512010.SH,800200,0.406,324881.2,0.4063248609,0.32214228519552834
2025-08-11,512660.SH,269500,1.241,334449.5,1.113779835007176,0.32864746447272575
2025-08-11,159915.SZ,143500,2.357,338229.50000000006,2.260410867381672,0.3323618889694194
2025-08-11,512010.SH,821200,0.407,334228.39999999997,0.4063022481638821,0.32843020011922863
2025-08-12,512660.SH,269500,1.234,332563.0,1.113779835007176,0.3258482504614726
2025-08-12,159915.SZ,143500,2.385,342247.49999999994,2.260410867381672,0.3353372115954355
2025-08-12,512010.SH,821200,0.408,335049.6,0.4063022481638821,0.3282846437451436
2025-08-13,512660.SH,269500,1.25,336875.0,1.113779835007176,0.32213445478131864
2025-08-13,159915.SZ,143500,2.473,354875.5,2.260410867381672,0.33934731193394535
2025-08-13,512010.SH,821200,0.418,343261.6,0.4063022481638821,0.3282415981101687
2025-08-14,512660.SH,269500,1.229,331215.5,1.113779835007176,0.3203984065076398
2025-08-14,159915.SZ,143500,2.446,351001.0,2.260410867381672,0.3395377362550608
2025-08-14,512010.SH,821200,0.415,340798.0,0.4063022481638821,0.329667953767232
2025-08-15,512660.SH,269500,1.243,334988.5,1.113779835007176,0.31957925637712287
2025-08-15,159915.SZ,143500,2.509,360041.5,2.260410867381672,0.34347983538212173
2025-08-15,512010.SH,821200,0.417,342440.39999999997,0.4063022481638821,0.3266883740351818
2025-08-18,512660.SH,278300,1.27,353441.0,1.1179983756178007,0.33088145164755245
2025-08-18,159915.SZ,137600,2.582,355283.19999999995,2.260410867381672,0.3326060671002733
2025-08-18,512880.SH,264900,1.317,348873.3,1.31004739635,0.32660530030492235
2025-08-19,512660.SH,278300,1.248,347318.4,1.1179983756178007,0.3294594089508602
2025-08-19,159915.SZ,137600,2.575,354320.0,2.260410867381672,0.3361009891196918
2025-08-19,512880.SH,264900,1.291,341985.89999999997,1.31004739635,0.32440110424189433
2025-08-20,512660.SH,278300,1.257,349823.1,1.1179983756178007,0.32949979822881964
2025-08-20,159915.SZ,137600,2.588,356108.8,2.260410867381672,0.3354203245797865
2025-08-20,512880.SH,264900,1.303,345164.7,1.31004739635,0.3251120323549562
2025-08-21,512660.SH,278300,1.249,347596.7,1.1179983756178007,0.3295998075656652
2025-08-21,159915.SZ,137600,2.572,353907.2,2.260410867381672,0.33558358009757683
2025-08-21,512880.SH,264900,1.293,342515.69999999995,1.31004739635,0.32478187741200965
2025-08-22,512660.SH,278300,1.279,355945.69999999995,1.1179983756178007,0.32737991835624125
2025-08-22,159915.SZ,137600,2.662,366291.2,2.260410867381672,0.3368951588700458
2025-08-22,512880.SH,264900,1.338,354436.2,1.31004739635,0.3259915605624577
2025-08-25,512660.SH,282200,1.304,367988.8,1.1202914522836072,0.3320739539479033
2025-08-25,159915.SZ,134300,2.737,367579.10000000003,2.260410867381672,0.33170423970950136
2025-08-25,512880.SH,266900,1.352,360848.80000000005,1.3104080565497,0.32563080124546234
2025-08-26,512660.SH,282200,1.295,365449.0,1.1202914522836072,0.33275400387972814
2025-08-26,159915.SZ,134300,2.716,364758.80000000005,2.260410867381672,0.3321255528141136
2025-08-26,512880.SH,266900,1.335,356311.5,1.3104080565497,0.32443399285096347
2025-08-27,512660.SH,282200,1.272,358958.4,1.1202914522836072,0.33244964468746163
2025-08-27,159915.SZ,134300,2.696,362072.80000000005,2.260410867381672,0.33533404904577907
2025-08-27,512880.SH,266900,1.3,346970.0,1.3104080565497,0.3213465772557727
2025-08-28,512660.SH,282200,1.299,366577.8,1.1202914522836072,0.3305273606708503
2025-08-28,159915.SZ,134300,2.806,376845.8,2.260410867381672,0.3397855725412044
2025-08-28,512880.SH,266900,1.326,353909.4,1.3104080565497,0.31910481185332074
2025-08-29,512660.SH,282200,1.311,369964.2,1.1202914522836072,0.3300560191489092
2025-08-29,159915.SZ,134300,2.865,384769.5,2.260410867381672,0.3432642657314308
2025-08-29,512880.SH,266900,1.328,354443.2,1.3104080565497,0.31620927540124333
2025-09-01,512660.SH,282500,1.307,369227.5,1.1205134323342794,0.3264084025577105
2025-09-01,159915.SZ,128700,2.927,376704.9,2.260410867381672,0.3330186528486152
2025-09-01,588000.SH,261200,1.431,373777.2,1.42013541285,0.33043047650701496
2025-09-02,512660.SH,282500,1.274,359905.0,1.1205134323342794,0.3265841474412286
2025-09-02,159915.SZ,128700,2.848,366537.6,2.260410867381672,0.33260268571193524
2025-09-02,588000.SH,261200,1.394,364112.8,1.42013541285,0.3304023794068951
2025-09-03,512660.SH,282500,1.202,339565.0,1.1205134323342794,0.31530394335930517
2025-09-03,159915.SZ,128700,2.87,369369.0,2.260410867381672,0.3429785232714891
2025-09-03,588000.SH,261200,1.365,356538.0,1.42013541285,0.33106426562643365
2025-09-04,512660.SH,282500,1.166,329395.0,1.1205134323342794,0.31986926661095155
2025-09-04,159915.SZ,128700,2.751,354053.7,2.260410867381672,0.34381486470618516
2025-09-04,588000.SH,261200,1.282,334858.4,1.42013541285,0.3251746712200145
2025-09-05,512660.SH,282500,1.184,334480.0,1.1205134323342794,0.31224882559409345
2025-09-05,159915.SZ,128700,2.944,378892.8,2.260410867381672,0.35370973399323646
2025-09-05,588000.SH,261200,1.326,346351.2,1.42013541285,0.32333100766295436
2025-09-08,159915.SZ,120100,2.908,349250.8,2.260410867381672,0.3275285885135738
2025-09-08,588000.SH,266600,1.328,354044.80000000005,1.418281143047337,0.3320244180244413
2025-09-08,516160.SH,137200,2.567,352192.4,2.5810635868499996,0.3302872310019276
2025-09-09,159915.SZ,120100,2.845,341684.5,2.260410867381672,0.32592452583812004
2025-09-09,588000.SH,266600,1.307,348446.2,1.418281143047337,0.33237434684656386
2025-09-09,516160.SH,137200,2.532,347390.4,2.5810635868499996,0.3313672449312593
2025-09-10,159915.SZ,120100,2.875,345287.5,2.260410867381672,0.328867891174312
2025-09-10,588000.SH,266600,1.321,352178.6,1.418281143047337,0.33543129565571167
2025-09-10,516160.SH,137200,2.49,341628.00000000006,2.5810635868499996,0.32538241299235526
2025-09-11,159915.SZ,120100,3.025,363302.5,2.260410867381672,0.33183732818266604
2025-09-11,588000.SH,266600,1.393,371373.8,1.418281143047337,0.3392095830583158
2025-09-11,516160.SH,137200,2.546,349311.19999999995,2.5810635868499996,0.31905779704868775
2025-09-12,159915.SZ,120100,2.995,359699.5,2.260410867381672,0.32933052478489977
2025-09-12,588000.SH,266600,1.406,374839.6,1.418281143047337,0.34319236523309565
2025-09-12,516160.SH,137200,2.528,346841.6,2.5810635868499996,0.3175582010684871
2025-09-15,159915.SZ,120700,3.037,366565.89999999997,2.264166089250529,0.33209924102499955
2025-09-15,588000.SH,253500,1.409,357181.5,1.418281143047337,0.3235972169210799
2025-09-15,516160.SH,143500,2.566,368221.0,2.578824301852404,0.33359871889192744
2025-09-16,159915.SZ,120700,3.059,369221.30000000005,2.264166089250529,0.33236452837245695
2025-09-16,588000.SH,253500,1.426,361491.0,1.418281143047337,0.3254058899794996
2025-09-16,516160.SH,143500,2.567,368364.5,2.578824301852404,0.331593256704464
2025-09-17,159915.SZ,120700,3.119,376463.30000000005,2.264166089250529,0.33395719045145505
2025-09-17,588000.SH,253500,1.44,365040.0,1.418281143047337,0.32382368428051056
2025-09-17,516160.SH,143500,2.606,373961.0,2.578824301852404,0.3317374227405874
2025-09-18,159915.SZ,120700,3.067,370186.9,2.264166089250529,0.3310474230962521
2025-09-18,588000.SH,253500,1.45,367575.0,1.418281143047337,0.3287116765736574
2025-09-18,516160.SH,143500,2.569,368651.5,2.578824301852404,0.3296743593454225
2025-09-19,159915.SZ,120700,3.062,369583.39999999997,2.264166089250529,0.3320746650560718
2025-09-19,588000.SH,253500,1.431,362758.5,1.418281143047337,0.3259424189066474
2025-09-19,516160.SH,143500,2.57,368795.0,2.578824301852404,0.3313662791655524
2025-09-22,159915.SZ,119500,3.082,368299.0,2.264166089250529,0.3271336361615889
2025-09-22,588000.SH,257200,1.479,380398.80000000005,1.4184218812694398,0.33788102230933303
2025-09-22,516160.SH,142800,2.557,365139.6,2.578824301852404,0.32432736731456807
2025-09-23,159915.SZ,119500,3.093,369613.5,2.264166089250529,0.3275118988586278
2025-09-23,588000.SH,257200,1.475,379370.0,1.4184218812694398,0.33615706425765735
2025-09-23,516160.SH,142800,2.574,367567.19999999995,2.578824301852404,0.32569868695312537
2025-09-24,159915.SZ,119500,3.16,377620.0,2.264166089250529,0.3245400649233345
2025-09-24,588000.SH,257200,1.53,393516.0,1.4184218812694398,0.3382016529536859
2025-09-24,516160.SH,142800,2.664,380419.2,2.578824301852404,0.3269457970077934
2025-09-25,159915.SZ,119500,3.211,383714.5,2.264166089250529,0.32498776835875176
2025-09-25,588000.SH,257200,1.548,398145.60000000003,1.4184218812694398,0.3372102175598166
2025-09-25,516160.SH,142800,2.709,386845.2,2.578824301852404,0.32763932102720905
2025-09-26,159915.SZ,119500,3.129,373915.5,2.264166089250529,0.32178076215019186
2025-09-26,588000.SH,257200,1.524,391972.8,1.4184218812694398,0.3373203473141518
2025-09-26,516160.SH,142800,2.69,384132.0,2.578824301852404,0.33057278376070925
2025-09-29,159915.SZ,122600,3.213,393913.8,2.286038278674048,0.3311075250525599
2025-09-29,588000.SH,252900,1.543,390224.69999999995,1.4184218812694398,0.328006621325218
2025-09-29,516160.SH,141400,2.779,392950.6,2.578824301852404,0.33029789927115644
2025-09-30,159915.SZ,122600,3.217,394404.2,2.286038278674048,0.3270971197976703
2025-09-30,588000.SH,252900,1.57,397053.0,1.4184218812694398,0.3292938886224447
2025-09-30,516160.SH,141400,2.841,401717.4,2.578824301852404,0.3331622850684872
2025-10-09,159915.SZ,122600,3.235,396611.0,2.286038278674048,0.32104161335070686
2025-10-09,588000.SH,252900,1.618,409192.2,1.4184218812694398,0.3312256192050274
2025-10-09,516160.SH,141400,2.949,416988.6,2.578824301852404,0.33753651031578186
2025-10-10,159915.SZ,122600,3.095,379447.0,2.286038278674048,0.32427139934749316
2025-10-10,588000.SH,252900,1.528,386431.2,1.4184218812694398,0.33024002291632565
2025-10-10,516160.SH,141400,2.77,391678.0,2.578824301852404,0.3347238827916084
2025-10-13,159915.SZ,125200,3.054,382360.8,2.299938742535449,0.32618379090935434
2025-10-13,588000.SH,251500,1.546,388819.0,1.4184218812694398,0.3316931427007796
2025-10-13,516160.SH,139400,2.789,388786.60000000003,2.578824301852404,0.33166550295626224
2025-10-14,159915.SZ,125200,2.934,367336.80000000005,2.299938742535449,0.32432228625921056
2025-10-14,588000.SH,251500,1.481,372471.5,1.4184218812694398,0.32885572163311033
2025-10-14,516160.SH,139400,2.73,380562.0,2.578824301852404,0.33599883786045304
2025-10-15,159915.SZ,125200,3.003,375975.60000000003,2.299938742535449,0.32604836278936616
2025-10-15,588000.SH,251500,1.501,377501.5,1.4184218812694398,0.32737163269512676
2025-10-15,516160.SH,139400,2.779,387392.6,2.578824301852404,0.3359492557142426
2025-10-16,159915.SZ,125200,3.014,377352.8,2.299938742535449,0.32737639737142404
2025-10-16,588000.SH,251500,1.487,373980.5,1.4184218812694398,0.32445072297638666
2025-10-16,516160.SH,139400,2.791,389065.39999999997,2.578824301852404,0.3375377869035874
2025-10-17,159915.SZ,125200,2.915,364958.0,2.299938742535449,0.3293424712566062
2025-10-17,588000.SH,251500,1.433,360399.5,1.4184218812694398,0.3252288262475278
2025-10-17,516160.SH,139400,2.658,370525.2,2.578824301852404,0.33436637922952306
2025-10-20,159915.SZ,124600,2.971,370186.60000000003,2.299938742535449,0.331307603918704
2025-10-20,588000.SH,254800,1.437,366147.60000000003,1.4189376198558246,0.32769280151303176
2025-10-20,516160.SH,138300,2.667,368846.1,2.578824301852404,0.33010789046864114
2025-10-21,159915.SZ,124600,3.062,381525.19999999995,2.299938742535449,0.3332196917647192
2025-10-21,588000.SH,254800,1.477,376339.60000000003,1.4189376198558246,0.3286906487719756
2025-10-21,516160.SH,138300,2.711,374931.3,2.578824301852404,0.3274606558595487
2025-10-22,159915.SZ,124600,3.039,378659.4,2.299938742535449,0.3332350191433923
2025-10-22,588000.SH,254800,1.476,376084.8,1.4189376198558246,0.3309692708738747
2025-10-22,516160.SH,138300,2.671,369399.3,2.578824301852404,0.32508577050260923
2025-10-23,159915.SZ,124600,3.038,378534.8,2.299938742535449,0.33172953789231674
2025-10-23,588000.SH,254800,1.473,375320.4,1.4189376198558246,0.32891259364676506
2025-10-23,516160.SH,138300,2.712,375069.60000000003,2.578824301852404,0.3286928046918172
2025-10-24,159915.SZ,124600,3.147,392116.19999999995,2.299938742535449,0.3329997678095423
2025-10-24,588000.SH,254800,1.535,391118.0,1.4189376198558246,0.33215205897163286
2025-10-24,516160.SH,138300,2.763,382122.89999999997,2.578824301852404,0.32451308304708903
2025-10-27,159915.SZ,122900,3.209,394386.10000000003,2.299938742535449,0.3301180422957228
2025-10-27,588000.SH,252600,1.558,393550.8,1.4189376198558246,0.32941886045151064
2025-10-27,516160.SH,141200,2.789,393806.80000000005,2.583287186941838,0.3296331434062794
2025-10-28,159915.SZ,122900,3.205,393894.5,2.299938742535449,0.33161678448007115
2025-10-28,588000.SH,252600,1.545,390267.0,1.4189376198558246,0.32856281981262475
2025-10-28,516160.SH,141200,2.767,390700.39999999997,2.583287186941838,0.32892769597716537
2025-10-29,159915.SZ,122900,3.3,405570.0,2.299938742535449,0.33001198905395357
2025-10-29,588000.SH,252600,1.565,395319.0,1.4189376198558246,0.32167075844076204
2025-10-29,516160.SH,141200,2.94,415128.0,2.583287186941838,0.3377893261138389
2025-10-30,159915.SZ,122900,3.239,398073.1,2.299938742535449,0.3269455546436425
2025-10-30,588000.SH,252600,1.535,387741.0,1.4189376198558246,0.3184595902186824
2025-10-30,516160.SH,141200,2.966,418799.2,2.583287186941838,0.34396832322584414
2025-10-31,159915.SZ,122900,3.166,389101.39999999997,2.299938742535449,0.3266463139716053
2025-10-31,588000.SH,252600,1.488,375868.8,1.4189376198558246,0.31553769289170003
2025-10-31,516160.SH,141200,2.927,413292.4,2.583287186941838,0.3469543904300481
2025-11-03,159915.SZ,124000,3.176,393824.0,2.3075516536903766,0.33022007480210536
2025-11-03,588000.SH,265200,1.47,389844.0,1.4216097416343938,0.3268828584371495
2025-11-03,516160.SH,133700,2.963,396153.10000000003,2.583287186941838,0.33217301717286385
2025-11-04,159915.SZ,124000,3.112,385888.0,2.3075516536903766,0.3300448936315563
2025-11-04,588000.SH,265200,1.455,385866.0,1.4216097416343938,0.33002607732304223
2025-11-04,516160.SH,133700,2.877,384654.89999999997,2.583287186941838,0.32899023953934026
2025-11-05,159915.SZ,124000,3.142,389608.0,2.3075516536903766,0.32798546269673634
2025-11-05,588000.SH,265200,1.46,387192.0,1.4216097416343938,0.32595159050244027
2025-11-05,516160.SH,133700,2.979,398292.3,2.583287186941838,0.3352962061971195
2025-11-06,159915.SZ,124000,3.201,396924.0,2.3075516536903766,0.32679123058666487
2025-11-06,588000.SH,265200,1.509,400186.8,1.4216097416343938,0.32947752425285326
2025-11-06,516160.SH,133700,3.027,404709.9,2.583287186941838,0.3332014346615626
2025-11-07,159915.SZ,124000,3.185,394940.0,2.3075516536903766,0.3252464731095747
2025-11-07,588000.SH,265200,1.487,394352.4,1.4216097416343938,0.32476256459790415
2025-11-07,516160.SH,133700,3.083,412197.10000000003,2.583287186941838,0.3394582797412131
2025-11-10,159915.SZ,125800,3.158,397276.39999999997,2.3203838239873344,0.3294421874805293
2025-11-10,588000.SH,270000,1.478,399060.0,1.422875118079412,0.3309212410703984
2025-11-10,516160.SH,129400,3.063,396352.2,2.583287186941838,0.32867579292583265
2025-11-11,159915.SZ,125800,3.113,391615.4,2.3203838239873344,0.32868264240958184
2025-11-11,588000.SH,270000,1.457,393390.0,1.422875118079412,0.33017206345180855
2025-11-11,516160.SH,129400,3.039,393246.60000000003,2.583287186941838,0.3300517078914258
2025-11-12,159915.SZ,125800,3.108,390986.4,2.3203838239873344,0.33174152062018214
2025-11-12,588000.SH,270000,1.449,391230.0,1.422875118079412,0.3319482087157862
2025-11-12,516160.SH,129400,2.961,383153.39999999997,2.583287186941838,0.3250954292701559
2025-11-13,159915.SZ,125800,3.182,400295.6,2.3203838239873344,0.330507633587152
2025-11-13,588000.SH,270000,1.469,396630.0,1.422875118079412,0.327481098242579
2025-11-13,516160.SH,129400,3.099,401010.60000000003,2.583287186941838,0.33109797971639954
2025-11-14,159915.SZ,125800,3.093,389099.4,2.3203838239873344,0.328773846891828
2025-11-14,588000.SH,270000,1.431,386370.0,1.422875118079412,0.32646761013662723
2025-11-14,516160.SH,129400,3.051,394799.4,2.583287186941838,0.3335901250132628
2025-11-17,159915.SZ,126500,3.084,390126.0,2.324602062905982,0.3301834806413724
2025-11-17,588000.SH,272100,1.422,386926.19999999995,1.4229539999317944,0.3274753271182637
2025-11-17,516160.SH,127800,3.064,391579.2,2.583287186941838,0.3314133977298721
2025-11-18,159915.SZ,126500,3.051,385951.5,2.324602062905982,0.33072916802831454
2025-11-18,588000.SH,272100,1.427,388286.7,1.4229539999317944,0.3327302452444407
2025-11-18,516160.SH,127800,2.972,379821.6,2.583287186941838,0.3254763403359833
2025-11-19,159915.SZ,126500,3.057,386710.5,2.324602062905982,0.33166537147049047
2025-11-19,588000.SH,272100,1.413,384477.3,1.4229539999317944,0.32975004952405274
2025-11-19,516160.SH,127800,2.988,381866.4,2.583287186941838,0.32751079013396045
2025-11-20,159915.SZ,126500,3.026,382789.0,2.324602062905982,0.33245178974328
2025-11-20,588000.SH,272100,1.396,379851.6,1.4229539999317944,0.3299006613482845
2025-11-20,516160.SH,127800,2.941,375859.8,2.583287186941838,0.3264337878114346
2025-11-21,159915.SZ,126500,2.904,367356.0,2.324602062905982,0.3337771023573589
2025-11-21,588000.SH,272100,1.351,367607.1,1.4229539999317944,0.3340052500680317
2025-11-21,516160.SH,127800,2.76,352728.0,2.583287186941838,0.3204862034655933
2025-11-24,516160.SH,45200,2.73,123396.0,2.583287186941838,0.1119821068116407
2025-11-24,510880.SH,40300,3.084,124285.2,3.1124884665,0.11278905751812154
2025-11-24,515300.SH,94400,1.32,124608.0,1.3280617990499999,0.11308199913761326
2025-11-25,516160.SH,45200,2.783,125791.59999999999,2.583287186941838,0.11381283915350959
2025-11-25,510880.SH,40300,3.1,124930.0,3.1124884665,0.11303328676515724
2025-11-25,515300.SH,94400,1.323,124891.2,1.3280617990499999,0.1129981815740383
2025-11-26,516160.SH,45200,2.789,126062.8,2.583287186941838,0.11414970895397178
2025-11-26,510880.SH,40300,3.083,124244.90000000001,3.1124884665,0.11250360276001588
2025-11-26,515300.SH,94400,1.318,124419.20000000001,1.3280617990499999,0.11266143119370668
2025-11-27,516160.SH,45200,2.785,125882.0,2.583287186941838,0.11395879401387575
2025-11-27,510880.SH,40300,3.087,124406.1,3.1124884665,0.11262268731009697
2025-11-27,515300.SH,94400,1.321,124702.4,1.3280617990499999,0.11289092256745156
2025-11-28,516160.SH,45200,2.829,127870.8,2.583287186941838,0.11559062071188762
2025-11-28,510880.SH,40300,3.087,124406.1,3.1124884665,0.11245865607586066
2025-11-28,515300.SH,94400,1.317,124324.79999999999,1.3280617990499999,0.11238516378939746
2025-12-01,516160.SH,44100,2.834,124979.40000000001,2.583287186941838,0.11284466476920353
2025-12-01,510880.SH,40600,3.102,125941.2,3.1124346859593595,0.11371307987261273
2025-12-01,515300.SH,95100,1.322,125722.20000000001,1.3280378000033648,0.11351534343297184
2025-12-02,516160.SH,44100,2.798,123391.8,2.583287186941838,0.11149724491963353
2025-12-02,510880.SH,40600,3.106,126103.59999999999,3.1124346859593595,0.11394763650783518
2025-12-02,515300.SH,95100,1.328,126292.8,1.3280378000033648,0.11411859826330674
2025-12-03,516160.SH,44100,2.763,121848.29999999999,2.583287186941838,0.11028872279494226
2025-12-03,510880.SH,40600,3.098,125778.79999999999,3.1124346859593595,0.11384634177645878
2025-12-03,515300.SH,95100,1.328,126292.8,1.3280378000033648,0.1143115793178656
2025-12-04,516160.SH,44100,2.766,121980.6,2.583287186941838,0.11051462378786552
2025-12-04,510880.SH,40600,3.085,125251.0,3.1124346859593595,0.11347761155506648
2025-12-04,515300.SH,95100,1.321,125627.09999999999,1.3280378000033648,0.11381835877230116
2025-12-05,516160.SH,44100,2.793,123171.3,2.583287186941838,0.11151973382017406
2025-12-05,510880.SH,40600,3.083,125169.8,3.1124346859593595,0.11332918283986954
2025-12-05,515300.SH,95100,1.317,125246.7,1.3280378000033648,0.11339880837382729
2025-12-08,516160.SH,44800,2.844,127411.2,2.5866504786637288,0.11482445883700246
2025-12-08,159915.SZ,40300,3.171,127791.29999999999,3.10348126515,0.11516700938831932
2025-12-08,510300.SH,27200,4.609,125364.8,4.5916710882,0.11298021929947326
2025-12-09,516160.SH,44800,2.831,126828.8,2.5866504786637288,0.1143562860431345
2025-12-09,159915.SZ,40300,3.188,128476.40000000001,3.10348126515,0.11584185885376322
2025-12-09,510300.SH,27200,4.585,124712.0,4.5916710882,0.11244765498854667
2025-12-10,516160.SH,44800,2.813,126022.40000000001,2.5866504786637288,0.11371207332678909
2025-12-10,159915.SZ,40300,3.192,128637.6,3.10348126515,0.11607181107312799
2025-12-10,510300.SH,27200,4.579,124548.79999999999,4.5916710882,0.11238241993775383
2025-12-11,516160.SH,44800,2.808,125798.4,2.5866504786637288,0.1138183218842841
2025-12-11,159915.SZ,40300,3.146,126783.8,3.10348126515,0.11470987991987736
2025-12-11,510300.SH,27200,4.545,123624.0,4.5916710882,0.11185099512094542
2025-12-12,516160.SH,44800,2.815,126112.0,2.5866504786637288,0.11388061313359092
2025-12-12,159915.SZ,40300,3.174,127912.2,3.10348126515,0.11550621481910134
2025-12-12,510300.SH,27200,4.571,124331.2,4.5916710882,0.1122725298753102
2025-12-15,516160.SH,44500,2.766,123087.0,2.5866504786637288,0.1115403242127623
2025-12-15,159915.SZ,39800,3.12,124176.0,3.10348126515,0.11252716614625403
2025-12-15,512660.SH,101500,1.245,126367.50000000001,1.2339865849500002,0.11451308359092545
2025-12-16,516160.SH,44500,2.702,120239.0,2.5866504786637288,0.10967152436798798
2025-12-16,159915.SZ,39800,3.06,121788.0,3.10348126515,0.11108438701027554
2025-12-16,512660.SH,101500,1.226,124439.0,1.2339865849500002,0.11350239789775411
2025-12-17,516160.SH,44500,2.777,123576.5,2.5866504786637288,0.11195223195712896
2025-12-17,159915.SZ,39800,3.164,125927.20000000001,3.10348126515,0.11408181251380134
2025-12-17,512660.SH,101500,1.226,124439.0,1.2339865849500002,0.11273360058355085
2025-12-18,516160.SH,44500,2.722,121129.0,2.5866504786637288,0.11013341307125225
2025-12-18,159915.SZ,39800,3.092,123061.6,3.10348126515,0.11189057967959132
2025-12-18,512660.SH,101500,1.239,125758.50000000001,1.2339865849500002,0.11434266631212243
2025-12-19,516160.SH,44500,2.744,122108.00000000001,2.5866504786637288,0.11070145572094922
2025-12-19,159915.SZ,39800,3.107,123658.6,3.10348126515,0.11210720863837398
2025-12-19,512660.SH,101500,1.255,127382.49999999999,1.2339865849500002,0.11548324584280974
2025-12-22,516160.SH,45500,2.785,126717.5,2.5904026769348554,0.11433421135102342
2025-12-22,159915.SZ,39900,3.175,126682.5,3.103689501327569,0.11430263167657209
2025-12-22,512660.SH,98900,1.262,124811.8,1.2339865849500002,0.1126147431909694
2025-12-23,516160.SH,45500,2.831,128810.5,2.5904026769348554,0.11615843966049264
2025-12-23,159915.SZ,39900,3.185,127081.5,3.103689501327569,0.11459926597377462
2025-12-23,512660.SH,98900,1.243,122932.70000000001,1.2339865849500002,0.11085797054783146
2025-12-24,516160.SH,45500,2.855,129902.5,2.5904026769348554,0.11655136457417847
2025-12-24,159915.SZ,39900,3.212,128158.8,3.103689501327569,0.11498687879131829
2025-12-24,512660.SH,98900,1.278,126394.2,1.2339865849500002,0.11340364107127753
2025-12-25,516160.SH,45500,2.855,129902.5,2.5904026769348554,0.1161079869496728
2025-12-25,159915.SZ,39900,3.222,128557.8,3.103689501327569,0.1149060823669956
2025-12-25,512660.SH,98900,1.317,130251.29999999999,1.2339865849500002,0.11641974743040291
2025-12-26,516160.SH,45500,2.927,133178.5,2.5904026769348554,0.11851502521306416
2025-12-26,159915.SZ,39900,3.226,128717.4,3.103689501327569,0.11454510980646324
2025-12-26,512660.SH,98900,1.332,131734.80000000002,1.2339865849500002,0.11723028224103715
2025-12-29,516160.SH,43400,2.881,125035.4,2.5904026769348554,0.1113807080603456
2025-12-29,159915.SZ,39500,3.205,126597.5,3.103689501327569,0.11277221641766734
2025-12-29,512660.SH,95400,1.35,128790.00000000001,1.2339865849500002,0.11472528092917615
2025-12-30,516160.SH,43400,2.888,125339.2,2.5904026769348554,0.11162172027569175
2025-12-30,159915.SZ,39500,3.229,127545.5,3.103689501327569,0.1135865565076468
2025-12-30,512660.SH,95400,1.34,127836.00000000001,1.2339865849500002,0.11384526335865662
2025-12-31,516160.SH,43400,2.859,124080.6,2.5904026769348554,0.1104820626094916
2025-12-31,159915.SZ,39500,3.186,125847.0,3.103689501327569,0.11205487508294358
2025-12-31,512660.SH,95400,1.373,130984.2,1.2339865849500002,0.11662906679411744
