date,symbol,close,ma60,r20,r60,r120,volatility_20,avg_turnover,listed_days,score,rank,eligible,hold_signal,buy_signal,passed_listing,passed_liquidity,passed_trend,passed_score,primary_candidate,secondary_candidate,market_regime_on,risk_off,regime_signal,510300_sh_strong,510300_sh_weak,512100_sh_strong,512100_sh_weak
2023-01-06,159915.SZ,2.35,,,,,,,4,0.0,,False,False,False,False,False,False,False,False,False,False,True,confirmed_risk_off,False,True,False,True
2023-01-06,510300.SH,3.701,,,,,,,4,0.0,,False,False,False,False,False,False,False,False,False,False,True,confirmed_risk_off,False,True,False,True
2023-01-06,510500.SH,5.8,,,,,,,4,0.0,,False,False,False,False,False,False,False,False,False,False,True,confirmed_risk_off,False,True,False,True
2023-01-06,512100.SH,2.517,,,,,,,4,0.0,,False,False,False,False,False,False,False,False,False,False,True,confirmed_risk_off,False,True,False,True
2023-01-06,512880.SH,0.884,,,,,,,4,0.0,,False,False,False,False,False,False,False,False,False,False,True,confirmed_risk_off,False,True,False,True
2023-01-06,516160.SH,3.351,,,,,,,4,0.0,,False,False,False,False,False,False,False,False,False,False,True,confirmed_risk_off,False,True,False,True
2023-01-13,159915.SZ,2.417,,,,,,,9,0.0,,False,False,False,False,False,False,False,False,False,False,True,confirmed_risk_off,False,True,False,True
2023-01-13,510300.SH,3.8,,,,,,,9,0.0,,False,False,False,False,False,False,False,False,False,False,True,confirmed_risk_off,False,True,False,True
2023-01-13,510500.SH,5.844,,,,,,,9,0.0,,False,False,False,False,False,False,False,False,False,False,True,confirmed_risk_off,False,True,False,True
2023-01-13,512100.SH,2.53,,,,,,,9,0.0,,False,False,False,False,False,False,False,False,False,False,True,confirmed_risk_off,False,True,False,True
2023-01-13,512880.SH,0.918,,,,,,,9,0.0,,False,False,False,False,False,False,False,False,False,False,True,confirmed_risk_off,False,True,False,True
2023-01-13,516160.SH,3.381,,,,,,,9,0.0,,False,False,False,False,False,False,False,False,False,False,True,confirmed_risk_off,False,True,False,True
2023-01-20,159915.SZ,2.507,,,,,,,14,0.0,,False,False,False,False,False,False,False,False,False,False,True,confirmed_risk_off,False,True,False,True
2023-01-20,510300.SH,3.901,,,,,,,14,0.0,,False,False,False,False,False,False,False,False,False,False,True,confirmed_risk_off,False,True,False,True
2023-01-20,510500.SH,6.037,,,,,,,14,0.0,,False,False,False,False,False,False,False,False,False,False,True,confirmed_risk_off,False,True,False,True
2023-01-20,512100.SH,2.619,,,,,,,14,0.0,,False,False,False,False,False,False,False,False,False,False,True,confirmed_risk_off,False,True,False,True
2023-01-20,512880.SH,0.969,,,,,,,14,0.0,,False,False,False,False,False,False,False,False,False,False,True,confirmed_risk_off,False,True,False,True
2023-01-20,516160.SH,3.497,,,,,,,14,0.0,,False,False,False,False,False,False,False,False,False,False,True,confirmed_risk_off,False,True,False,True
2023-02-03,159915.SZ,2.5,,,,,,,19,0.0,,False,False,False,False,False,False,False,False,False,False,True,confirmed_risk_off,False,True,False,True
2023-02-03,510300.SH,3.857,,,,,,,19,0.0,,False,False,False,False,False,False,False,False,False,False,True,confirmed_risk_off,False,True,False,True
2023-02-03,510500.SH,6.117,,,,,,,19,0.0,,False,False,False,False,False,False,False,False,False,False,True,confirmed_risk_off,False,True,False,True
2023-02-03,512100.SH,2.684,,,,,,,19,0.0,,False,False,False,False,False,False,False,False,False,False,True,confirmed_risk_off,False,True,False,True
2023-02-03,512880.SH,0.953,,,,,,,19,0.0,,False,False,False,False,False,False,False,False,False,False,True,confirmed_risk_off,False,True,False,True
2023-02-03,516160.SH,3.494,,,,,,,19,0.0,,False,False,False,False,False,False,False,False,False,False,True,confirmed_risk_off,False,True,False,True
2023-02-10,159915.SZ,2.465,,0.04893617021276575,,,0.010414118655247285,955131303.6215999,24,0.0195744680851063,,False,False,False,False,True,False,True,False,False,False,True,confirmed_risk_off,False,True,False,True
2023-02-10,510300.SH,3.823,,0.03296406376654959,,,0.008643622805013762,2995797591.15,24,0.013185625506619836,,False,False,False,False,True,False,True,False,False,False,True,confirmed_risk_off,False,True,False,True
2023-02-10,510500.SH,6.116,,0.05448275862068952,,,0.006052577785420747,2003894435.25,24,0.02179310344827581,,False,False,False,False,True,False,True,False,False,False,True,confirmed_risk_off,False,True,False,True
2023-02-10,512100.SH,2.708,,0.07588398887564574,,,0.007242378973012589,2014490890.2,24,0.030353595550258294,,False,False,False,False,True,False,True,False,False,False,True,confirmed_risk_off,False,True,False,True
2023-02-10,512880.SH,0.936,,0.05882352941176472,,,0.014740851259414703,1198999324.45,24,0.02352941176470589,,False,False,False,False,True,False,True,False,False,False,True,confirmed_risk_off,False,True,False,True
2023-02-10,516160.SH,3.423,,0.0214861235452104,,,0.010390749235497357,152593254.2,24,0.00859444941808416,,False,False,False,False,True,False,True,False,False,False,True,confirmed_risk_off,False,True,False,True
2023-02-17,159915.SZ,2.378,,-0.016135705419941915,,,0.011438043198658689,993758367.93225,29,-0.006454282167976767,,False,False,False,False,True,False,False,False,False,False,True,confirmed_risk_off,False,True,False,True
2023-02-17,510300.SH,3.749,,-0.01342105263157889,,,0.009035176036986246,3054351045.85,29,-0.005368421052631556,,False,False,False,False,True,False,False,False,False,False,True,confirmed_risk_off,False,True,False,True
2023-02-17,510500.SH,6.02,,0.03011635865845297,,,0.007200644080276587,2210695957.45,29,0.012046543463381187,,False,False,False,False,True,False,True,False,False,False,True,confirmed_risk_off,False,True,False,True
2023-02-17,512100.SH,2.664,,0.052964426877470494,,,0.008884057480884841,2145355944.55,29,0.0211857707509882,,False,False,False,False,True,False,True,False,False,False,True,confirmed_risk_off,False,True,False,True
2023-02-17,512880.SH,0.909,,-0.009803921568627416,,,0.014505465741472112,1200057129.75,29,-0.0039215686274509665,,False,False,False,False,True,False,False,False,False,False,True,confirmed_risk_off,False,True,False,True
2023-02-17,516160.SH,3.258,,-0.03637976929902387,,,0.011808701551075815,156259338.9,29,-0.014551907719609548,,False,False,False,False,True,False,False,False,False,False,True,confirmed_risk_off,False,True,False,True
2023-02-24,159915.SZ,2.357,,-0.059832469086557594,,,0.010644707750040228,1033338239.7938,34,-0.023932987634623037,,False,False,False,False,True,False,False,False,False,False,True,confirmed_risk_off,False,True,False,True
2023-02-24,510300.SH,3.78,,-0.03101768777236602,,,0.010542739029342729,2920225854.45,34,-0.01240707510894641,,False,False,False,False,True,False,False,False,False,False,True,confirmed_risk_off,False,True,False,True
2023-02-24,510500.SH,6.124,,0.014411131356633966,,,0.0074619689002788665,2190917708.65,34,0.005764452542653587,,False,False,False,False,True,False,True,False,False,False,True,confirmed_risk_off,False,True,False,True
2023-02-24,512100.SH,2.694,,0.028636884306987298,,,0.008700762538644373,1972229239.1,34,0.01145475372279492,,False,False,False,False,True,False,True,False,False,False,True,confirmed_risk_off,False,True,False,True
2023-02-24,512880.SH,0.931,,-0.039215686274509776,,,0.015161202724792835,1127973237.55,34,-0.01568627450980391,,False,False,False,False,True,False,False,False,False,False,True,confirmed_risk_off,False,True,False,True
2023-02-24,516160.SH,3.274,,-0.06376894480983697,,,0.011931781157769938,149566947.95,34,-0.02550757792393479,,False,False,False,False,True,False,False,False,False,False,True,confirmed_risk_off,False,True,False,True
2023-03-03,159915.SZ,2.352,,-0.05920000000000003,,,0.010150794505663445,1074309527.78985,39,-0.023680000000000014,,False,False,False,False,True,False,False,False,False,False,True,confirmed_risk_off,False,True,False,True
2023-03-03,510300.SH,3.844,,-0.0033704952035261693,,,0.010342604033517357,2566651681.55,39,-0.0013481980814104679,,False,False,False,False,True,False,False,False,False,False,True,confirmed_risk_off,False,True,False,True
2023-03-03,510500.SH,6.161,,0.007193068497629573,,,0.0072828856968366155,2024672925.35,39,0.0028772273990518293,,False,False,False,False,True,False,True,False,False,False,True,confirmed_risk_off,False,True,False,True
2023-03-03,512100.SH,2.701,,0.006333830104321869,,,0.00847085734599794,1792727706.35,39,0.002533532041728748,,False,False,False,False,True,False,True,False,False,False,True,confirmed_risk_off,False,True,False,True
2023-03-03,512880.SH,0.944,,-0.009443861490031513,,,0.01397491167787081,940366235.7,39,-0.0037775445960126055,,False,False,False,False,True,False,False,False,False,False,True,confirmed_risk_off,False,True,False,True
2023-03-03,516160.SH,3.225,,-0.07698912421293647,,,0.010519151875278398,139812326.35,39,-0.03079564968517459,,False,False,False,False,True,False,False,False,False,False,True,confirmed_risk_off,False,True,False,True
2023-03-10,159915.SZ,2.3,,-0.06693711967545646,,,0.009428991391113821,1291006497.977,44,-0.026774847870182583,,False,False,False,False,True,False,False,False,False,False,True,confirmed_risk_off,False,True,False,True
2023-03-10,510300.SH,3.681,,-0.03714360449908449,,,0.010227912727140015,2576609728.4,44,-0.014857441799633797,,False,False,False,False,True,False,False,False,False,False,True,confirmed_risk_off,False,True,False,True
2023-03-10,510500.SH,5.986,,-0.021255722694571544,,,0.0076365021426881,1735488332.0,44,-0.008502289077828618,,False,False,False,False,True,False,False,False,False,False,True,confirmed_risk_off,False,True,False,True
2023-03-10,512100.SH,2.635,,-0.026957163958641228,,,0.00859545600162599,1564770332.55,44,-0.010782865583456492,,False,False,False,False,True,False,False,False,False,False,True,confirmed_risk_off,False,True,False,True
2023-03-10,512880.SH,0.896,,-0.042735042735042805,,,0.013696220116440632,939780034.15,44,-0.017094017094017123,,False,False,False,False,True,False,False,False,False,False,True,confirmed_risk_off,False,True,False,True
2023-03-10,516160.SH,3.174,,-0.07274320771253284,,,0.01051763717109564,153878254.9,44,-0.029097283085013137,,False,False,False,False,True,False,False,False,False,False,True,confirmed_risk_off,False,True,False,True
2023-03-17,159915.SZ,2.228,,-0.06307821698906635,,,0.007578607976543357,1741598363.6405997,49,-0.025231286795626542,,False,False,False,False,True,False,False,False,False,False,True,confirmed_risk_off,False,True,False,True
2023-03-17,510300.SH,3.674,,-0.02000533475593491,,,0.010246677471355107,2461532792.75,49,-0.008002133902373965,,False,False,False,False,True,False,False,False,False,False,True,confirmed_risk_off,False,True,False,True
2023-03-17,510500.SH,5.961,,-0.009800664451827146,,,0.007747624064720259,1622190563.75,49,-0.0039202657807308585,,False,False,False,False,True,False,False,False,False,False,True,confirmed_risk_off,False,True,False,True
2023-03-17,512100.SH,2.615,,-0.01839339339339341,,,0.008424841989685827,1412624751.25,49,-0.007357357357357364,,False,False,False,False,True,False,False,False,False,False,True,confirmed_risk_off,False,True,False,True
2023-03-17,512880.SH,0.905,,-0.004400440044004417,,,0.013812708880369076,876522426.45,49,-0.0017601760176017668,,False,False,False,False,True,False,False,False,False,False,True,confirmed_risk_off,False,True,False,True
2023-03-17,516160.SH,2.979,,-0.08563535911602205,,,0.011158508081371818,169135294.5,49,-0.03425414364640882,,False,False,False,False,True,False,False,False,False,False,True,confirmed_risk_off,False,True,False,True
2023-03-24,159915.SZ,2.297,,-0.025456088247772568,,,0.008333204444277204,2207070882.7226,54,-0.010182435299109028,,False,False,False,False,True,False,False,False,False,False,True,confirmed_risk_off,False,True,False,True
2023-03-24,510300.SH,3.746,,-0.008994708994709,,,0.00843113389745812,2276720225.2,54,-0.0035978835978836,,False,False,False,False,True,False,False,False,False,False,True,confirmed_risk_off,False,True,False,True
2023-03-24,510500.SH,6.084,,-0.006531678641410799,,,0.007379730237801829,1445799027.15,54,-0.0026126714565643198,,False,False,False,False,True,False,False,False,False,False,True,confirmed_risk_off,False,True,False,True
2023-03-24,512100.SH,2.661,,-0.012249443207126953,,,0.008474369865667618,1311354067.6,54,-0.004899777282850782,,False,False,False,False,True,False,False,False,False,False,True,confirmed_risk_off,False,True,False,True
2023-03-24,512880.SH,0.911,,-0.02148227712137485,,,0.010180518203021056,795356808.4,54,-0.008592910848549939,,False,False,False,False,True,False,False,False,False,False,True,confirmed_risk_off,False,True,False,True
2023-03-24,516160.SH,3.051,,-0.06811240073304825,,,0.010625945026592892,189689921.15,54,-0.0272449602932193,,False,False,False,False,True,False,False,False,False,False,True,confirmed_risk_off,False,True,False,True
2023-03-31,159915.SZ,2.327,,-0.010629251700680187,,,0.008604308223149192,2309449515.53375,59,-0.0042517006802720745,,False,False,False,False,True,False,False,False,False,False,True,confirmed_risk_off,False,True,False,True
2023-03-31,510300.SH,3.77,,-0.019250780437044757,,,0.008206077494978098,2237231463.65,59,-0.007700312174817903,,False,False,False,False,True,False,False,False,False,False,True,confirmed_risk_off,False,True,False,True
2023-03-31,510500.SH,6.119,,-0.006817075150137963,,,0.007375733020326206,1529309033.65,59,-0.0027268300600551856,,False,False,False,False,True,False,False,False,False,False,True,confirmed_risk_off,False,True,False,True
2023-03-31,512100.SH,2.664,,-0.013698630136986245,,,0.00824708191180885,1261808041.4,59,-0.005479452054794498,,False,False,False,False,True,False,False,False,False,False,True,confirmed_risk_off,False,True,False,True
2023-03-31,512880.SH,0.905,,-0.041313559322033844,,,0.009263317954406705,797578323.4,59,-0.016525423728813538,,False,False,False,False,True,False,False,False,False,False,True,confirmed_risk_off,False,True,False,True
2023-03-31,516160.SH,3.083,,-0.04403100775193791,,,0.011136709001867804,206555999.85,59,-0.017612403100775165,,False,False,False,False,True,False,False,False,False,False,True,confirmed_risk_off,False,True,False,True
2023-04-07,159915.SZ,2.369,2.3800000000000003,0.0286582718193662,0.016738197424892798,,0.00824855976224212,2299379051.2613997,63,0.0181585876977036,,False,False,False,False,True,False,True,False,False,False,True,risk_on_setup,True,False,True,False
2023-04-07,510300.SH,3.837,3.7891166666666662,0.02703426124197006,0.04124830393487122,,0.007732239469715437,2095500797.25,63,0.027313026070736515,,False,False,False,False,True,True,True,False,False,False,True,risk_on_setup,True,False,True,False
2023-04-07,510500.SH,6.235,6.0529166666666665,0.027860204418068024,0.07741489545533109,,0.0069138429500062775,1474144282.95,63,0.04211003994935965,,False,False,False,False,True,True,True,False,False,False,True,risk_on_setup,True,False,True,False
2023-04-07,512100.SH,2.73,2.6527499999999997,0.020560747663551426,0.08635097493036215,,0.007950738128587905,1230866712.7,63,0.04276468903756543,,False,False,False,False,True,True,True,False,False,False,True,risk_on_setup,True,False,True,False
2023-04-07,512880.SH,0.949,0.9264166666666667,0.04515418502202628,0.07474518686296716,,0.012262913739613775,938931616.55,63,0.04795974875399738,,False,False,False,False,True,True,True,False,False,False,True,risk_on_setup,True,False,True,False
2023-04-07,516160.SH,3.038,3.27005,-0.05240174672489084,-0.06263498920086397,,0.011216759765043802,237969492.55,63,-0.04601469437030192,,False,False,False,False,True,False,False,False,False,False,True,risk_on_setup,True,False,True,False
2023-04-14,159915.SZ,2.355,2.3783,0.054635020152261404,-0.01133501259445846,,0.007578020025127522,2010824845.3882499,68,0.01732000302312118,,False,False,False,False,True,False,True,False,False,True,False,confirmed_risk_on,True,False,True,False
2023-04-14,510300.SH,3.804,3.7957833333333335,0.04133588831097712,0.017656500802568198,,0.00586162498632248,2097356714.5,68,0.023596955645418128,,False,False,False,False,True,True,True,False,False,True,False,confirmed_risk_on,True,False,True,False
2023-04-14,510500.SH,6.2,6.085416666666666,0.04641350210970474,0.070257206973934,,0.005020425388296632,1652368740.2,68,0.0466682836334555,,False,False,False,False,True,True,True,False,False,True,False,confirmed_risk_on,True,False,True,False
2023-04-14,512100.SH,2.721,2.668583333333333,0.04855491329479755,0.08233890214797146,,0.006170788229016145,1163706873.25,68,0.05235752617710761,,False,False,False,False,True,True,True,False,False,True,False,confirmed_risk_on,True,False,True,False
2023-04-14,512880.SH,0.941,0.93055,0.057303370786516705,0.04555555555555557,,0.012189269455777417,1066132744.9,68,0.04114357053682891,,False,False,False,False,True,True,True,False,False,True,False,confirmed_risk_on,True,False,True,False
2023-04-14,516160.SH,3.064,3.2446666666666664,0.020652898067954784,-0.09536462946560376,,0.010461145733048977,296659787.55,68,-0.029884692559059588,,False,False,False,False,True,False,False,False,False,True,False,confirmed_risk_on,True,False,True,False
2023-04-21,159915.SZ,2.269,2.3670833333333334,-0.008304195804195613,-0.09094551282051277,,0.00858941534009928,1488394405.17705,73,-0.03969988344988336,,False,False,False,False,True,False,False,False,False,False,True,confirmed_risk_off,False,True,False,True
2023-04-21,510300.SH,3.75,3.7941000000000003,-0.00026659557451347293,-0.03300670448684895,,0.007582209063024187,1992506581.4,73,-0.01330932002454497,,False,False,False,False,True,False,False,False,False,False,True,confirmed_risk_off,False,True,False,True
2023-04-21,510500.SH,6.029,6.106516666666667,-0.007735352205398227,0.006174899866488559,,0.007216268455104199,1528375430.6,73,-0.000624180935563867,,False,False,False,False,True,False,False,False,False,False,True,confirmed_risk_off,False,True,False,True
2023-04-21,512100.SH,2.63,2.679666666666667,-0.010906355772846932,0.013878180416345476,,0.00806260957360085,1085521147.8,73,0.0011887298573994174,,False,False,False,False,True,False,True,False,False,False,True,confirmed_risk_off,False,True,False,True
2023-04-21,512880.SH,0.916,0.9303666666666666,0.007700770077007757,-0.060512820512820475,,0.015603361216767074,1190517641.5,73,-0.021124820174325088,,False,False,False,False,True,False,False,False,False,False,True,confirmed_risk_off,False,True,False,True
2023-04-21,516160.SH,2.957,3.2136666666666667,-0.028580814717477088,-0.13840326340326348,,0.012115930034797962,366167212.5,73,-0.06679363124829624,,False,False,False,False,True,False,False,False,False,False,True,confirmed_risk_off,False,True,False,True
2023-04-28,159915.SZ,2.255,2.34275,-0.025075659316904586,-0.10657686212361339,,0.010065392464384964,1503364248.0629501,78,-0.052661008576207195,,False,False,False,False,True,False,False,False,False,False,True,confirmed_risk_off,False,True,False,True
2023-04-28,510300.SH,3.745,3.7771999999999997,-0.003989361702127603,-0.03974358974358971,,0.008356382459486769,2177932924.6,78,-0.01749318057828693,,False,False,False,False,True,False,False,False,False,False,True,confirmed_risk_off,False,True,False,True
2023-04-28,510500.SH,6.037,6.0955666666666675,-0.00576416337285901,-0.01757526444263624,,0.00882895468641645,1510864604.4,78,-0.0093357711261981,,False,False,False,False,True,False,False,False,False,False,True,confirmed_risk_off,False,True,False,True
2023-04-28,512100.SH,2.614,2.6741,-0.010598031794095353,-0.02716784518049864,,0.009789906855189635,1213569957.25,78,-0.015106350789837599,,False,False,False,False,True,False,False,False,False,False,True,confirmed_risk_off,False,True,False,True
2023-04-28,512880.SH,0.928,0.9256,0.02428256070640189,-0.03433922996878247,,0.016556588228516047,1259720051.85,78,-0.004022667704952233,,False,False,False,False,True,True,False,False,False,False,True,confirmed_risk_off,False,True,False,True
2023-04-28,516160.SH,2.934,3.1592666666666664,-0.04429967426710091,-0.1746835443037975,,0.018977680914815824,451795502.95,78,-0.08759328742835937,,False,False,False,False,True,False,False,False,False,False,True,confirmed_risk_off,False,True,False,True
2023-05-05,159915.SZ,2.202,2.3338166666666664,-0.0693153000845309,-0.10777957860615883,,0.009402643126430396,1394912971.15525,80,-0.07083795147627589,,False,False,False,False,True,False,False,False,False,False,True,confirmed_risk_off,False,True,False,True
2023-05-05,510300.SH,3.729,3.77415,-0.018684210526315748,-0.018684210526315748,,0.008149983757172618,2065504122.4,80,-0.014947368421052598,,False,False,False,False,True,False,False,False,False,False,True,confirmed_risk_off,False,True,False,True
2023-05-05,510500.SH,5.982,6.092483333333333,-0.032508491023774844,-0.017411300919842332,,0.008440417602320982,1413941259.85,80,-0.019967916777446873,,False,False,False,False,True,False,False,False,False,False,True,confirmed_risk_off,False,True,False,True
2023-05-05,512100.SH,2.578,2.67115,-0.04553868937430594,-0.03734129947722187,,0.009180848978768781,1200478718.75,80,-0.03315199554061112,,False,False,False,False,True,False,False,False,False,False,True,confirmed_risk_off,False,True,False,True
2023-05-05,512880.SH,0.953,0.9256666666666666,0.011677282377919429,0.019251336898395532,,0.014489351545076936,1252310405.45,80,0.012371447710525986,,False,False,False,False,True,True,True,False,False,False,True,confirmed_risk_off,False,True,False,True
2023-05-05,516160.SH,2.869,3.1397833333333334,-0.07421748951274598,-0.1688876013904982,,0.01901869026372556,457510776.15,80,-0.09724203636129768,,False,False,False,False,True,False,False,False,False,False,True,confirmed_risk_off,False,True,False,True
2023-05-12,159915.SZ,2.185,2.310933333333333,-0.07493649449618967,-0.12424849699398799,,0.010296835147323853,1475317733.57225,85,-0.07967399659607106,,False,False,False,False,True,False,False,False,False,False,True,confirmed_risk_off,False,True,False,True
2023-05-12,510300.SH,3.652,3.76495,-0.04197271773347322,-0.052658884565499275,,0.00903021076394016,2218790907.75,85,-0.037852640919588995,,False,False,False,False,True,False,False,False,False,False,True,confirmed_risk_off,False,True,False,True
2023-05-12,510500.SH,5.874,6.0792166666666665,-0.051203359715716434,-0.04549886252843682,,0.008603127869513151,1280591961.9,85,-0.0386808888976613,,False,False,False,False,True,False,False,False,False,False,True,confirmed_risk_off,False,True,False,True
2023-05-12,512100.SH,2.532,2.6595333333333335,-0.06430155210643018,-0.0738844184345282,,0.009382348667677724,1224579746.25,85,-0.055274388216383356,,False,False,False,False,True,False,False,False,False,False,True,confirmed_risk_off,False,True,False,True
2023-05-12,512880.SH,0.941,0.9276,-0.008429926238145424,-0.0010615711252653925,,0.016308907720441905,1343303198.85,85,-0.0037965989453643267,,False,False,False,False,True,True,False,False,False,False,True,confirmed_risk_off,False,True,False,True
2023-05-12,516160.SH,2.879,3.0928666666666667,-0.06918849013902362,-0.16210710128055883,,0.019389791243659915,431085809.15,85,-0.09251823656783299,,False,False,False,False,True,False,False,False,False,False,True,confirmed_risk_off,False,True,False,True
2023-05-19,159915.SZ,2.215,2.2933666666666666,-0.059048428207306825,-0.07823553890969626,,0.011321113659897795,1543003450.4456499,90,-0.05491358684680124,,False,False,False,False,True,False,False,False,False,False,True,confirmed_risk_off,False,True,False,True
2023-05-19,510300.SH,3.664,3.753416666666667,-0.05371900826446274,-0.04929942916450436,,0.008974123462538727,2332501607.45,90,-0.041207374971586844,,False,False,False,False,True,False,False,False,False,False,True,confirmed_risk_off,False,True,False,True
2023-05-19,510500.SH,5.918,6.063133333333332,-0.04840006431902233,-0.03269042170643999,,0.008974691532343967,1127032922.65,90,-0.03243619441018493,,False,False,False,False,True,False,False,False,False,False,True,confirmed_risk_off,False,True,False,True
2023-05-19,512100.SH,2.562,2.6462000000000003,-0.05530973451327448,-0.049703264094955624,,0.009744798453228492,1250497739.65,90,-0.04200519944329205,,False,False,False,False,True,False,False,False,False,False,True,confirmed_risk_off,False,True,False,True
2023-05-19,512880.SH,0.928,0.9286333333333334,-0.03534303534303529,-0.019027484143763096,,0.01552499165802718,1262712613.4,90,-0.021748207794719355,,False,False,False,False,True,False,False,False,False,False,True,confirmed_risk_off,False,True,False,True
2023-05-19,516160.SH,2.911,3.061,-0.06368607269218396,-0.11600364409353181,,0.020816120469853223,395058654.1,90,-0.07187588671428631,,False,False,False,False,True,False,False,False,False,False,True,confirmed_risk_off,False,True,False,True
2023-05-26,159915.SZ,2.167,2.27805,-0.011855905152758917,-0.073931623931624,,0.009590434205698873,1535549138.6665998,95,-0.03431501163375317,,False,False,False,False,True,False,False,False,False,False,True,confirmed_risk_off,False,True,False,True
2023-05-26,510300.SH,3.57,3.7363833333333334,-0.029891304347826164,-0.05179282868525903,,0.008774089393992449,2223191210.6,95,-0.03267365321323408,,False,False,False,False,True,False,False,False,False,False,True,confirmed_risk_off,False,True,False,True
2023-05-26,510500.SH,5.833,6.038250000000001,-0.010181571355845853,-0.04235757675258578,,0.00732071075326034,1081793513.45,95,-0.021015659243372654,,False,False,False,False,True,False,False,False,False,False,True,confirmed_risk_off,False,True,False,True
2023-05-26,512100.SH,2.544,2.632533333333334,-0.006249999999999978,-0.04932735426008972,,0.007567527693678374,1197901209.75,95,-0.02223094170403588,,False,False,False,False,True,False,False,False,False,False,True,confirmed_risk_off,False,True,False,True
2023-05-26,512880.SH,0.903,0.9262666666666666,-0.0011061946902655162,-0.017410228509249226,,0.013005987043299843,1217488995.75,95,-0.007406569279805897,,False,False,False,False,True,False,False,False,False,False,True,confirmed_risk_off,False,True,False,True
2023-05-26,516160.SH,2.866,3.0289,0.027608461814270235,-0.12381534698868846,,0.01828873847012912,330009906.25,95,-0.03848275406976729,,False,False,False,False,True,False,False,False,False,False,True,confirmed_risk_off,False,True,False,True
2023-06-02,159915.SZ,2.175,2.2607333333333335,-0.012261580381471404,-0.07878017789072445,,0.009346932145571177,1639098491.0814,100,-0.03641670330887835,,False,False,False,False,True,False,False,False,False,False,True,confirmed_risk_off,False,True,False,True
2023-06-02,510300.SH,3.583,3.71335,-0.039152587825154184,-0.061796281749148974,,0.00904275010009759,2314332445.5,100,-0.040379547829721266,,False,False,False,False,True,False,False,False,False,False,True,confirmed_risk_off,False,True,False,True
2023-06-02,510500.SH,5.914,6.013616666666667,-0.01136743564025422,-0.0404024014278761,,0.0064138895762034746,1089724673.2,100,-0.02070793482725213,,False,False,False,False,True,False,False,False,False,False,True,confirmed_risk_off,False,True,False,True
2023-06-02,512100.SH,2.575,2.619866666666667,-0.001163692785104642,-0.04981549815498143,,0.0064698834644502995,1110795284.4,100,-0.02039167637603443,,False,False,False,False,True,False,False,False,False,False,True,confirmed_risk_off,False,True,False,True
2023-06-02,512880.SH,0.899,0.9228666666666666,-0.05666316894018886,-0.033333333333333326,,0.011245502727288054,1118260201.7,100,-0.03599860090940887,,False,False,False,False,True,False,False,False,False,False,True,confirmed_risk_off,False,True,False,True
2023-06-02,516160.SH,2.808,2.9894333333333334,-0.021261763680725076,-0.14390243902439026,,0.015430089965062295,277339412.3,100,-0.06606568108204613,,False,False,False,False,True,False,False,False,False,False,True,confirmed_risk_off,False,True,False,True
2023-06-09,159915.SZ,2.086,2.2435833333333335,-0.04530892448512591,-0.0878880629645824,,0.009866978258816026,1652084059.7324,105,-0.05327879497988333,,False,False,False,False,True,False,False,False,False,False,True,confirmed_risk_off,False,True,False,True
2023-06-09,510300.SH,3.564,3.697866666666667,-0.02409638554216864,-0.043221476510067136,,0.008484200455087723,2104307987.5,105,-0.02692714482089431,,False,False,False,False,True,False,False,False,False,False,True,confirmed_risk_off,False,True,False,True
2023-06-09,510500.SH,5.829,5.9949,-0.00766087844739527,-0.03188839063278526,,0.007210344569379165,1074825433.4,105,-0.01581970763207221,,False,False,False,False,True,False,False,False,False,False,True,confirmed_risk_off,False,True,False,True
2023-06-09,512100.SH,2.526,2.609266666666667,-0.0023696682464455776,-0.04607250755287018,,0.007153085558726615,1090504260.45,105,-0.019376870319726302,,False,False,False,False,True,False,False,False,False,False,True,confirmed_risk_off,False,True,False,True
2023-06-09,512880.SH,0.892,0.9214333333333333,-0.05207226354941541,-0.008888888888888946,,0.008371244402746414,911628921.4,105,-0.024384460975321744,,False,False,False,False,True,False,False,False,False,False,True,confirmed_risk_off,False,True,False,True
2023-06-09,516160.SH,2.698,2.9484333333333335,-0.0628690517540813,-0.14021669853409813,,0.01460122695169442,272855037.6,105,-0.08123430011527177,,False,False,False,False,True,False,False,False,False,False,True,confirmed_risk_off,False,True,False,True
2023-06-16,159915.SZ,2.208,2.2347166666666665,-0.0031602708803609714,-0.008086253369272156,,0.01216801933032025,1849008089.0518997,110,-0.004498609699853251,,False,False,False,False,True,False,False,False,False,False,True,mixed,True,False,False,True
2023-06-16,510300.SH,3.699,3.6936166666666663,0.009552401746724781,0.012869660460021803,,0.008898538093264801,1991957538.45,110,0.008968824882698635,,False,False,False,False,True,True,True,False,False,False,True,mixed,True,False,False,True
2023-06-16,510500.SH,5.969,5.9895499999999995,0.008617776275768874,0.004543924604510252,,0.0071082818887121665,1096940611.25,110,0.0052646803521116505,,False,False,False,False,True,False,True,False,False,False,True,mixed,True,False,False,True
2023-06-16,512100.SH,2.596,2.60495,0.013270882123341154,-0.003072196620583667,,0.006984708957652805,1089634160.3,110,0.004079474201102995,,False,False,False,False,True,False,True,False,False,False,True,mixed,True,False,False,True
2023-06-16,512880.SH,0.906,0.9212833333333332,-0.0237068965517242,0.012290502793296021,,0.008265467668832405,925564817.65,110,-0.004566557503371272,,False,False,False,False,True,False,False,False,False,False,True,mixed,True,False,False,True
2023-06-16,516160.SH,2.831,2.9239166666666665,-0.02748196496049471,-0.05601867289096374,,0.016241973532324674,268320046.95,110,-0.03340025514058338,,False,False,False,False,True,False,False,False,False,False,True,mixed,True,False,False,True
2023-06-30,159915.SZ,2.164,2.2165833333333333,0.01548568747067125,-0.06441850410722005,,0.013186658027791202,1780404323.2912498,118,-0.01957312665461952,,False,False,False,False,True,False,False,False,False,False,True,confirmed_risk_off,False,True,False,True
2023-06-30,510300.SH,3.602,3.6776833333333334,0.022714366837024436,-0.04202127659574462,,0.00870517894102556,1812264081.45,118,-0.007722763903488073,,False,False,False,False,True,False,False,False,False,False,True,confirmed_risk_off,False,True,False,True
2023-06-30,510500.SH,5.855,5.959950000000001,0.0005126452494874645,-0.03573781291172584,,0.009143323653912034,1177342374.1,118,-0.01409006706489535,,False,False,False,False,True,False,False,False,False,False,True,confirmed_risk_off,False,True,False,True
2023-06-30,512100.SH,2.581,2.592533333333334,0.011760094080752515,-0.023088569265707792,,0.00976771657225363,1257431048.4,118,-0.004531390073982112,,False,False,False,False,True,False,False,False,False,False,True,confirmed_risk_off,False,True,False,True
2023-06-30,512880.SH,0.879,0.9171833333333334,-0.013468013468013518,-0.0298013245033113,,0.010501938872137632,867172444.15,118,-0.017307735188529925,,False,False,False,False,True,False,False,False,False,False,True,confirmed_risk_off,False,True,False,True
2023-06-30,516160.SH,2.844,2.8900833333333336,0.03305484925535773,-0.07361563517915304,,0.014817063137029192,255775555.5,118,-0.01622431436951812,,False,False,False,False,True,False,False,False,False,False,True,confirmed_risk_off,False,True,False,True
2023-07-07,512100.SH,2.547,2.5814666666666666,0.010714285714285676,-0.06703296703296702,0.013529645841623639,0.008658832101291255,1267355401.45,123,-0.01982154335914781,1,True,True,True,True,True,False,False,False,True,False,True,confirmed_risk_off,False,True,False,True
2023-07-07,512880.SH,0.89,0.9132,0.007927519818799578,-0.06217070600632235,0.007927519818799578,0.010513265287896211,811025882.95,123,-0.020111770511249197,2,True,True,True,True,True,False,False,False,True,False,True,confirmed_risk_off,False,True,False,True
2023-07-07,510300.SH,3.588,3.6623500000000004,0.020477815699658786,-0.06489444878811579,-0.02632293080054271,0.00845202453736343,1651814403.3,123,-0.023031239395491346,3,True,True,True,True,True,False,False,False,True,False,True,confirmed_risk_off,False,True,False,True
2023-07-07,510500.SH,5.816,5.933066666666666,0.0043170436884820695,-0.06720128307939066,0.005011232071885141,0.008098351401840575,1156787821.25,123,-0.02415144934198641,4,True,True,False,True,True,False,False,False,True,False,True,confirmed_risk_off,False,True,False,True
2023-07-07,159915.SZ,2.118,2.19975,0.020722891566264945,-0.10595187842971732,-0.09098712446351942,0.011732847390598955,1578681621.4053,123,-0.05228901963808484,5,True,True,False,True,True,False,False,False,True,False,True,confirmed_risk_off,False,True,False,True
2023-07-07,516160.SH,2.75,2.86965,0.028037383177570208,-0.0947992100065832,-0.15149645171243442,0.01366904539192276,235930238.05,123,-0.05700402107409209,6,True,True,False,True,True,False,False,False,True,False,True,confirmed_risk_off,False,True,False,True
2023-07-14,510300.SH,3.672,3.6483833333333333,0.020850708924103456,-0.034700315457413144,-0.017656500802568198,0.009113818172434236,1693819007.85,128,-0.009071142773837516,1,True,True,True,True,True,True,False,False,True,False,True,confirmed_risk_off,False,True,False,True
2023-07-14,512880.SH,0.901,0.9091500000000001,0.013498312710911176,-0.04250797024442077,0.0011111111111110628,0.010578634027771018,772884188.8,128,-0.011381640791181624,2,True,True,True,True,True,False,False,False,True,False,True,confirmed_risk_off,False,True,False,True
2023-07-14,510500.SH,5.886,5.9058166666666665,0.0023841961852861804,-0.05064516129032259,0.01605385810460902,0.009019861430461061,1081937172.65,128,-0.01609361442109276,3,True,True,True,True,True,False,False,False,True,False,True,confirmed_risk_off,False,True,False,True
2023-07-14,512100.SH,2.553,2.5681333333333334,-0.001954652071931129,-0.061742006615215006,0.015513126491646823,0.009390894118020849,1259745417.7,128,-0.02237603817652909,4,True,True,False,True,True,False,False,False,True,False,True,confirmed_risk_off,False,True,False,True
2023-07-14,159915.SZ,2.169,2.183516666666667,0.02991452991453003,-0.0789808917197452,-0.08942065491183881,0.012944648954810385,1439546700.68895,128,-0.037510675704453836,5,True,True,False,True,True,False,False,False,True,False,True,confirmed_risk_off,False,True,False,True
2023-07-14,516160.SH,2.805,2.849966666666667,0.04977544910179632,-0.08453002610966054,-0.17183348095659867,0.01521828224608273,247117898.85,128,-0.04826852699446542,6,True,True,False,True,True,False,False,False,True,False,True,confirmed_risk_off,False,True,False,True
2023-07-21,512880.SH,0.899,0.905,0.022753128555176305,-0.018558951965065518,-0.07794871794871794,0.009331704548840272,672516297.0,133,-0.013912072953699273,1,True,True,True,True,True,False,False,False,True,False,True,confirmed_risk_off,False,True,False,True
2023-07-21,510500.SH,5.79,5.877683333333334,-0.007371849819989729,-0.039641731630452814,-0.03371161548731638,0.007695903851427401,1145298999.95,133,-0.025547755677640296,2,True,True,True,True,True,False,False,False,True,False,True,confirmed_risk_off,False,True,False,True
2023-07-21,510300.SH,3.61,3.6315,0.000831716107568603,-0.03733333333333333,-0.06910778751933988,0.007353037687784654,1780074326.9,133,-0.028422204394173867,3,True,True,True,True,True,False,False,False,True,False,True,confirmed_risk_off,False,True,False,True
2023-07-21,512100.SH,2.5,2.554133333333333,-0.021526418786692814,-0.049429657794676785,-0.03623747108712405,0.008337957325889728,1252448900.55,133,-0.035629924849972655,4,True,True,False,True,True,False,False,False,True,False,True,confirmed_risk_off,False,True,False,True
2023-07-21,159915.SZ,2.11,2.1668,-0.02133580705009286,-0.07007492287351269,-0.1546474358974359,0.009194400763966834,1201373906.7583,133,-0.0674937791489294,5,True,True,False,True,True,False,False,False,True,False,True,confirmed_risk_off,False,True,False,True
2023-07-21,516160.SH,2.704,2.824866666666667,-0.023474178403755874,-0.08555968887385856,-0.21212121212121204,0.010919225874465375,218359497.8,133,-0.08603778933528819,6,True,True,False,True,True,False,False,False,True,False,True,confirmed_risk_off,False,True,False,True
2023-07-28,512880.SH,1.017,0.9084,0.15699658703071662,0.09590517241379293,0.0582726326742975,0.022855322596415407,979152793.4,138,0.11281523031266331,1,True,True,True,True,True,True,True,True,False,False,True,mixed,True,False,False,True
2023-07-28,510300.SH,3.788,3.63105,0.051637978900610726,0.011481975967957192,-0.02871794871794875,0.010844627126371478,2183209106.5,138,0.019504392203837418,2,True,True,True,True,True,True,True,True,False,False,True,mixed,True,False,False,True
2023-07-28,510500.SH,5.917,5.869116666666667,0.010589239965841157,-0.019877422560874658,-0.03710333604556548,0.007893493317702973,941967487.2,138,-0.011135940247126497,3,True,True,True,True,True,True,False,False,True,False,True,mixed,True,False,False,True
2023-07-28,159915.SZ,2.163,2.15855,-0.0004621072088726308,-0.04079822616407991,-0.14302694136291605,0.010311502518134893,1237286888.5708,138,-0.04510952162176422,4,True,True,False,True,True,True,False,False,True,False,True,mixed,True,False,False,True
2023-07-28,512100.SH,2.525,2.5484,-0.02169701666020929,-0.034047436878347326,-0.060290286564942286,0.007444989506667051,1162204988.8,138,-0.03435583872841111,5,True,True,False,True,True,False,False,False,True,False,True,mixed,True,False,False,True
2023-07-28,516160.SH,2.737,2.80925,-0.03762306610407873,-0.06714383094751197,-0.23009845288326303,0.011787556207231558,209970176.95,138,-0.08792644939728889,6,True,True,False,True,True,False,False,False,True,False,True,mixed,True,False,False,True
2023-08-04,512880.SH,1.063,0.91435,0.19438202247190994,0.11308900523560217,0.12605932203389836,0.02348666610477447,1593421067.15,143,0.1482002754897845,1,True,True,True,True,True,True,True,True,False,False,True,mixed,True,False,False,True
2023-08-04,510300.SH,3.814,3.6353666666666666,0.0629877369007803,0.02858683926645078,-0.008578112815180616,0.010557607947265396,3062080122.5,143,0.034914207903856305,2,True,True,True,True,True,True,True,True,False,False,True,mixed,True,False,False,True
2023-08-04,510500.SH,6.001,5.866766666666667,0.03180880330123803,0.008063161431211219,-0.022001303780964765,0.007803867172978578,991137134.15,143,0.011548525136786747,3,True,True,True,True,True,True,True,True,False,False,True,mixed,True,False,False,True
2023-08-04,159915.SZ,2.204,2.156566666666667,0.040604343720491265,0.002273760800364011,-0.11592458884877643,0.01024806254072617,1288036114.0759,143,-0.006033675961413177,4,True,True,False,True,True,True,False,False,True,False,True,mixed,True,False,False,True
2023-08-04,512100.SH,2.55,2.5449,0.0011778563015309995,-0.006622516556291536,-0.06318883174136669,0.007419201347903619,1161249893.8,143,-0.014815630450177553,5,True,True,False,True,True,True,False,False,True,False,True,mixed,True,False,False,True
2023-08-04,516160.SH,2.795,2.7996833333333333,0.016363636363636358,-0.033540802213001375,-0.19776119402985082,0.011869193643026776,218188154.85,143,-0.046423105145716174,6,True,True,False,True,True,False,False,False,True,False,True,mixed,True,False,False,True
2023-08-11,512880.SH,1.027,0.9233333333333333,0.1398446170921197,0.08792372881355925,0.10907127429805596,0.02630005603836551,1959342840.15,148,0.11292159322188278,1,True,True,True,True,True,True,True,True,False,False,True,confirmed_risk_off,False,True,False,True
2023-08-11,510300.SH,3.67,3.6404833333333335,-0.0005446623093682268,-0.0002724053391446324,-0.035986340950879936,0.011712985814927085,3805518652.4,148,-0.0075240952495811315,2,True,True,True,True,True,True,False,False,True,False,True,confirmed_risk_off,False,True,False,True
2023-08-11,510500.SH,5.774,5.865283333333333,-0.01902820251444104,-0.021853294934778833,-0.04939084622983203,0.008259106351320017,1303404116.05,148,-0.026230768225654354,3,True,True,True,True,True,False,False,False,True,False,True,confirmed_risk_off,False,True,False,True
2023-08-11,512100.SH,2.458,2.54195,-0.037211124167645826,-0.03190232374950763,-0.08590554109334325,0.007422150852456469,1162562600.4,148,-0.04482648738553004,4,True,True,False,True,True,False,False,False,True,False,True,confirmed_risk_off,False,True,False,True
2023-08-11,159915.SZ,2.129,2.1526,-0.018441678192715583,-0.04486316733961426,-0.1260262725779967,0.01037361201556757,1308013924.3688,148,-0.050527192728531276,5,True,True,False,True,True,False,False,False,True,False,True,confirmed_risk_off,False,True,False,True
2023-08-11,516160.SH,2.711,2.7835166666666664,-0.033511586452762976,-0.08996307485733479,-0.1871064467766117,0.01060060289743475,199514972.65,148,-0.08681115387936145,6,True,True,False,True,True,False,False,False,True,False,True,confirmed_risk_off,False,True,False,True
2023-08-18,512880.SH,1.021,0.9323833333333333,0.13570634037819795,0.13570634037819795,0.07814149947201687,0.026863564473389098,2235964744.0,153,0.12419337219696175,1,True,True,True,True,True,True,True,True,False,False,True,confirmed_risk_off,False,True,False,True
2023-08-18,510300.SH,3.572,3.6382499999999998,-0.010526315789473606,-0.0005595970900951208,-0.06467661691542281,0.012136363037362515,4257109853.0,153,-0.017369688534912053,2,True,True,True,True,True,False,False,False,True,False,True,confirmed_risk_off,False,True,False,True
2023-08-18,510500.SH,5.648,5.8526333333333325,-0.024525043177892947,-0.025870989996550575,-0.07983056370153152,0.00896160798044222,1405633580.15,153,-0.036124526010083716,3,True,True,True,True,True,False,False,False,True,False,True,confirmed_risk_off,False,True,False,True
2023-08-18,159915.SZ,2.065,2.1432,-0.02132701421800942,-0.05405405405405406,-0.1341719077568133,0.010600702116081594,1341351040.85285,153,-0.05698680886018806,4,True,True,False,True,True,False,False,False,True,False,True,confirmed_risk_off,False,True,False,True
2023-08-18,512100.SH,2.385,2.532166666666667,-0.04600000000000004,-0.0558194774346793,-0.11797337278106523,0.008924430278226711,1123384897.15,153,-0.06432246553008478,5,True,True,False,True,True,False,False,False,True,False,True,confirmed_risk_off,False,True,False,True
2023-08-18,516160.SH,2.585,2.7589499999999996,-0.04400887573964507,-0.11411925976696369,-0.22349053769900873,0.011172366840559151,196427843.9,153,-0.10794936174244525,6,True,True,False,True,True,False,False,False,True,False,True,confirmed_risk_off,False,True,False,True
2023-08-25,512880.SH,0.998,0.9402166666666667,-0.018682399213372558,0.12008978675645343,0.06510138740661686,0.018843748797246908,2136003763.9,158,0.053583232498555726,1,True,True,True,True,True,True,True,True,False,False,True,confirmed_risk_off,False,True,False,True
2023-08-25,510300.SH,3.504,3.6348666666666665,-0.07497360084477289,-0.005110732538330387,-0.08631029986962191,0.008716154263195308,4475967944.95,158,-0.049295793327165695,2,True,True,True,True,True,False,False,False,True,False,True,confirmed_risk_off,False,True,False,True
2023-08-25,510500.SH,5.446,5.82725,-0.07960114923102923,-0.0693779904306221,-0.11648280337443218,0.008344373835150184,1630326120.15,158,-0.08288821653954696,3,True,True,True,True,True,False,False,False,True,False,True,confirmed_risk_off,False,True,False,True
2023-08-25,159915.SZ,1.991,2.131283333333333,-0.07951918631530275,-0.06569685593618002,-0.15168299957392406,0.010613418435701277,1395070913.5558498,158,-0.08842301681537793,4,True,True,False,True,True,False,False,False,True,False,True,confirmed_risk_off,False,True,False,True
2023-08-25,512100.SH,2.29,2.5150333333333332,-0.09306930693069304,-0.10231281850254803,-0.15341959334565625,0.00899973867521994,1153331583.85,158,-0.10883676884242768,5,True,True,False,True,True,False,False,False,True,False,True,confirmed_risk_off,False,True,False,True
2023-08-25,516160.SH,2.442,2.729283333333333,-0.10778224333211539,-0.11296767163094801,-0.2413793103448275,0.01178886887078918,196926936.85,158,-0.13657582805419086,6,True,True,False,True,True,False,False,False,True,False,True,confirmed_risk_off,False,True,False,True
2023-09-01,512880.SH,0.969,0.94875,-0.08842897460018817,0.09739524348810868,0.06718061674008813,0.018959844266217024,1958444457.8,163,0.017022630903185832,1,True,True,True,True,True,True,True,True,False,False,True,confirmed_risk_off,False,True,False,True
2023-09-01,510300.SH,3.582,3.6370833333333334,-0.06082852648138448,0.018771331058020424,-0.0412205567451821,0.009329641630369789,4760978883.7,163,-0.02506698951838205,2,True,True,True,True,True,False,False,False,True,False,True,confirmed_risk_off,False,True,False,True
2023-09-01,510500.SH,5.612,5.806266666666668,-0.06482252957840362,-0.030910032809532084,-0.0748433893834487,0.010176375817239243,2037662067.0,163,-0.05326170283186402,3,True,True,True,True,True,False,False,False,True,False,True,confirmed_risk_off,False,True,False,True
2023-09-01,159915.SZ,2.049,2.124566666666667,-0.07032667876588028,-0.012530120481927809,-0.11029092488059056,0.012205925799256723,1477108786.4487,163,-0.055200904675241344,4,True,True,False,True,True,False,False,False,True,False,True,confirmed_risk_off,False,True,False,True
2023-09-01,512100.SH,2.38,2.4997833333333337,-0.06666666666666665,-0.05555555555555558,-0.11028037383177569,0.01188553613186317,1289753324.25,163,-0.07094496365524404,5,True,True,False,True,True,False,False,False,True,False,True,confirmed_risk_off,False,True,False,True
2023-09-01,516160.SH,2.472,2.7076333333333333,-0.11556350626118062,-0.07588785046728963,-0.2289457267623206,0.011794193930993778,184006084.9,163,-0.12236968804385223,6,True,True,False,True,True,False,False,False,True,False,True,confirmed_risk_off,False,True,False,True
2023-09-08,512880.SH,0.964,0.95515,-0.06134371957156759,0.08436445444319451,0.08314606741573027,0.016131775043654567,1679106340.3,168,0.025837507431796823,1,True,True,True,True,True,True,True,True,False,False,True,confirmed_risk_off,False,True,False,True
2023-09-08,510300.SH,3.529,3.6381,-0.03841961852861031,-0.01890464275785375,-0.033944702983848885,0.009246426551223189,4388696021.6,168,-0.029718645111355402,2,True,True,True,True,True,False,False,False,True,False,True,confirmed_risk_off,False,True,False,True
2023-09-08,510500.SH,5.567,5.788683333333333,-0.0358503636993418,-0.051941416893732884,-0.060421940928270024,0.010456660305868904,2001509166.4,168,-0.04720110042288388,3,True,True,True,True,True,False,False,False,True,False,True,confirmed_risk_off,False,True,False,True
2023-09-08,512100.SH,2.375,2.4880833333333334,-0.033767290480065215,-0.0715402658326817,-0.08477842003853575,0.012529855048013286,1360456974.0,168,-0.05907870653280592,4,True,True,False,True,True,False,False,False,True,False,True,confirmed_risk_off,False,True,False,True
2023-09-08,159915.SZ,1.998,2.11965,-0.06153123532174731,-0.05128205128205121,-0.10523958799820876,0.012089215853835976,1453160141.85605,168,-0.06617323224116116,5,True,True,False,True,True,False,False,False,True,False,True,confirmed_risk_off,False,True,False,True
2023-09-08,516160.SH,2.384,2.6881833333333334,-0.12061969752858726,-0.10778443113772462,-0.2058627581612258,0.012379308160436794,187503135.25,168,-0.1325342030987699,6,True,True,False,True,True,False,False,False,True,False,True,confirmed_risk_off,False,True,False,True
2023-09-15,512880.SH,0.957,0.96085,-0.06268364348677757,0.0887372013651877,0.05280528052805278,0.015830117878660815,1479355297.1,173,0.020982479256974607,1,True,True,True,True,True,False,True,False,True,False,True,confirmed_risk_off,False,True,False,True
2023-09-15,510300.SH,3.507,3.6275666666666666,-0.018197088465845446,-0.027723870252287286,-0.06504932018128495,0.008886526719416709,4256117520.95,173,-0.03137824752351009,2,True,True,True,True,True,False,False,False,True,False,True,confirmed_risk_off,False,True,False,True
2023-09-15,510500.SH,5.573,5.7611,-0.013279036827195334,-0.04457397565575172,-0.08278472679394322,0.010259132104052592,2022824640.85,173,-0.03969815035196747,3,True,True,True,True,True,False,False,False,True,False,True,confirmed_risk_off,False,True,False,True
2023-09-15,512100.SH,2.369,2.4713666666666665,-0.006708595387840521,-0.07279843444227008,-0.10906355772846921,0.012033038715198258,1331480530.8,173,-0.05361552347773808,4,True,True,False,True,True,False,False,False,True,False,True,confirmed_risk_off,False,True,False,True
2023-09-15,159915.SZ,1.954,2.101933333333333,-0.05375302663438253,-0.09369202226345086,-0.14597902097902093,0.011974284143055151,1443939464.1127,173,-0.08817382375493754,5,True,True,False,True,True,False,False,False,True,False,True,confirmed_risk_off,False,True,False,True
2023-09-15,516160.SH,2.329,2.6523666666666665,-0.09903288201160532,-0.15890213073311665,-0.2348883048620236,0.012526069383113464,175714538.2,173,-0.1501516660702935,6,True,True,False,True,True,False,False,False,True,False,True,confirmed_risk_off,False,True,False,True
2023-09-22,512880.SH,0.974,0.9683499999999999,-0.024048096192384794,0.1080773606370875,0.07505518763796903,0.013392697966242997,1286391485.25,178,0.0486227433054749,1,True,True,True,True,True,True,True,True,False,False,True,confirmed_risk_off,False,True,False,True
2023-09-22,510300.SH,3.537,3.6209166666666666,0.009417808219178037,-0.018045530260966114,-0.059308510638297784,0.009105078118340994,4033730997.9,178,-0.01531279094437479,2,True,True,True,True,True,False,False,False,True,False,True,confirmed_risk_off,False,True,False,True
2023-09-22,510500.SH,5.571,5.740616666666666,0.02295262578038937,-0.0485055508112725,-0.08250988142292492,0.00965605224209255,2112307084.6,178,-0.02672314629693824,3,True,True,True,True,True,False,False,False,True,False,True,confirmed_risk_off,False,True,False,True
2023-09-22,512100.SH,2.361,2.4553333333333334,0.03100436681222707,-0.08523827973653608,-0.10635881907645717,0.011526030803476939,1241915084.3,178,-0.04296532898501504,4,True,True,False,True,True,False,False,False,True,False,True,confirmed_risk_off,False,True,False,True
2023-09-22,159915.SZ,1.964,2.0860499999999997,-0.013561024610748484,-0.09242144177449174,-0.15088629485516658,0.011687711242998446,1343964272.49515,178,-0.0725702455251294,5,True,True,False,True,True,False,False,False,True,False,True,confirmed_risk_off,False,True,False,True
2023-09-22,516160.SH,2.313,2.611633333333333,-0.05282555282555279,-0.18670886075949356,-0.24657980456026052,0.011644268494070402,163094664.75,178,-0.14512972634607063,6,True,True,False,True,True,False,False,False,True,False,True,confirmed_risk_off,False,True,False,True
2023-10-13,512880.SH,0.931,0.9758833333333333,-0.029197080291970767,0.03100775193798455,-0.009574468085106314,0.01144297180364618,808711616.75,187,-0.0011906249586157503,1,True,True,True,True,True,False,False,False,True,False,True,confirmed_risk_off,False,True,False,True
2023-10-13,510300.SH,3.456,3.598716666666667,-0.02647887323943654,-0.059335873707131226,-0.0864393338620143,0.0076037140593190585,3477630488.7,187,-0.051613765551029964,2,True,True,True,True,True,False,False,False,True,False,True,confirmed_risk_off,False,True,False,True
2023-10-13,512100.SH,2.371,2.425183333333334,0.00042194092826997043,-0.07237871674491392,-0.12315088757396453,0.008082337012228947,1039040804.85,187,-0.053412887841450485,3,True,True,True,True,True,False,False,False,True,False,True,confirmed_risk_off,False,True,False,True
2023-10-13,510500.SH,5.5,5.689366666666667,-0.012390016160890638,-0.0693739424703892,-0.11075181891673402,0.006846752776167811,1707053137.0,187,-0.05485594723585874,4,True,True,False,True,True,False,False,False,True,False,True,confirmed_risk_off,False,True,False,True
2023-10-13,159915.SZ,1.945,2.0555333333333334,-0.02895656515227163,-0.10861594867094404,-0.165951972555746,0.008948229602638292,1202558324.3802,187,-0.08821940004043548,5,True,True,False,True,True,False,False,False,True,False,True,confirmed_risk_off,False,True,False,True
2023-10-13,516160.SH,2.297,2.5343999999999998,-0.050826446280991644,-0.19403508771929823,-0.23965574313141336,0.012600963259659747,153827696.5,187,-0.14587576222639864,6,True,True,False,True,True,False,False,False,True,False,True,confirmed_risk_off,False,True,False,True
2023-10-20,512880.SH,0.938,0.9790333333333333,-0.02393340270551514,0.046875,-0.013669821240799185,0.010822899384077402,785694132.95,192,0.006442674669634109,1,True,True,True,True,True,False,True,False,True,False,True,confirmed_risk_off,False,True,False,True
2023-10-20,510500.SH,5.283,5.6498333333333335,-0.05186647523330934,-0.08709175738724717,-0.14542219346489804,0.007120643342962701,1572432468.7,192,-0.08466773174120222,2,True,True,True,True,True,False,False,False,True,False,True,confirmed_risk_off,False,True,False,True
2023-10-20,510300.SH,3.302,3.5763666666666665,-0.0629965947786606,-0.08481152993348118,-0.1362804080565001,0.00897765701294954,3821105240.1,192,-0.08637933149615673,3,True,True,True,True,True,False,False,False,True,False,True,confirmed_risk_off,False,True,False,True
2023-10-20,512100.SH,2.249,2.4056833333333336,-0.05025337837837829,-0.10147822612864565,-0.1670370370370371,0.008442347458767189,1034070065.3,192,-0.094100049210217,4,True,True,False,True,True,False,False,False,True,False,True,confirmed_risk_off,False,True,False,True
2023-10-20,159915.SZ,1.85,2.0343,-0.05612244897959173,-0.12030432715168815,-0.20051858254105448,0.009936699721772467,1216358097.0753,192,-0.11067442696072285,5,True,True,False,True,True,False,False,False,True,False,True,confirmed_risk_off,False,True,False,True
2023-10-20,516160.SH,2.219,2.4897,-0.05654761904761907,-0.1862852951961863,-0.25761124121779866,0.013971096688074733,164208107.7,192,-0.1486554139410819,6,True,True,False,True,True,False,False,False,True,False,True,confirmed_risk_off,False,True,False,True
2023-10-27,512880.SH,0.947,0.9801166666666666,0.002116402116402183,0.01175213675213671,0.04295154185022021,0.014316563585977138,912653753.0,197,0.0141377239174596,1,True,True,True,True,True,False,True,False,True,False,True,confirmed_risk_off,False,True,False,True
2023-10-27,512100.SH,2.305,2.3834333333333335,-0.0034587116299178433,-0.07910507391130639,-0.10450660450660443,0.01178765339899023,1027656790.05,197,-0.05392683511781058,2,True,True,True,True,True,False,False,False,True,False,True,confirmed_risk_off,False,True,False,True
2023-10-27,510500.SH,5.355,5.600316666666667,-0.021560387356111765,-0.08068669527896988,-0.09924306139613115,0.010846405948919516,1647881893.4,197,-0.06074744533325889,3,True,True,True,True,True,False,False,False,True,False,True,confirmed_risk_off,False,True,False,True
2023-10-27,510300.SH,3.356,3.5461,-0.030618139803581856,-0.09100758396533049,-0.09444144630329199,0.010155060205716814,4482662010.25,197,-0.06753857876822333,4,True,True,False,True,True,False,False,False,True,False,True,confirmed_risk_off,False,True,False,True
2023-10-27,159915.SZ,1.881,2.0105,-0.018779342723004744,-0.11648661343353683,-0.16026785714285718,0.012707647371018668,1324562087.3862,197,-0.08615995389118808,5,True,True,False,True,True,False,False,False,True,False,True,confirmed_risk_off,False,True,False,True
2023-10-27,516160.SH,2.213,2.4441,-0.026824978012313094,-0.18369605311693094,-0.24983050847457633,0.017838566605240587,189442256.75,197,-0.13417451414661288,6,True,True,False,True,True,False,False,False,True,False,True,confirmed_risk_off,False,True,False,True
2023-11-03,512880.SH,0.946,0.9734166666666666,-0.001055966209081327,-0.10246679316888052,-0.03763987792472023,0.011687822711688552,935553847.35,202,-0.048937079336128786,1,True,True,True,True,True,False,False,False,True,False,True,confirmed_risk_off,False,True,False,True
2023-11-03,512100.SH,2.324,2.3655,-0.019822859552931282,-0.08323471400394489,-0.09289617486338797,0.011604123960145499,945473221.75,202,-0.05980226439542806,2,True,True,True,True,True,False,False,False,True,False,True,confirmed_risk_off,False,True,False,True
2023-11-03,510500.SH,5.365,5.5522833333333335,-0.033681556195965356,-0.09983221476510062,-0.1004359490274983,0.010391817743255745,1492395241.55,202,-0.07349269818992606,3,True,True,True,True,True,False,False,False,True,False,True,confirmed_risk_off,False,True,False,True
2023-11-03,510300.SH,3.373,3.5109,-0.031859931113662365,-0.11073029264434486,-0.0978871355977533,0.008916709245487013,4400977221.4,202,-0.07661351662275356,4,True,True,False,True,True,False,False,False,True,False,True,confirmed_risk_off,False,True,False,True
2023-11-03,159915.SZ,1.918,1.9887333333333332,-0.017921146953405076,-0.12299954275262914,-0.12018348623853226,0.012993075512132378,1346448782.002,202,-0.08040497313012014,5,True,True,False,True,True,False,False,False,True,False,True,confirmed_risk_off,False,True,False,True
2023-11-03,516160.SH,2.171,2.3970833333333332,-0.06663800515907148,-0.21793948126801155,-0.2347550229115264,0.01770004153698148,199707246.7,202,-0.1607819991531385,6,True,True,False,True,True,False,False,False,True,False,True,confirmed_risk_off,False,True,False,True
2023-11-10,512880.SH,0.975,0.9665,0.047261009667024734,-0.09217877094972071,0.030655391120507414,0.01395190296393101,1127465115.75,207,-0.011836026288976908,1,True,True,True,True,True,True,False,False,True,False,True,confirmed_risk_off,False,True,False,True
2023-11-10,512100.SH,2.371,2.3532333333333333,0.0,-0.05349301397205586,-0.06136183689627861,0.01252016403638091,885110322.05,207,-0.03366957296807807,2,True,True,True,True,True,True,False,False,True,False,True,confirmed_risk_off,False,True,False,True
2023-11-10,510500.SH,5.433,5.512083333333334,-0.012181818181818183,-0.07837150127226455,-0.07930859176410776,0.010938656709118123,1532199822.45,207,-0.05208304613445465,3,True,True,True,True,True,False,False,False,True,False,True,confirmed_risk_off,False,True,False,True
2023-11-10,159915.SZ,1.955,1.9706833333333333,0.005141388174807249,-0.10485347985347993,-0.12253141831238779,0.014619591774944174,1431873256.85635,207,-0.06439112033394663,4,True,True,False,True,True,False,False,False,True,False,True,confirmed_risk_off,False,True,False,True
2023-11-10,510300.SH,3.375,3.479516666666667,-0.0234375,-0.10358565737051795,-0.08734451054624115,0.00899345907899828,4349479635.1,207,-0.0682781650574554,5,True,True,False,True,True,False,False,False,True,False,True,confirmed_risk_off,False,True,False,True
2023-11-10,516160.SH,2.229,2.3525333333333336,-0.029603831084022647,-0.1970461095100864,-0.25276567214213874,0.018430436773484635,209117079.0,207,-0.1412131106660714,6,True,True,False,True,True,False,False,False,True,False,True,confirmed_risk_off,False,True,False,True
2023-11-17,512100.SH,2.42,2.350283333333333,0.07603379279679845,-0.005751848808545734,-0.04423380726698267,0.011364967414253841,826568101.35,212,0.019266016141904554,1,True,True,True,True,True,True,True,True,False,False,True,mixed,False,True,True,False
2023-11-17,512880.SH,0.979,0.9620833333333334,0.04371002132196167,-0.05684007707129102,0.07228915662650603,0.01407780116250437,1186512011.15,212,0.009205809025569466,2,True,True,True,True,True,True,True,True,False,False,True,mixed,False,True,True,False
2023-11-17,510500.SH,5.486,5.4901,0.03842513723263297,-0.044417348893920905,-0.06125941136208091,0.010197988590631186,1529953776.95,212,-0.014648766936931356,3,True,True,True,True,True,False,False,False,True,False,True,mixed,False,True,True,False
2023-11-17,159915.SZ,1.934,1.9576666666666667,0.045405405405405386,-0.07640878701050613,-0.11568358481938723,0.013826367097753627,1408233759.07235,212,-0.03553806960591775,4,True,True,False,True,True,False,False,False,True,False,True,mixed,False,True,True,False
2023-11-17,510300.SH,3.354,3.4572666666666665,0.015748031496062964,-0.07399226946438431,-0.07526881720430101,0.0071606911667255625,4027950694.65,212,-0.03835145862818874,5,True,True,False,True,True,False,False,False,True,False,True,mixed,False,True,True,False
2023-11-17,516160.SH,2.206,2.3174166666666665,-0.005858494817485349,-0.1560826319816373,-0.2406196213425129,0.01780623495844516,213266470.1,212,-0.11290037498815164,6,True,True,False,True,True,False,False,False,True,False,True,mixed,False,True,True,False
2023-11-24,512100.SH,2.381,2.354833333333333,0.03297180043383929,0.022327179046800927,-0.06627450980392158,0.009785570258849097,762778944.65,217,0.008864689831471772,1,True,True,True,True,True,True,True,True,False,False,True,mixed,False,True,True,False
2023-11-24,512880.SH,0.957,0.9597,0.010559662090813049,-0.035282258064516125,0.06688963210702337,0.01107914778671641,1098730671.0,217,0.003488888031923442,2,True,True,True,True,True,False,True,False,True,False,True,mixed,False,True,True,False
2023-11-24,510500.SH,5.433,5.482266666666666,0.014565826330532161,-0.014689880304679104,-0.07270865335381471,0.007590921382214899,1311394145.65,217,-0.014591352260421719,3,True,True,True,True,True,False,False,False,True,False,True,mixed,False,True,True,False
2023-11-24,510300.SH,3.325,3.4423833333333334,-0.009237187127532631,-0.05297636001139272,-0.0654862282180999,0.006381382206265552,3266327581.25,217,-0.037982664499190126,4,True,True,False,True,True,False,False,False,True,False,True,mixed,False,True,True,False
2023-11-24,159915.SZ,1.888,1.9482,0.0037214247740562367,-0.06256206554121146,-0.12389791183294663,0.012325690742722863,1268089192.9334,217,-0.04831583867345142,5,True,True,False,True,True,False,False,False,True,False,True,mixed,False,True,True,False
2023-11-24,516160.SH,2.119,2.2892166666666665,-0.04247627654767283,-0.13686354378818733,-0.24104584527220618,0.014257944247774386,193503804.95,217,-0.11994509718878531,6,True,True,False,True,True,False,False,False,True,False,True,mixed,False,True,True,False
2023-12-01,512100.SH,2.391,2.357716666666667,0.028829604130808928,0.0037783375314861534,-0.05119047619047623,0.008889742730206533,724024248.05,222,0.0028050814268227846,1,True,True,True,True,True,True,True,True,False,False,True,mixed,False,True,True,False
2023-12-01,512880.SH,0.945,0.955,-0.0010570824524313016,-0.023760330578512456,0.0714285714285714,0.011224883148408853,1037838091.65,222,0.004358749073336776,2,True,True,True,True,True,False,True,False,True,False,True,mixed,False,True,True,False
2023-12-01,510500.SH,5.424,5.470116666666667,0.010997204100652302,-0.03246521584017115,-0.0627268014515292,0.007147906593152689,1219992690.9,222,-0.021132564986113378,3,True,True,True,True,True,False,False,False,True,False,True,mixed,False,True,True,False
2023-12-01,510300.SH,3.268,3.42,-0.031129558256744905,-0.08176454060129257,-0.07369614512471667,0.006266284169471709,3076641681.2,222,-0.05989686856815833,4,True,True,False,True,True,False,False,False,True,False,True,mixed,False,True,True,False
2023-12-01,159915.SZ,1.881,1.9349333333333332,-0.01929092805005206,-0.08333333333333337,-0.10683760683760679,0.01082322875778186,1161103343.2323,222,-0.062417225920875535,5,True,True,False,True,True,False,False,False,True,False,True,mixed,False,True,True,False
2023-12-01,516160.SH,2.035,2.2546999999999997,-0.06264394288346364,-0.1777777777777777,-0.2521131936787945,0.013470338083361217,189516298.05,222,-0.14659132700025543,6,True,True,False,True,True,False,False,False,True,False,True,mixed,False,True,True,False
2023-12-08,512880.SH,0.925,0.9520166666666667,-0.05128205128205121,-0.035453597497393075,0.04166666666666674,0.006882073092033071,894359687.4,227,-0.026360926178444367,1,True,True,True,True,True,False,False,False,True,False,True,confirmed_risk_off,False,True,False,True
2023-12-08,512100.SH,2.339,2.3537666666666666,-0.013496415014761731,-0.013080168776371415,-0.08238524911730094,0.008603514073525293,682908609.0,227,-0.02710768333991345,2,True,True,True,True,True,False,False,False,True,False,True,confirmed_risk_off,False,True,False,True
2023-12-08,510500.SH,5.354,5.4466,-0.014540769372354045,-0.03860657209552876,-0.08712702472293266,0.006919603482298532,1160526711.0,227,-0.038684341531739656,3,True,True,True,True,True,False,False,False,True,False,True,confirmed_risk_off,False,True,False,True
2023-12-08,159915.SZ,1.843,1.9176333333333335,-0.057289002557544766,-0.07988017973040451,-0.1269540502131692,0.009009273182932582,1081529876.06375,227,-0.08025848295781356,4,True,True,False,True,True,False,False,False,True,False,True,confirmed_risk_off,False,True,False,True
2023-12-08,510300.SH,3.181,3.3862,-0.05748148148148147,-0.10394366197183091,-0.11565193216569358,0.0065498992426345735,2991499545.45,227,-0.08770044381446368,5,True,True,False,True,True,False,False,False,True,False,True,confirmed_risk_off,False,True,False,True
2023-12-08,516160.SH,2.015,2.2166333333333332,-0.09600717810677428,-0.1673553719008264,-0.2548076923076923,0.011144887557752637,174016880.7,227,-0.15630655846457875,6,True,True,False,True,True,False,False,False,True,False,True,confirmed_risk_off,False,True,False,True
2023-12-15,512880.SH,0.921,0.9489166666666667,-0.0592441266598569,-0.04162330905306966,0.02905027932960902,0.007178582398610554,829456005.0,232,-0.03453691841924883,1,True,True,True,True,True,False,False,False,True,False,True,confirmed_risk_off,False,True,False,True
2023-12-15,512100.SH,2.322,2.350466666666667,-0.04049586776859504,-0.019425675675675547,-0.10966257668711654,0.00801453315690243,728325461.3,232,-0.04590113271513155,2,True,True,True,True,True,False,False,False,True,False,True,confirmed_risk_off,False,True,False,True
2023-12-15,510500.SH,5.304,5.427850000000001,-0.033175355450236865,-0.04809763101220388,-0.10976837865055389,0.007172634839317964,1256362093.8,232,-0.05446287031508708,3,True,True,True,True,True,False,False,False,True,False,True,confirmed_risk_off,False,True,False,True
2023-12-15,159915.SZ,1.802,1.9046166666666666,-0.06825232678386761,-0.08061224489795915,-0.18461538461538463,0.009324556475152559,1130446253.41945,232,-0.09646890559580765,4,True,True,False,True,True,False,False,False,True,False,True,confirmed_risk_off,False,True,False,True
2023-12-15,510300.SH,3.132,3.35545,-0.0661896243291592,-0.11123723041997724,-0.14472965592572362,0.007238521068411574,2858056482.05,232,-0.0999166730847993,5,True,True,False,True,True,False,False,False,True,False,True,confirmed_risk_off,False,True,False,True
2023-12-15,516160.SH,1.954,2.1826166666666666,-0.11423390752493201,-0.16921768707482987,-0.3033868092691623,0.01061507092166145,162454263.15,232,-0.17405799969373723,6,True,True,False,True,True,False,False,False,True,False,True,confirmed_risk_off,False,True,False,True
2023-12-22,512880.SH,0.89,0.9447333333333334,-0.07001044932079414,-0.05820105820105814,0.03128621089223649,0.00863752793925185,851500778.95,237,-0.04502736083029363,1,True,True,True,True,True,False,False,False,True,False,True,confirmed_risk_off,False,True,False,True
2023-12-22,512100.SH,2.236,2.343283333333333,-0.06089878202435939,-0.03329009943795935,-0.11968503937007868,0.008212949391742583,709108506.95,237,-0.061612560458943234,2,True,True,True,True,True,False,False,False,True,False,True,confirmed_risk_off,False,True,False,True
2023-12-22,510500.SH,5.17,5.3994333333333335,-0.04840787778391309,-0.055362689566965106,-0.10584572812175719,0.006623425263263772,1261558338.65,237,-0.06267737256470271,3,True,True,True,True,True,False,False,False,True,False,True,confirmed_risk_off,False,True,False,True
2023-12-22,159915.SZ,1.78,1.8904333333333332,-0.05720338983050843,-0.0714658320292123,-0.16392672616251758,0.01036046279629172,1172571695.42015,237,-0.0842530339763918,4,True,True,False,True,True,False,False,False,True,False,True,confirmed_risk_off,False,True,False,True
2023-12-22,510300.SH,3.126,3.3233166666666665,-0.059849624060150486,-0.09705372616984409,-0.126571668063705,0.0073481444806576465,3247972484.75,237,-0.08807567370473884,5,True,True,False,True,True,False,False,False,True,False,True,confirmed_risk_off,False,True,False,True
2023-12-22,516160.SH,1.98,2.1504833333333333,-0.0655969797074093,-0.12928759894459108,-0.29159212880143115,0.013744464771441558,168688943.75,237,-0.13627225722108638,6,True,True,False,True,True,False,False,False,True,False,True,confirmed_risk_off,False,True,False,True
2023-12-29,512880.SH,0.902,0.9392166666666666,-0.04550264550264538,-0.04751847940865883,0.019209039548022666,0.010357987321864612,884030839.9,242,-0.033366642054917156,1,True,True,True,True,True,False,False,False,True,False,True,confirmed_risk_off,False,True,False,True
2023-12-29,512100.SH,2.296,2.3338833333333335,-0.03973232956921802,-0.03163222269084787,-0.10242376856919466,0.01047960202231999,764352668.85,242,-0.04903057461786529,2,True,True,True,True,True,False,False,False,True,False,True,confirmed_risk_off,False,True,False,True
2023-12-29,510500.SH,5.279,5.36945,-0.026733038348082716,-0.04917146974063391,-0.09482167352537718,0.008473044397207157,1429724782.3,242,-0.04932613794056209,3,True,True,True,True,True,False,False,False,True,False,True,confirmed_risk_off,False,True,False,True
2023-12-29,510300.SH,3.219,3.294766666666667,-0.014993880048959629,-0.07606199770378874,-0.10558488469019178,0.009767188971436502,3871300257.8,242,-0.05753932803913771,4,True,True,False,True,True,False,False,False,True,False,True,confirmed_risk_off,False,True,False,True
2023-12-29,159915.SZ,1.842,1.8774000000000002,-0.020733652312599604,-0.056835637480798784,-0.13804398689751984,0.013797339251052941,1339506210.0531,242,-0.05863651329686333,5,True,True,False,True,True,False,False,False,True,False,True,confirmed_risk_off,False,True,False,True
2023-12-29,516160.SH,2.087,2.1328833333333335,0.01904296875,-0.10275150472914873,-0.2575595873354677,0.018842870272583634,182628776.35,241,-0.08499533185875305,6,True,True,False,True,True,False,False,False,True,False,True,confirmed_risk_off,False,True,False,True
2024-01-05,512880.SH,0.877,0.9359833333333333,-0.05901287553648071,-0.0680127523910733,-0.013498312710911176,0.010373830173233456,875396283.15,246,-0.05350991371320384,1,True,True,True,True,True,False,False,False,True,False,True,confirmed_risk_off,False,True,False,True
2024-01-05,510500.SH,5.136,5.349783333333334,-0.038562336203669,-0.07124773960217001,-0.11843460350154467,0.008357762977914362,1486531621.5,246,-0.06761095102264454,2,True,True,True,True,True,False,False,False,True,False,True,confirmed_risk_off,False,True,False,True
2024-01-05,512100.SH,2.214,2.326516666666667,-0.05546075085324231,-0.06818181818181812,-0.12524693796918218,0.01035234027174789,810784203.0,246,-0.07450641520786061,3,True,True,True,True,True,False,False,False,True,False,True,confirmed_risk_off,False,True,False,True
2024-01-05,510300.SH,3.116,3.2734,-0.018273471959672327,-0.10741907762818681,-0.13708114095818336,0.009374871220681211,4157996290.35,246,-0.07769324802678032,4,True,True,False,True,True,False,False,False,True,False,True,confirmed_risk_off,False,True,False,True
2024-01-05,159915.SZ,1.728,1.8652,-0.055221432476763255,-0.12195121951219512,-0.19214586255259458,0.014459146097613097,1448298643.7103,246,-0.10929823330610228,5,True,True,False,True,True,False,False,False,True,False,True,confirmed_risk_off,False,True,False,True
2024-01-05,516160.SH,1.99,2.11435,-0.023552502453385582,-0.12986445124617396,-0.294576391350585,0.019299874197833924,181275299.35,245,-0.12028205974994083,6,True,True,False,True,True,False,False,False,True,False,True,confirmed_risk_off,False,True,False,True
2024-01-12,516160.SH,2.057,2.093,0.05271238485158647,-0.07425742574257432,-0.2571325388226797,0.019790951301766398,201963520.4,250,-0.060044524120931086,1,True,True,True,True,True,False,False,False,True,False,True,confirmed_risk_off,False,True,False,True
2024-01-12,510500.SH,5.052,5.317466666666666,-0.05534779356768893,-0.050554407066340956,-0.13685289595079453,0.00956488835535112,1438497300.35,251,-0.06973145944377086,2,True,True,True,True,True,False,False,False,True,False,True,confirmed_risk_off,False,True,False,True
2024-01-12,510300.SH,3.069,3.2458166666666672,-0.022300095571838097,-0.07560240963855414,-0.15594059405940597,0.009062596813371931,4496807629.0,251,-0.07034912089603809,3,True,True,True,True,True,False,False,False,True,False,True,confirmed_risk_off,False,True,False,True
2024-01-12,512880.SH,0.853,0.9294666666666667,-0.07383279044516833,-0.08770053475935835,-0.05641592920353988,0.01037016379418247,810061265.1,251,-0.07589651592251866,4,True,True,False,True,True,False,False,False,True,False,True,confirmed_risk_off,False,True,False,True
2024-01-12,512100.SH,2.165,2.3126666666666664,-0.07439076528430955,-0.04835164835164829,-0.14629337539432175,0.012328141330425457,744483967.55,251,-0.07835564053324748,5,True,True,False,True,True,False,False,False,True,False,True,confirmed_risk_off,False,True,False,True
2024-01-12,159915.SZ,1.714,1.8490666666666666,-0.05408388520971308,-0.08194965184788428,-0.1934117647058824,0.014778877860541481,1653851430.23155,251,-0.09309576776421542,6,True,True,False,True,True,False,False,False,True,False,True,confirmed_risk_off,False,True,False,True
2024-01-19,516160.SH,2.022,2.08075,0.06477093206951023,-0.0617169373549884,-0.2577092511013217,0.02193612342064482,216498514.55,255,-0.05032025233445561,1,True,True,True,True,True,False,False,False,True,False,True,confirmed_risk_off,False,True,False,True
2024-01-19,510300.SH,3.064,3.2268,-0.017948717948717996,-0.07207752877044216,-0.17099567099567103,0.010721415906263855,5595825712.6,256,-0.07020963288679827,2,True,True,True,True,True,False,False,False,True,False,True,confirmed_risk_off,False,True,False,True
2024-01-19,512880.SH,0.846,0.9224499999999999,-0.052631578947368474,-0.10286320254506887,-0.10570824524312894,0.010630511689975159,788446847.3,256,-0.08333956164560073,3,True,True,True,True,True,False,False,False,True,False,True,confirmed_risk_off,False,True,False,True
2024-01-19,510500.SH,4.866,5.29495,-0.061704589278827715,-0.07331936773947834,-0.1706153059485257,0.010520583536907005,1443495224.0,256,-0.08813264399702755,4,True,True,False,True,True,False,False,False,True,False,True,confirmed_risk_off,False,True,False,True
2024-01-19,159915.SZ,1.669,1.83695,-0.06603245663122548,-0.08747949699289226,-0.21826697892271651,0.015528274591054917,1870033579.17905,256,-0.1050581772341904,5,True,True,False,True,True,False,False,False,True,False,True,confirmed_risk_off,False,True,False,True
2024-01-19,512100.SH,2.057,2.3022833333333335,-0.088209219858156,-0.09022556390977454,-0.18470075307174005,0.012753257035090256,759792162.95,256,-0.10831406412152023,6,True,True,False,True,True,False,False,False,True,False,True,confirmed_risk_off,False,True,False,True
2024-01-26,512880.SH,0.89,0.91625,-0.013303769401330379,-0.048128342245989386,-0.1257367387033399,0.01573970374300205,939050753.7,261,-0.04972019239959589,1,True,True,True,True,True,False,False,False,True,False,True,confirmed_risk_off,False,True,False,True
2024-01-26,510300.SH,3.118,3.202183333333333,-0.02835774384543477,-0.06786248131539618,-0.17008251264306629,0.01156280451733173,6368405724.05,261,-0.07250459259294564,2,True,True,True,True,True,False,False,False,True,False,True,confirmed_risk_off,False,True,False,True
2024-01-26,510500.SH,4.869,5.246116666666667,-0.06991404011461333,-0.08546205860255451,-0.18016501094460347,0.016749443683499392,1457990906.7,261,-0.09818344167578782,3,True,True,True,True,True,False,False,False,True,False,True,confirmed_risk_off,False,True,False,True
2024-01-26,512100.SH,2.042,2.2762333333333333,-0.09725906277630425,-0.1098517872711422,-0.19384129490722468,0.019423093520450057,729594479.65,261,-0.12161259900042352,4,True,True,False,True,True,False,False,False,True,False,True,confirmed_risk_off,False,True,False,True
2024-01-26,516160.SH,1.957,2.0622,-0.06942463147883982,-0.10516689529035195,-0.2883636363636364,0.018344912720227376,210488915.85,260,-0.12750933798040398,5,True,True,False,True,True,False,False,False,True,False,True,confirmed_risk_off,False,True,False,True
2024-01-26,159915.SZ,1.637,1.8153833333333331,-0.10692853246044731,-0.1338624338624338,-0.2435304990757856,0.014737707574301852,2075575138.5097504,261,-0.1450224863443096,6,True,True,False,True,True,False,False,False,True,False,True,confirmed_risk_off,False,True,False,True
2024-02-02,510300.SH,2.977,3.1706833333333333,-0.04460847240051358,-0.12492651381540276,-0.20824468085106385,0.011919501751700581,6501684906.6,266,-0.10946293065657932,1,True,True,True,True,True,False,False,False,True,False,True,confirmed_risk_off,False,True,False,True
2024-02-02,512880.SH,0.833,0.9063833333333332,-0.05017103762827824,-0.14564102564102566,-0.20892687559354228,0.016747507099682625,1012624125.3,266,-0.12011020042643002,2,True,True,True,True,True,False,False,False,True,False,True,confirmed_risk_off,False,True,False,True
2024-02-02,510500.SH,4.397,5.1744,-0.14388629283489096,-0.19365486887951588,-0.25436662709852464,0.01841036932480758,1459800631.0,266,-0.18588979010546766,3,True,True,True,True,True,False,False,False,True,False,True,confirmed_risk_off,False,True,False,True
2024-02-02,159915.SZ,1.508,1.7805333333333335,-0.12731481481481477,-0.23335027961362487,-0.30634774609015636,0.01664369862177913,2425116097.7530003,266,-0.20553558698940713,4,True,True,False,True,True,False,False,False,True,False,True,confirmed_risk_off,False,True,False,True
2024-02-02,516160.SH,1.727,2.0281000000000002,-0.13216080402010044,-0.22729306487695744,-0.3756326825741142,0.02174430954516638,213280042.4,265,-0.218908084073646,5,True,True,False,True,True,False,False,False,True,False,True,confirmed_risk_off,False,True,False,True
2024-02-02,512100.SH,1.771,2.2350166666666667,-0.20009033423667577,-0.2543157894736843,-0.29357798165137616,0.021770652052485965,718697433.15,266,-0.24047804581441928,6,True,True,False,True,True,False,False,False,True,False,True,confirmed_risk_off,False,True,False,True
2024-02-23,510300.SH,3.267,3.1411000000000002,0.06869479882237495,-0.019213449414590245,-0.07790008467400511,0.012786488046308548,6855322051.95,275,0.004212522828312859,1,True,True,True,True,True,True,True,True,False,False,True,mixed,True,False,False,True
2024-02-23,512880.SH,0.902,0.8914000000000001,0.054970760233918226,-0.06431535269709543,-0.10159362549800799,0.0212513945702894,1244040883.3,275,-0.02405656208487248,2,True,True,True,True,True,True,False,False,True,False,True,mixed,True,False,False,True
2024-02-23,510500.SH,5.041,5.084933333333334,0.02751732572360388,-0.07129697862932938,-0.09949982136477309,0.031046970891766692,3526043675.85,275,-0.03741182543524482,3,True,True,True,True,True,False,False,False,True,False,True,mixed,True,False,False,True
2024-02-23,159915.SZ,1.709,1.7396333333333334,0.015448603683897888,-0.10005265929436546,-0.16143277723258087,0.021419630743740956,3394909070.1118,275,-0.0661281776907032,4,True,True,False,True,True,False,False,False,True,False,True,mixed,True,False,False,True
2024-02-23,512100.SH,2.027,2.1590833333333332,-0.02735124760076768,-0.15259197324414708,-0.14580699536451747,0.034220141380396814,1929487572.3,275,-0.1011386874108694,5,True,True,False,True,True,False,False,False,True,False,True,mixed,True,False,False,True
2024-02-23,516160.SH,1.918,1.9713833333333333,-0.06210268948655262,-0.12539899680802558,-0.24279510461902887,0.02426726421503345,185138421.95,274,-0.12355969544163706,6,True,True,False,True,True,False,False,False,True,False,True,mixed,True,False,False,True
2024-03-01,510300.SH,3.319,3.137666666666667,0.062419974391805244,0.01250762660158622,-0.07264599050013976,0.011993836988748162,5974838094.6,280,0.015441842297328635,1,True,True,True,True,True,True,True,True,False,False,True,mixed,True,False,False,True
2024-03-01,510500.SH,5.227,5.058833333333333,0.06110434429557454,-0.0348966026587888,-0.07223997160099394,0.029850036270077127,3688148807.6,280,-0.003964897665484491,2,True,True,True,True,True,True,False,False,True,False,True,mixed,True,False,False,True
2024-03-01,512880.SH,0.92,0.88775,0.03370786516853941,-0.017094017094017144,-0.0944881889763779,0.01826564081567602,1224095501.4,280,-0.012252098565466675,3,True,True,True,True,True,True,False,False,True,False,True,mixed,True,False,False,True
2024-03-01,159915.SZ,1.775,1.7271833333333333,0.05970149253731338,-0.04927691483663632,-0.1412675374939527,0.022764694803191942,3386201848.6334505,280,-0.024083676418519717,4,True,True,False,True,True,True,False,False,True,False,True,mixed,True,False,False,True
2024-03-01,516160.SH,1.986,1.9564833333333334,-0.00501002004008011,-0.05112279025322508,-0.19235461569743806,0.02491832479679766,179777429.4,279,-0.060924047256809694,5,True,True,False,True,True,True,False,False,True,False,True,mixed,True,False,False,True
2024-03-01,512100.SH,2.097,2.131283333333333,0.013533107781537046,-0.12038590604026844,-0.11779554059739161,0.03440443962636168,2123330091.0,280,-0.06630022742297088,6,True,True,False,True,True,False,False,False,True,False,True,mixed,True,False,False,True
2024-03-08,510300.SH,3.322,3.145516666666667,0.1047555703358829,0.04366949418787325,-0.08054248546913922,0.0105392153673387,5766153182.85,285,0.04326152871567461,1,True,True,True,True,True,True,True,True,False,False,True,mixed,True,False,False,True
2024-03-08,510500.SH,5.194,5.0428,0.14784530386740324,-0.02679407907063891,-0.08119582522554392,0.027966730057029876,4096842857.2,285,0.03218132487359695,2,True,True,True,True,True,True,True,True,False,False,True,mixed,True,False,False,True
2024-03-08,159915.SZ,1.756,1.7200666666666669,0.13436692506459935,-0.0425299890948746,-0.14632960622265434,0.01989302225816268,3418472000.21175,285,0.0074688531433590374,3,True,True,True,True,True,True,True,True,False,False,True,mixed,True,False,False,True
2024-03-08,516160.SH,1.993,1.9522333333333333,0.11403018446059265,-0.0015030060120240218,-0.2018422106527833,0.02200133605441921,171239537.0,284,0.0046424292488707955,4,True,True,False,True,True,True,True,True,False,False,True,mixed,True,False,False,True
2024-03-08,512880.SH,0.892,0.8846,0.04694835680751175,-0.037756202804746564,-0.07755946225439503,0.01798396928757049,1211778782.7,285,-0.01183503084977293,5,True,True,False,True,True,True,False,False,True,False,True,mixed,True,False,False,True
2024-03-08,512100.SH,2.079,2.1075833333333334,0.13235294117647056,-0.11381074168797944,-0.1348314606741572,0.03156129911114908,2370226298.25,285,-0.019549412339434996,6,True,True,False,True,True,False,False,False,True,False,True,mixed,True,False,False,True
2024-03-15,510300.SH,3.35,3.1598833333333336,0.06315455410980642,0.06180665610142633,-0.05686936936936937,0.008210535538091849,4430415612.8,290,0.03861061021061923,1,True,True,True,True,True,True,True,True,False,False,True,mixed,True,False,False,True
2024-03-15,159915.SZ,1.833,1.7197166666666668,0.09042236763831046,0.006037321624588365,-0.08258258258258255,0.01625414825762801,2419742590.77695,290,0.022067359188643026,2,True,True,True,True,True,True,True,True,False,False,True,mixed,True,False,False,True
2024-03-15,516160.SH,2.061,1.9574833333333332,0.09861407249466958,0.025883524141363967,-0.14267886855241263,0.018448414980888037,183993840.2,289,0.021263264943930896,3,True,True,True,True,True,True,True,True,False,False,True,mixed,True,False,False,True
2024-03-15,510500.SH,5.309,5.033733333333333,0.05989219405070867,-0.010806782187441688,-0.058019872249822524,0.013433362347209077,2733545304.4,290,0.008030190295342285,4,True,True,False,True,True,True,True,True,False,False,True,mixed,True,False,False,True
2024-03-15,512100.SH,2.16,2.0894999999999997,0.11397627643115005,-0.07967618236046015,-0.10336239103362377,0.018251477779995726,1512853020.6,290,-0.006952440578448793,5,True,True,False,True,True,True,False,False,True,False,True,mixed,True,False,False,True
2024-03-15,512880.SH,0.896,0.8820166666666667,0.017026106696935273,-0.031351351351351364,-0.07438016528925617,0.011268285390740271,1172339362.45,290,-0.02060613091961767,6,True,True,False,True,True,True,False,False,True,False,True,mixed,True,False,False,True
2024-03-22,510300.SH,3.328,3.1797,0.018671564126109486,0.07737131757850424,-0.053200568990042774,0.008248978666342433,4105282762.5,295,0.027777038883836938,1,True,True,True,True,True,True,True,True,False,False,True,mixed,True,False,False,True
2024-03-22,159915.SZ,1.817,1.7251166666666669,0.06319485078993559,0.035327635327635276,-0.06915983606557374,0.017735906541890025,2281389507.5308,295,0.0255770272339136,2,True,True,True,True,True,True,True,True,False,False,True,mixed,True,False,False,True
2024-03-22,510500.SH,5.225,5.0382,0.03650069430668501,0.010247486465583933,-0.06025179856115104,0.014391530213935423,2240597560.35,295,0.006648912596677371,3,True,True,True,True,True,True,True,True,False,False,True,mixed,True,False,False,True
2024-03-22,516160.SH,1.999,1.9681666666666666,0.04223149113660063,0.04223149113660063,-0.1511677282377919,0.020422239250664068,192425278.1,294,0.003551647261722121,4,True,True,False,True,True,True,True,True,False,False,True,mixed,True,False,False,True
2024-03-22,512100.SH,2.168,2.0804,0.06956092747903297,-0.033868092691622165,-0.07862303442413943,0.018693061415572747,1296143681.85,295,-0.001447472969863561,5,True,True,False,True,True,True,False,False,True,False,True,mixed,True,False,False,True
2024-03-22,512880.SH,0.89,0.88105,-0.013303769401330379,-0.0033594624860022737,-0.06903765690376562,0.012764958395599343,1168062742.1,295,-0.020472824135686185,6,True,True,False,True,True,True,False,False,True,False,True,mixed,True,False,False,True
2024-03-29,510300.SH,3.315,3.1947666666666663,-0.001205182283820383,0.060799999999999965,-0.04959862385321101,0.006525528056576847,3476797500.75,300,0.013918202315829633,1,True,True,True,True,True,True,True,True,False,False,True,mixed,True,False,False,True
2024-03-29,159915.SZ,1.768,1.7245666666666668,-0.003943661971830936,0.0028360748723768037,-0.08771929824561397,0.01618211965990952,2051905601.7792003,300,-0.017986894488904448,2,True,True,True,True,True,True,False,False,True,False,True,mixed,True,False,False,True
2024-03-29,510500.SH,5.131,5.032983333333333,-0.018366175626554404,-0.00019485580670297598,-0.07030259104910308,0.011871456734696577,2136996240.1,300,-0.02148493078312357,3,True,True,True,True,True,True,False,False,True,False,True,mixed,True,False,False,True
2024-03-29,516160.SH,1.983,1.9692166666666668,-0.0015105740181268201,0.0,-0.13894919669995653,0.020500873435297065,175173230.25,299,-0.028394068947242036,4,True,True,False,True,True,True,False,False,True,False,True,mixed,True,False,False,True
2024-03-29,512100.SH,2.109,2.0690166666666667,0.005722460658083017,-0.047855530474040564,-0.09794696321642438,0.0145654493034851,1202264949.05,300,-0.0364426205696679,5,True,True,False,True,True,True,False,False,True,False,True,mixed,True,False,False,True
2024-03-29,512880.SH,0.856,0.8788166666666667,-0.06956521739130439,-0.02947845804988669,-0.10084033613445376,0.012628326066608067,1074699442.6,300,-0.05978553740336719,6,True,True,False,True,True,False,False,False,True,False,True,mixed,True,False,False,True
2024-04-12,510300.SH,3.255,3.2177000000000002,-0.02951699463327373,0.05784855378615528,-0.0462935833577498,0.006970680702924468,2680825224.8,308,0.002073906989602659,1,True,True,True,True,True,True,True,True,False,False,True,mixed,True,False,False,True
2024-04-12,510500.SH,5.117,5.032933333333333,-0.026631158455392767,0.018916766228594062,-0.05989344111703099,0.012237080832229214,1736505612.25,308,-0.01506444511412568,2,True,True,True,True,True,True,False,False,True,False,True,mixed,True,False,False,True
2024-04-12,512100.SH,2.066,2.0523,-0.03412809724170174,-0.04129930394431558,-0.1186006825938567,0.01553778423693547,959270143.1,308,-0.05389109699317827,3,True,True,True,True,True,True,False,False,True,False,True,mixed,True,False,False,True
2024-04-12,159915.SZ,1.713,1.7242833333333334,-0.06952743074416068,0.004103165298944944,-0.10125918153200408,0.014424417016045108,1453430516.54445,308,-0.04642154248448711,4,True,True,False,True,True,False,False,False,True,False,True,mixed,True,False,False,True
2024-04-12,516160.SH,1.954,1.9686166666666665,-0.06507177033492817,-0.02104208416833664,-0.1493252067914672,0.018282158610382997,152850332.25,307,-0.06431058315959937,5,True,True,False,True,True,False,False,False,True,False,True,mixed,True,False,False,True
2024-04-12,512880.SH,0.811,0.8734000000000001,-0.09688195991091308,-0.054778554778554644,-0.12701829924650165,0.012892594194623472,927327042.4,308,-0.08606786572508743,6,True,True,False,True,True,False,False,False,True,False,True,mixed,True,False,False,True
2024-04-19,510300.SH,3.32,3.2389,-0.012198750371913203,0.07547781017168753,0.017156862745097978,0.00926567583875009,2861018283.4,313,0.028742996468929326,1,True,True,True,True,True,True,True,True,False,False,True,mixed,True,False,False,True
2024-04-19,510500.SH,5.154,5.042066666666667,-0.0339268978444236,0.023837902264600697,0.003504672897196137,0.014642567554497745,1770869637.2,313,-0.003334663652489934,2,True,True,True,True,True,True,False,False,True,False,True,mixed,True,False,False,True
2024-04-19,159915.SZ,1.705,1.7259333333333335,-0.08135775862068961,-0.0017564402810303914,-0.06060606060606055,0.015631625492448464,1370521205.77525,313,-0.04536689168190011,3,True,True,True,True,True,False,False,False,True,False,True,mixed,True,False,False,True
2024-04-19,512100.SH,2.035,2.041166666666667,-0.07289293849658296,-0.054368029739776946,-0.07077625570776247,0.020190785001716356,997282792.95,313,-0.06505963843609647,4,True,True,False,True,True,False,False,False,True,False,True,mixed,True,False,False,True
2024-04-19,512880.SH,0.827,0.8706166666666666,-0.08314855875831495,-0.04171494785631524,-0.0951859956236325,0.01334481559180369,895950820.7,313,-0.06898260177057858,5,True,True,False,True,True,False,False,False,True,False,True,mixed,True,False,False,True
2024-04-19,516160.SH,1.905,1.9607500000000002,-0.08413461538461542,-0.07389402041808457,-0.14150518251464617,0.020412841329390422,136504029.25,312,-0.09151249082400922,6,True,True,False,True,True,False,False,False,True,False,True,mixed,True,False,False,True
2024-04-26,510500.SH,5.221,5.068333333333333,0.04503602882305846,0.10896346644010202,-0.03314814814814815,0.014222446321312789,1762107555.3,318,0.054970168475634566,1,True,True,True,True,True,True,True,True,False,False,True,risk_on_setup,True,False,True,False
2024-04-26,510300.SH,3.362,3.2627666666666664,0.02437538086532598,0.11435200530328138,-0.0029655990510082386,0.009351000017755573,2832345311.7,318,0.0548978346572413,2,True,True,True,True,True,True,True,True,False,False,True,risk_on_setup,True,False,True,False
2024-04-26,159915.SZ,1.774,1.7316666666666665,0.018369690011481143,0.08038976857490865,-0.07892004153686394,0.015707273023145698,1218649309.123,318,0.02371977512718313,3,True,True,True,True,True,True,True,True,False,False,True,risk_on_setup,True,False,True,False
2024-04-26,512100.SH,2.099,2.0431833333333334,0.030436917034855293,0.0676500508647,-0.10145547945205469,0.019244008313040732,977164233.9,318,0.018943691269411183,4,True,True,False,True,True,True,True,True,False,False,True,risk_on_setup,True,False,True,False
2024-04-26,512880.SH,0.878,0.8700833333333333,0.031727379553466495,0.03905325443786989,-0.06892895015906675,0.01759262992352621,889920060.0,318,0.014526463564721204,5,True,True,False,True,True,True,True,True,False,False,True,risk_on_setup,True,False,True,False
2024-04-26,516160.SH,1.896,1.9508166666666666,-0.026194144838212696,-0.04097116843702586,-0.14324446452779038,0.018114678597764364,126378239.05,317,-0.05551501821565351,6,True,True,False,True,True,False,False,False,True,False,True,risk_on_setup,True,False,True,False
2024-05-10,510500.SH,5.383,5.141099999999999,0.03838734567901225,0.18961325966850828,-0.015004574565416262,0.014440473762264145,1897845406.75,325,0.08819932722592497,1,True,True,True,True,True,True,True,True,False,True,False,confirmed_risk_on,True,False,True,False
2024-05-10,510300.SH,3.447,3.3047999999999997,0.04076086956521752,0.1463252411040905,0.014121800529567574,0.009534501564277873,3091794292.45,325,0.07765880437363672,2,True,True,True,True,True,True,True,True,False,True,False,confirmed_risk_on,True,False,True,False
2024-05-10,159915.SZ,1.84,1.7601,0.03545301069217799,0.18863049095607232,-0.06646372399797063,0.016940325906122152,1323612709.55125,325,0.07634065585970601,3,True,True,True,True,True,True,True,True,False,True,False,confirmed_risk_on,True,False,True,False
2024-05-10,512100.SH,2.162,2.06665,0.020774315391879128,0.1775599128540304,-0.09577582601422008,0.019236861806163137,1087738693.55,325,0.060178526095519796,4,True,True,False,True,True,True,True,True,False,True,False,confirmed_risk_on,True,False,True,False
2024-05-10,516160.SH,1.99,1.9621666666666668,-0.031158714703018453,0.11235326998323081,-0.1072229699416779,0.02075564545683986,127954789.8,324,0.01103322812374936,5,True,True,False,True,True,True,True,True,False,True,False,confirmed_risk_on,True,False,True,False
2024-05-10,512880.SH,0.876,0.8702500000000001,0.03668639053254452,0.028169014084507005,-0.10520939734422874,0.01790189383876529,1071350885.65,325,0.004900282377974862,6,True,True,False,True,True,True,True,True,False,True,False,confirmed_risk_on,True,False,True,False
2024-05-17,512100.SH,2.162,2.095066666666667,0.10531697341513291,0.11500773594636393,-0.10624224886316669,0.015679067702447022,1102215855.6,330,0.0668814339719654,1,True,True,True,True,True,True,True,True,False,True,False,confirmed_risk_on,True,False,True,False
2024-05-17,510300.SH,3.465,3.3352833333333334,0.05127427184466016,0.09965090447476999,0.020618556701030855,0.007935305000818293,3154490476.2,330,0.06449378186797823,2,True,True,True,True,True,True,True,True,False,True,False,confirmed_risk_on,True,False,True,False
2024-05-17,159915.SZ,1.824,1.7776500000000002,0.06479859894921192,0.08506841165972645,-0.07080998471726951,0.015313597483993349,1233864489.4077,330,0.045784807300121445,3,True,True,True,True,True,True,True,True,False,True,False,confirmed_risk_on,True,False,True,False
2024-05-17,510500.SH,5.351,5.195533333333333,0.06170634920634921,0.06827710121780783,-0.0314932126696833,0.012664344287608173,1938349682.1,330,0.04569473763572616,4,True,True,False,True,True,True,True,True,False,True,False,confirmed_risk_on,True,False,True,False
2024-05-17,512880.SH,0.871,0.87165,0.07663782447465994,-0.011350737797956922,-0.11483739837398377,0.017187924109770488,1117311999.7,330,0.003147354995884453,5,True,True,False,True,True,False,True,False,True,True,False,confirmed_risk_on,True,False,True,False
2024-05-17,516160.SH,1.944,1.9757166666666666,0.01144640998959412,0.03624733475479758,-0.12786002691790044,0.0182361872133864,124786670.1,329,-0.006494507485823409,6,True,True,False,True,True,False,False,False,True,True,False,confirmed_risk_on,True,False,True,False
2024-05-24,510300.SH,3.391,3.3534333333333333,0.0313260340632604,0.0379553106825834,0.018012608826178278,0.008024889774560916,3073734852.15,335,0.031315059663573175,1,True,True,True,True,True,True,True,True,False,True,False,mixed,True,False,False,True
2024-05-24,159915.SZ,1.781,1.7870666666666668,0.0445747800586509,0.042129900526623576,-0.062137967351237555,0.015359009852158184,1265516255.7312,335,0.022254278763862278,2,True,True,True,True,True,False,True,False,True,True,False,mixed,True,False,False,True
2024-05-24,510500.SH,5.178,5.219783333333333,0.025956013473350525,0.027177147391390433,-0.04605747973470897,0.011806347705364666,1994449016.9,335,0.012041768398954588,3,True,True,True,True,True,False,True,False,True,True,False,mixed,True,False,False,True
2024-05-24,512100.SH,2.076,2.1080666666666668,0.029251363411006537,0.024173655648741965,-0.13210702341137115,0.013941729633380702,1084914199.65,335,-0.005051397058374832,4,True,True,False,True,True,False,False,False,True,True,False,mixed,True,False,False,True
2024-05-24,516160.SH,1.938,1.98165,0.03304904051172719,0.010427528675703845,-0.11627906976744196,0.01962675974902064,136522150.85,334,-0.005865186278515976,5,True,True,False,True,True,False,False,False,True,True,False,mixed,True,False,False,True
2024-05-24,512880.SH,0.84,0.8691666666666666,0.01571946795646917,-0.06873614190687372,-0.12863070539419086,0.01779374747932049,1130286302.65,335,-0.046932810659,6,True,True,False,True,True,False,False,False,True,True,False,mixed,True,False,False,True
2024-05-31,510300.SH,3.371,3.363783333333333,-0.00472394449365221,0.015667369689665644,0.02837095790115929,0.007237498060198444,2782268384.8,340,0.010051561658637232,1,True,True,True,True,True,True,True,True,False,True,False,mixed,True,False,False,True
2024-05-31,510500.SH,5.182,5.22555,-0.020230667422953208,-0.008609144824947346,-0.043205317577547975,0.009555247260126506,1787258856.1,340,-0.02017698841466982,2,True,True,True,True,True,False,False,False,True,True,False,mixed,True,False,False,True
2024-05-31,159915.SZ,1.772,1.7903166666666666,-0.024229074889867808,-0.0016901408450703537,-0.05088377075522221,0.010985209977465897,1139005179.03715,340,-0.02054444044501971,3,True,True,True,True,True,False,False,False,True,True,False,mixed,True,False,False,True
2024-05-31,516160.SH,1.935,1.9819,-0.004629629629629539,-0.025679758308157052,-0.0754897276636407,0.016333846161957516,128540782.0,339,-0.02722170070784278,4,True,True,False,True,True,False,False,False,True,True,False,mixed,True,False,False,True
2024-05-31,512100.SH,2.08,2.1100666666666665,-0.023015500234851993,-0.008106819265617515,-0.12751677852348986,0.011449511664286106,893611177.1,340,-0.037952283504885775,5,True,True,False,True,True,False,False,False,True,True,False,mixed,True,False,False,True
2024-05-31,512880.SH,0.839,0.8637666666666667,-0.03894616265750295,-0.08804347826086967,-0.10363247863247871,0.010422351090955967,936283308.3,340,-0.07152235209384479,6,True,True,False,True,True,False,False,False,True,True,False,mixed,True,False,False,True
2024-06-07,510300.SH,3.365,3.3686499999999997,-0.02378880185668697,0.01294400963275133,0.057178762174049824,0.006095599270170831,2749799246.35,345,0.007097835545235709,1,True,True,True,True,True,False,True,False,True,False,True,confirmed_risk_off,False,True,False,True
2024-06-07,159915.SZ,1.748,1.79155,-0.050000000000000044,-0.004555808656036442,-0.046892039258451534,0.009793357168482238,1135206307.4146,345,-0.0312007313141049,2,True,True,True,True,True,False,False,False,True,False,True,confirmed_risk_off,False,True,False,True
2024-06-07,510500.SH,5.091,5.221900000000001,-0.05424484488203596,-0.01983057373892949,-0.046093310848791424,0.008184157143468505,1570823870.95,345,-0.03884882961814447,3,True,True,True,True,True,False,False,False,True,False,True,confirmed_risk_off,False,True,False,True
2024-06-07,516160.SH,1.88,1.9774166666666666,-0.055276381909547756,-0.05669844455594586,-0.05811623246492992,0.014336944519412455,126514353.15,344,-0.05641317707918343,4,True,True,False,True,True,False,False,False,True,False,True,confirmed_risk_off,False,True,False,True
2024-06-07,512100.SH,2.003,2.1059666666666668,-0.07354301572617938,-0.036556036556036564,-0.14620630861040063,0.010412869141163524,755971510.65,345,-0.0732808826349665,5,True,True,False,True,True,False,False,False,True,False,True,confirmed_risk_off,False,True,False,True
2024-06-07,512880.SH,0.815,0.8576833333333334,-0.06963470319634713,-0.08632286995515703,-0.12081984897518894,0.010113432022355432,905559191.3,345,-0.08654699905563946,6,True,True,False,True,True,False,False,False,True,False,True,confirmed_risk_off,False,True,False,True
2024-06-14,510300.SH,3.343,3.3670166666666663,-0.023656542056074703,0.0005986231667165498,0.04046062869592282,0.006237683945813802,2634366642.2,349,-0.0011310418165586967,1,True,True,True,True,True,False,False,False,True,False,True,confirmed_risk_off,False,True,False,True
2024-06-14,510500.SH,5.116,5.2115,-0.029774322017826704,-0.02254489873901422,-0.05713232583855521,0.008292387429672282,1495211836.75,349,-0.032354153470447414,2,True,True,True,True,True,False,False,False,True,False,True,confirmed_risk_off,False,True,False,True
2024-06-14,159915.SZ,1.756,1.785366666666667,-0.024986118822876158,-0.04148471615720528,-0.053879310344827624,0.009663047908901726,1127958027.82845,349,-0.0373641960609981,3,True,True,True,True,True,False,False,False,True,False,True,confirmed_risk_off,False,True,False,True
2024-06-14,512880.SH,0.833,0.8522333333333333,-0.029137529137529206,-0.0650953984287318,-0.1100427350427351,0.009924848320178118,868924727.75,349,-0.05970171803505143,4,True,True,False,True,True,False,False,False,True,False,True,confirmed_risk_off,False,True,False,True
2024-06-14,512100.SH,2.021,2.09875,-0.04938852304797736,-0.04938852304797736,-0.14725738396624477,0.010652079939701721,732283381.15,349,-0.06896229523163085,5,True,True,False,True,True,False,False,False,True,False,True,confirmed_risk_off,False,True,False,True
2024-06-14,516160.SH,1.857,1.9624,-0.03682572614107882,-0.09898107714701598,-0.08023774145616647,0.014065185938376457,120486916.35,348,-0.07037026960647122,6,True,True,False,True,True,False,False,False,True,False,True,confirmed_risk_off,False,True,False,True
2024-06-21,510300.SH,3.305,3.363983333333333,-0.037004662004661903,-0.016076213158678132,0.059294871794871806,0.005176028476119581,2653407525.25,354,-0.009373375706361653,1,True,True,True,True,True,False,False,False,True,False,True,confirmed_risk_off,False,True,False,True
2024-06-21,510500.SH,5.002,5.188766666666667,-0.04359464627151066,-0.05764883195177095,-0.04432556362246853,0.007435257159635709,1228478010.15,354,-0.04936250401380636,2,True,True,True,True,True,False,False,False,True,False,True,confirmed_risk_off,False,True,False,True
2024-06-21,159915.SZ,1.723,1.7767833333333334,-0.04859193815571494,-0.06663055254604555,-0.032565974171813505,0.009029372363222883,1076180487.96475,354,-0.05260219111506691,3,True,True,True,True,True,False,False,False,True,False,True,confirmed_risk_off,False,True,False,True
2024-06-21,512880.SH,0.821,0.84585,-0.03525264394829619,-0.0938189845474614,-0.10566448801742934,0.00874320618121896,846415461.5,354,-0.07276154900178891,4,True,True,False,True,True,False,False,False,True,False,True,confirmed_risk_off,False,True,False,True
2024-06-21,512100.SH,1.968,2.08345,-0.06374881065651761,-0.1030082041932543,-0.13910761154855644,0.00976815777543827,733146476.0,354,-0.09452432824962005,5,True,True,False,True,True,False,False,False,True,False,True,confirmed_risk_off,False,True,False,True
2024-06-21,516160.SH,1.789,1.9419,-0.08444216990788134,-0.12901655306718596,-0.060892388451443624,0.009392132313654608,109817744.2,353,-0.09756196688031564,6,True,True,False,True,True,False,False,False,True,False,True,confirmed_risk_off,False,True,False,True
2024-06-28,510300.SH,3.276,3.361483333333333,-0.03220088626292461,-0.006971809639284676,0.051685393258426915,0.004562258103629213,3355609026.15,359,-0.005331999709198331,1,True,True,True,True,True,False,False,False,True,False,True,confirmed_risk_off,False,True,False,True
2024-06-28,510500.SH,4.843,5.16865,-0.0655990738954273,-0.04345249851866473,-0.05336200156372162,0.009308852748424095,1619263678.35,359,-0.05429302927838114,2,True,True,True,True,True,False,False,False,True,False,True,confirmed_risk_off,False,True,False,True
2024-06-28,159915.SZ,1.652,1.7683333333333335,-0.07034327518289252,-0.060295790671217375,-0.06189664963089159,0.010871990032665502,1146102841.3938498,359,-0.06463495626782229,3,True,True,True,True,True,False,False,False,True,False,True,confirmed_risk_off,False,True,False,True
2024-06-28,512880.SH,0.783,0.84055,-0.06785714285714284,-0.082063305978898,-0.10411899313501138,0.010516601948329304,940961500.5,359,-0.08079197816141861,4,True,True,False,True,True,False,False,False,True,False,True,confirmed_risk_off,False,True,False,True
2024-06-28,512100.SH,1.905,2.0670333333333333,-0.08148505303760845,-0.08676893576222433,-0.13487738419618522,0.014388097085469074,846292843.75,359,-0.09427707235917016,5,True,True,False,True,True,False,False,False,True,False,True,confirmed_risk_off,False,True,False,True
2024-06-28,516160.SH,1.702,1.9214333333333333,-0.1303014818599898,-0.1316326530612245,-0.1447236180904523,0.010610746939642637,100369216.15,358,-0.1337183775865762,6,True,True,False,True,True,False,False,False,True,False,True,confirmed_risk_off,False,True,False,True
2024-07-05,510300.SH,3.247,3.3556666666666666,-0.04161747343565525,-0.021398432790837862,0.02655706607650976,0.004259721021310357,3631219905.8,364,-0.019894949275295296,1,True,True,True,True,True,False,False,False,True,False,True,confirmed_risk_off,False,True,False,True
2024-07-05,510500.SH,4.777,5.137566666666666,-0.06626270523846745,-0.07044172017902317,-0.09009523809523812,0.00970633773514893,1632563532.7,364,-0.07270081778604387,2,True,True,True,True,True,False,False,False,True,False,True,confirmed_risk_off,False,True,False,True
2024-07-05,159915.SZ,1.623,1.7550833333333336,-0.09075630252100841,-0.07679180887372017,-0.09177392277560148,0.010214340438137737,1188967244.702,364,-0.08537402911301173,3,True,True,True,True,True,False,False,False,True,False,True,confirmed_risk_off,False,True,False,True
2024-07-05,512880.SH,0.768,0.8338333333333333,-0.06341463414634141,-0.08788598574821849,-0.13901345291479816,0.010505604659431305,913225985.05,364,-0.0883229385407836,4,True,True,False,True,True,False,False,False,True,False,True,confirmed_risk_off,False,True,False,True
2024-07-05,512100.SH,1.873,2.04735,-0.06115288220551385,-0.10382775119617216,-0.17306843267108174,0.014431877568901682,932738905.7,364,-0.10060593989489075,5,True,True,False,True,True,False,False,False,True,False,True,confirmed_risk_off,False,True,False,True
2024-07-05,516160.SH,1.669,1.89265,-0.12845953002610966,-0.1692384270781483,-0.18625060945880068,0.010752622055133255,94286388.35,363,-0.15632930473346332,,False,False,False,True,False,False,False,False,False,False,True,confirmed_risk_off,False,True,False,True
2024-07-12,510300.SH,3.308,3.353616666666667,-0.01046963804965606,-0.006009615384615419,0.08069258412283564,0.005893691312388886,3758432067.4,369,0.009546815450858536,1,True,True,True,True,True,False,True,False,True,False,True,confirmed_risk_off,False,True,False,True
2024-07-12,159915.SZ,1.653,1.7456666666666665,-0.05865603644646922,-0.053264604810996596,-0.026501766784452263,0.011889348369481006,1257760754.88835,369,-0.05006860985987678,2,True,True,True,True,True,False,False,False,True,False,True,confirmed_risk_off,False,True,False,True
2024-07-12,510500.SH,4.832,5.10695,-0.0555121188428459,-0.06861989205859675,-0.03533639448991821,0.01225176057220086,1623408203.55,369,-0.056720083258560705,3,True,True,True,True,True,False,False,False,True,False,True,confirmed_risk_off,False,True,False,True
2024-07-12,512880.SH,0.775,0.8286833333333334,-0.06962785114045611,-0.059466019417475646,-0.09250585480093676,0.012181206943522838,857612030.25,369,-0.07013871918336007,4,True,True,False,True,True,False,False,False,True,False,True,confirmed_risk_off,False,True,False,True
2024-07-12,512100.SH,1.9,2.03015,-0.05987135081642747,-0.07181240840254044,-0.1121495327102805,0.017111743633117335,1036290792.6,369,-0.07510341022964326,5,True,True,False,True,True,False,False,False,True,False,True,confirmed_risk_off,False,True,False,True
2024-07-12,516160.SH,1.705,1.8645166666666666,-0.08185245018847598,-0.14149043303121844,-0.15131906421105024,0.014596242413385701,91925043.55,368,-0.11960096613008783,,False,False,False,True,False,False,False,False,False,False,True,confirmed_risk_off,False,True,False,True
2024-07-19,510300.SH,3.389,3.3558833333333333,0.025416036308623102,0.022939933594928963,0.12516600265604239,0.006072322648809308,4878987425.3,374,0.044375588492629306,1,True,True,True,True,True,True,True,True,False,False,True,mixed,True,False,False,True
2024-07-19,159915.SZ,1.692,1.7413166666666666,-0.017991874637260707,-0.006459189665296572,0.021739130434782705,0.012289591048827151,1501285243.26315,374,-0.005432599634066371,2,True,True,True,True,True,False,False,False,True,False,True,mixed,True,False,False,True
2024-07-19,512880.SH,0.799,0.82545,-0.02679658952496944,-0.036188178528347326,-0.05667060212514752,0.01262641658565246,805470132.95,374,-0.03652802764635621,3,True,True,True,True,True,False,False,False,True,False,True,mixed,True,False,False,True
2024-07-19,510500.SH,4.793,5.078716666666667,-0.04178328668532583,-0.06185163437071828,-0.0220363191185472,0.011888944266303212,1942758329.8,374,-0.045861232246127086,4,True,True,False,True,True,False,False,False,True,False,True,mixed,True,False,False,True
2024-07-19,512100.SH,1.877,2.0180166666666666,-0.046239837398374006,-0.07582471688823245,-0.10191387559808607,0.016543532124941075,1350633161.1,374,-0.0692085968342598,5,True,True,False,True,True,False,False,False,True,False,True,mixed,True,False,False,True
2024-07-19,516160.SH,1.753,1.8471499999999998,-0.02012297372833982,-0.07688256977356511,-0.11732124874118832,0.01513109311778786,86795307.65,373,-0.062266467148999645,,False,False,False,True,False,False,False,False,False,False,True,mixed,True,False,False,True
2024-07-26,510300.SH,3.263,3.3518833333333333,-0.003968253968253954,-0.04170337738619678,0.06355932203389836,0.007853559914208276,4873486943.25,379,-0.005556788135000622,1,True,True,True,True,True,False,False,False,True,False,True,confirmed_risk_off,False,True,False,True
2024-07-26,512880.SH,0.801,0.8205666666666667,0.02298850574712641,-0.09898762654668158,-0.09695603156707999,0.012666292106788055,727439319.6,379,-0.04979085463323807,2,True,True,True,True,True,False,False,False,True,False,True,confirmed_risk_off,False,True,False,True
2024-07-26,159915.SZ,1.627,1.7320166666666668,-0.015133171912832921,-0.11431682090364725,-0.013939393939393918,0.012011329887547299,1465919010.35,379,-0.05456787591447086,3,True,True,True,True,True,False,False,False,True,False,True,confirmed_risk_off,False,True,False,True
2024-07-26,510500.SH,4.653,5.035916666666666,-0.03923188106545539,-0.1265252487328704,-0.026161573880284617,0.012407543568553257,1568074466.85,379,-0.07153516669538726,4,True,True,False,True,True,False,False,False,True,False,True,confirmed_risk_off,False,True,False,True
2024-07-26,512100.SH,1.832,1.9973666666666667,-0.038320209973753294,-0.14869888475836435,-0.0830830830830831,0.014157652461688115,1314387713.45,379,-0.09142425450946368,5,True,True,False,True,True,False,False,False,True,False,True,confirmed_risk_off,False,True,False,True
2024-07-26,516160.SH,1.747,1.8331833333333334,0.026439482961222227,-0.11901159858799792,-0.11048879837067205,0.014265366471628908,87218964.35,378,-0.05912660592484469,,False,False,False,True,False,False,False,False,False,False,True,confirmed_risk_off,False,True,False,True
2024-08-02,512880.SH,0.819,0.8160166666666666,0.06640625,-0.05862068965517242,-0.04210526315789476,0.017640907924383477,785127171.95,384,-0.005306828493647919,1,True,True,True,True,True,True,False,False,True,False,True,confirmed_risk_off,False,True,False,True
2024-08-02,510300.SH,3.236,3.3377166666666667,-0.0033877425315674836,-0.06066763425253985,0.0747260046496181,0.010000337088808537,4923497554.9,384,-0.010676949783719313,2,True,True,True,True,True,False,False,False,True,False,True,confirmed_risk_off,False,True,False,True
2024-08-02,159915.SZ,1.609,1.7138833333333332,-0.008626001232285851,-0.1330818965517242,0.04957599478147423,0.015192425982267645,1530231977.8560002,384,-0.04676796015730918,3,True,True,True,True,True,False,False,False,True,False,True,confirmed_risk_off,False,True,False,True
2024-08-02,510500.SH,4.711,4.982766666666667,-0.013816202637638608,-0.12807699426244668,0.036979969183358996,0.015509695289685446,1585469906.55,384,-0.04936128492336232,4,True,True,False,True,True,False,False,False,True,False,True,confirmed_risk_off,False,True,False,True
2024-08-02,512100.SH,1.875,1.973083333333333,0.0010678056593700358,-0.14069660861594868,0.011872638963842386,0.016926638523230703,1370497020.0,384,-0.05347699338986299,5,True,True,False,True,True,False,False,False,True,False,True,confirmed_risk_off,False,True,False,True
2024-08-02,516160.SH,1.698,1.8116500000000002,0.017375674056321122,-0.1560636182902585,-0.047138047138047146,0.015900288033235444,86365349.35,383,-0.06490278712118439,,False,False,False,True,False,False,False,False,False,False,True,confirmed_risk_off,False,True,False,True
2024-08-09,512880.SH,0.806,0.81105,0.040000000000000036,-0.06060606060606055,-0.07674684994272618,0.01619557939219975,763357108.9,389,-0.023591794230969444,1,True,True,True,True,True,False,False,False,True,False,True,confirmed_risk_off,False,True,False,True
2024-08-09,510300.SH,3.182,3.3176333333333337,-0.03808948004836754,-0.07067757009345799,0.016938318951741804,0.009198944113401627,5057993767.3,389,-0.04011915626638185,2,True,True,True,True,True,False,False,False,True,False,True,confirmed_risk_off,False,True,False,True
2024-08-09,512100.SH,1.83,1.9478666666666666,-0.03684210526315779,-0.1392285983066791,-0.016129032258064502,0.015664690480367668,1385885663.05,389,-0.07365408787954766,3,True,True,True,True,True,False,False,False,True,False,True,confirmed_risk_off,False,True,False,True
2024-08-09,510500.SH,4.639,4.926383333333334,-0.039942052980132425,-0.12023516025033176,-0.06940822467402208,0.01450935722002487,1619194036.2,389,-0.07795253022699009,4,True,True,False,True,True,False,False,False,True,False,True,confirmed_risk_off,False,True,False,True
2024-08-09,159915.SZ,1.566,1.6945833333333336,-0.05263157894736836,-0.13048306496390882,-0.05662650602409636,0.01454094578162208,1528740408.18375,389,-0.08457115876933015,5,True,True,False,True,True,False,False,False,True,False,True,confirmed_risk_off,False,True,False,True
2024-08-09,516160.SH,1.685,1.79035,-0.011730205278592365,-0.12603734439834025,-0.08124318429661936,0.014106683146720861,82093881.8,388,-0.07135565673009692,,False,False,False,True,False,False,False,False,False,False,True,confirmed_risk_off,False,True,False,True
2024-08-16,512880.SH,0.812,0.8065,0.016270337922402955,-0.04582843713278484,-0.09877913429522744,0.01649373211709746,748222560.15,394,-0.03157906654319824,1,True,True,True,True,True,True,False,False,True,False,True,confirmed_risk_off,False,True,False,True
2024-08-16,510300.SH,3.199,3.294566666666667,-0.05606373561522571,-0.06789044289044288,-0.019914215686274495,0.009109049530626552,4135573290.85,394,-0.05356451453952234,2,True,True,True,True,True,False,False,False,True,False,True,confirmed_risk_off,False,True,False,True
2024-08-16,510500.SH,4.593,4.86775,-0.04172751929897767,-0.12179732313575531,-0.0845126569663146,0.014782955290275207,1493655343.25,394,-0.08231246836715611,3,True,True,True,True,True,False,False,False,True,False,True,confirmed_risk_off,False,True,False,True
2024-08-16,512100.SH,1.811,1.9206333333333334,-0.03516249334043686,-0.13843958135109413,-0.09086345381526106,0.015835841042990136,1044663267.55,394,-0.08761352063966461,4,True,True,False,True,True,False,False,False,True,False,True,confirmed_risk_off,False,True,False,True
2024-08-16,159915.SZ,1.561,1.6728999999999998,-0.07742316784869974,-0.13804527885146334,-0.08713450292397662,0.014020266026961891,1366747507.52615,394,-0.10361427926486055,5,True,True,False,True,True,False,False,False,True,False,True,confirmed_risk_off,False,True,False,True
2024-08-16,516160.SH,1.663,1.7667000000000002,-0.05134055904164281,-0.1489252814738996,-0.124275934702475,0.013328432071868726,80454673.9,393,-0.10496152314671198,,False,False,False,True,False,False,False,False,False,False,True,confirmed_risk_off,False,True,False,True
2024-08-23,510300.SH,3.182,3.2767833333333334,-0.024823781795893285,-0.05997045790251099,-0.033414337788578385,0.007944843885330446,3746594830.1,399,-0.040600563437077394,1,True,True,True,True,True,False,False,False,True,False,True,confirmed_risk_off,False,True,False,True
2024-08-23,512880.SH,0.795,0.803,-0.0074906367041198685,-0.05357142857142849,-0.12924424972617743,0.015213918606994163,687361486.25,399,-0.05027367605545483,2,True,True,True,True,True,False,False,False,True,False,True,confirmed_risk_off,False,True,False,True
2024-08-23,510500.SH,4.455,4.8106,-0.04255319148936165,-0.140459193517268,-0.14178385667501436,0.013341054969077625,1469409612.75,399,-0.10156172533765473,3,True,True,True,True,True,False,False,False,True,False,True,confirmed_risk_off,False,True,False,True
2024-08-23,512100.SH,1.75,1.895066666666667,-0.044759825327510994,-0.15621986499517837,-0.15581283164495896,0.014495747985943679,1042094521.15,399,-0.11155444245806755,4,True,True,False,True,True,False,False,False,True,False,True,confirmed_risk_off,False,True,False,True
2024-08-23,159915.SZ,1.517,1.6523833333333333,-0.06760909649661961,-0.14631401238041641,-0.13855763770584895,0.012385335215899178,1424525949.24575,399,-0.1132807710919842,5,True,True,False,True,True,False,False,False,True,False,True,confirmed_risk_off,False,True,False,True
2024-08-23,516160.SH,1.614,1.7411166666666666,-0.0761305094447624,-0.1752682677567705,-0.18195641155600606,0.01129866959957692,70469317.05,398,-0.13695079319181439,,False,False,False,True,False,False,False,False,False,False,True,confirmed_risk_off,False,True,False,True
2024-08-30,512880.SH,0.814,0.8001333333333333,-0.006105006105006083,-0.007317073170731714,-0.08539325842696632,0.009465673439360247,576546947.7,404,-0.022447483395688386,1,True,True,True,True,True,True,False,False,True,False,True,confirmed_risk_off,False,True,False,True
2024-08-30,510300.SH,3.181,3.25825,-0.01699629171817063,-0.06109799291617468,-0.039553140096618256,0.006019265278853766,4083487779.45,404,-0.03914834187306178,2,True,True,True,True,True,False,False,False,True,False,True,confirmed_risk_off,False,True,False,True
2024-08-30,512100.SH,1.804,1.8713333333333333,-0.037866666666666604,-0.09573934837092735,-0.12042905899561196,0.011551791106677377,1150202976.85,404,-0.07752821781415997,3,True,True,True,True,True,False,False,False,True,False,True,confirmed_risk_off,False,True,False,True
2024-08-30,510500.SH,4.559,4.752633333333334,-0.03226491190829972,-0.10887412040656752,-0.11009174311926606,0.009952621504255252,1505711637.5,404,-0.07847396154980012,4,True,True,False,True,True,False,False,False,True,False,True,confirmed_risk_off,False,True,False,True
2024-08-30,159915.SZ,1.552,1.6297166666666665,-0.03542573026724671,-0.13053221288515404,-0.10907003444316876,0.010367464868971922,1518904766.38305,404,-0.08819718414959404,5,True,True,False,True,True,False,False,False,True,False,True,confirmed_risk_off,False,True,False,True
2024-08-30,516160.SH,1.682,1.7167333333333334,-0.009422850412249661,-0.12167101827676241,-0.13787801127626864,0.010460690961574799,66900143.4,403,-0.08001314973085856,,False,False,False,True,False,False,False,False,False,False,True,confirmed_risk_off,False,True,False,True
2024-09-06,512880.SH,0.809,0.7986333333333333,0.003722084367245637,-0.02881152460984382,-0.09203142536475861,0.010996995844230828,567404547.35,409,-0.028442061169990998,1,True,True,True,True,True,True,False,False,True,False,True,confirmed_risk_off,False,True,False,True
2024-09-06,510300.SH,3.091,3.2394000000000003,-0.028598365807668058,-0.07538139395752308,-0.07482789583956895,0.007188735886149668,4081694230.6,409,-0.05655748307399025,2,True,True,True,True,True,False,False,False,True,False,True,confirmed_risk_off,False,True,False,True
2024-09-06,510500.SH,4.458,4.701616666666666,-0.039017029532226744,-0.12861610633307263,-0.14826136797860145,0.010341500454565658,1490273271.0,409,-0.09670552794184004,3,True,True,True,True,True,False,False,False,True,False,True,confirmed_risk_off,False,True,False,True
2024-09-06,512100.SH,1.757,1.8508833333333332,-0.039890710382513794,-0.13062840178129642,-0.17356538099717778,0.011273070711221257,1149680884.05,409,-0.10292072106495964,4,True,True,False,True,True,False,False,False,True,False,True,confirmed_risk_off,False,True,False,True
2024-09-06,159915.SZ,1.508,1.6107166666666664,-0.03703703703703709,-0.1412300683371298,-0.17685589519650657,0.011763448440628653,1577463810.8073,409,-0.10667802118896808,5,True,True,False,True,True,False,False,False,True,False,True,confirmed_risk_off,False,True,False,True
2024-09-06,516160.SH,1.634,1.6988833333333333,-0.030267062314540127,-0.12008616047388265,-0.20718098010674435,0.011565981158507791,64550915.95,408,-0.101577485136718,,False,False,False,True,False,False,False,False,False,False,True,confirmed_risk_off,False,True,False,True
2024-09-13,512880.SH,0.805,0.79675,-0.008620689655172376,-0.01948842874543233,-0.11147902869757176,0.01003229069130568,553735853.65,414,-0.033539453099756235,1,True,True,True,True,True,True,False,False,True,False,True,confirmed_risk_off,False,True,False,True
2024-09-13,510300.SH,3.017,3.2154833333333332,-0.05689277899343548,-0.08714069591527995,-0.10181601667162854,0.006776754535765387,3856006974.8,414,-0.0779765932978119,2,True,True,True,True,True,False,False,False,True,False,True,confirmed_risk_off,False,True,False,True
2024-09-13,159915.SZ,1.509,1.5913666666666666,-0.03331197950032039,-0.1242019733023797,-0.18255687973997847,0.011536670546064902,1765044846.289,414,-0.09951695706907573,3,True,True,True,True,True,False,False,False,True,False,True,confirmed_risk_off,False,True,False,True
2024-09-13,510500.SH,4.369,4.64795,-0.048769867189200955,-0.12654938024790086,-0.17690278824415973,0.009941562225474066,1271316129.0,414,-0.10550825662367266,4,True,True,False,True,True,False,False,False,True,False,True,confirmed_risk_off,False,True,False,True
2024-09-13,512100.SH,1.719,1.8291166666666667,-0.0508006626173384,-0.12652439024390238,-0.21649954421148576,0.01109186606684857,1211970080.8,414,-0.11422992998679346,5,True,True,False,True,True,False,False,False,True,False,True,confirmed_risk_off,False,True,False,True
2024-09-13,516160.SH,1.608,1.6820166666666665,-0.03307276007215876,-0.10117384013415309,-0.21713729308666008,0.012406921071254396,64364571.55,413,-0.09712609869985676,,False,False,False,True,False,False,False,False,False,False,True,confirmed_risk_off,False,True,False,True
2024-09-20,512880.SH,0.816,0.7970166666666667,0.019999999999999796,0.007407407407407307,-0.05773672055427259,0.010136048706634544,582660665.95,417,-0.0005843811478916782,1,True,True,True,True,True,True,False,False,True,False,True,confirmed_risk_off,False,True,False,True
2024-09-20,510300.SH,3.063,3.2038333333333333,-0.03588290840415487,-0.0684306569343065,-0.07740963855421679,0.007302423318317232,4118195725.45,417,-0.0572073538462279,2,True,True,True,True,True,False,False,False,True,False,True,confirmed_risk_off,False,True,False,True
2024-09-20,510500.SH,4.415,4.624333333333333,-0.021064301552106368,-0.1024598495629192,-0.1376953125,0.010053335682833646,1298825323.85,417,-0.07694872294601024,3,True,True,True,True,True,False,False,False,True,False,True,confirmed_risk_off,False,True,False,True
2024-09-20,159915.SZ,1.508,1.5825333333333333,-0.013734466971876969,-0.11241907004120077,-0.1584821428571429,0.01153562261345685,1943784155.3278,417,-0.08215784337665968,4,True,True,False,True,True,False,False,False,True,False,True,confirmed_risk_off,False,True,False,True
2024-09-20,512100.SH,1.736,1.8201333333333334,-0.020316027088036148,-0.10699588477366251,-0.17647058823529416,0.011570168022382891,1370727430.75,417,-0.0862188823917383,5,True,True,False,True,True,False,False,False,True,False,True,confirmed_risk_off,False,True,False,True
2024-09-20,516160.SH,1.594,1.6748166666666668,-0.026267562614538775,-0.09277177006260662,-0.20775347912524844,0.01288393924747962,68350789.1,416,-0.08916642889590785,,False,False,False,True,False,False,False,False,False,False,True,confirmed_risk_off,False,True,False,True
2024-09-27,512880.SH,1.006,0.8066166666666668,0.27503168567807346,0.28644501278772383,0.16570104287369647,0.02443901905308657,1047641961.3,422,0.25773088796105825,1,True,True,True,True,True,True,True,True,False,False,True,risk_on_setup,True,False,True,False
2024-09-27,159915.SZ,1.86,1.5827,0.2391738840772819,0.14180478821362796,0.028761061946902755,0.02862957526782173,2926063190.60305,422,0.15814368130574452,2,True,True,True,True,True,True,True,True,False,False,True,risk_on_setup,True,False,True,False
2024-09-27,510500.SH,5.34,4.619316666666667,0.20951302378255932,0.10949511739040108,0.02259670624281873,0.02527307699260898,1915668456.55,422,0.1321225977177479,3,True,True,True,True,True,True,True,True,False,False,True,risk_on_setup,True,False,True,False
2024-09-27,510300.SH,3.658,3.2078166666666665,0.1627463445645263,0.11558401951814568,0.08836655757215106,0.02154994199236027,5635710611.95,422,0.129005457147499,4,True,True,False,True,True,True,True,True,False,False,True,risk_on_setup,True,False,True,False
2024-09-27,512100.SH,2.094,1.8178666666666667,0.20414031052328907,0.1061806656101425,-0.022865142323845067,0.02596521791115827,1877235408.45,422,0.11955536198860363,5,True,True,False,True,True,True,True,True,False,False,True,risk_on_setup,True,False,True,False
2024-09-27,516160.SH,1.854,1.6749166666666668,0.1416256157635467,0.09574468085106402,-0.10174418604651159,0.022451730304804556,86211050.35,421,0.07459928143654197,,False,False,False,True,False,True,True,False,False,False,True,risk_on_setup,True,False,True,False
2024-10-11,512880.SH,1.116,0.8386666666666667,0.3984962406015038,0.46073298429319376,0.3510895883777241,0.03982917773953586,2305385343.5,427,0.4139096076334238,1,True,True,True,True,True,True,True,True,False,True,False,confirmed_risk_on,True,False,True,False
2024-10-11,159915.SZ,2.06,1.6379166666666665,0.3508196721311476,0.27317676143386893,0.19006354708261108,0.07770684129453008,9028298170.49635,427,0.28761128284252885,2,True,True,True,True,True,True,True,True,False,True,False,confirmed_risk_on,True,False,True,False
2024-10-11,510300.SH,3.766,3.2649666666666666,0.2101542416452442,0.15805658056580585,0.14712153518123672,0.03828723443673372,10479703273.15,427,0.17670863592066738,3,True,True,True,True,True,True,True,True,False,True,False,confirmed_risk_on,True,False,True,False
2024-10-11,516160.SH,1.976,1.7112,0.1860744297719088,0.2026780279975655,-0.014955134596211228,0.041921724429292304,165152105.1,426,0.1525099561885475,4,True,True,False,True,True,True,True,True,False,True,False,confirmed_risk_on,True,False,True,False
2024-10-11,510500.SH,5.403,4.701516666666667,0.20039991113085964,0.13627760252365917,0.049941702293043067,0.037547186670697154,3647678989.65,427,0.14465934592041613,5,True,True,False,True,True,True,True,True,False,True,False,confirmed_risk_on,True,False,True,False
2024-10-11,512100.SH,2.125,1.8523500000000002,0.1985335589396504,0.14308768154921991,0.01967370441458738,0.042058195578840905,3404591300.95,427,0.14058323707846562,6,True,True,False,True,True,True,True,True,False,True,False,confirmed_risk_on,True,False,True,False
2024-10-18,512880.SH,1.169,0.8665333333333333,0.45398009950248763,0.48727735368956737,0.4050480769230771,0.04287666666272529,2851219853.7,432,0.45751259666143745,1,True,True,True,True,True,True,True,True,False,True,False,confirmed_risk_on,True,False,True,False
2024-10-18,159915.SZ,2.156,1.6718833333333334,0.4109947643979057,0.29645219482862295,0.24050632911392422,0.07977956422703944,11136642532.1357,432,0.3310800495133963,2,True,True,True,True,True,True,True,True,False,True,False,confirmed_risk_on,True,False,True,False
2024-10-18,512100.SH,2.259,1.8774,0.29307384087006283,0.20737573490112227,0.10464547677261615,0.04313274574601645,4356334694.4,432,0.22110892566299725,3,True,True,True,True,True,True,True,True,False,True,False,confirmed_risk_on,True,False,True,False
2024-10-18,510500.SH,5.584,4.7547,0.259075535512965,0.1686898283800753,0.07570795607782688,0.03880548433201327,4499834982.95,432,0.18624773677278153,4,True,True,False,True,True,True,True,True,False,True,False,confirmed_risk_on,True,False,True,False
2024-10-18,510300.SH,3.805,3.2998833333333333,0.2504107788366743,0.13751868460388628,0.13649940262843496,0.03957033287996977,12502913771.45,432,0.18247166590191122,5,True,True,False,True,True,True,True,True,False,True,False,confirmed_risk_on,True,False,True,False
2024-10-18,516160.SH,1.988,1.7317166666666666,0.21219512195121948,0.15715948777648436,0.014285714285714235,0.043793705873507977,185214726.4,431,0.15059898674822436,6,True,True,False,True,True,True,True,True,False,True,False,confirmed_risk_on,True,False,True,False
2024-10-25,512880.SH,1.147,0.8957166666666667,0.4056372549019609,0.4761904761904763,0.38694074969770265,0.04403234902575375,3267969773.05,437,0.4301192423765154,1,True,True,True,True,True,True,True,True,False,True,False,confirmed_risk_on,True,False,True,False
2024-10-25,159915.SZ,2.196,1.7135833333333332,0.45623342175066317,0.35639283508338493,0.2797202797202798,0.07963331233768445,12477849801.95265,437,0.3809945586776752,2,True,True,True,True,True,True,True,True,False,True,False,confirmed_risk_on,True,False,True,False
2024-10-25,516160.SH,2.198,1.7624833333333332,0.3789209535759095,0.2944640753828034,0.1817204301075268,0.04479629028331961,244076839.1,436,0.3056980976049905,3,True,True,True,True,True,True,True,True,False,True,False,confirmed_risk_on,True,False,True,False
2024-10-25,512100.SH,2.359,1.916383333333333,0.3588709677419355,0.3105555555555555,0.1479318734793187,0.04246314185412006,4732718701.9,437,0.2973569840148601,4,True,True,False,True,True,True,True,True,False,True,False,confirmed_risk_on,True,False,True,False
2024-10-25,510500.SH,5.754,4.835833333333334,0.3032842582106454,0.2552356020942408,0.12801411487943537,0.038296530985983936,4882682576.6,437,0.24901076709784153,5,True,True,False,True,True,True,True,True,False,True,False,confirmed_risk_on,True,False,True,False
2024-10-25,510300.SH,3.829,3.3404499999999997,0.25008161932745665,0.17166462668298665,0.1560990338164252,0.039641432915261496,13384829371.4,437,0.19991830516746237,6,True,True,False,True,True,True,True,True,False,True,False,confirmed_risk_on,True,False,True,False
2024-11-01,512880.SH,1.153,0.92435,0.14612326043737567,0.370986920332937,0.31771428571428584,0.039941261557506144,3186034083.55,442,0.27038692945098225,1,True,True,True,True,True,True,True,True,False,True,False,confirmed_risk_on,True,False,True,False
2024-11-01,159915.SZ,2.084,1.75585,0.12043010752688166,0.25693606755126663,0.12648648648648653,0.07737890334734084,12505343881.48715,442,0.17624376732855662,2,True,True,True,True,True,True,True,True,False,True,False,confirmed_risk_on,True,False,True,False
2024-11-01,516160.SH,2.14,1.7978166666666666,0.15426105717367844,0.2249570692615912,0.07537688442211055,0.043506714950704156,266423433.8,441,0.16676262745853,3,True,True,True,True,True,True,True,True,False,True,False,confirmed_risk_on,True,False,True,False
2024-11-01,512100.SH,2.333,1.9605666666666663,0.1141356255969439,0.21827676240208893,0.07067462138595704,0.038259945806121555,4717306999.0,442,0.14709987947680456,4,True,True,False,True,True,True,True,True,False,True,False,confirmed_risk_on,True,False,True,False
2024-11-01,510500.SH,5.793,4.931016666666666,0.08483146067415737,0.20136872666943173,0.07816862088218879,0.031928667591641036,4843396955.0,442,0.1301137991138734,5,True,True,False,True,True,True,True,True,False,True,False,confirmed_risk_on,True,False,True,False
2024-11-01,510300.SH,3.768,3.3846833333333337,0.03007107709130663,0.1428571428571428,0.09566734515847619,0.03532633002934579,12456268217.45,442,0.08830475701107501,6,True,True,False,True,True,True,True,True,False,True,False,confirmed_risk_on,True,False,True,False
2024-11-08,512880.SH,1.32,0.9629,0.18279569892473102,0.6296296296296295,0.4949037372593432,0.03174229710755451,2848454538.6,447,0.4239508788736129,1,True,True,True,True,True,True,True,True,False,True,False,confirmed_risk_on,True,False,True,False
2024-11-08,159915.SZ,2.282,1.80915,0.10776699029126213,0.4361233480176212,0.25868725868725884,0.027702677623753835,7960555748.320498,447,0.26929358706100515,2,True,True,True,True,True,True,True,True,False,True,False,confirmed_risk_on,True,False,True,False
2024-11-08,512100.SH,2.529,2.0122,0.1901176470588235,0.3692474282620466,0.17573221757322188,0.019099741083608485,3504687257.35,447,0.25889247364299245,3,True,True,True,True,True,True,True,True,False,True,False,confirmed_risk_on,True,False,True,False
2024-11-08,510500.SH,6.173,5.046566666666667,0.1425134184712198,0.32184154175588864,0.15426327599102474,0.015754548944229094,3353454787.3,447,0.21659463928904832,4,True,True,False,True,True,True,True,True,False,True,False,confirmed_risk_on,True,False,True,False
2024-11-08,516160.SH,2.23,1.8396666666666666,0.12854251012145745,0.2980209545983703,0.1377551020408163,0.02448785759176258,233498903.8,446,0.19817640629609437,5,True,True,False,True,True,True,True,True,False,True,False,confirmed_risk_on,True,False,True,False
2024-11-08,510300.SH,3.983,3.4442666666666666,0.05762081784386619,0.24858934169279,0.15852239674229196,0.016896116493139622,8974902988.15,447,0.1541885431631209,6,True,True,False,True,True,True,True,True,False,True,False,confirmed_risk_on,True,False,True,False
2024-11-15,512880.SH,1.215,1.0017333333333334,0.03934987168520099,0.5037128712871286,0.4030023094688222,0.029414446977403443,2755300823.35,452,0.2978255590826963,1,True,True,True,True,True,True,True,True,False,True,False,confirmed_risk_on,True,False,True,False
2024-11-15,159915.SZ,2.204,1.8710499999999999,0.02226345083487935,0.41736334405144704,0.2123212321232124,0.02307483981886113,6989860678.45455,452,0.21831496437917308,2,True,True,True,True,True,True,True,True,False,True,False,confirmed_risk_on,True,False,True,False
2024-11-15,512100.SH,2.411,2.0696,0.06728640991589208,0.33278054173576566,0.12296227293898476,0.018359352675778033,3096972903.85,452,0.18461923524846005,3,True,True,True,True,True,True,True,True,False,True,False,confirmed_risk_on,True,False,True,False
2024-11-15,516160.SH,2.168,1.88825,0.0905432595573441,0.30132052821128474,0.12273433454168825,0.023873050269341136,258708000.9,451,0.1812923820157892,4,True,True,False,True,True,True,True,True,False,True,False,confirmed_risk_on,True,False,True,False
2024-11-15,510500.SH,5.868,5.169883333333334,0.05085959885386826,0.2801047120418849,0.10073157006190203,0.014711433009517137,3040495880.05,452,0.1525320383706817,5,True,True,False,True,True,True,True,True,False,True,False,confirmed_risk_on,True,False,True,False
2024-11-15,510300.SH,3.844,3.507716666666667,0.010249671484888312,0.21684077239632793,0.11066165848020804,0.013567334335617123,8057629469.6,452,0.11296850924852811,6,True,True,False,True,True,True,True,True,False,True,False,confirmed_risk_on,True,False,True,False
2024-11-22,512880.SH,1.178,1.0353833333333333,0.027027027027026973,0.4724999999999999,0.4023809523809523,0.03119203359813006,2711436340.8,457,0.28028700128700124,1,True,True,True,True,True,True,True,True,False,True,False,confirmed_risk_on,True,False,True,False
2024-11-22,159915.SZ,2.136,1.9242666666666666,-0.02732240437158473,0.39699149771092235,0.20746184284906732,0.025104770414704304,6427921904.0863,457,0.18936000590554852,2,True,True,True,True,True,True,True,True,False,True,False,confirmed_risk_on,True,False,True,False
2024-11-22,512100.SH,2.369,2.1204666666666667,0.004239084357778866,0.33690744920993243,0.14113680154142583,0.02136419775722285,2892649408.5,457,0.1646859737353697,3,True,True,True,True,True,True,True,True,False,True,False,confirmed_risk_on,True,False,True,False
2024-11-22,516160.SH,2.13,1.932,-0.030937215650591487,0.3011606597434331,0.10822060353798135,0.02034151391000203,216123914.75,456,0.1297334983447329,4,True,True,False,True,True,True,True,True,False,True,False,confirmed_risk_on,True,False,True,False
2024-11-22,510500.SH,5.687,5.275733333333334,-0.011644073687869239,0.2609756097560978,0.0972409801273395,0.017564405187562755,3055229396.7,457,0.11918081045275933,5,True,True,False,True,True,True,True,True,False,True,False,confirmed_risk_on,True,False,True,False
2024-11-22,510300.SH,3.742,3.560416666666667,-0.022721337163750355,0.1778407302486622,0.10123602118893471,0.014905574968302044,7636701724.05,457,0.0822949614717517,6,True,True,False,True,True,True,True,True,False,True,False,confirmed_risk_on,True,False,True,False
2024-11-29,512880.SH,1.216,1.0683,0.05464006938421506,0.541191381495564,0.45803357314148685,0.031425638770799666,2672435282.65,462,0.329939294980209,1,True,True,True,True,True,True,True,True,False,True,False,confirmed_risk_on,True,False,True,False
2024-11-29,159915.SZ,2.179,1.977,0.045585412667946246,0.45169886742171883,0.20653377630121805,0.025606773984547318,6205404629.0069,462,0.24022046729610966,2,True,True,True,True,True,True,True,True,False,True,False,confirmed_risk_on,True,False,True,False
2024-11-29,512100.SH,2.435,2.1743499999999996,0.043720531504500615,0.4002300172512938,0.17917675544794198,0.020743971770423978,2686298093.05,462,0.2134155705919062,3,True,True,True,True,True,True,True,True,False,True,False,confirmed_risk_on,True,False,True,False
2024-11-29,516160.SH,2.16,1.97515,0.009345794392523477,0.3300492610837438,0.10204081632653073,0.020190076138950817,191599452.55,461,0.15616618545581304,4,True,True,False,True,True,True,True,True,False,True,False,confirmed_risk_on,True,False,True,False
2024-11-29,510500.SH,5.791,5.381483333333334,-0.0003452442603141259,0.311664779161948,0.11108979278587894,0.017919056109115976,2626496962.05,462,0.14674577251782933,5,True,True,False,True,True,True,True,True,False,True,False,confirmed_risk_on,True,False,True,False
2024-11-29,510300.SH,3.79,3.60875,0.0058386411889597145,0.2047043865225684,0.11437812408115278,0.015468954678431675,7147897860.3,462,0.1070928359008418,6,True,True,False,True,True,True,True,True,False,True,False,confirmed_risk_on,True,False,True,False
2024-12-06,512880.SH,1.244,1.1040833333333333,-0.05757575757575761,0.5588972431077692,0.5245098039215688,0.01923951599743647,2049014581.75,467,0.3054305549971184,1,True,True,True,True,True,True,True,True,False,True,False,confirmed_risk_on,True,False,True,False
2024-12-06,159915.SZ,2.224,2.032966666666667,-0.025416301489921023,0.4583606557377051,0.27596098680436043,0.02152708940019957,5033042584.0407,467,0.22836993905998573,2,True,True,True,True,True,True,True,True,False,True,False,confirmed_risk_on,True,False,True,False
2024-12-06,512100.SH,2.502,2.2326166666666665,-0.01067615658362997,0.41116751269035534,0.23372781065088755,0.01932434625609898,2727638893.2,467,0.20694210457286766,3,True,True,True,True,True,True,True,True,False,True,False,confirmed_risk_on,True,False,True,False
2024-12-06,510500.SH,5.923,5.495416666666667,-0.04049894702737733,0.31592979337924887,0.15728800312622115,0.016208494845311193,2395930510.4,467,0.14162993916599287,4,True,True,False,True,True,True,True,True,False,True,False,confirmed_risk_on,True,False,True,False
2024-12-06,516160.SH,2.15,2.0161,-0.0358744394618834,0.290516206482593,0.15405260332796566,0.0197361907970816,150877701.1,466,0.132667227473877,5,True,True,False,True,True,True,True,True,False,True,False,confirmed_risk_on,True,False,True,False
2024-12-06,510300.SH,3.846,3.665516666666667,-0.03439618378106957,0.23586118251928023,0.15287769784172678,0.011387518405934244,5929465291.25,467,0.11116153906362962,6,True,True,False,True,True,True,True,True,False,True,False,confirmed_risk_on,True,False,True,False
2024-12-13,512880.SH,1.219,1.1401333333333334,0.003292181069958877,0.5161691542288558,0.4740024183796858,0.018092335295473456,1931781895.55,472,0.30258501779546304,1,True,True,True,True,True,True,True,True,False,True,False,confirmed_risk_on,True,False,True,False
2024-12-13,512100.SH,2.507,2.2960833333333333,0.03981750311074239,0.4350314825414996,0.24788451966152336,0.017329703790845318,2691416211.15,472,0.2395164981932015,2,True,True,True,True,True,True,True,True,False,True,False,confirmed_risk_on,True,False,True,False
2024-12-13,159915.SZ,2.193,2.0911166666666667,-0.004990925589836714,0.4352094240837696,0.250998288648032,0.018146658577572358,4526097386.7227,472,0.22228705712717955,3,True,True,True,True,True,True,True,True,False,True,False,confirmed_risk_on,True,False,True,False
2024-12-13,510500.SH,5.946,5.6212,0.01329243353783216,0.3406989853438558,0.17254979294024841,0.014083787691455163,2454792429.3,472,0.17610652614072486,4,True,True,False,True,True,True,True,True,False,True,False,confirmed_risk_on,True,False,True,False
2024-12-13,510300.SH,3.809,3.7312333333333334,-0.009105098855358928,0.2517252711140321,0.14247150569886036,0.011451725947931476,5766277134.7,472,0.12554237004324134,5,True,True,False,True,True,True,True,True,False,True,False,confirmed_risk_on,True,False,True,False
2024-12-13,516160.SH,2.09,2.0566666666666666,-0.03597785977859791,0.27439024390243905,0.13958560523446017,0.015928551918837915,116720327.6,471,0.12328207469642849,6,True,True,False,True,True,True,True,True,False,True,False,confirmed_risk_on,True,False,True,False
2024-12-20,512880.SH,1.203,1.1728166666666666,0.021222410865874508,0.47426470588235303,0.48518518518518516,0.013707858300854204,1695858005.5,477,0.295231883736328,1,True,True,True,True,True,True,True,True,False,True,False,confirmed_risk_on,True,False,True,False
2024-12-20,512100.SH,2.471,2.3560166666666666,0.043056141831996575,0.4233870967741935,0.2710905349794239,0.013581203139796015,2539961414.6,477,0.2407954024383608,2,True,True,True,True,True,True,True,True,False,True,False,confirmed_risk_on,True,False,True,False
2024-12-20,159915.SZ,2.169,2.145283333333333,0.015449438202247201,0.43832891246684347,0.2766333137139494,0.013698530599196835,3942107517.9792504,477,0.23683800301042618,3,True,True,True,True,True,True,True,True,False,True,False,confirmed_risk_on,True,False,True,False
2024-12-20,510500.SH,5.856,5.7401,0.029716898188851593,0.32638731596828996,0.19048587111201476,0.01028666617718817,2322115800.55,477,0.18053885988525958,4,True,True,False,True,True,True,True,True,False,True,False,confirmed_risk_on,True,False,True,False
2024-12-20,510300.SH,3.807,3.795016666666667,0.017370390165686755,0.24289911851126345,0.15784671532846728,0.009136076389651745,5345474023.55,477,0.13567714653647356,5,True,True,False,True,True,True,True,True,False,True,False,confirmed_risk_on,True,False,True,False
2024-12-20,516160.SH,2.024,2.0925,-0.04976525821596234,0.2697616060225847,0.15196357427433127,0.011293822218519075,102030057.45,476,0.11839125397751521,6,True,True,False,True,True,False,True,False,True,True,False,confirmed_risk_on,True,False,True,False
2024-12-27,512880.SH,1.213,1.1979333333333335,-0.002467105263157854,0.205765407554672,0.551150895140665,0.01187906670758283,1635868119.45,482,0.19154949994473863,1,True,True,True,True,True,True,True,True,False,True,False,confirmed_risk_on,True,False,True,False
2024-12-27,512100.SH,2.429,2.4008666666666665,-0.00246406570841895,0.1599808978032473,0.2831484416270469,0.013762353819642541,2532264487.65,482,0.11963642116334072,2,True,True,True,True,True,True,True,True,False,True,False,confirmed_risk_on,True,False,True,False
2024-12-27,510500.SH,5.838,5.824833333333332,0.008116042134346246,0.09325842696629216,0.21296488676501157,0.009937305313181497,2494519651.45,482,0.08314276499325768,3,True,True,True,True,True,True,True,True,False,True,False,confirmed_risk_on,True,False,True,False
2024-12-27,510300.SH,3.856,3.8385166666666666,0.017414248021108136,0.05412793876435207,0.17596828301311374,0.008058421274908925,5403382440.1,482,0.06381053131680683,4,True,True,False,True,True,True,True,True,False,True,False,confirmed_risk_on,True,False,True,False
2024-12-27,159915.SZ,2.163,2.1879166666666667,-0.007342817806333168,0.16290322580645156,0.3278084714548801,0.010856313148699524,3535697652.4486,482,0.1277858574910234,5,True,True,False,True,True,False,True,False,True,True,False,confirmed_risk_on,True,False,True,False
2024-12-27,516160.SH,2.014,2.1191833333333334,-0.06759259259259276,0.08629989212513478,0.19030732860520083,0.009321518897413917,96407257.15,481,0.04554438553405697,,False,False,False,True,False,False,True,False,False,True,False,confirmed_risk_on,True,False,True,False
2025-01-03,512880.SH,1.076,1.1972666666666667,-0.12377850162866444,-0.033243486073674666,0.4102228047182177,0.019275291986095636,1720854064.85,486,0.019235765862707893,1,True,True,True,True,True,False,True,False,True,False,True,confirmed_risk_off,False,True,False,True
2025-01-03,512100.SH,2.212,2.4013333333333335,-0.10590137429264346,-0.00225529995489393,0.18415417558886515,0.015972759991494893,2557217138.55,486,-0.00643183458124192,2,True,True,True,True,True,False,False,False,True,False,True,confirmed_risk_off,False,True,False,True
2025-01-03,510300.SH,3.658,3.824066666666667,-0.03635405690200211,-0.05600000000000005,0.12208588957055211,0.011060805116217334,5925065573.05,486,-0.012524444846690436,3,True,True,True,True,True,False,False,False,True,False,True,confirmed_risk_off,False,True,False,True
2025-01-03,510500.SH,5.37,5.809283333333334,-0.08126603934987164,-0.04719659332860182,0.12272632239180425,0.013458264253169204,2682722973.65,486,-0.026839788593028543,4,True,True,False,True,True,False,False,False,True,False,True,confirmed_risk_off,False,True,False,True
2025-01-03,159915.SZ,1.978,2.1702166666666667,-0.09141019751952228,-0.09015639374425022,0.22098765432098766,0.014694738694307579,3610319408.2813997,486,-0.028429105641311472,5,True,True,False,True,True,False,False,False,True,False,True,confirmed_risk_off,False,True,False,True
2025-01-03,516160.SH,1.883,2.1082833333333335,-0.11513157894736847,-0.095581171950048,0.14607425441265987,0.010932833464168434,100503520.8,485,-0.05507024947643463,6,True,True,False,True,True,False,False,False,True,False,True,confirmed_risk_off,False,True,False,True
2025-01-10,512880.SH,1.054,1.19495,-0.16282764098490854,-0.03125,0.35128205128205137,0.018362541977645943,1450346471.7,491,-0.007374646137553148,1,True,True,True,True,True,False,False,False,True,False,True,confirmed_risk_off,False,True,False,True
2025-01-10,510300.SH,3.612,3.81705,-0.07526881720430112,-0.010952902519167584,0.08143712574850315,0.010173188976554242,5288138843.9,491,-0.018201262739686853,2,True,True,True,True,True,False,False,False,True,False,True,confirmed_risk_off,False,True,False,True
2025-01-10,512100.SH,2.177,2.4053999999999998,-0.14927706135209073,0.009272137227630983,0.15552016985138017,0.015240270535173975,2376041781.7,491,-0.024897935679507863,3,True,True,True,True,True,False,False,False,True,False,True,confirmed_risk_off,False,True,False,True
2025-01-10,510500.SH,5.306,5.805533333333333,-0.12210456651224344,-0.008038885773041682,0.10243091626843981,0.012412363062051488,2380219806.0,491,-0.03157119766042609,4,True,True,False,True,True,False,False,False,True,False,True,confirmed_risk_off,False,True,False,True
2025-01-10,159915.SZ,1.938,2.164,-0.1379003558718862,-0.028571428571428692,0.16466346153846145,0.013002451402071125,3194160556.58805,491,-0.03365602146963367,5,True,True,False,True,True,False,False,False,True,False,True,confirmed_risk_off,False,True,False,True
2025-01-10,516160.SH,1.833,2.1019666666666668,-0.1434579439252337,-0.029645314981471715,0.0669383003492432,0.010702524770242989,90100774.55,490,-0.05585364349283353,,False,False,False,True,False,False,False,False,False,False,True,confirmed_risk_off,False,True,False,True
2025-01-17,512880.SH,1.094,1.1900499999999998,-0.08681135225375614,-0.03866432337434078,0.3918575063613232,0.020835879910382066,1437103289.45,496,0.028181231021025883,1,True,True,True,True,True,False,True,False,True,False,True,confirmed_risk_off,False,True,False,True
2025-01-17,512100.SH,2.295,2.40225,-0.06173344235486522,-0.00390625,0.25684556407447956,0.018682153464503866,2446832222.4,496,0.025113235872949825,2,True,True,True,True,True,False,True,False,True,False,True,confirmed_risk_off,False,True,False,True
2025-01-17,510500.SH,5.519,5.788366666666667,-0.05561259411362085,-0.02577228596646075,0.18918336565395388,0.0149181130068222,2259757116.65,496,0.005282721098758138,3,True,True,True,True,True,False,True,False,True,False,True,confirmed_risk_off,False,True,False,True
2025-01-17,159915.SZ,2.026,2.151016666666666,-0.06678949792722244,-0.04971857410881819,0.23536585365853657,0.017481891266445084,3352711060.8360996,496,0.00046994191729106405,4,True,True,False,True,True,False,True,False,True,False,True,confirmed_risk_off,False,True,False,True
2025-01-17,510300.SH,3.687,3.804416666666667,-0.03456402199528674,-0.029736842105263173,0.12066869300911853,0.01102926245023185,4961533798.25,496,-0.0015866070383962587,5,True,True,False,True,True,False,False,False,True,False,True,confirmed_risk_off,False,True,False,True
2025-01-17,516160.SH,1.908,2.0881166666666666,-0.06148548942449583,-0.07915057915057921,0.11513734658094665,0.01320520922507276,87126851.75,495,-0.03322695811384069,,False,False,False,True,False,False,False,False,False,False,True,confirmed_risk_off,False,True,False,True
2025-01-24,159915.SZ,2.084,2.1439333333333335,-0.03785780240073866,-0.01790763430725717,0.30168644597126804,0.01816567569112432,3427590136.30515,501,0.03803111451105527,1,True,True,True,True,True,False,True,False,True,False,True,confirmed_risk_off,False,True,False,True
2025-01-24,512880.SH,1.114,1.1864333333333335,-0.07475083056478393,-0.04459691252144071,0.3977415307402761,0.02057557068462368,1430278536.6,501,0.03180920891356536,2,True,True,True,True,True,False,True,False,True,False,True,confirmed_risk_off,False,True,False,True
2025-01-24,512100.SH,2.339,2.3970166666666666,-0.03546391752577316,-0.027442827442827333,0.2774440196613872,0.017902236650151136,2445732869.35,501,0.03032610594483725,3,True,True,True,True,True,False,True,False,True,False,True,confirmed_risk_off,False,True,False,True
2025-01-24,510300.SH,3.718,3.7962499999999997,-0.037286380113930595,-0.011170212765957421,0.15465838509316754,0.011104191275356386,4619352007.55,501,0.011549039866678303,4,True,True,False,True,True,False,True,False,True,False,True,confirmed_risk_off,False,True,False,True
2025-01-24,510500.SH,5.59,5.768400000000001,-0.0401785714285714,-0.043954164528818285,0.2102186620480624,0.014517201604028135,2174906486.4,501,0.008390638026656613,5,True,True,False,True,True,False,True,False,True,False,True,confirmed_risk_off,False,True,False,True
2025-01-24,516160.SH,1.892,2.0656000000000003,-0.06197322756569157,-0.12569316081330884,0.1116333725029377,0.013749991416134677,83469987.8,500,-0.05273988085101262,,False,False,False,True,False,False,False,False,False,False,True,confirmed_risk_off,False,True,False,True
2025-02-07,512100.SH,2.414,2.3924000000000003,0.0601668862538427,-0.026220250100847053,0.32419089413055424,0.01707709726247634,2476097992.7,505,0.07841683328730911,1,True,True,True,True,True,True,True,True,False,False,True,mixed,False,True,True,False
2025-02-07,510500.SH,5.769,5.746899999999999,0.051969365426695946,-0.04958813838550247,0.24951267056530213,0.012759116636974531,2167183694.45,505,0.05085502492953782,2,True,True,True,True,True,True,True,True,False,False,True,mixed,False,True,True,False
2025-02-07,159915.SZ,2.131,2.1366333333333336,0.05547300643883091,-0.041385515069725654,0.35215736040609125,0.017582420701806475,3443339907.55935,505,0.07606646862886035,3,True,True,True,True,True,False,True,False,True,False,True,mixed,False,True,True,False
2025-02-07,512880.SH,1.128,1.1786166666666666,0.01989150090415892,-0.10262529832935563,0.38916256157635454,0.01569738030226489,1315990967.85,505,0.04473899334519223,4,True,True,False,True,True,False,True,False,True,False,True,mixed,False,True,True,False
2025-02-07,510300.SH,3.777,3.7871666666666663,0.021362898864250912,-0.031538461538461515,0.18142008132624343,0.00941071695494907,4384657202.5,505,0.032213791195564445,5,True,True,False,True,True,False,True,False,True,False,True,mixed,False,True,True,False
2025-02-07,516160.SH,1.963,2.046983333333333,0.022395833333333393,-0.11416967509025278,0.16706302021403108,0.014363983135971642,82604307.3,504,-0.0032969326599615392,,False,False,False,True,False,False,False,False,False,False,True,mixed,False,True,True,False
2025-02-14,512100.SH,2.459,2.38415,0.10467205750224617,-0.03492935635792782,0.34887547997805823,0.015607099559788035,2158631730.6,510,0.09767217645333899,1,True,True,True,True,True,True,True,True,False,False,True,risk_on_setup,True,False,True,False
2025-02-14,159915.SZ,2.174,2.1209666666666664,0.1029934043632672,-0.08347386172006743,0.39091490722968647,0.017526500052389284,3365956657.9011497,510,0.08599079850321721,2,True,True,True,True,True,True,True,True,False,False,True,risk_on_setup,True,False,True,False
2025-02-14,510500.SH,5.891,5.716333333333334,0.09335560504825535,-0.049838709677419435,0.2693385046326222,0.011754137392114606,2103902251.5,510,0.07127445907485881,3,True,True,True,True,True,True,True,True,False,False,True,risk_on_setup,True,False,True,False
2025-02-14,510300.SH,3.823,3.770483333333333,0.045964432284541834,-0.04041164658634544,0.2029578351164254,0.009171504546284502,4352346911.05,510,0.042812681302563646,4,True,True,False,True,True,True,True,True,False,False,True,risk_on_setup,True,False,True,False
2025-02-14,512880.SH,1.133,1.1631666666666665,0.055917986952469745,-0.11897356143079318,0.40920398009950243,0.014523066072602923,1427880244.1,510,0.056618566228571116,5,True,True,False,True,True,False,True,False,True,False,True,risk_on_setup,True,False,True,False
2025-02-14,516160.SH,1.947,2.0185333333333335,0.03729355354288755,-0.16005176876617777,0.16169451073985686,0.01465905877989924,99477700.6,509,-0.016764383941344718,,False,False,False,True,False,False,False,False,False,False,True,risk_on_setup,True,False,True,False
2025-02-21,512100.SH,2.54,2.3890000000000002,0.11501316944688322,0.032940219601464094,0.3994490358126723,0.012848100657520586,2108678756.5,515,0.1390711627818734,1,True,True,True,True,True,True,True,True,False,True,False,confirmed_risk_on,True,False,True,False
2025-02-21,159915.SZ,2.239,2.1184833333333333,0.11393034825870663,0.007197480881691476,0.43617703656189866,0.015032437853719589,3249088064.23265,515,0.135686538968539,2,True,True,True,True,True,True,True,True,False,True,False,confirmed_risk_on,True,False,True,False
2025-02-21,510500.SH,5.992,5.715400000000001,0.0944292237442923,0.01011463250168565,0.30232558139534893,0.010157889383816834,2064067847.3,515,0.10228265877746097,3,True,True,True,True,True,True,True,True,False,True,False,confirmed_risk_on,True,False,True,False
2025-02-21,510300.SH,3.864,3.7678000000000003,0.0517147523135546,0.001814882032667775,0.20448877805486276,0.007149354322587181,4555759604.25,515,0.06230960934946151,4,True,True,False,True,True,True,True,True,False,True,False,confirmed_risk_on,True,False,True,False
2025-02-21,512880.SH,1.141,1.1548333333333334,0.04487179487179471,-0.06857142857142862,0.406905055487053,0.012725697534788225,1648403269.25,515,0.07190115761755705,5,True,True,False,True,True,False,True,False,True,True,False,confirmed_risk_on,True,False,True,False
2025-02-21,516160.SH,1.963,1.9981833333333334,0.02774869109947642,-0.11176470588235288,0.18538647342995174,0.012362857097641197,116298851.7,514,0.0034708887728397697,6,True,True,False,True,True,False,True,False,True,True,False,confirmed_risk_on,True,False,True,False
2025-02-28,512100.SH,2.47,2.400816666666666,0.07766143106457268,0.02574750830564798,0.40580535002845775,0.015655093179242813,2059199563.6,520,0.12252464575377983,1,True,True,True,True,True,True,True,True,False,True,False,confirmed_risk_on,True,False,True,False
2025-02-28,159915.SZ,2.128,2.1220833333333333,0.03703703703703698,-0.017090069284064646,0.40462046204620483,0.017895472010192245,3315100597.35405,520,0.08890287951042991,2,True,True,True,True,True,True,True,True,False,True,False,confirmed_risk_on,True,False,True,False
2025-02-28,510500.SH,5.805,5.731716666666667,0.051249547265483475,0.010795751349468752,0.30156950672645744,0.012705112296848257,2081077033.6,520,0.08513202079127238,3,True,True,True,True,True,True,True,True,False,True,False,confirmed_risk_on,True,False,True,False
2025-02-28,510300.SH,3.783,3.7733166666666667,0.026315789473684292,0.001853813559322015,0.18850141376060314,0.008780798001277592,4906326978.4,520,0.04896812396532316,4,True,True,False,True,True,True,True,True,False,True,False,confirmed_risk_on,True,False,True,False
2025-02-28,512880.SH,1.109,1.1499833333333334,0.0072661217075387086,-0.07274247491638797,0.3949685534591194,0.016297608863819216,1993956928.75,520,0.05280316940828418,5,True,True,False,True,True,False,True,False,True,True,False,confirmed_risk_on,True,False,True,False
2025-02-28,516160.SH,1.97,1.9844499999999998,0.053475935828877,-0.0849976776590804,0.2034208918753817,0.012900950343311979,136592060.25,519,0.028075481642994986,6,True,True,False,True,True,False,True,False,True,True,False,confirmed_risk_on,True,False,True,False
2025-03-07,512100.SH,2.562,2.40715,0.061309030654515206,0.047852760736196265,0.45238095238095233,0.013967087721858491,1808654610.1,525,0.13414090703247505,1,True,True,True,True,True,True,True,True,False,True,False,confirmed_risk_on,True,False,True,False
2025-03-07,159915.SZ,2.16,2.1207000000000003,0.01360863444392324,-0.004608294930875445,0.43331121433311237,0.015607101985418226,3198459778.4609003,525,0.0902623786718416,2,True,True,True,True,True,True,True,True,False,True,False,confirmed_risk_on,True,False,True,False
2025-03-07,510500.SH,5.951,5.738583333333334,0.03154792858380984,0.021105010295126903,0.3331093189964156,0.011275482631784737,1885437662.4,525,0.08768303935085783,3,True,True,True,True,True,True,True,True,False,True,False,confirmed_risk_on,True,False,True,False
2025-03-07,510300.SH,3.828,3.773333333333333,0.01350277998411431,0.006573757559821258,0.22652995834668377,0.008072880971133685,4802332908.85,525,0.05333660668691098,4,True,True,False,True,True,True,True,True,False,True,False,confirmed_risk_on,True,False,True,False
2025-03-07,516160.SH,1.98,1.9709,0.008660213958227247,-0.06998590887740719,0.20731707317073167,0.012505602731212782,151067037.15,524,0.01693313666647436,5,True,True,False,True,True,True,True,True,False,True,False,confirmed_risk_on,True,False,True,False
2025-03-07,512880.SH,1.12,1.1419166666666667,-0.007092198581560072,-0.07742998352553532,0.41235813366960916,0.015479844049904034,2163708284.05,525,0.048662753891083675,6,True,True,False,True,True,False,True,False,True,True,False,confirmed_risk_on,True,False,True,False
2025-03-14,512100.SH,2.59,2.4133500000000003,0.05327368849125658,0.020086648286727016,0.48679678530424786,0.014222294758894983,1748751700.5,530,0.12670349177204301,1,True,True,True,True,True,True,True,True,False,True,False,confirmed_risk_on,True,False,True,False
2025-03-14,510500.SH,6.036,5.7431,0.02461381768799864,0.008016032064128042,0.3640677966101695,0.011497746903591309,1850707788.15,530,0.08586549922288458,2,True,True,True,True,True,True,True,True,False,True,False,confirmed_risk_on,True,False,True,False
2025-03-14,159915.SZ,2.186,2.116233333333333,0.005519779208831732,-0.014427412082957614,0.4448116325181759,0.01573640227227412,3061260799.1653,530,0.08539927335398483,3,True,True,True,True,True,True,True,True,False,True,False,confirmed_risk_on,True,False,True,False
2025-03-14,510300.SH,3.895,3.7719333333333336,0.018833376929113355,0.008022774327122173,0.27704918032786896,0.009680245806448553,4790824197.4,530,0.06615229656806801,4,True,True,False,True,True,True,True,True,False,True,False,confirmed_risk_on,True,False,True,False
2025-03-14,512880.SH,1.152,1.1323,0.01676963812886134,-0.07171635777598728,0.42574257425742545,0.016832853746791304,2257567201.6,530,0.06316982699263472,5,True,True,False,True,True,True,True,True,False,True,False,confirmed_risk_on,True,False,True,False
2025-03-14,516160.SH,2.002,1.9583833333333334,0.02824858757062132,-0.05655042412818101,0.23275862068965503,0.0119279246621334,142748648.0,529,0.035230989514907135,6,True,True,False,True,True,True,True,True,False,True,False,confirmed_risk_on,True,False,True,False
2025-03-21,512100.SH,2.521,2.4213666666666662,-0.007480314960629952,0.03362033620336202,0.47340736411455286,0.012942341140664497,1531413435.55,535,0.1051374813200034,1,True,True,True,True,True,True,True,True,False,True,False,confirmed_risk_on,True,False,True,False
2025-03-21,510500.SH,5.906,5.752933333333333,-0.014352469959946657,0.01373154823206324,0.3471715328467151,0.010318348432619476,1712891823.45,535,0.06918593787818965,2,True,True,True,True,True,True,True,True,False,True,False,confirmed_risk_on,True,False,True,False
2025-03-21,510300.SH,3.799,3.775733333333333,-0.016821946169772284,-0.003671649619722106,0.25503799141063754,0.009897334332032721,4531440135.55,535,0.04281015996632975,3,True,True,True,True,True,True,True,True,False,True,False,confirmed_risk_on,True,False,True,False
2025-03-21,516160.SH,1.961,1.9515500000000001,-0.0010188487009679115,-0.04154447702834785,0.2279273638071384,0.01187487526173506,133106487.1,534,0.028560142469701382,4,True,True,False,True,True,True,True,True,False,True,False,confirmed_risk_on,True,False,True,False
2025-03-21,159915.SZ,2.112,2.1144000000000003,-0.0567217507815988,-0.02131603336422605,0.4042553191489362,0.014056042873672724,2858088108.011,535,0.0496359501714573,5,True,True,False,True,True,False,True,False,True,True,False,confirmed_risk_on,True,False,True,False
2025-03-21,512880.SH,1.111,1.1252166666666665,-0.0262927256792288,-0.07570715474209644,0.37841191066997504,0.015505443312072993,2142501764.9,535,0.034882429965464916,6,True,True,False,True,True,False,True,False,True,True,False,confirmed_risk_on,True,False,True,False
2025-03-28,512100.SH,2.466,2.4262333333333332,-0.0016194331983805377,0.027072053311120614,0.3497536945812809,0.010174432574369448,1462883640.4,540,0.08013178696135222,1,True,True,True,True,True,True,True,True,False,True,False,confirmed_risk_on,True,False,True,False
2025-03-28,510500.SH,5.847,5.7584,0.007235142118863225,0.011766741650804713,0.2547210300429186,0.00776345944604518,1529796356.35,540,0.05854495951645089,2,True,True,True,True,True,True,True,True,False,True,False,confirmed_risk_on,True,False,True,False
2025-03-28,510300.SH,3.797,3.7739499999999997,0.0037007665873645124,-0.016576016576016595,0.16365307998774137,0.008595378571459025,4012022556.55,540,0.027580516002087444,3,True,True,True,True,True,True,True,True,False,True,False,confirmed_risk_on,True,False,True,False
2025-03-28,159915.SZ,2.089,2.1092999999999997,-0.018327067669173025,-0.031076066790352574,0.29751552795031055,0.010906721576057153,2499156799.45285,540,0.03974185180625187,4,True,True,False,True,True,False,True,False,True,True,False,confirmed_risk_on,True,False,True,False
2025-03-28,512880.SH,1.107,1.1175166666666667,-0.0018034265103696878,-0.07826810990840971,0.2551020408163265,0.011816623069339094,1760535376.45,540,0.018991793595753537,5,True,True,False,True,True,False,True,False,True,True,False,confirmed_risk_on,True,False,True,False
2025-03-28,516160.SH,1.942,1.9457333333333333,-0.014213197969543123,-0.04193389245189949,0.1538918597742127,0.01044434302583302,116523582.75,539,0.008319535786265497,6,True,True,False,True,True,False,True,False,True,True,False,confirmed_risk_on,True,False,True,False
2025-04-11,512100.SH,2.302,2.4300166666666665,-0.0961915979583825,0.03647005853219265,0.06672845227062107,0.024776661949728856,2284855424.2,549,-0.01054292531635173,1,True,True,True,True,True,False,False,False,True,False,True,confirmed_risk_off,False,True,False,True
2025-04-11,510500.SH,5.511,5.756266666666667,-0.07018727855576168,0.022069732937685327,0.020933679140422434,0.02359307988838014,2215846483.5,549,-0.015060282419146052,2,True,True,True,True,True,False,False,False,True,False,True,confirmed_risk_off,False,True,False,True
2025-04-11,510300.SH,3.629,3.759466666666667,-0.04348972061149181,-0.009282009282009285,-0.024462365591397917,0.018221930277181633,5794018967.25,549,-0.026001165075680024,3,True,True,True,True,True,False,False,False,True,False,True,confirmed_risk_off,False,True,False,True
2025-04-11,512880.SH,1.031,1.1033666666666668,-0.07450628366247769,-0.04271123491179207,-0.05151793928242876,0.025185130927935086,1581090125.65,549,-0.057190595286193656,4,True,True,False,True,True,False,False,False,True,False,True,confirmed_risk_off,False,True,False,True
2025-04-11,159915.SZ,1.892,2.0900833333333333,-0.10964705882352943,-0.03861788617886186,-0.07481662591687044,0.029976002959581336,3362764949.4908495,549,-0.07426930318433062,5,True,True,False,True,True,False,False,False,True,False,True,confirmed_risk_off,False,True,False,True
2025-04-11,516160.SH,1.732,1.9224666666666665,-0.11902339776195325,-0.07823310271420969,-0.1149718957588145,0.02381613481788323,100406304.05,548,-0.10189697934222809,6,True,True,False,True,True,False,False,False,True,False,True,confirmed_risk_off,False,True,False,True
2025-04-18,510300.SH,3.662,3.759616666666667,-0.052522639068564136,-0.002723311546841023,-0.043614520762601305,0.01705532687744216,5970627111.55,554,-0.030821284398682328,1,True,True,True,True,True,False,False,False,True,False,True,confirmed_risk_off,False,True,False,True
2025-04-18,510500.SH,5.488,5.765866666666667,-0.08502834278092697,0.0056807769836908495,-0.03600913402424011,0.02318418019342608,2251219655.1,554,-0.03894085312374247,2,True,True,True,True,True,False,False,False,True,False,True,confirmed_risk_off,False,True,False,True
2025-04-18,512100.SH,2.291,2.4366499999999998,-0.11029126213592244,0.010141093474426821,-0.009939498703543714,0.024609671281846556,2359408661.95,554,-0.042047967205307,3,True,True,True,True,True,False,False,False,True,False,True,confirmed_risk_off,False,True,False,True
2025-04-18,512880.SH,1.031,1.09935,-0.08761061946902649,-0.05412844036697262,-0.1003490401396161,0.023757891748217755,1286367333.9,554,-0.07676543196232286,4,True,True,False,True,True,False,False,False,True,False,True,confirmed_risk_off,False,True,False,True
2025-04-18,159915.SZ,1.878,2.082133333333333,-0.1297497683039852,-0.06053026513256643,-0.13655172413793104,0.029046456290535712,3284035517.6622996,554,-0.10342235820220687,5,True,True,False,True,True,False,False,False,True,False,True,confirmed_risk_off,False,True,False,True
2025-04-18,516160.SH,1.729,1.9111833333333335,-0.13159216474133606,-0.088560885608856,-0.16311713455953525,0.023362747218914303,85570726.3,553,-0.1206846470519839,,False,False,False,True,False,False,False,False,False,False,True,confirmed_risk_off,False,True,False,True
2025-04-25,512100.SH,2.335,2.439783333333333,-0.0630016051364366,0.01345486111111116,-0.00849256900212314,0.025064516441386457,2330247800.1,559,-0.021517211410554807,1,True,True,True,True,True,False,False,False,True,False,True,confirmed_risk_off,False,True,False,True
2025-04-25,510300.SH,3.671,3.7578000000000005,-0.03799790356394128,-0.00108843537414971,-0.03445554971067866,0.016646327681973095,5777411506.5,559,-0.022525645517372128,2,True,True,True,True,True,False,False,False,True,False,True,confirmed_risk_off,False,True,False,True
2025-04-25,510500.SH,5.559,5.768233333333333,-0.056837461825585356,0.002524797114517696,-0.03539823008849552,0.023410546712923228,2210152717.65,559,-0.02880471190212617,3,True,True,True,True,True,False,False,False,True,False,True,confirmed_risk_off,False,True,False,True
2025-04-25,512880.SH,1.041,1.0942833333333333,-0.05962059620596216,-0.05104831358249773,-0.08362676056338025,0.023809665427215708,1213097617.3,559,-0.06099291602806001,4,True,True,False,True,True,False,False,False,True,False,True,confirmed_risk_off,False,True,False,True
2025-04-25,159915.SZ,1.92,2.0709,-0.08701854493580607,-0.06750849927149116,-0.10070257611241207,0.029471287150981164,3321244735.9098,559,-0.08195133290540131,5,True,True,False,True,True,False,False,False,True,False,True,confirmed_risk_off,False,True,False,True
2025-04-25,516160.SH,1.755,1.8981999999999999,-0.10413476263399701,-0.06350053361792962,-0.18067226890756305,0.023520239959506858,71278360.95,558,-0.10318857228228326,,False,False,False,True,False,False,False,False,False,False,True,confirmed_risk_off,False,True,False,True
2025-05-09,512100.SH,2.396,2.44195,0.10009182736455458,-0.018837018837018937,-0.051840126632370476,0.011597909373813924,1632875323.55,566,0.02213389808454016,1,True,True,True,True,True,False,True,False,True,False,True,confirmed_risk_off,False,True,False,True
2025-05-09,510300.SH,3.734,3.7545333333333333,0.06109690252912747,-0.012430573922242782,-0.07505573445627944,0.004816778570779722,3638465176.25,566,0.004455384551497988,2,True,True,True,True,True,False,True,False,True,False,True,confirmed_risk_off,False,True,False,True
2025-05-09,510500.SH,5.658,5.766566666666667,0.0775090458960197,-0.027835051546391765,-0.08594507269789986,0.008848573845457402,1371432486.75,566,0.0026805832002712027,3,True,True,True,True,True,False,True,False,True,False,True,confirmed_risk_off,False,True,False,True
2025-05-09,159915.SZ,1.984,2.055883333333333,0.0997782705099779,-0.07376283846872078,-0.1396357328707719,0.009783082725392606,2624981907.7555,566,-0.017520973757651534,4,True,True,False,True,True,False,False,False,True,False,True,confirmed_risk_off,False,True,False,True
2025-05-09,512880.SH,1.046,1.0868666666666666,0.05337361530715001,-0.07433628318584062,-0.23313782991202348,0.007707729310385041,1057858848.4,566,-0.05501263313388094,5,True,True,False,True,True,False,False,False,True,False,True,confirmed_risk_off,False,True,False,True
2025-05-09,516160.SH,1.799,1.8829500000000001,0.06828978622327786,-0.0774358974358974,-0.19399641577060944,0.008013975718787288,58604828.35,565,-0.04245772763916971,,False,False,False,True,False,False,False,False,False,False,True,confirmed_risk_off,False,True,False,True
2025-05-16,510300.SH,3.778,3.7538666666666667,0.03791208791208778,-0.013577023498694496,-0.03450038333759253,0.005376312780020729,3393143694.45,571,0.0028339490978388053,1,True,True,True,True,True,True,True,True,False,False,True,mixed,True,False,False,True
2025-05-16,512100.SH,2.391,2.43805,0.028829604130808928,-0.031983805668016285,-0.03237555645487655,0.010736596153405446,1428812910.95,571,-0.007736791905858255,2,True,True,True,True,True,False,False,False,True,False,True,mixed,True,False,False,True
2025-05-16,510500.SH,5.649,5.75325,0.021149674620390524,-0.03961237674260454,-0.06287325812873257,0.007698762828897636,1272686137.8,571,-0.01995973247463212,3,True,True,True,True,True,False,False,False,True,False,True,mixed,True,False,False,True
2025-05-16,159915.SZ,2.008,2.0456666666666665,0.06075013206550439,-0.07974335472043992,-0.12237762237762229,0.011498720637602796,2210795948.9999,571,-0.03207281353749866,4,True,True,False,True,True,False,False,False,True,False,True,mixed,True,False,False,True
2025-05-16,512880.SH,1.067,1.0821166666666668,0.0399610136452242,-0.06321334503950837,-0.15652173913043477,0.011926901029825552,1192730265.4,571,-0.040605280383800624,5,True,True,False,True,True,False,False,False,True,False,True,mixed,True,False,False,True
2025-05-16,516160.SH,1.829,1.8752833333333332,0.048738532110091715,-0.061570035915854304,-0.18530066815144774,0.009622354581029714,58730740.0,570,-0.042192735152594585,,False,False,False,True,False,False,False,False,False,False,True,mixed,True,False,False,True
2025-05-23,510300.SH,3.777,3.75065,0.029997272975184064,-0.01921578810698521,-0.02200932159502844,0.0058960848737634715,2757741621.4,576,-8.927037172614706e-05,1,True,True,True,True,True,True,False,False,True,False,True,confirmed_risk_off,False,True,False,True
2025-05-23,510500.SH,5.6,5.732916666666666,0.008100810081008047,-0.06260462002008715,-0.0551712502108993,0.007276065305070894,1023036968.65,576,-0.03283577401781151,2,True,True,True,True,True,False,False,False,True,False,True,confirmed_risk_off,False,True,False,True
2025-05-23,512100.SH,2.361,2.4300833333333336,0.009405728943993275,-0.07193396226415083,-0.04219066937119664,0.010242769703885818,1218103085.2,576,-0.03344942720230235,3,True,True,True,True,True,False,False,False,True,False,True,confirmed_risk_off,False,True,False,True
2025-05-23,159915.SZ,1.994,2.0305833333333334,0.05002632964718279,-0.10220621341737957,-0.10301394511920825,0.011399917131837828,2050468707.8440502,576,-0.041474742531920364,4,True,True,False,True,True,False,False,False,True,False,True,confirmed_risk_off,False,True,False,True
2025-05-23,512880.SH,1.043,1.0767166666666665,0.007729468599033895,-0.08105726872246699,-0.15683104284559435,0.012401245419656872,1170368285.0,576,-0.06069732861849211,5,True,True,False,True,True,False,False,False,True,False,True,confirmed_risk_off,False,True,False,True
2025-05-23,516160.SH,1.816,1.8650166666666668,0.042479908151549894,-0.07864028411973623,-0.17790855590765053,0.009948900527694515,61023431.3,575,-0.05004586156880464,,False,False,False,True,False,False,False,False,False,False,True,confirmed_risk_off,False,True,False,True
2025-05-30,510300.SH,3.748,3.745033333333333,0.024603608529251142,-0.005835543766578244,0.00026688017080345183,0.006364547952284305,2904375788.55,581,0.00756060193922985,1,True,True,True,True,True,True,True,True,False,False,True,mixed,True,False,False,True
2025-05-30,512100.SH,2.382,2.41825,0.025839793281653867,-0.03445480340494522,-0.005012531328320802,0.010638916875475454,1205850058.5,581,-0.004448510314980701,2,True,True,True,True,True,False,False,False,True,False,True,mixed,True,False,False,True
2025-05-30,510500.SH,5.632,5.709666666666666,0.01734104046242768,-0.031470335339638944,-0.012795793163891345,0.007893864146613395,1093014364.85,581,-0.008210876583662773,3,True,True,True,True,True,False,False,False,True,False,True,mixed,True,False,False,True
2025-05-30,159915.SZ,1.972,2.0130833333333333,0.036258539148712465,-0.08449396471680592,-0.07330827067669177,0.011888218966436194,1917209082.0941002,581,-0.03395582436257574,4,True,True,False,True,True,False,False,False,True,False,True,mixed,True,False,False,True
2025-05-30,512880.SH,1.043,1.06985,0.012621359223300876,-0.056108597285067896,-0.11908783783783783,0.012519974219031157,1137320251.45,581,-0.041212462792274376,5,True,True,False,True,True,False,False,False,True,False,True,mixed,True,False,False,True
2025-05-30,516160.SH,1.774,1.8476166666666667,0.01778542742398148,-0.12178217821782178,-0.1690866510538641,0.010575926862343125,61972778.3,580,-0.07541603052830895,,False,False,False,True,False,False,False,False,False,False,True,mixed,True,False,False,True
2025-06-06,510300.SH,3.775,3.7424000000000004,0.009628242845680646,-0.01384535005224663,-0.007362608466999765,0.005832225846010638,2721445340.0,585,-0.003159364576026347,1,True,True,True,True,True,True,False,False,True,False,True,confirmed_risk_off,False,True,False,True
2025-06-06,510500.SH,5.723,5.694599999999999,0.0031551270815073362,-0.038312888590152916,-0.018016472203157274,0.006899568088420574,999936975.9,585,-0.017666399044089686,2,True,True,True,True,True,True,False,False,True,False,True,confirmed_risk_off,False,True,False,True
2025-06-06,512100.SH,2.432,2.4104000000000005,0.0028865979381442752,-0.050741608118657244,-0.005316973415132931,0.009113854700831843,1037378331.2,585,-0.020205398755231776,3,True,True,True,True,True,True,False,False,True,False,True,confirmed_risk_off,False,True,False,True
2025-06-06,159915.SZ,2.017,2.00255,0.007996001999000413,-0.06620370370370376,-0.07050691244239637,0.010939666489253937,1648776356.2836,585,-0.03738446317036062,4,True,True,False,True,True,True,False,False,True,False,True,confirmed_risk_off,False,True,False,True
2025-06-06,512880.SH,1.068,1.0661166666666666,0.008498583569405138,-0.046428571428571486,-0.12026359143327836,0.012687159022371825,1142605874.25,585,-0.03922471343032222,5,True,True,False,True,True,True,False,False,True,False,True,confirmed_risk_off,False,True,False,True
2025-06-06,516160.SH,1.793,1.8345166666666666,-0.010485651214128144,-0.09444444444444444,-0.15782057303898545,0.009305080089250371,57787816.5,584,-0.07353615287122613,,False,False,False,True,False,False,False,False,False,False,True,confirmed_risk_off,False,True,False,True
2025-06-13,510300.SH,3.769,3.73845,-0.00815789473684203,-0.03234916559691914,-0.024585921325051663,0.004667689552354868,2618421329.75,590,-0.0211200083985148,1,True,True,True,True,True,True,False,False,True,False,True,confirmed_risk_off,False,True,False,True
2025-06-13,510500.SH,5.714,5.6754,0.009719031631030273,-0.05334658714380369,-0.04575818303273216,0.006146353648273747,970060873.3,590,-0.026602658811655803,2,True,True,True,True,True,True,False,False,True,False,True,confirmed_risk_off,False,True,False,True
2025-06-13,512100.SH,2.418,2.3992999999999998,0.012987012987013102,-0.06640926640926625,-0.04765655769988186,0.008355640419530432,950142149.3,590,-0.030900212908877636,3,True,True,True,True,True,True,False,False,True,False,True,confirmed_risk_off,False,True,False,True
2025-06-13,159915.SZ,2.02,1.9919833333333332,0.003976143141153132,-0.0759377859103385,-0.08926961226330021,0.008640610711457743,1493303509.93985,590,-0.046638579560334195,4,True,True,False,True,True,True,False,False,True,False,True,confirmed_risk_off,False,True,False,True
2025-06-13,512880.SH,1.076,1.0626833333333332,-0.00278035217794248,-0.0659722222222221,-0.1329572925060435,0.009376675939153445,1037579640.65,590,-0.05409248826127453,5,True,True,False,True,True,True,False,False,True,False,True,confirmed_risk_off,False,True,False,True
2025-06-13,516160.SH,1.794,1.8196166666666669,-0.018599562363238564,-0.10389610389610382,-0.15457115928369458,0.007588648418044167,51956304.7,589,-0.07991249836047587,,False,False,False,True,False,False,False,False,False,False,True,confirmed_risk_off,False,True,False,True
2025-06-20,510300.SH,3.755,3.7302166666666667,-0.013399894902785148,-0.01158199526191106,-0.015211119853134059,0.004607718434315137,2558673906.5,595,-0.013034980036505295,1,True,True,True,True,True,True,False,False,True,False,True,confirmed_risk_off,False,True,False,True
2025-06-20,512880.SH,1.059,1.0581833333333333,0.0018921475875117721,-0.046804680468046866,-0.11896838602329451,0.010768308322760031,1132114147.2,595,-0.04175869035687294,2,True,True,True,True,True,True,False,False,True,False,True,confirmed_risk_off,False,True,False,True
2025-06-20,159915.SZ,1.988,1.9800833333333332,-0.01388888888888895,-0.058712121212121215,-0.07877664504170523,0.009060884075227212,1393006226.0535998,595,-0.04479573304874511,3,True,True,True,True,True,True,False,False,True,False,True,confirmed_risk_off,False,True,False,True
2025-06-20,510500.SH,5.617,5.648716666666667,-0.005664719419366304,-0.048933288181510326,-0.035873669756264936,0.00647672374089793,1098054879.9,595,-0.02901393699160364,4,True,True,False,True,True,False,False,False,True,False,True,confirmed_risk_off,False,True,False,True
2025-06-20,512100.SH,2.376,2.3856333333333333,-0.006688963210702337,-0.057516858389528025,-0.02583025830258312,0.008558180666725692,971672170.15,595,-0.03084838030060877,5,True,True,False,True,True,False,False,False,True,False,True,confirmed_risk_off,False,True,False,True
2025-06-20,516160.SH,1.78,1.8028333333333333,-0.02732240437158473,-0.09229984701682814,-0.13000977517106538,0.007169633223118643,53670524.85,594,-0.07385085558957823,,False,False,False,True,False,False,False,False,False,False,True,confirmed_risk_off,False,True,False,True
2025-06-27,512880.SH,1.138,1.0593166666666667,0.08484270734032417,0.028003613369466995,-0.05245628642797684,0.016676957707206855,1615561119.05,600,0.0346472709983211,1,True,True,True,True,True,True,True,True,False,False,True,risk_on_setup,True,False,True,False
2025-06-27,512100.SH,2.488,2.383666666666667,0.03451143451143457,0.008921330089213253,0.036234902124115065,0.00908890843786593,1032502010.3,600,0.024620086265082143,2,True,True,True,True,True,True,True,True,False,False,True,risk_on_setup,True,False,True,False
2025-06-27,159915.SZ,2.101,1.9773833333333333,0.05630970336852692,0.005744375299186144,-0.025510204081632737,0.01153957184718324,1601136492.35245,600,0.01971959065075868,3,True,True,True,True,True,True,True,True,False,False,True,risk_on_setup,True,False,True,False
2025-06-27,510500.SH,5.848,5.6407,0.03230361871138565,0.0001710278775439722,0.01193978196919887,0.00770688772626603,1219354264.3,600,0.015377815029411622,4,True,True,False,True,True,True,True,True,False,False,True,risk_on_setup,True,False,True,False
2025-06-27,510300.SH,3.84,3.7321000000000004,0.022636484687083902,0.011324730050039422,-0.005439005439005551,0.006084340736942959,2973249228.85,600,0.012496684807048221,5,True,True,False,True,True,True,True,True,False,False,True,risk_on_setup,True,False,True,False
2025-06-27,516160.SH,1.865,1.7934666666666668,0.04131769960915688,-0.03964984552008233,-0.07992106561420831,0.00910566043981309,65069462.65,599,-0.015317071487211842,,False,False,False,True,False,True,False,False,False,False,True,risk_on_setup,True,False,True,False
2025-07-04,159915.SZ,2.133,1.9881333333333333,0.05751115518096195,0.20169014084507042,0.05646359583952454,0.012192326669056782,1755383982.5649,605,0.11497323757831786,1,True,True,True,True,True,True,True,True,False,True,False,confirmed_risk_on,True,False,True,False
2025-07-04,512880.SH,1.131,1.0648,0.0589887640449438,0.15526046986721154,0.022603978300180794,0.016500226625263435,1729417908.5,605,0.0902204892248983,2,True,True,True,True,True,True,True,True,False,True,False,confirmed_risk_on,True,False,True,False
2025-07-04,512100.SH,2.506,2.3929833333333335,0.030427631578947345,0.14272685818513442,0.10057092665788292,0.009187743125984402,1038131152.7,605,0.0893759812372093,3,True,True,True,True,True,True,True,True,False,True,False,confirmed_risk_on,True,False,True,False
2025-07-04,510500.SH,5.901,5.65855,0.03110256858291116,0.13089306247604449,0.07603938730853388,0.007735147707476936,1212417591.65,605,0.08000612988528905,4,True,True,False,True,True,True,True,True,False,True,False,confirmed_risk_on,True,False,True,False
2025-07-04,510300.SH,3.909,3.746266666666666,0.03549668874172185,0.12198622273249127,0.05705786911844246,0.006142990621367014,3209661901.65,605,0.07440473841337375,5,True,True,False,True,True,True,True,True,False,True,False,confirmed_risk_on,True,False,True,False
2025-07-04,516160.SH,1.913,1.7977500000000002,0.06692693809258232,0.13396561944279783,-0.003645833333333237,0.009666606041087421,82500698.25,604,0.07962785634748543,,False,False,False,True,False,True,True,False,False,True,False,confirmed_risk_on,True,False,True,False
2025-07-11,512880.SH,1.181,1.0757833333333333,0.09758364312267664,0.14548981571290032,0.10065237651444559,0.01609924225935299,1933831975.4,610,0.11735985883711991,1,True,True,True,True,True,True,True,True,False,True,False,confirmed_risk_on,True,False,True,False
2025-07-11,159915.SZ,2.185,2.0132833333333333,0.08168316831683176,0.15303430079155667,0.10857432775240983,0.012420946793949412,1902634180.5058498,610,0.11560185319383734,2,True,True,True,True,True,True,True,True,False,True,False,confirmed_risk_on,True,False,True,False
2025-07-11,512100.SH,2.568,2.4162999999999997,0.06203473945409432,0.10072867552507492,0.15363881401617263,0.008648188841495227,1090095030.95,610,0.09583312879490222,3,True,True,True,True,True,True,True,True,False,True,False,confirmed_risk_on,True,False,True,False
2025-07-11,510500.SH,6.028,5.702699999999999,0.05495274763738167,0.08514851485148522,0.11878247958426136,0.007671231461300657,1197577683.1,610,0.07979700091239904,4,True,True,False,True,True,True,True,True,False,True,False,confirmed_risk_on,True,False,True,False
2025-07-11,510300.SH,3.956,3.7742333333333336,0.049615282568320485,0.08770965081110815,0.08235294117647074,0.005798080391099343,3165482750.35,610,0.0714005615870656,5,True,True,False,True,True,True,True,True,False,True,False,confirmed_risk_on,True,False,True,False
2025-07-11,516160.SH,1.97,1.8179666666666667,0.09810479375696768,0.1289398280802292,0.049547149706979265,0.010836277919096056,92756674.6,609,0.1007272786762746,,False,False,False,True,False,True,True,False,False,True,False,confirmed_risk_on,True,False,True,False
2025-07-18,159915.SZ,2.252,2.04115,0.1327967806841046,0.18029350104821806,0.12039800995024885,0.011963473730436115,2162204004.1855,615,0.14931571468297883,1,True,True,True,True,True,True,True,True,False,True,False,confirmed_risk_on,True,False,True,False
2025-07-18,512100.SH,2.605,2.4388333333333336,0.09638047138047146,0.11372381359555361,0.1435469710272168,0.0076636349116942955,1102762837.15,615,0.1127511081958534,2,True,True,True,True,True,True,True,True,False,True,False,confirmed_risk_on,True,False,True,False
2025-07-18,512880.SH,1.171,1.0872666666666668,0.10576015108593029,0.12921890067502417,0.07234432234432231,0.01505482980713897,2080536285.3,615,0.10846048517324626,3,True,True,True,True,True,True,True,True,False,True,False,confirmed_risk_on,True,False,True,False
2025-07-18,510500.SH,6.103,5.7472666666666665,0.08652305501157187,0.09569120287253141,0.11470319634703197,0.006898063585097679,1101328882.0,615,0.09582634242304772,4,True,True,False,True,True,True,True,True,False,True,False,confirmed_risk_on,True,False,True,False
2025-07-18,510300.SH,4.009,3.8005166666666668,0.06764314247669789,0.09415938864628837,0.0911812738160045,0.0056117123846899765,3346514292.85,615,0.08295726721239541,5,True,True,False,True,True,True,True,True,False,True,False,confirmed_risk_on,True,False,True,False
2025-07-18,516160.SH,1.98,1.83715,0.1123595505617978,0.1333714939896966,0.03664921465968596,0.010793461456563883,94582221.05,614,0.10562226075253497,,False,False,False,True,False,True,True,False,False,True,False,confirmed_risk_on,True,False,True,False
2025-07-25,159915.SZ,2.318,2.0735333333333332,0.1032841504045694,0.21615949632738718,0.12962962962962954,0.009891387747235122,2154083102.9017496,620,0.15370338461870853,1,True,True,True,True,True,True,True,True,False,True,False,confirmed_risk_on,True,False,True,False
2025-07-25,516160.SH,2.077,1.8622666666666667,0.11367292225201076,0.18617932609937182,0.11069518716577531,0.01190937703265614,101303495.9,619,0.14207993677370812,2,True,True,True,True,True,True,True,True,False,True,False,confirmed_risk_on,True,False,True,False
2025-07-25,512880.SH,1.227,1.10155,0.07820738137082617,0.18780251694094896,0.1144414168937331,0.009593705813462576,2118196574.15,620,0.12929224270345668,3,True,True,True,True,True,True,True,True,False,True,False,confirmed_risk_on,True,False,True,False
2025-07-25,512100.SH,2.667,2.4650333333333334,0.07194533762057875,0.15454545454545454,0.16361256544502623,0.006613107228586461,1066524485.15,620,0.12331882995541857,4,True,True,False,True,True,True,True,True,False,True,False,confirmed_risk_on,True,False,True,False
2025-07-25,510500.SH,6.303,5.804766666666667,0.07780437756497949,0.13916500994035785,0.14143426294820705,0.006227787002655804,1094854960.1,620,0.11507460759177635,5,True,True,False,True,True,True,True,True,False,True,False,confirmed_risk_on,True,False,True,False
2025-07-25,510300.SH,4.08,3.8342666666666667,0.0625,0.11323328785811726,0.10689093868692345,0.0044339963001250055,3171550118.05,620,0.0916715028806316,6,True,True,False,True,True,True,True,True,False,True,False,confirmed_risk_on,True,False,True,False
2025-08-01,159915.SZ,2.303,2.1056,0.07969995311767453,0.15092453773113457,0.08071328015016421,0.01116871230404381,2468180722.88585,625,0.10839245236955648,1,True,True,True,True,True,True,True,True,False,True,False,confirmed_risk_on,True,False,True,False
2025-08-01,512880.SH,1.191,1.1160500000000002,0.05305039787798416,0.12464589235127499,0.05585106382978733,0.011661014344009547,2331001703.85,625,0.08224872885766112,2,True,True,True,True,True,True,True,True,False,True,False,confirmed_risk_on,True,False,True,False
2025-08-01,512100.SH,2.652,2.4893833333333335,0.058260175578611406,0.09360824742268048,0.09859154929577474,0.006614417879006553,1111918217.3,625,0.0804656790596717,3,True,True,True,True,True,True,True,True,False,True,False,confirmed_risk_on,True,False,True,False
2025-08-01,510500.SH,6.225,5.8602333333333325,0.05490594814438232,0.09114811568799297,0.07904316172646908,0.007357819749903,1163594804.6,625,0.07423025787824394,4,True,True,False,True,True,True,True,True,False,True,False,confirmed_risk_on,True,False,True,False
2025-08-01,516160.SH,2.0,1.8845166666666668,0.045478306325143825,0.10375275938189832,0.01884870096790614,0.014374117746526423,100465404.5,624,0.06346216647639809,5,True,True,False,True,True,True,True,True,False,True,False,confirmed_risk_on,True,False,True,False
2025-08-01,510300.SH,4.01,3.8658333333333332,0.025837810181632115,0.07247927253276276,0.06168917129997342,0.006624610003399118,3234637881.6,625,0.05166466734575263,6,True,True,False,True,True,True,True,True,False,True,False,confirmed_risk_on,True,False,True,False
2025-08-08,512100.SH,2.722,2.5145166666666667,0.05996884735202479,0.14034352744030154,0.10695404636030892,0.006544539306547638,1126115749.3,630,0.10151575918899232,1,True,True,True,True,True,True,True,True,False,True,False,confirmed_risk_on,True,False,True,False
2025-08-08,159915.SZ,2.312,2.130333333333333,0.05812356979405031,0.14910536779324057,0.06347746090156381,0.01011675163853821,2439189478.70815,630,0.09558706721522912,2,True,True,True,True,True,True,True,True,False,True,False,confirmed_risk_on,True,False,True,False
2025-08-08,510500.SH,6.335,5.912483333333332,0.05092899800928996,0.1194557342286624,0.07536920726532004,0.006969435339863511,1139780167.5,630,0.08322773434824496,3,True,True,True,True,True,True,True,True,False,True,False,confirmed_risk_on,True,False,True,False
2025-08-08,512880.SH,1.199,1.1270499999999999,0.015241320914479273,0.11121408711770164,0.058252427184465994,0.010506452533976626,2245999123.0,630,0.06223264864976557,4,True,True,False,True,True,True,True,True,False,True,False,confirmed_risk_on,True,False,True,False
2025-08-08,510300.SH,4.06,3.8885,0.02628918099089983,0.06842105263157894,0.06199319905833112,0.006461195384451406,3001489948.0,630,0.050282733260657735,5,True,True,False,True,True,True,True,True,False,True,False,confirmed_risk_on,True,False,True,False
2025-08-08,516160.SH,2.024,1.89875,0.02741116751269046,0.10722100656455136,0.039548022598870025,0.012705671618095056,92660889.8,629,0.06176247415067074,,False,False,False,True,False,True,True,False,False,True,False,confirmed_risk_on,True,False,True,False
2025-08-15,159915.SZ,2.509,2.1652,0.11412078152753113,0.2445436507936507,0.12058954890576157,0.013491459383152576,2766115093.48675,635,0.16758368270962504,1,True,True,True,True,True,True,True,True,False,True,False,confirmed_risk_on,True,False,True,False
2025-08-15,512880.SH,1.3,1.14195,0.1101622544833476,0.22989593188268698,0.13935144609991235,0.014558510080667305,2650653874.5,635,0.1638935637663963,2,True,True,True,True,True,True,True,True,False,True,False,confirmed_risk_on,True,False,True,False
2025-08-15,512100.SH,2.84,2.5469500000000003,0.09021113243762002,0.18729096989966565,0.11811023622047245,0.008572277841801083,1332264180.55,635,0.13462288817900878,3,True,True,True,True,True,True,True,True,False,True,False,confirmed_risk_on,True,False,True,False
2025-08-15,510500.SH,6.596,5.9802,0.0807799442896937,0.16764029031687033,0.10080106809078782,0.00883086131526369,1216701636.6,635,0.11952830746078319,4,True,True,False,True,True,True,True,True,False,True,False,confirmed_risk_on,True,False,True,False
2025-08-15,516160.SH,2.123,1.9195666666666666,0.07222222222222241,0.1601092896174865,0.08150789607743247,0.015160065214819165,107995344.6,634,0.10923418395137006,5,True,True,False,True,True,True,True,True,False,True,False,confirmed_risk_on,True,False,True,False
2025-08-15,510300.SH,4.172,3.9163833333333335,0.040658518333748894,0.09616395165528102,0.07971014492753614,0.0066464231190548955,3129412590.0,635,0.0706710169811192,6,True,True,False,True,True,True,True,True,False,True,False,confirmed_risk_on,True,False,True,False
2025-08-22,159915.SZ,2.662,2.2167499999999998,0.1484037963761864,0.33836098541980886,0.25093984962406,0.01575238671218686,3477805228.4053,640,0.2448938826432101,1,True,True,True,True,True,True,True,True,False,True,False,confirmed_risk_on,True,False,True,False
2025-08-22,512880.SH,1.338,1.164116666666667,0.09046454767726164,0.27550047664442334,0.20649233543733092,0.016268729971281034,2899059360.5,640,0.18768447681614017,2,True,True,True,True,True,True,True,True,False,True,False,confirmed_risk_on,True,False,True,False
2025-08-22,512100.SH,2.941,2.591,0.10273715785526805,0.22286902286902288,0.19068825910931153,0.009482271098544172,1584946869.5,640,0.1683801241115787,3,True,True,True,True,True,True,True,True,False,True,False,confirmed_risk_on,True,False,True,False
2025-08-22,510500.SH,6.853,6.074233333333334,0.08726003490401402,0.20970873786407762,0.18053402239448757,0.009578459201112584,1565834446.75,640,0.15489431358613417,4,True,True,False,True,True,True,True,True,False,True,False,confirmed_risk_on,True,False,True,False
2025-08-22,516160.SH,2.192,1.9494666666666667,0.05536831969186329,0.22389726409826927,0.11269035532994942,0.014079501592729157,119721431.9,639,0.1342443045820429,5,True,True,False,True,True,True,True,True,False,True,False,confirmed_risk_on,True,False,True,False
2025-08-22,510300.SH,4.356,3.9577833333333334,0.0676470588235294,0.16005326231691086,0.15146708961141941,0.008298871317273594,3359714703.25,640,0.12137354637845998,6,True,True,False,True,True,True,True,True,False,True,False,confirmed_risk_on,True,False,True,False
2025-08-29,159915.SZ,2.865,2.2806,0.2440295267042989,0.4204263758056521,0.32638888888888884,0.016559384991708177,4462564303.229349,645,0.3310601387817582,1,True,True,True,True,True,True,True,True,False,True,False,confirmed_risk_on,True,False,True,False
2025-08-29,516160.SH,2.296,1.9869999999999999,0.1479999999999999,0.2805354155047406,0.1595959595959595,0.014378756413217042,141308856.85,644,0.2033333581210881,2,True,True,True,True,True,True,True,True,False,True,False,confirmed_risk_on,True,False,True,False
2025-08-29,510500.SH,7.079,6.1837,0.13718875502008032,0.23693866853049106,0.18954797513023025,0.010116384078316177,2158421347.45,645,0.1875605644462746,3,True,True,True,True,True,True,True,True,False,True,False,confirmed_risk_on,True,False,True,False
2025-08-29,512880.SH,1.328,1.1864166666666665,0.11502938706968924,0.24344569288389506,0.18571428571428572,0.016729272084842223,3531165338.0,645,0.18053288912429089,4,True,True,False,True,True,True,True,True,False,True,False,confirmed_risk_on,True,False,True,False
2025-08-29,512100.SH,2.965,2.6369499999999997,0.11802413273001489,0.21916118421052633,0.1572989851678377,0.010294307895429313,1737164823.5,645,0.16633392380978404,5,True,True,False,True,True,True,True,True,False,True,False,confirmed_risk_on,True,False,True,False
2025-08-29,510300.SH,4.478,4.013133333333333,0.11670822942643388,0.1862251655629139,0.16980146290491116,0.00912228613927306,4002614825.15,645,0.15513365057672135,6,True,True,False,True,True,True,True,True,False,True,False,confirmed_risk_on,True,False,True,False
2025-09-05,159915.SZ,2.944,2.3505333333333334,0.273356401384083,0.4574257425742574,0.34675205855443725,0.025108177695533786,5972722260.09075,650,0.36166326929422365,1,True,True,True,True,True,True,True,True,False,True,False,confirmed_risk_on,True,False,True,False
2025-09-05,516160.SH,2.552,2.0337833333333335,0.26086956521739135,0.42251950947603123,0.27472527472527486,0.02351833991783128,234677756.45,649,0.328300684822424,2,True,True,True,True,True,True,True,True,False,True,False,confirmed_risk_on,True,False,True,False
2025-09-05,510500.SH,6.949,6.283266666666666,0.09692186266771907,0.2161358067903394,0.15125911199469844,0.015490132978232929,2401908963.5,650,0.1554748901821631,3,True,True,True,True,True,True,True,True,False,True,False,confirmed_risk_on,True,False,True,False
2025-09-05,510300.SH,4.431,4.067266666666667,0.09137931034482771,0.1756434067391881,0.13761232349165597,0.011992468147065973,4790866355.1,650,0.13433155153193752,4,True,True,False,True,True,True,True,True,False,True,False,confirmed_risk_on,True,False,True,False
2025-09-05,512100.SH,2.888,2.6748666666666665,0.06098457016899328,0.19437551695616206,0.11505791505791518,0.015387275843116024,2011198586.5,650,0.12515561786164517,5,True,True,False,True,True,True,True,True,False,True,False,confirmed_risk_on,True,False,True,False
2025-09-05,512880.SH,1.257,1.2024000000000001,0.048373644703919805,0.16821561338289936,0.09114583333333326,0.019386348954798405,4072871502.45,650,0.10486486990139432,6,True,True,False,True,True,True,True,True,False,True,False,confirmed_risk_on,True,False,True,False
2025-09-12,159915.SZ,2.995,2.4264666666666668,0.19370267038660827,0.5065392354124749,0.4180871212121211,0.027284812013186853,6694528356.77915,655,0.36371418656205756,1,True,True,True,True,True,True,True,True,False,True,False,confirmed_risk_on,True,False,True,False
2025-09-12,516160.SH,2.528,2.0954,0.19076778144135642,0.4202247191011237,0.28913819479857206,0.023936584210706446,311437797.65,654,0.3022246391767065,2,True,True,True,True,True,True,True,True,False,True,False,confirmed_risk_on,True,False,True,False
2025-09-12,510500.SH,7.18,6.396483333333333,0.08853850818677977,0.27826241766067294,0.2157128344056891,0.016029948246647014,2541759480.8,655,0.1898629372201189,3,True,True,True,True,True,True,True,True,False,True,False,confirmed_risk_on,True,False,True,False
2025-09-12,512100.SH,2.959,2.717,0.041901408450704336,0.24537037037037046,0.17374057913526375,0.015437804304483946,2021135667.1,655,0.1496568273554827,4,True,True,False,True,True,True,True,True,False,True,False,confirmed_risk_on,True,False,True,False
2025-09-12,510300.SH,4.498,4.124666666666666,0.07813998082454465,0.19786950732356856,0.18399578836535935,0.01346819666726504,4929145847.0,655,0.14720295293231717,5,True,True,False,True,True,True,True,True,False,True,False,confirmed_risk_on,True,False,True,False
2025-09-12,512880.SH,1.266,1.2174166666666666,-0.026153846153846194,0.1954674220963173,0.13951395139513956,0.01745343840466602,4066067440.55,655,0.09562822065601635,6,True,True,False,True,True,True,True,True,False,True,False,confirmed_risk_on,True,False,True,False
2025-09-19,159915.SZ,3.062,2.509783333333333,0.1502629601803156,0.4574012375059495,0.46577309717568216,0.026728423622873098,6887930311.421499,660,0.33622029850964247,1,True,True,True,True,True,True,True,True,False,True,False,confirmed_risk_on,True,False,True,False
2025-09-19,516160.SH,2.57,2.156066666666667,0.17244525547445244,0.37801608579088475,0.3233779608650875,0.024157313073729758,344024863.35,659,0.2848601286791524,2,True,True,True,True,True,True,True,True,False,True,False,confirmed_risk_on,True,False,True,False
2025-09-19,510500.SH,7.199,6.516333333333333,0.050488837005690845,0.23101915184678523,0.23122969043954145,0.01562623734332279,2289406829.0,660,0.15884913362889874,3,True,True,True,True,True,True,True,True,False,True,False,confirmed_risk_on,True,False,True,False
2025-09-19,512100.SH,2.965,2.7600499999999997,0.008160489629377876,0.19172025723472674,0.20235198702351975,0.014982107227885991,1783394523.75,660,0.12042269615034581,4,True,True,False,True,True,True,True,True,False,True,False,confirmed_risk_on,True,False,True,False
2025-09-19,510300.SH,4.481,4.18005,0.028696051423324098,0.1669270833333334,0.18014221754016324,0.012761200993877418,4703457370.0,660,0.11427769741069566,5,True,True,False,True,True,True,True,True,False,True,False,confirmed_risk_on,True,False,True,False
2025-09-19,512880.SH,1.221,1.2281166666666665,-0.08744394618834084,0.07293497363796142,0.10298102981029822,0.015444223235742292,4092320337.4,660,0.01479261694190788,6,True,True,False,True,True,False,True,False,True,True,False,confirmed_risk_on,True,False,True,False
2025-09-26,159915.SZ,3.129,2.59375,0.09214659685863857,0.4669479606188467,0.7628169014084507,0.02583537779908986,6492085657.86685,665,0.37620120327268425,1,True,True,True,True,True,True,True,True,False,True,False,confirmed_risk_on,True,False,True,False
2025-09-26,516160.SH,2.69,2.217216666666667,0.17160278745644608,0.4061683220073182,0.5945465323058683,0.02341574678833293,363878103.6,664,0.3500177502466794,2,True,True,True,True,True,True,True,True,False,True,False,confirmed_risk_on,True,False,True,False
2025-09-26,510500.SH,7.274,6.632633333333334,0.027546263596553322,0.2326724284019659,0.3940206975852818,0.015365283665577097,1795726600.6,665,0.18289161631646406,3,True,True,True,True,True,True,True,True,False,True,False,confirmed_risk_on,True,False,True,False
2025-09-26,512100.SH,2.954,2.7987666666666664,-0.003709949409780644,0.17877094972067065,0.34701322389420897,0.01505302958156302,1590611703.75,665,0.1394270449031978,4,True,True,False,True,True,True,True,True,False,True,False,confirmed_risk_on,True,False,True,False
2025-09-26,510300.SH,4.528,4.234066666666667,0.011165698972755544,0.15835251982604248,0.29965556831228457,0.01101554649858863,4170487074.7,665,0.12773840118197613,5,True,True,False,True,True,True,True,True,False,True,False,confirmed_risk_on,True,False,True,False
2025-09-26,512880.SH,1.219,1.2358,-0.08207831325301207,0.0778072502210434,0.24514811031664974,0.014153090131726862,3595752865.05,665,0.04732119685054248,6,True,True,False,True,True,False,True,False,True,True,False,confirmed_risk_on,True,False,True,False
2025-10-10,516160.SH,2.77,2.2760000000000002,0.18477331052181345,0.4004044489383216,0.5993071593533488,0.02901945069564545,359645010.55,668,0.3539325356547238,1,True,True,True,True,True,True,True,True,False,True,False,confirmed_risk_on,True,False,True,False
2025-10-10,159915.SZ,3.095,2.6630666666666665,0.12504543802253743,0.4269248501613647,0.635835095137421,0.025175970967803385,5939992528.326,669,0.3479551343010451,2,True,True,True,True,True,True,True,True,False,True,False,confirmed_risk_on,True,False,True,False
2025-10-10,510500.SH,7.443,6.734466666666667,0.10808396605627513,0.24548192771084332,0.35057158410451805,0.013946603821881192,1876030475.25,669,0.21154067432775098,3,True,True,True,True,True,True,True,True,False,True,False,confirmed_risk_on,True,False,True,False
2025-10-10,512100.SH,3.007,2.8310166666666663,0.07201426024955437,0.18292682926829285,0.3062554300608167,0.012625602321938238,1439549435.25,669,0.16322752181930222,4,True,True,False,True,True,True,True,True,False,True,False,confirmed_risk_on,True,False,True,False
2025-10-10,510300.SH,4.596,4.281266666666666,0.06069697669051455,0.16590563165905636,0.26646459079636275,0.011554281916309816,4081931156.75,669,0.14393396149910093,5,True,True,False,True,True,True,True,True,False,True,False,confirmed_risk_on,True,False,True,False
2025-10-10,512880.SH,1.27,1.2442333333333333,0.017628205128205066,0.09956709956709964,0.23181377303588757,0.01653630902953463,3792466802.4,669,0.0932408764852994,6,True,True,False,True,True,True,True,True,False,True,False,confirmed_risk_on,True,False,True,False
2025-10-17,516160.SH,2.658,2.341583333333333,0.043990573448546844,0.35060975609756095,0.537304800462695,0.024538242297284896,318968208.35,673,0.2653010919109821,1,True,True,True,True,True,True,True,True,False,True,False,confirmed_risk_on,True,False,True,False
2025-10-17,159915.SZ,2.915,2.72795,-0.036363636363636376,0.29728526924788623,0.5521831735889244,0.02047876290546886,5726525055.49325,674,0.21480528787148484,2,True,True,True,True,True,True,True,True,False,True,False,confirmed_risk_on,True,False,True,False
2025-10-17,510500.SH,7.052,6.836683333333334,-0.0153588383133203,0.15910585141354372,0.28498542274052463,0.013902337424810013,2029347682.85,674,0.1144958897881943,3,True,True,True,True,True,True,True,True,False,True,False,confirmed_risk_on,True,False,True,False
2025-10-17,510300.SH,4.501,4.330966666666667,-0.007934758651090945,0.1311887408896708,0.22910977607864558,0.010748000538132406,4207355061.1,674,0.09512354811116107,4,True,True,False,True,True,True,True,True,False,True,False,confirmed_risk_on,True,False,True,False
2025-10-17,512100.SH,2.868,2.8625333333333334,-0.030425963488843966,0.10350134667179667,0.25185508511567,0.012382859622758792,1307650395.9,674,0.07960117029631508,5,True,True,False,True,True,True,True,True,False,True,False,confirmed_risk_on,True,False,True,False
2025-10-17,512880.SH,1.233,1.2511999999999999,-0.03971962616822422,0.05746140651801035,0.19592628516003896,0.016040161686087687,3844311090.3,674,0.046281969171922246,6,True,True,False,True,True,False,True,False,True,True,False,confirmed_risk_on,True,False,True,False
2025-10-24,159915.SZ,3.147,2.7917666666666667,0.026084121291163775,0.35354838709677394,0.6390624999999999,0.022399436061981685,5237417788.85205,679,0.27966550335517504,1,True,True,True,True,True,True,True,True,False,True,False,confirmed_risk_on,True,False,True,False
2025-10-24,516160.SH,2.763,2.3977166666666667,0.07551576488906186,0.3245445829338447,0.5743589743589743,0.02473107191456005,288869474.35,678,0.2748959340009575,2,True,True,True,True,True,True,True,True,False,True,False,confirmed_risk_on,True,False,True,False
2025-10-24,510500.SH,7.307,6.919449999999999,0.010650069156293185,0.1596571972702745,0.31444504407267493,0.014639625221862074,2096939504.85,679,0.13101191538516208,3,True,True,True,True,True,True,True,True,False,True,False,confirmed_risk_on,True,False,True,False
2025-10-24,510300.SH,4.647,4.374533333333333,0.03936479534779691,0.13286201852754753,0.26586761100517586,0.010867513192377526,4107390692.7,679,0.12206424775117296,4,True,True,False,True,True,True,True,True,False,True,False,confirmed_risk_on,True,False,True,False
2025-10-24,512100.SH,2.967,2.8865166666666666,-0.003024193548387011,0.11165230423379535,0.2706638115631692,0.012779062755850248,1284829123.95,679,0.09758400658679718,5,True,True,False,True,True,True,True,True,False,True,False,confirmed_risk_on,True,False,True,False
2025-10-24,512880.SH,1.257,1.2551833333333335,0.02029220779220764,0.02029220779220764,0.20749279538904908,0.014933411131355077,3566711795.6,679,0.05773232531157593,6,True,True,False,True,True,True,True,True,False,True,False,confirmed_risk_on,True,False,True,False
2025-10-31,516160.SH,2.927,2.46635,0.08047249907715015,0.4723340040241448,0.6425364758698091,0.02731042297947862,302071333.1,683,0.34962989641447983,1,True,True,True,True,True,True,True,True,False,True,False,confirmed_risk_on,True,False,True,False
2025-10-31,159915.SZ,3.166,2.8656,-0.014014325755216439,0.37592351151673165,0.6095577020843923,0.023883920057764612,5008507947.0455,684,0.2666752147214846,2,True,True,True,True,True,True,True,True,False,True,False,confirmed_risk_on,True,False,True,False
2025-10-31,510500.SH,7.374,7.012333333333333,-0.0006775985905949078,0.1826784282277465,0.2980109135715543,0.015213233005432834,2071404549.4,684,0.13240251456917151,3,True,True,True,True,True,True,True,True,False,True,False,confirmed_risk_on,True,False,True,False
2025-10-31,510300.SH,4.633,4.425033333333333,0.01334208223972011,0.14905753968253976,0.2467707212055974,0.01201629805909406,4199640024.75,684,0.11431399301002343,4,True,True,False,True,True,True,True,True,False,True,False,confirmed_risk_on,True,False,True,False
2025-10-31,512100.SH,2.996,2.9135333333333335,0.00033388981636051085,0.1288620949510173,0.24677486475239285,0.012379530456056506,1341502208.65,684,0.1010333668574297,5,True,True,False,True,True,True,True,True,False,True,False,confirmed_risk_on,True,False,True,False
2025-10-31,512880.SH,1.254,1.2588166666666667,0.02450980392156854,0.046744574290484175,0.18862559241706167,0.01579996221462861,3855833349.25,684,0.06622686976823343,6,True,True,False,True,True,False,True,False,True,True,False,confirmed_risk_on,True,False,True,False
2025-11-07,516160.SH,3.083,2.548216666666667,0.1129963898916968,0.5391912131802297,0.6575268817204301,0.02315752158632439,296381901.4,688,0.3923804175728566,1,True,True,True,True,True,True,True,True,False,True,False,confirmed_risk_on,True,False,True,False
2025-11-07,159915.SZ,3.185,2.936,0.029079159935379684,0.3728448275862071,0.5506329113924051,0.021172302876184674,4621072815.17835,689,0.27089617728711574,2,True,True,True,True,True,True,True,True,False,True,False,confirmed_risk_on,True,False,True,False
2025-11-07,510500.SH,7.378,7.097983333333333,-0.008733037753593909,0.16262212417270727,0.28626220362622035,0.014102214501780208,1919235458.4,689,0.11880807529288942,3,True,True,True,True,True,True,True,True,False,True,False,confirmed_risk_on,True,False,True,False
2025-11-07,510300.SH,4.672,4.474566666666666,0.016536118363794428,0.1479115479115478,0.21857068335941565,0.0102353862830894,4035112017.3,689,0.10949320318202004,4,True,True,False,True,True,True,True,True,False,True,False,confirmed_risk_on,True,False,True,False
2025-11-07,512100.SH,3.014,2.9383333333333335,0.002327901563019541,0.10362504577077991,0.24186238154099704,0.011652694210716734,1245473024.35,689,0.09075365524171919,5,True,True,False,True,True,True,True,True,False,True,False,confirmed_risk_on,True,False,True,False
2025-11-07,512880.SH,1.244,1.2625166666666667,-0.020472440944881876,0.028949545078577277,0.13193812556869888,0.011253011897288142,3396606739.2,689,0.02977846676721794,6,True,True,False,True,True,False,True,False,True,True,False,confirmed_risk_on,True,False,True,False
2025-11-14,516160.SH,3.051,2.6296833333333334,0.14785553047404076,0.47891420261754725,0.6465191581219645,0.022802238932279527,306631738.05,693,0.38001172486102813,1,True,True,True,True,True,True,True,True,False,True,False,confirmed_risk_on,True,False,True,False
2025-11-14,159915.SZ,3.093,2.99735,0.06106346483704983,0.2645134914145544,0.5206489675516226,0.018820889946446418,4159228758.2773004,694,0.23436057601096622,2,True,True,True,True,True,True,True,True,False,True,False,confirmed_risk_on,True,False,True,False
2025-11-14,510500.SH,7.276,7.173766666666666,0.03176403857061838,0.12771233725976439,0.2778363189322093,0.011646068708909402,1595416384.65,694,0.11935781411859497,3,True,True,True,True,True,True,True,True,False,True,False,confirmed_risk_on,True,False,True,False
2025-11-14,510300.SH,4.618,4.5205,0.025994223505887648,0.11734817323977742,0.21271008403361358,0.009284494247536086,3581566204.4,694,0.09987897550498875,4,True,True,False,True,True,True,True,True,False,True,False,confirmed_risk_on,True,False,True,False
2025-11-14,512100.SH,2.994,2.9583333333333335,0.04393305439330564,0.07620416966211363,0.23923841059602657,0.008831477598896558,1094239552.5,694,0.09590257174137302,5,True,True,False,True,True,True,True,True,False,True,False,confirmed_risk_on,True,False,True,False
2025-11-14,512880.SH,1.232,1.2642666666666666,-0.0008110300081103361,-0.007252215954875241,0.1568075117370893,0.010732347642920852,3108313604.25,694,0.028136203962223626,6,True,True,False,True,True,False,True,False,True,True,False,confirmed_risk_on,True,False,True,False
2025-11-21,516160.SH,2.76,2.6967,-0.0010857763300760048,0.28791413905739627,0.5514333895446879,0.02767611247404329,330724126.3,698,0.2250180229998657,1,True,True,True,True,True,True,True,True,False,False,True,confirmed_risk_off,False,True,False,True
2025-11-21,159915.SZ,2.904,3.035616666666667,-0.07721639656816015,0.12908242612752718,0.4823889739663092,0.017591434733887235,4209821851.0984,699,0.11722420661700866,2,True,True,True,True,True,False,True,False,True,False,True,confirmed_risk_off,False,True,False,True
2025-11-21,510300.SH,4.441,4.548183333333333,-0.044329675059178064,0.04371327849588713,0.19029750737067808,0.009856952258717147,3735242955.1,699,0.03781294284881924,3,True,True,True,True,True,False,True,False,True,False,True,confirmed_risk_off,False,True,False,True
2025-11-21,510500.SH,6.86,7.2099,-0.061174216504721546,0.020226055919095876,0.22829006266786034,0.012856743500776232,1677335214.45,699,0.029278748299321804,4,True,True,False,True,True,False,True,False,True,False,True,confirmed_risk_off,False,True,False,True
2025-11-21,512100.SH,2.821,2.962816666666667,-0.049207954162453604,-0.02387543252595159,0.19432684165961045,0.011472080393302197,1145901999.2,699,0.009632013656560013,5,True,True,False,True,True,False,True,False,True,False,True,confirmed_risk_off,False,True,False,True
2025-11-21,512880.SH,1.173,1.2566833333333336,-0.06682577565632442,-0.0928074245939674,0.13223938223938214,0.012608598603611704,3137500869.3,699,-0.03740540365224031,6,True,True,False,True,True,False,False,False,True,False,True,confirmed_risk_off,False,True,False,True
2025-11-28,516160.SH,2.829,2.7440166666666665,-0.03348138025281855,0.2703188145487203,0.5751670378619154,0.02420987474378687,303811379.6,703,0.20976838129074377,1,True,True,True,True,True,True,True,True,False,False,True,confirmed_risk_off,False,True,False,True
2025-11-28,159915.SZ,3.035,3.0577166666666664,-0.04137713202779525,0.08161083392729873,0.5002471576866041,0.01613039886488528,4204195224.1113997,704,0.11614291229712222,2,True,True,True,True,True,False,True,False,True,False,True,confirmed_risk_off,False,True,False,True
2025-11-28,510300.SH,4.512,4.555149999999999,-0.02611698683358521,0.017132551848512145,0.19586535913066516,0.008765869370149355,3585565944.6,704,0.035579297832103805,3,True,True,True,True,True,False,True,False,True,False,True,confirmed_risk_off,False,True,False,True
2025-11-28,510500.SH,7.073,7.213516666666666,-0.040819094114456056,0.004402158477705198,0.23610625655365247,0.011947313259498238,1910433150.0,704,0.032654477056030154,4,True,True,False,True,True,False,True,False,True,False,True,confirmed_risk_off,False,True,False,True
2025-11-28,512100.SH,2.926,2.9572000000000003,-0.02336448598130836,-0.014150943396226356,0.2006565449322939,0.011844217657912633,1146960781.6,704,0.025125137235444895,5,True,True,False,True,True,False,True,False,True,False,True,confirmed_risk_off,False,True,False,True
2025-11-28,512880.SH,1.18,1.2439166666666666,-0.05901116427432218,-0.11010558069381604,0.0976744186046512,0.010287009268693314,2533134291.35,704,-0.048111814266325055,6,True,True,False,True,True,False,False,False,True,False,True,confirmed_risk_off,False,True,False,True
2025-12-05,516160.SH,2.793,2.7837166666666664,-0.09406422315926044,0.1946107784431137,0.5439469320066337,0.02107656296018676,254081773.05,708,0.14900800851486803,1,True,True,True,True,True,True,True,True,False,False,True,mixed,True,False,False,True
2025-12-05,159915.SZ,3.089,3.074766666666667,-0.030141287284144447,0.12286441294074879,0.5142156862745098,0.01572260406441259,3853722524.9721003,709,0.1399323875175437,2,True,True,True,True,True,True,True,True,False,False,True,mixed,True,False,False,True
2025-12-05,510300.SH,4.575,4.564166666666667,-0.020761986301369717,0.05585045003461797,0.2055335968379448,0.008720465052903378,3202774313.8,709,0.05514210486088827,3,True,True,True,True,True,True,True,True,False,False,True,mixed,True,False,False,True
2025-12-05,510500.SH,7.154,7.224616666666667,-0.030360531309297945,0.0650588060145898,0.24136734339753607,0.01158163465017791,1850491368.8,709,0.062152778561623954,4,True,True,False,True,True,False,True,False,True,False,True,mixed,True,False,False,True
2025-12-05,512100.SH,2.937,2.957816666666667,-0.025547445255474477,0.0470588235294116,0.19877551020408157,0.011913439850507771,1129795148.2,709,0.04835965335039116,5,True,True,False,True,True,False,True,False,True,False,True,mixed,True,False,False,True
2025-12-05,512880.SH,1.194,1.23455,-0.04019292604501612,-0.04326923076923084,0.0984360625574976,0.011900145404993288,2338305267.25,709,-0.013697650214199261,6,True,True,False,True,True,False,False,False,True,False,True,mixed,True,False,False,True
2025-12-12,159915.SZ,3.174,3.0959999999999996,0.026188166828321924,0.04925619834710737,0.5830423940149627,0.014729749102235576,3693804668.8156,714,0.14678622487316428,1,True,True,True,True,True,True,True,True,False,False,True,confirmed_risk_off,False,True,False,True
2025-12-12,516160.SH,2.815,2.8074500000000002,-0.0773516879711571,0.10565593087195602,0.5770308123249299,0.017690558923080833,198762683.7,713,0.12672785962530556,2,True,True,True,True,True,True,True,True,False,False,True,confirmed_risk_off,False,True,False,True
2025-12-12,510500.SH,7.223,7.240183333333333,-0.007284222100054971,0.008517173973750403,0.277050919377652,0.01117690688818605,2042446806.1,714,0.05590336462500858,3,True,True,True,True,True,False,True,False,True,False,True,confirmed_risk_off,False,True,False,True
2025-12-12,510300.SH,4.571,4.575316666666667,-0.010177566045907471,0.007493938726030436,0.2189333333333332,0.00800578862978534,3393401072.6,714,0.04271321573871582,4,True,True,False,True,True,False,True,False,True,False,True,confirmed_risk_off,False,True,False,True
2025-12-12,512100.SH,2.947,2.9615666666666667,-0.015698062792251166,-0.0037187288708587785,0.22996661101836402,0.011662160077060885,1220300813.95,714,0.038226605538428826,5,True,True,False,True,True,False,True,False,True,False,True,confirmed_risk_off,False,True,False,True
2025-12-12,512880.SH,1.196,1.2300333333333333,-0.02922077922077926,-0.06853582554517135,0.12723845428840708,0.012380113262385662,2327736304.0,714,-0.013654951048698825,6,True,True,False,True,True,False,False,False,True,False,True,confirmed_risk_off,False,True,False,True
2025-12-19,159915.SZ,3.107,3.1004333333333336,0.06990358126721774,0.01304206064558211,0.484472049689441,0.015222227233635834,3541302306.0712,719,0.13007266670300816,1,True,True,True,True,True,True,True,True,False,False,True,confirmed_risk_off,False,True,False,True
2025-12-19,516160.SH,2.744,2.822033333333333,-0.005797101449275255,0.0681198910081744,0.47685683530678147,0.013487989158963615,161548385.8,718,0.12030048288491595,2,True,True,True,True,True,False,True,False,True,False,True,confirmed_risk_off,False,True,False,True
2025-12-19,510500.SH,7.224,7.235666666666668,0.05306122448979589,-0.0008298755186721962,0.2399588053553039,0.00921948488852705,1849923300.3,719,0.06888430065951026,3,True,True,True,True,True,False,True,False,True,False,True,confirmed_risk_off,False,True,False,True
2025-12-19,510300.SH,4.565,4.579066666666667,0.027921639270434673,0.021024379333482557,0.18172404866683944,0.007236803913130388,3284992660.8,719,0.055923217174934786,4,True,True,False,True,True,False,True,False,True,False,True,confirmed_risk_off,False,True,False,True
2025-12-19,512100.SH,2.933,2.9559333333333333,0.03970223325062028,-0.014448924731182866,0.18313836224283975,0.00907664600328828,1099869457.25,719,0.04672899585634292,5,True,True,False,True,True,False,True,False,True,False,True,confirmed_risk_off,False,True,False,True
2025-12-19,512880.SH,1.211,1.2256666666666665,0.03239556692242118,-0.017045454545454475,0.06414762741652047,0.010570096766494378,2059157863.55,719,0.01896957043409078,6,True,True,False,True,True,False,True,False,True,False,True,confirmed_risk_off,False,True,False,True
2025-12-26,516160.SH,2.927,2.83925,0.0509874326750448,0.09872372372372373,0.5348715259570005,0.014503195078096406,235818279.95,722,0.16685876775090752,1,True,True,True,True,True,True,True,True,False,False,True,risk_on_setup,True,False,True,False
2025-12-26,159915.SZ,3.226,3.1073000000000004,0.06293245469522235,0.004671441918405517,0.5067725361980382,0.014726266237029988,3176023447.90615,724,0.1283960658850588,2,True,True,True,True,True,True,True,True,False,False,True,risk_on_setup,True,False,True,False
2025-12-26,510500.SH,7.518,7.245616666666666,0.0629153117489043,0.018837240818539103,0.27229649686918256,0.00924400669467451,1821213790.0,724,0.08716032040081387,3,True,True,True,True,True,True,True,True,False,False,True,risk_on_setup,True,False,True,False
2025-12-26,512100.SH,3.041,2.9572999999999996,0.03930280246069717,0.015358931552587496,0.20866454689984093,0.009071582289124277,1070352602.8,724,0.06359760298528205,4,True,True,False,True,True,True,True,True,False,False,True,risk_on_setup,True,False,True,False
2025-12-26,510300.SH,4.661,4.588633333333333,0.033023049645390046,0.01946631671041099,0.197584789311408,0.007137998888377337,3185468523.85,724,0.06051270440460202,5,True,True,False,True,True,True,True,True,False,False,True,risk_on_setup,True,False,True,False
2025-12-26,512880.SH,1.229,1.2251833333333333,0.041525423728813626,0.004084967320261423,0.08664898320070735,0.010734379023464016,2063656242.8,724,0.03557395305977149,6,True,True,False,True,True,True,True,True,False,False,True,risk_on_setup,True,False,True,False
