date,symbol,quantity,close,market_value,avg_cost,weight
2023-05-22,510500.SH,42200,5.909,249359.8,5.921734487549999,0.25044702834474136
2023-05-22,512660.SH,226100,1.1,248710.00000000003,1.10588416575,0.24979439516562263
2023-05-22,512880.SH,269800,0.926,249834.80000000002,0.9267409389000001,0.25092409938210886
2023-05-22,588000.SH,230400,1.075,247680.0,1.0848673626000003,0.24875990428459413
2023-05-23,510500.SH,42200,5.844,246616.80000000002,5.921734487549999,0.2511672858546765
2023-05-23,512660.SH,226100,1.082,244640.2,1.10588416575,0.24915421433148605
2023-05-23,512880.SH,269800,0.913,246327.40000000002,0.9267409389000001,0.25087254594836705
2023-05-23,588000.SH,230400,1.06,244224.0,1.0848673626000003,0.24873033475648257
2023-05-24,510500.SH,42200,5.798,244675.6,5.921734487549999,0.2512374836353193
2023-05-24,512660.SH,226100,1.077,243509.69999999998,1.10588416575,0.25004031570287966
2023-05-24,512880.SH,269800,0.899,242550.2,0.9267409389000001,0.24905508315190977
2023-05-24,588000.SH,230400,1.055,243072.0,1.0848673626000003,0.24959087715409434
2023-05-25,510500.SH,42200,5.78,243916.0,5.921734487549999,0.24969132307600525
2023-05-25,512660.SH,226100,1.081,244414.09999999998,1.10588416575,0.2502012168428108
2023-05-25,512880.SH,269800,0.901,243089.80000000002,0.9267409389000001,0.2488455607187782
2023-05-25,588000.SH,230400,1.065,245376.0,1.0848673626000003,0.2511858922378928
2023-05-26,510500.SH,42200,5.833,246152.6,5.921734487549999,0.2504388995594298
2023-05-26,512660.SH,226100,1.078,243735.80000000002,1.10588416575,0.24798001538572928
2023-05-26,512880.SH,269800,0.903,243629.4,0.9267409389000001,0.24787176262336508
2023-05-26,588000.SH,230400,1.082,249292.80000000002,1.0848673626000003,0.253633780427625
2023-05-29,510500.SH,42100,5.826,245274.59999999998,5.921734487549999,0.2507154329513392
2023-05-29,512660.SH,226700,1.08,244836.00000000003,1.105860327640384,0.25026710365473676
2023-05-29,512880.SH,272600,0.894,243704.4,0.9265406174439472,0.24911040180331084
2023-05-29,588000.SH,227100,1.072,243451.2,1.0848673626000003,0.24885158516423256
2023-05-30,510500.SH,42100,5.859,246663.9,5.921734487549999,0.250985858591906
2023-05-30,512660.SH,226700,1.072,243022.40000000002,1.105860327640384,0.24728055350242018
2023-05-30,512880.SH,272600,0.897,244522.2,0.9265406174439472,0.24880663247350648
2023-05-30,588000.SH,227100,1.09,247539.00000000003,1.0848673626000003,0.2518762917880639
2023-05-31,510500.SH,42100,5.852,246369.2,5.921734487549999,0.2505416527145997
2023-05-31,512660.SH,226700,1.076,243929.2,1.105860327640384,0.24806032942977504
2023-05-31,512880.SH,272600,0.891,242886.6,0.9265406174439472,0.24700007219339873
2023-05-31,588000.SH,227100,1.097,249128.69999999998,1.0848673626000003,0.25334788697872823
2023-06-01,510500.SH,42100,5.862,246790.2,5.921734487549999,0.2499746846795796
2023-06-01,512660.SH,226700,1.086,246196.2,1.105860327640384,0.24937301993478958
2023-06-01,512880.SH,272600,0.893,243431.80000000002,0.9265406174439472,0.2465729491932114
2023-06-01,588000.SH,227100,1.1,249810.00000000003,1.0848673626000003,0.2530334510033453
2023-06-02,510500.SH,42100,5.914,248979.4,5.921734487549999,0.2515641280118109
2023-06-02,512660.SH,226700,1.08,244836.00000000003,1.105860327640384,0.24737771416390164
2023-06-02,512880.SH,272600,0.899,245067.4,0.9265406174439472,0.24761151639501766
2023-06-02,588000.SH,227100,1.1,249810.00000000003,1.0848673626000003,0.2524033507134746
2023-06-05,510500.SH,41800,5.901,246661.8,5.921734487549999,0.2505753399741628
2023-06-05,512660.SH,229400,1.069,245228.59999999998,1.1055605561293596,0.2491194008005617
2023-06-05,512880.SH,275100,0.894,245939.4,0.9263125992919666,0.24984147836447163
2023-06-05,588000.SH,223800,1.096,245284.80000000002,1.0848673626000003,0.24917649247064014
2023-06-06,510500.SH,41800,5.787,241896.6,5.921734487549999,0.25078726348058006
2023-06-06,512660.SH,229400,1.046,239952.40000000002,1.1055605561293596,0.2487716063871817
2023-06-06,512880.SH,275100,0.882,242638.2,0.9263125992919666,0.25155612023423923
2023-06-06,588000.SH,223800,1.067,238794.59999999998,1.0848673626000003,0.24757125262587285
2023-06-07,510500.SH,41800,5.791,242063.80000000002,5.921734487549999,0.2514403936538171
2023-06-07,512660.SH,229400,1.038,238117.2,1.1055605561293596,0.24734091798833485
2023-06-07,512880.SH,275100,0.883,242913.3,0.9263125992919666,0.25232279992195344
2023-06-07,588000.SH,223800,1.065,238347.0,1.0848673626000003,0.24757961953091018
2023-06-08,510500.SH,41800,5.778,241520.4,5.921734487549999,0.2510484980640318
2023-06-08,512660.SH,229400,1.036,237658.4,1.1055605561293596,0.24703414027262666
2023-06-08,512880.SH,275100,0.894,245939.4,0.9263125992919666,0.25564182977822636
2023-06-08,588000.SH,223800,1.053,235661.4,1.0848673626000003,0.24495835764460072
2023-06-09,510500.SH,41800,5.829,243652.19999999998,5.921734487549999,0.2510905094602629
2023-06-09,512660.SH,229400,1.042,239034.80000000002,1.1055605561293596,0.2463321476708688
2023-06-09,512880.SH,275100,0.892,245389.2,0.9263125992919666,0.25288053727422266
2023-06-09,588000.SH,223800,1.077,241032.59999999998,1.0848673626000003,0.24839093728902
2023-06-12,510500.SH,41400,5.847,242065.80000000002,5.921734487549999,0.25056414963230333
2023-06-12,512880.SH,272100,0.883,240264.3,0.9263125992919666,0.248699403288282
2023-06-12,588000.SH,224800,1.071,240760.8,1.0848525522681498,0.24921333421240444
2023-06-12,510300.SH,67900,3.568,242267.2,3.562848534,0.2507726203032364
2023-06-13,510500.SH,41400,5.865,242811.0,5.921734487549999,0.24952821515883503
2023-06-13,512880.SH,272100,0.888,241624.80000000002,0.9263125992919666,0.2483091996742754
2023-06-13,588000.SH,224800,1.084,243683.2,1.0848525522681498,0.2504245440288678
2023-06-13,510300.SH,67900,3.597,244236.3,3.562848534,0.25099294519604864
2023-06-14,510500.SH,41400,5.872,243100.8,5.921734487549999,0.24991265981922628
2023-06-14,512880.SH,272100,0.889,241896.9,0.9263125992919666,0.24867502567258273
2023-06-14,588000.SH,224800,1.08,242784.00000000003,1.0848525522681498,0.2495869828546473
2023-06-14,510300.SH,67900,3.597,244236.3,3.562848534,0.25107997734851756
2023-06-15,510500.SH,41400,5.926,245336.4,5.921734487549999,0.2495971638070742
2023-06-15,512880.SH,272100,0.902,245434.2,0.9263125992919666,0.24969666230228457
2023-06-15,588000.SH,224800,1.08,242784.00000000003,1.0848525522681498,0.2470004362081481
2023-06-15,510300.SH,67900,3.662,248649.8,3.562848534,0.25296810771331213
2023-06-16,510500.SH,41400,5.969,247116.6,5.921734487549999,0.24901992447337346
2023-06-16,512880.SH,272100,0.906,246522.6,0.9263125992919666,0.24842134940744434
2023-06-16,588000.SH,224800,1.098,246830.40000000002,1.0848525522681498,0.2487315201234258
2023-06-16,510300.SH,67900,3.699,251162.09999999998,3.562848534,0.2530965834451181
2023-06-19,510500.SH,41400,5.961,246785.40000000002,5.921734487549999,0.2497173400518266
2023-06-19,512880.SH,274000,0.898,246052.0,0.9261861971435916,0.24897522687497733
2023-06-19,588000.SH,225800,1.1,248380.00000000003,1.0849353531881314,0.2513308847365877
2023-06-19,510300.SH,67000,3.669,245823.0,3.562848534,0.24874350623481034
2023-06-20,510500.SH,41400,5.958,246661.2,5.921734487549999,0.24989241768606932
2023-06-20,512880.SH,274000,0.895,245230.0,0.9261861971435916,0.24844246922156696
2023-06-20,588000.SH,225800,1.101,248605.8,1.0849353531881314,0.2518624915989195
2023-06-20,510300.SH,67000,3.662,245354.0,3.562848534,0.2485680935994305
2023-06-21,510500.SH,41400,5.833,241486.2,5.921734487549999,0.2500057548838781
2023-06-21,512880.SH,274000,0.879,240846.0,0.9261861971435916,0.24934296883533097
2023-06-21,588000.SH,225800,1.066,240702.80000000002,1.0849353531881314,0.24919471678573407
2023-06-21,510300.SH,67000,3.607,241669.0,3.562848534,0.25019500400864286
2023-06-26,510500.SH,41300,5.732,236731.6,5.921734487549999,0.24893379640241323
2023-06-26,512880.SH,275000,0.858,235950.0,0.9260089236994331,0.24811190927256604
2023-06-26,588000.SH,226400,1.057,239304.8,1.08489010799417,0.2516396305407483
2023-06-26,510300.SH,66800,3.563,238008.40000000002,3.562848534,0.2502764083361247
2023-06-27,510500.SH,41300,5.777,238590.1,5.921734487549999,0.2491915398020686
2023-06-27,512880.SH,275000,0.866,238150.0,0.9260089236994331,0.24873188453277245
2023-06-27,588000.SH,226400,1.06,239984.0,1.08489010799417,0.25064737592993014
2023-06-27,510300.SH,66800,3.589,239745.2,3.562848534,0.25039796516349544
2023-06-28,510500.SH,41300,5.791,239168.30000000002,5.921734487549999,0.24980049282568903
2023-06-28,512880.SH,275000,0.866,238150.0,0.9260089236994331,0.2487369244437404
2023-06-28,588000.SH,226400,1.055,238852.0,1.08489010799417,0.24947013175408894
2023-06-28,510300.SH,66800,3.597,240279.6,3.562848534,0.2509611955094359
2023-06-29,510500.SH,41300,5.782,238796.6,5.921734487549999,0.2505138958679444
2023-06-29,512880.SH,275000,0.863,237325.0,0.9260089236994331,0.2489700872493993
2023-06-29,588000.SH,226400,1.047,237040.8,1.08489010799417,0.24867194209488006
2023-06-29,510300.SH,66800,3.579,239077.2,3.562848534,0.25080826437729736
2023-06-30,510500.SH,41300,5.855,241811.50000000003,5.921734487549999,0.25102140964919595
2023-06-30,512880.SH,275000,0.879,241725.0,0.9260089236994331,0.2509316151111584
2023-06-30,588000.SH,226400,1.052,238172.80000000002,1.08489010799417,0.2472441219548947
2023-06-30,510300.SH,66800,3.602,240613.59999999998,3.562848534,0.24977788505826962
2023-07-03,510500.SH,41000,5.884,241244.0,5.921734487549999,0.24833272131130568
2023-07-03,512880.SH,274100,0.891,244223.1,0.9260089236994331,0.2513993592797464
2023-07-03,588000.SH,228800,1.055,241384.0,1.0845829722459792,0.24847683507572502
2023-07-03,510300.SH,66700,3.647,243254.9,3.562848534,0.25040270966038336
2023-07-04,510500.SH,41000,5.898,241818.0,5.921734487549999,0.24830663905183062
2023-07-04,512880.SH,274100,0.891,244223.1,0.9260089236994331,0.2507762744701351
2023-07-04,588000.SH,228800,1.061,242756.8,1.0845829722459792,0.24927062962631993
2023-07-04,510300.SH,66700,3.654,243721.8,3.562848534,0.2502615232185464
2023-07-05,510500.SH,41000,5.867,240547.0,5.921734487549999,0.24879095109650934
2023-07-05,512880.SH,274100,0.885,242578.5,0.9260089236994331,0.2508920740253031
2023-07-05,588000.SH,228800,1.051,240468.8,1.0845829722459792,0.24871007105071474
2023-07-05,510300.SH,66700,3.627,241920.9,3.562848534,0.25021193696501526
2023-07-06,510500.SH,41000,5.832,239112.0,5.921734487549999,0.24833131415277185
2023-07-06,512880.SH,274100,0.885,242578.5,0.9260089236994331,0.25193147014875106
2023-07-06,588000.SH,228800,1.048,239782.40000000002,1.0845829722459792,0.24902756240885277
2023-07-06,510300.SH,66700,3.599,240053.30000000002,3.562848534,0.2493089073560072
2023-07-07,510500.SH,41000,5.816,238456.0,5.921734487549999,0.24830399901836503
2023-07-07,512880.SH,274100,0.89,243949.0,0.9260089236994331,0.25402385453304227
2023-07-07,588000.SH,228800,1.037,237265.59999999998,1.0845829722459792,0.24706443666543004
2023-07-07,510300.SH,66700,3.588,239319.6,3.562848534,0.24920326485169386
2023-07-10,512880.SH,269400,0.89,239766.0,0.9260089236994331,0.24891079142630484
2023-07-10,588000.SH,231800,1.039,240840.19999999998,1.0840213224757551,0.2500259619348429
2023-07-10,510300.SH,66700,3.604,240386.80000000002,3.562848534,0.24955526903913341
2023-07-10,512660.SH,218500,1.106,241661.00000000003,1.1028817653,0.25087806764458787
2023-07-11,512880.SH,269400,0.895,241113.0,0.9260089236994331,0.24875588333484128
2023-07-11,588000.SH,231800,1.046,242462.80000000002,1.0840213224757551,0.2501484697624722
2023-07-11,510300.SH,66700,3.63,242121.0,3.562848534,0.2497958352677587
2023-07-11,512660.SH,218500,1.112,242972.00000000003,1.1028817653,0.2506738105603309
2023-07-12,512880.SH,269400,0.889,239496.6,0.9260089236994331,0.24991478057695143
2023-07-12,588000.SH,231800,1.03,238754.0,1.0840213224757551,0.24913987723362027
2023-07-12,510300.SH,66700,3.611,240853.7,3.562848534,0.25133091487163867
2023-07-12,512660.SH,218500,1.092,238602.00000000003,1.1028817653,0.24898126518381378
2023-07-13,512880.SH,269400,0.903,243268.2,0.9260089236994331,0.2508171781594581
2023-07-13,588000.SH,231800,1.039,240840.19999999998,1.0840213224757551,0.24831383366736592
2023-07-13,510300.SH,66700,3.674,245055.8,3.562848534,0.2526602500762883
2023-07-13,512660.SH,218500,1.099,240131.5,1.1028817653,0.24758314164037018
2023-07-14,512880.SH,269400,0.901,242729.4,0.9260089236994331,0.25089804637715707
2023-07-14,588000.SH,231800,1.036,240144.80000000002,1.0840213224757551,0.2482264660466887
2023-07-14,510300.SH,66700,3.672,244922.40000000002,3.562848534,0.2531648480736352
2023-07-14,512660.SH,218500,1.094,239039.00000000003,1.1028817653,0.24708345222271905
2023-07-17,512880.SH,268200,0.896,240307.2,0.9260089236994331,0.2494192339859046
2023-07-17,588000.SH,233500,1.028,240038.0,1.0836823188431692,0.24913982638684387
2023-07-17,510300.SH,65800,3.644,239775.2,3.562848534,0.24886706146472962
2023-07-17,512660.SH,220700,1.099,242549.3,1.1028213371909832,0.25174635054554073
2023-07-18,512880.SH,268200,0.899,241111.80000000002,0.9260089236994331,0.25027252639825265
2023-07-18,588000.SH,233500,1.025,239337.49999999997,1.0836823188431692,0.2484308141984
2023-07-18,510300.SH,65800,3.638,239380.4,3.562848534,0.2484753441275967
2023-07-18,512660.SH,220700,1.1,242770.00000000003,1.1028213371909832,0.25199372753097854
2023-07-19,512880.SH,268200,0.904,242452.80000000002,0.9260089236994331,0.2522346893889595
2023-07-19,588000.SH,233500,1.019,237936.49999999997,1.0836823188431692,0.24753617682202944
2023-07-19,510300.SH,65800,3.636,239248.80000000002,3.562848534,0.24890142227551623
2023-07-19,512660.SH,220700,1.091,240783.69999999998,1.1028213371909832,0.25049824864643505
2023-07-20,512880.SH,268200,0.896,240307.2,0.9260089236994331,0.25300970518112803
2023-07-20,588000.SH,233500,1.007,235134.49999999997,1.0836823188431692,0.2475635791308456
2023-07-20,510300.SH,65800,3.608,237406.4,3.562848534,0.2499555705035594
2023-07-20,512660.SH,220700,1.07,236149.0,1.1028213371909832,0.2486317050376277
2023-07-21,512880.SH,268200,0.899,241111.80000000002,0.9260089236994331,0.25422095910952186
2023-07-21,588000.SH,233500,1.0,233500.0,1.0836823188431692,0.24619530836762593
2023-07-21,510300.SH,65800,3.61,237538.0,3.562848534,0.25045285292946096
2023-07-21,512660.SH,220700,1.067,235486.9,1.1028213371909832,0.24829023538345307
2023-07-24,512880.SH,264000,0.898,237072.0,0.9260089236994331,0.2501785066423862
2023-07-24,588000.SH,236200,0.995,235019.0,1.0827526310325148,0.24801200670086287
2023-07-24,510300.SH,65800,3.593,236419.4,3.562848534,0.24948982770335154
2023-07-24,512660.SH,221800,1.075,238435.0,1.1026589489091523,0.25161685998885297
2023-07-25,512880.SH,264000,0.949,250536.0,0.9260089236994331,0.25729039245207935
2023-07-25,588000.SH,236200,1.009,238325.8,1.0827526310325148,0.2447510082920449
2023-07-25,510300.SH,65800,3.705,243789.0,3.562848534,0.2503614948969408
2023-07-25,512660.SH,221800,1.084,240431.2,1.1026589489091523,0.24691316938773022
2023-07-26,512880.SH,264000,0.946,249744.0,0.9260089236994331,0.25749968972841936
2023-07-26,588000.SH,236200,1.006,237617.2,1.0827526310325148,0.24499629730498337
2023-07-26,510300.SH,65800,3.696,243196.80000000002,3.562848534,0.2507491693211627
2023-07-26,512660.SH,221800,1.076,238656.80000000002,1.1026589489091523,0.246068181624293
2023-07-27,512880.SH,264000,0.936,247104.0,0.9260089236994331,0.25628240042544337
2023-07-27,588000.SH,236200,0.997,235491.4,1.0827526310325148,0.2442384634467603
2023-07-27,510300.SH,65800,3.692,242933.6,3.562848534,0.2519570956034483
2023-07-27,512660.SH,221800,1.073,237991.4,1.1026589489091523,0.24683132313767428
2023-07-28,512880.SH,264000,1.017,268488.0,0.9260089236994331,0.27016149367947656
2023-07-28,588000.SH,236200,1.007,237853.39999999997,1.0827526310325148,0.23933594730767113
2023-07-28,510300.SH,65800,3.788,249250.4,3.562848534,0.25080398514722074
2023-07-28,512660.SH,221800,1.071,237547.8,1.1026589489091523,0.23902844249379324
2023-07-31,512880.SH,243400,1.013,246564.19999999998,0.9260089236994331,0.24724840229035916
2023-07-31,510300.SH,65300,3.804,248401.19999999998,3.562848534,0.24909049986578735
2023-07-31,512660.SH,232700,1.078,250850.6,1.1013162987453802,0.25154669681802133
2023-07-31,510500.SH,42100,5.956,250747.6,5.9307416888999995,0.2514434109986043
2023-08-01,512880.SH,243400,1.011,246077.39999999997,0.9260089236994331,0.24694686702081128
2023-08-01,510300.SH,65300,3.786,247225.8,3.562848534,0.24809932467066742
2023-08-01,512660.SH,232700,1.081,251548.69999999998,1.1013162987453802,0.25243749880386396
2023-08-01,510500.SH,42100,5.961,250958.1,5.9307416888999995,0.25184481203269976
2023-08-02,512880.SH,243400,1.018,247781.2,0.9260089236994331,0.24940195526162579
2023-08-02,510300.SH,65300,3.757,245332.1,3.562848534,0.2469368355163374
2023-08-02,512660.SH,232700,1.073,249687.09999999998,1.1013162987453802,0.2513203218953055
2023-08-02,510500.SH,42100,5.939,250031.9,5.9307416888999995,0.2516673772577552
2023-08-03,512880.SH,243400,1.054,256543.6,0.9260089236994331,0.25519970985049534
2023-08-03,510300.SH,65300,3.793,247682.90000000002,3.562848534,0.24638542616120324
2023-08-03,512660.SH,232700,1.072,249454.40000000002,1.1013162987453802,0.248147646251668
2023-08-03,510500.SH,42100,5.96,250916.0,5.9307416888999995,0.24960158973697605
2023-08-04,512880.SH,243400,1.063,258734.19999999998,0.9260089236994331,0.25609099946023156
2023-08-04,510300.SH,65300,3.814,249054.2,3.562848534,0.2465098892908955
2023-08-04,512660.SH,232700,1.071,249221.69999999998,1.1013162987453802,0.2466756781290529
2023-08-04,510500.SH,42100,6.001,252642.1,5.9307416888999995,0.2500611356934328
2023-08-07,512880.SH,240700,1.066,256586.2,0.9260089236994331,0.25498555734208456
2023-08-07,510300.SH,66000,3.783,249678.0,3.5654172404575757,0.24812045225369478
2023-08-07,512660.SH,234600,1.067,250318.19999999998,1.1010721113301363,0.24875665854152476
2023-08-07,510500.SH,41800,5.96,249128.0,5.9307416888999995,0.24757388327789584
2023-08-08,512880.SH,240700,1.059,254901.3,0.9260089236994331,0.254984199042833
2023-08-08,510300.SH,66000,3.768,248688.0,3.5654172404575757,0.2487688783523821
2023-08-08,512660.SH,234600,1.054,247268.40000000002,1.1010721113301363,0.24734881666983594
2023-08-08,510500.SH,41800,5.939,248250.2,5.9307416888999995,0.24833093597099387
2023-08-09,512880.SH,240700,1.053,253457.09999999998,0.9260089236994331,0.25472853018876573
2023-08-09,510300.SH,66000,3.76,248160.0,3.5654172404575757,0.24940485806727886
2023-08-09,512660.SH,234600,1.05,246330.0,1.1010721113301363,0.24756567814197616
2023-08-09,510500.SH,41800,5.897,246494.6,5.9307416888999995,0.24773110383361813
2023-08-10,512880.SH,240700,1.074,258511.80000000002,0.9260089236994331,0.25843174157593607
2023-08-10,510300.SH,66000,3.765,248490.0,3.5654172404575757,0.24841304522348437
2023-08-10,512660.SH,234600,1.05,246330.0,1.1010721113301363,0.24625371415308825
2023-08-10,510500.SH,41800,5.895,246410.99999999997,5.9307416888999995,0.24633468906822809
2023-08-11,512880.SH,240700,1.027,247198.89999999997,0.9260089236994331,0.25345334654498813
2023-08-11,510300.SH,66000,3.67,242220.0,3.5654172404575757,0.2483484740430764
2023-08-11,512660.SH,234600,1.04,243984.0,1.1010721113301363,0.2501571054864419
2023-08-11,510500.SH,41800,5.774,241353.2,5.9307416888999995,0.24745974290072426
2023-08-14,512880.SH,239600,1.017,243673.19999999998,0.9260089236994331,0.25072846742046334
2023-08-14,510300.SH,66200,3.643,241166.59999999998,3.5657205705468282,0.24814929180149445
2023-08-14,512660.SH,233300,1.042,243098.6,1.1010721113301363,0.2501372305615072
2023-08-14,510500.SH,42000,5.781,242802.0,5.9299184665719045,0.2498320428616005
2023-08-15,512880.SH,239600,1.036,248225.6,0.9260089236994331,0.2553245876634145
2023-08-15,510300.SH,66200,3.639,240901.8,3.5657205705468282,0.2477913347872836
2023-08-15,512660.SH,233300,1.031,240532.3,1.1010721113301363,0.247411267481004
2023-08-15,510500.SH,42000,5.748,241416.0,5.9299184665719045,0.24832024035937822
2023-08-16,512880.SH,239600,1.038,248704.80000000002,0.9260089236994331,0.25768496008444813
2023-08-16,510300.SH,66200,3.609,238915.8,3.5657205705468282,0.2475425017391863
2023-08-16,512660.SH,233300,1.015,236799.49999999997,1.1010721113301363,0.24534978699855112
2023-08-16,510500.SH,42000,5.705,239610.0,5.9299184665719045,0.24826176770948774
2023-08-17,512880.SH,239600,1.038,248704.80000000002,0.9260089236994331,0.2550847701006151
2023-08-17,510300.SH,66200,3.622,239776.4,3.5657205705468282,0.24592733179879567
2023-08-17,512660.SH,233300,1.047,244265.09999999998,1.1010721113301363,0.2505311794428726
2023-08-17,510500.SH,42000,5.741,241122.0,5.9299184665719045,0.2473074501827086
2023-08-18,512880.SH,239600,1.021,244631.59999999998,0.9260089236994331,0.2544623392507732
2023-08-18,510300.SH,66200,3.572,236466.4,3.5657205705468282,0.24596901339896007
2023-08-18,512660.SH,233300,1.037,241932.09999999998,1.1010721113301363,0.2516543574331852
2023-08-18,510500.SH,42000,5.648,237216.0,5.9299184665719045,0.24674873674419584
2023-08-21,512880.SH,237000,0.985,233445.0,0.9260089236994331,0.24748266062834903
2023-08-21,510300.SH,67100,3.52,236192.0,3.5657824906140094,0.2503948449490501
2023-08-21,512660.SH,230200,1.02,234804.0,1.1010721113301363,0.248923380865638
2023-08-21,159928.SZ,257100,0.927,238331.7,0.9317449396499998,0.25266321072662723
2023-08-22,512880.SH,237000,1.004,237948.0,0.9260089236994331,0.249997135578165
2023-08-22,510300.SH,67100,3.543,237735.30000000002,3.5657824906140094,0.24977366494282674
2023-08-22,512660.SH,230200,1.033,237796.59999999998,1.1010721113301363,0.24983806903284192
2023-08-22,159928.SZ,257100,0.925,237817.5,0.9317449396499998,0.24986002736043278
2023-08-23,512880.SH,237000,0.977,231549.0,0.9260089236994331,0.24815650018518384
2023-08-23,510300.SH,67100,3.488,234044.8,3.5657824906140094,0.25083130764780376
2023-08-23,512660.SH,230200,1.01,232502.0,1.1010721113301363,0.24917785266209577
2023-08-23,159928.SZ,257100,0.912,234475.2,0.9317449396499998,0.2512925774338089
2023-08-24,512880.SH,237000,0.992,235104.0,0.9260089236994331,0.24937426647546343
2023-08-24,510300.SH,67100,3.511,235588.1,3.5657824906140094,0.24988775022053275
2023-08-24,512660.SH,230200,1.011,232732.19999999998,1.1010721113301363,0.24685850372694998
2023-08-24,159928.SZ,257100,0.929,238845.90000000002,0.9317449396499998,0.2533432911101976
2023-08-25,512880.SH,237000,0.998,236526.0,0.9260089236994331,0.2516730412847811
2023-08-25,510300.SH,67100,3.504,235118.4,3.5657824906140094,0.25017529907922037
2023-08-25,512660.SH,230200,0.994,228818.8,1.1010721113301363,0.243472274925945
2023-08-25,159928.SZ,257100,0.929,238845.90000000002,0.9317449396499998,0.25414150685929116
2023-08-28,512880.SH,227400,1.023,232630.19999999998,0.9260089236994331,0.2444344866804481
2023-08-28,510300.SH,66900,3.557,237963.3,3.5657824906140094,0.2500382026249622
2023-08-28,512660.SH,240400,1.003,241121.19999999998,1.0984812767395897,0.2533563430275762
2023-08-28,159928.SZ,257500,0.929,239217.5,0.9318245358602523,0.2513560441313299
2023-08-29,512880.SH,227400,1.016,231038.4,0.9260089236994331,0.24031229938063664
2023-08-29,510300.SH,66900,3.579,239435.1,3.5657824906140094,0.24904604357298474
2023-08-29,512660.SH,240400,1.031,247852.4,1.0984812767395897,0.25780121465093814
2023-08-29,159928.SZ,257500,0.941,242307.5,0.9318245358602523,0.25203374193282857
2023-08-30,512880.SH,227400,0.987,224443.8,0.9260089236994331,0.23473982460579113
2023-08-30,510300.SH,66900,3.578,239368.19999999998,3.5657824906140094,0.25034885919862315
2023-08-30,512660.SH,240400,1.04,250016.0,1.0984812767395897,0.2614851111442663
2023-08-30,159928.SZ,257500,0.938,241535.0,0.9318245358602523,0.2526150579172147
2023-08-31,512880.SH,227400,0.968,220123.19999999998,0.9260089236994331,0.23218341756915956
2023-08-31,510300.SH,66900,3.559,238097.1,3.5657824906140094,0.2511420803954601
2023-08-31,512660.SH,240400,1.035,248813.99999999997,1.0984812767395897,0.2624461431555277
2023-08-31,159928.SZ,257500,0.933,240247.5,0.9318245358602523,0.2534102975626679
2023-09-01,512880.SH,227400,0.969,220350.6,0.9260089236994331,0.23165207811083877
2023-09-01,510300.SH,66900,3.582,239635.8,3.5657824906140094,0.25192638939831946
2023-09-01,512660.SH,240400,1.029,247371.59999999998,1.0984812767395897,0.2600589479021303
2023-09-01,159928.SZ,257500,0.944,243080.0,0.9318245358602523,0.2555472376620834
2023-09-04,512880.SH,245400,0.976,239510.4,0.9295128079720908,0.24862548895893996
2023-09-04,510300.SH,66100,3.64,240604.0,3.5657824906140094,0.2497607082843868
2023-09-04,512660.SH,231600,1.038,240400.80000000002,1.0984812767395897,0.24954977506663736
2023-09-04,159928.SZ,251600,0.962,242039.19999999998,0.9318245358602523,0.2512505279404596
2023-09-05,512880.SH,245400,0.967,237301.8,0.9295128079720908,0.24806349512781645
2023-09-05,510300.SH,66100,3.613,238819.3,3.5657824906140094,0.24964981412689888
2023-09-05,512660.SH,231600,1.036,239937.6,1.0984812767395897,0.2508188293075736
2023-09-05,159928.SZ,251600,0.953,239774.8,0.9318245358602523,0.2506486462874414
2023-09-06,512880.SH,245400,0.964,236565.6,0.9295128079720908,0.2468332780687717
2023-09-06,510300.SH,66100,3.603,238158.30000000002,3.5657824906140094,0.2484951061704912
2023-09-06,512660.SH,231600,1.053,243874.8,1.0984812767395897,0.25445971993546856
2023-09-06,159928.SZ,251600,0.95,239020.0,0.9318245358602523,0.24939420661329376
2023-09-07,512880.SH,245400,0.959,235338.59999999998,0.9295128079720908,0.24839669626386432
2023-09-07,510300.SH,66100,3.55,234655.0,3.5657824906140094,0.24767516574755305
2023-09-07,512660.SH,231600,1.038,240400.80000000002,1.0984812767395897,0.2537397796162211
2023-09-07,159928.SZ,251600,0.939,236252.4,0.9318245358602523,0.2493611997539247
2023-09-08,512880.SH,245400,0.964,236565.6,0.9295128079720908,0.24873716114942576
2023-09-08,510300.SH,66100,3.529,233266.9,3.5657824906140094,0.24526873939459912
2023-09-08,512660.SH,231600,1.062,245959.2,1.0984812767395897,0.25861407223444083
2023-09-08,159928.SZ,251600,0.932,234491.2,0.9318245358602523,0.246556030980507
2023-09-11,512880.SH,246500,0.979,241323.5,0.9296891410805318,0.25213162888450236
2023-09-11,510300.SH,67300,3.557,239386.1,3.565250232237534,0.2501074587651363
2023-09-11,512660.SH,223600,1.054,235674.40000000002,1.0984812767395897,0.24622952326805206
2023-09-11,159928.SZ,255000,0.941,239955.0,0.9318526965585863,0.25070183802646967
2023-09-12,512880.SH,246500,0.968,238612.0,0.9296891410805318,0.25038027590895534
2023-09-12,510300.SH,67300,3.552,239049.6,3.565250232237534,0.25083945821637393
2023-09-12,512660.SH,223600,1.048,234332.80000000002,1.0984812767395897,0.2458900269832115
2023-09-12,159928.SZ,255000,0.942,240210.0,0.9318526965585863,0.2520570888140168
2023-09-13,512880.SH,246500,0.957,235900.5,0.9296891410805318,0.24988448807280655
2023-09-13,510300.SH,67300,3.527,237367.1,3.565250232237534,0.2514380269173939
2023-09-13,512660.SH,223600,1.031,230531.59999999998,1.0984812767395897,0.24419732408623554
2023-09-13,159928.SZ,255000,0.939,239445.0,0.9318526965585863,0.25363910312438154
2023-09-14,512880.SH,246500,0.961,236886.5,0.9296891410805318,0.25097495641944345
2023-09-14,510300.SH,67300,3.524,237165.2,3.565250232237534,0.25127023166878903
2023-09-14,512660.SH,223600,1.029,230084.4,1.0984812767395897,0.24376831209374025
2023-09-14,159928.SZ,255000,0.937,238935.0,0.9318526965585863,0.2531452877731729
2023-09-15,512880.SH,246500,0.957,235900.5,0.9296891410805318,0.25097971498635946
2023-09-15,510300.SH,67300,3.507,236021.1,3.565250232237534,0.2511080239709837
2023-09-15,512660.SH,223600,1.03,230308.0,1.0984812767395897,0.24502973159903635
2023-09-15,159928.SZ,255000,0.929,236895.0,0.9318526965585863,0.2520377853446416
2023-09-18,512880.SH,245900,0.955,234834.5,0.9296891410805318,0.24983240869602466
2023-09-18,510300.SH,66800,3.52,235136.0,3.565250232237534,0.25015316425460676
2023-09-18,512660.SH,228200,1.022,233220.4,1.097032300521351,0.24811522280180445
2023-09-18,159928.SZ,252300,0.935,235900.5,0.9318526965585863,0.25096648970912094
2023-09-19,512880.SH,245900,0.956,235080.4,0.9296891410805318,0.25110581707471413
2023-09-19,510300.SH,66800,3.515,234802.0,3.565250232237534,0.2508084385630492
2023-09-19,512660.SH,228200,1.008,230025.6,1.097032300521351,0.2457064316553033
2023-09-19,159928.SZ,252300,0.933,235395.90000000002,0.9318526965585863,0.25144282469120227
2023-09-20,512880.SH,245900,0.952,234096.8,0.9296891410805318,0.25139044605099325
2023-09-20,510300.SH,66800,3.497,233599.6,3.565250232237534,0.2508565159426938
2023-09-20,512660.SH,228200,0.998,227743.6,1.097032300521351,0.2445679103228194
2023-09-20,159928.SZ,252300,0.931,234891.30000000002,0.9318526965585863,0.2522436388728837
2023-09-21,512880.SH,245900,0.945,232375.5,0.9296891410805318,0.25173715271575364
2023-09-21,510300.SH,66800,3.462,231261.6,3.565250232237534,0.25053044196350105
2023-09-21,512660.SH,228200,0.999,227971.8,1.097032300521351,0.24696653404289715
2023-09-21,159928.SZ,252300,0.914,230602.2,0.9318526965585863,0.2498161003977991
2023-09-22,512880.SH,245900,0.974,239506.6,0.9296891410805318,0.2540545452584084
2023-09-22,510300.SH,66800,3.537,236271.6,3.565250232237534,0.25062304711217387
2023-09-22,512660.SH,228200,1.012,230938.4,1.097032300521351,0.24496590154385903
2023-09-22,159928.SZ,252300,0.932,235143.6,0.9318526965585863,0.24942653091157024
2023-09-25,512880.SH,242500,0.95,230375.0,0.9296891410805318,0.24751958955752504
2023-09-25,510300.SH,66600,3.509,233699.4,3.565250232237534,0.25109139258964674
2023-09-25,512660.SH,232600,0.999,232367.4,1.0954169947505257,0.2496602646752002
2023-09-25,159928.SZ,251900,0.927,233511.30000000002,0.9318526965585863,0.2508892941206472
2023-09-26,512880.SH,242500,0.952,230860.0,0.9296891410805318,0.24931332100659057
2023-09-26,510300.SH,66600,3.488,232300.8,3.565250232237534,0.250869288402009
2023-09-26,512660.SH,232600,0.989,230041.4,1.0954169947505257,0.24842928789311922
2023-09-26,159928.SZ,251900,0.921,231999.90000000002,0.9318526965585863,0.250544336577133
2023-09-27,512880.SH,242500,0.953,231102.5,0.9296891410805318,0.24900259608007574
2023-09-27,510300.SH,66600,3.498,232966.80000000002,3.565250232237534,0.2510112958555957
2023-09-27,512660.SH,232600,0.991,230506.6,1.0954169947505257,0.24836054051164133
2023-09-27,159928.SZ,251900,0.924,232755.6,0.9318526965585863,0.25078373731212633
2023-09-28,512880.SH,242500,0.947,229647.5,0.9296891410805318,0.24814027470960212
2023-09-28,510300.SH,66600,3.484,232034.4,3.565250232237534,0.2507193840911732
2023-09-28,512660.SH,232600,1.004,233530.4,1.0954169947505257,0.25233585216056464
2023-09-28,159928.SZ,251900,0.911,229480.9,0.9318526965585863,0.24796025894732898
2023-10-09,512880.SH,245200,0.935,229262.0,0.9298392620800529,0.2484822792980366
2023-10-09,510300.SH,66300,3.474,230326.2,3.565250232237534,0.24963569696703092
2023-10-09,159928.SZ,253500,0.904,229164.0,0.9317373659294196,0.2483760634254925
2023-10-09,512010.SH,539100,0.433,233430.3,0.42834246419999994,0.25300003053809383
2023-10-10,512880.SH,245200,0.932,228526.40000000002,0.9298392620800529,0.24966397697475154
2023-10-10,510300.SH,66300,3.447,228536.1,3.565250232237534,0.2496745741774233
2023-10-10,159928.SZ,253500,0.9,228150.0,0.9317373659294196,0.24925276181128114
2023-10-10,512010.SH,539100,0.426,229656.6,0.42834246419999994,0.2508987149602835
2023-10-11,512880.SH,245200,0.93,228036.0,0.9298392620800529,0.24773561511088013
2023-10-11,510300.SH,66300,3.455,229066.5,3.565250232237534,0.24885513813080576
2023-10-11,159928.SZ,253500,0.901,228403.5,0.9317373659294196,0.24813486276718547
2023-10-11,512010.SH,539100,0.435,234508.5,0.42834246419999994,0.25476726260866633
2023-10-12,512880.SH,245200,0.941,230733.19999999998,0.9298392620800529,0.24872671331582774
2023-10-12,510300.SH,66300,3.491,231453.30000000002,3.565250232237534,0.24950296964243673
2023-10-12,159928.SZ,253500,0.905,229417.5,0.9317373659294196,0.24730840967894485
2023-10-12,512010.SH,539100,0.437,235586.7,0.42834246419999994,0.2539587089847578
2023-10-13,512880.SH,245200,0.931,228281.2,0.9298392620800529,0.24880858075345363
2023-10-13,510300.SH,66300,3.456,229132.8,3.565250232237534,0.24973675787609725
2023-10-13,159928.SZ,253500,0.888,225108.0,0.9317373659294196,0.2453500419493521
2023-10-13,512010.SH,539100,0.435,234508.5,0.42834246419999994,0.2555958487147486
2023-10-16,512880.SH,246700,0.929,229184.30000000002,0.9298633342603525,0.2526483757134446
2023-10-16,510300.SH,66300,3.413,226281.9,3.565250232237534,0.24944882563226234
2023-10-16,159928.SZ,258400,0.875,226100.0,0.9309357502442255,0.2492483025617803
2023-10-16,512010.SH,525000,0.428,224700.0,0.42834246419999994,0.2477049694189829
2023-10-17,512880.SH,246700,0.942,232391.4,0.9298633342603525,0.25484384571883006
2023-10-17,510300.SH,66300,3.425,227077.5,3.565250232237534,0.24901654439973958
2023-10-17,159928.SZ,258400,0.88,227392.0,0.9309357502442255,0.24936142975039616
2023-10-17,512010.SH,525000,0.427,224175.0,0.42834246419999994,0.2458336199791332
2023-10-18,512880.SH,246700,0.941,232144.69999999998,0.9298633342603525,0.2564160307287874
2023-10-18,510300.SH,66300,3.397,225221.09999999998,3.565250232237534,0.24876855038418405
2023-10-18,159928.SZ,258400,0.877,226616.8,0.9309357502442255,0.25031017444059445
2023-10-18,512010.SH,525000,0.42,220500.0,0.42834246419999994,0.2435538471293879
2023-10-19,512880.SH,246700,0.935,230664.5,0.9298633342603525,0.25941936130611526
2023-10-19,510300.SH,66300,3.32,220116.0,3.565250232237534,0.24755587501872575
2023-10-19,159928.SZ,258400,0.85,219640.0,0.9309357502442255,0.2470205363949596
2023-10-19,512010.SH,525000,0.415,217875.0,0.42834246419999994,0.24503550977532246
2023-10-20,512880.SH,246700,0.938,231404.59999999998,0.9298633342603525,0.26192453333283533
2023-10-20,510300.SH,66300,3.302,218922.6,3.565250232237534,0.24779628339717957
2023-10-20,159928.SZ,258400,0.844,218089.6,0.9309357502442255,0.24685341909687503
2023-10-20,512010.SH,525000,0.408,214200.0,0.42834246419999994,0.24245082007831015
2023-10-23,512880.SH,235400,0.914,215155.6,0.9298633342603525,0.24581424065812213
2023-10-23,510300.SH,66800,3.264,218035.19999999998,3.5632621616369535,0.24910416984146258
2023-10-23,159928.SZ,260900,0.842,219677.8,0.9301163342779144,0.2509808324600746
2023-10-23,512010.SH,541700,0.409,221555.3,0.4276691596917112,0.25312586720160873
2023-10-24,512880.SH,235400,0.945,222453.0,0.9298633342603525,0.251275138091772
2023-10-24,510300.SH,66800,3.269,218369.2,3.5632621616369535,0.24666222026670706
2023-10-24,159928.SZ,260900,0.847,220982.3,0.9301163342779144,0.24961388674613239
2023-10-24,512010.SH,541700,0.411,222638.69999999998,0.4276691596917112,0.2514848983249163
2023-10-25,512880.SH,235400,0.944,222217.59999999998,0.9298633342603525,0.2499052811285774
2023-10-25,510300.SH,66800,3.289,219705.2,3.5632621616369535,0.24707984323208573
2023-10-25,159928.SZ,260900,0.864,225417.6,0.9301163342779144,0.2535039920300157
2023-10-25,512010.SH,541700,0.408,221013.59999999998,0.4276691596917112,0.24855126615191128
2023-10-26,512880.SH,235400,0.943,221982.19999999998,0.9298633342603525,0.248276049054563
2023-10-26,510300.SH,66800,3.302,220573.6,3.5632621616369535,0.24670060001991853
2023-10-26,159928.SZ,260900,0.872,227504.8,0.9301163342779144,0.2544528024541992
2023-10-26,512010.SH,541700,0.412,223180.4,0.4276691596917112,0.2496161761547412
2023-10-27,512880.SH,235400,0.947,222923.8,0.9298633342603525,0.24472296320305115
2023-10-27,510300.SH,66800,3.356,224180.8,3.5632621616369535,0.2461028821024519
2023-10-27,159928.SZ,260900,0.89,232201.0,0.9301163342779144,0.2549073574858839
2023-10-27,512010.SH,541700,0.426,230764.19999999998,0.4276691596917112,0.25333005639228084
2023-10-30,512880.SH,240900,0.943,227168.69999999998,0.9301719360103237,0.24685019083171567
2023-10-30,510300.SH,67900,3.372,228958.8,3.5597783578401843,0.24879538190164677
2023-10-30,159928.SZ,254700,0.901,229484.7,0.9301163342779144,0.24936684493928532
2023-10-30,512010.SH,534100,0.438,233935.8,0.4276691596917112,0.25420358030120377
2023-10-31,512880.SH,240900,0.945,227650.5,0.9301719360103237,0.2471166459570748
2023-10-31,510300.SH,67900,3.364,228415.6,3.5597783578401843,0.24794716882358184
2023-10-31,159928.SZ,254700,0.905,230503.5,0.9301163342779144,0.2502136028753137
2023-10-31,512010.SH,534100,0.438,233935.8,0.4276691596917112,0.2539393951047112
2023-11-01,512880.SH,240900,0.942,226927.8,0.9301719360103237,0.2463772130935089
2023-11-01,510300.SH,67900,3.362,228279.80000000002,3.5597783578401843,0.24784508962561483
2023-11-01,159928.SZ,254700,0.914,232795.80000000002,0.9301163342779144,0.2527481446692467
2023-11-01,512010.SH,534100,0.435,232333.5,0.4276691596917112,0.252246222094696
2023-11-02,512880.SH,240900,0.935,225241.5,0.9301719360103237,0.24620397267112498
2023-11-02,510300.SH,67900,3.345,227125.5,3.5597783578401843,0.24826331024662682
2023-11-02,159928.SZ,254700,0.905,230503.5,0.9301163342779144,0.2519556894027018
2023-11-02,512010.SH,534100,0.433,231265.3,0.4276691596917112,0.25278838757946254
2023-11-03,512880.SH,240900,0.946,227891.4,0.9301719360103237,0.24703294723578237
2023-11-03,510300.SH,67900,3.373,229026.7,3.5597783578401843,0.24826360580822865
2023-11-03,159928.SZ,254700,0.913,232541.1,0.9301163342779144,0.2520731948921758
2023-11-03,512010.SH,534100,0.435,232333.5,0.4276691596917112,0.2518481577040847
2023-11-06,512880.SH,239900,0.984,236061.6,0.9301719360103237,0.2511334682159669
2023-11-06,510300.SH,68700,3.421,235022.69999999998,3.5579520887532534,0.25002823737736557
2023-11-06,159928.SZ,254300,0.912,231921.6,0.9301163342779144,0.24672914087761919
2023-11-06,512010.SH,531200,0.445,236384.0,0.4276691596917112,0.25147645254782275
2023-11-07,512880.SH,239900,0.987,236781.3,0.9301719360103237,0.25261041710307164
2023-11-07,510300.SH,68700,3.41,234267.0,3.5579520887532534,0.2499280330984131
2023-11-07,159928.SZ,254300,0.908,230904.4,0.9301163342779144,0.24634063920982988
2023-11-07,512010.SH,531200,0.442,234790.4,0.4276691596917112,0.2504864230232583
2023-11-08,512880.SH,239900,0.979,234862.1,0.9301719360103237,0.2509886398589053
2023-11-08,510300.SH,68700,3.399,233511.3,3.5579520887532534,0.24954508870816017
2023-11-08,159928.SZ,254300,0.906,230395.80000000002,0.9301163342779144,0.2462156664323634
2023-11-08,512010.SH,531200,0.445,236384.0,0.4276691596917112,0.25261503939719293
2023-11-09,512880.SH,239900,0.975,233902.5,0.9301719360103237,0.2507343927589132
2023-11-09,510300.SH,68700,3.402,233717.40000000002,3.5579520887532534,0.2505359727501502
2023-11-09,159928.SZ,254300,0.906,230395.80000000002,0.9301163342779144,0.2469753465961416
2023-11-09,512010.SH,531200,0.441,234259.2,0.4276691596917112,0.2511167613009215
2023-11-10,512880.SH,239900,0.975,233902.5,0.9301719360103237,0.25185919707670834
2023-11-10,510300.SH,68700,3.375,231862.5,3.5579520887532534,0.24966258625794202
2023-11-10,159928.SZ,254300,0.899,228615.7,0.9301163342779144,0.24616652939207417
2023-11-10,512010.SH,531200,0.44,233728.0,0.4276691596917112,0.2516713007101031
2023-11-13,512880.SH,238400,0.97,231248.0,0.9301719360103237,0.2504056141365044
2023-11-13,510300.SH,68700,3.37,231519.0,3.5579520887532534,0.2506990649833485
2023-11-13,159928.SZ,258200,0.895,231089.0,0.9296876018856454,0.2502334418684299
2023-11-13,512010.SH,525900,0.435,228766.5,0.4276691596917112,0.24771853562564278
2023-11-14,512880.SH,238400,0.983,234347.19999999998,0.9301719360103237,0.2528423467035653
2023-11-14,510300.SH,68700,3.37,231519.0,3.5579520887532534,0.24979093953954962
2023-11-14,159928.SZ,258200,0.896,231347.2,0.9296876018856454,0.24960558074215983
2023-11-14,512010.SH,525900,0.435,228766.5,0.4276691596917112,0.24682120676996006
2023-11-15,512880.SH,238400,0.984,234585.6,0.9301719360103237,0.25150497560205176
2023-11-15,510300.SH,68700,3.395,233236.5,3.5579520887532534,0.2500585724017499
2023-11-15,159928.SZ,258200,0.901,232638.2,0.9296876018856454,0.24941712029683508
2023-11-15,512010.SH,525900,0.44,231396.0,0.4276691596917112,0.2480853272085429
2023-11-16,512880.SH,238400,0.975,232440.0,0.9301719360103237,0.25229033701460774
2023-11-16,510300.SH,68700,3.359,230763.3,3.5579520887532534,0.25047044711582783
2023-11-16,159928.SZ,258200,0.891,230056.2,0.9296876018856454,0.24970296089442437
2023-11-16,512010.SH,525900,0.432,227188.8,0.4276691596917112,0.2465906854153515
2023-11-17,512880.SH,238400,0.979,233393.6,0.9301719360103237,0.25293739689888073
2023-11-17,510300.SH,68700,3.354,230419.80000000002,3.5579520887532534,0.2497145783173177
2023-11-17,159928.SZ,258200,0.888,229281.6,0.9296876018856454,0.24848106829326258
2023-11-17,512010.SH,525900,0.435,228766.5,0.4276691596917112,0.2479228351063088
2023-11-20,512880.SH,235700,0.975,229807.5,0.9301719360103237,0.24810799828160623
2023-11-20,159928.SZ,259800,0.893,232001.4,0.9294528452920463,0.25047660738892435
2023-11-20,512010.SH,529200,0.439,232318.8,0.4277319170103381,0.2508192832313341
2023-11-20,510500.SH,42000,5.518,231756.0,5.493392023349999,0.25021166519696675
2023-11-21,512880.SH,235700,0.973,229336.1,0.9301719360103237,0.24715280464717945
2023-11-21,159928.SZ,259800,0.904,234859.2,0.9294528452920463,0.2531049842444903
2023-11-21,512010.SH,529200,0.439,232318.8,0.4277319170103381,0.2503672251872564
2023-11-21,510500.SH,42000,5.501,231042.0,5.493392023349999,0.24899123291663908
2023-11-22,512880.SH,235700,0.964,227214.8,0.9301719360103237,0.24751313188427634
2023-11-22,159928.SZ,259800,0.898,233300.4,0.9294528452920463,0.25414239157772484
2023-11-22,512010.SH,529200,0.433,229143.6,0.4277319170103381,0.24961424206186336
2023-11-22,510500.SH,42000,5.428,227976.0,5.493392023349999,0.24834233401367248
2023-11-23,512880.SH,235700,0.967,227921.9,0.9301719360103237,0.24723104270187263
2023-11-23,159928.SZ,259800,0.898,233300.4,0.9294528452920463,0.2530651997669551
2023-11-23,512010.SH,529200,0.435,230202.0,0.4277319170103381,0.24970430876566263
2023-11-23,510500.SH,42000,5.479,230118.0,5.493392023349999,0.24961319243332705
2023-11-24,512880.SH,235700,0.957,225564.9,0.9301719360103237,0.24589018540841986
2023-11-24,159928.SZ,259800,0.899,233560.2,0.9294528452920463,0.2546059288569615
2023-11-24,512010.SH,529200,0.434,229672.8,0.4277319170103381,0.25036824158045395
2023-11-24,510500.SH,42000,5.433,228186.0,5.493392023349999,0.24874746845633208
2023-11-27,512880.SH,240300,0.946,227323.8,0.9306197041932305,0.24957977254835068
2023-11-27,159928.SZ,254400,0.892,226924.80000000002,0.9294528452920463,0.24914170874136354
2023-11-27,512010.SH,527100,0.43,226653.0,0.4277319170103381,0.24884329835855873
2023-11-27,588000.SH,252700,0.909,229704.30000000002,0.90572413575,0.25219333368251856
2023-11-28,512880.SH,240300,0.945,227083.5,0.9306197041932305,0.24845127440472323
2023-11-28,159928.SZ,254400,0.889,226161.6,0.9294528452920463,0.2474426267932776
2023-11-28,512010.SH,527100,0.436,229815.6,0.4277319170103381,0.25144045559490724
2023-11-28,588000.SH,252700,0.913,230715.1,0.90572413575,0.25242459544358425
2023-11-29,512880.SH,240300,0.936,224920.80000000002,0.9306197041932305,0.2475733896538695
2023-11-29,159928.SZ,254400,0.887,225652.8,0.9294528452920463,0.24837911202915283
2023-11-29,512010.SH,527100,0.434,228761.4,0.4277319170103381,0.25180079041140124
2023-11-29,588000.SH,252700,0.906,228946.2,0.90572413575,0.25200420228975146
2023-11-30,512880.SH,240300,0.938,225401.4,0.9306197041932305,0.247269679007442
2023-11-30,159928.SZ,254400,0.892,226924.80000000002,0.9294528452920463,0.24894087816148427
2023-11-30,512010.SH,527100,0.436,229815.6,0.4277319170103381,0.2521121414636408
2023-11-30,588000.SH,252700,0.907,229198.9,0.90572413575,0.25143560968059114
2023-12-01,512880.SH,240300,0.945,227083.5,0.9306197041932305,0.2496411170949786
2023-12-01,159928.SZ,254400,0.879,223617.6,0.9294528452920463,0.24583092768121897
2023-12-01,512010.SH,527100,0.434,228761.4,0.4277319170103381,0.2514856933428067
2023-12-01,588000.SH,252700,0.91,229957.0,0.90572413575,0.2528000597304956
2023-12-04,512880.SH,240700,0.942,226739.4,0.9306634969573465,0.25132285965384316
2023-12-04,512010.SH,523500,0.422,220917.0,0.4277319170103381,0.24486918544438271
2023-12-04,588000.SH,249700,0.906,226228.2,0.90572413575,0.25075623450684603
2023-12-04,512660.SH,231100,0.987,228095.7,0.9837865474499998,0.25282621193645705
2023-12-05,512880.SH,240700,0.93,223851.0,0.9306634969573465,0.25241309389827216
2023-12-05,512010.SH,523500,0.416,217776.0,0.4277319170103381,0.24556295900750996
2023-12-05,588000.SH,249700,0.89,222233.0,0.90572413575,0.25058864644917694
2023-12-05,512660.SH,231100,0.964,222780.4,0.9837865474499998,0.251205891525589
2023-12-06,512880.SH,240700,0.927,223128.90000000002,0.9306634969573465,0.25144804777820395
2023-12-06,512010.SH,523500,0.417,218299.5,0.4277319170103381,0.24600570838630959
2023-12-06,588000.SH,249700,0.892,222732.4,0.90572413575,0.25100122465962066
2023-12-06,512660.SH,231100,0.965,223011.5,0.9837865474499998,0.25131574756604336
2023-12-07,512880.SH,240700,0.932,224332.40000000002,0.9306634969573465,0.25374260109576136
2023-12-07,512010.SH,523500,0.412,215682.0,0.4277319170103381,0.24395812503916509
2023-12-07,588000.SH,249700,0.891,222482.7,0.90572413575,0.25165040358328955
2023-12-07,512660.SH,231100,0.958,221393.8,0.9837865474499998,0.2504187477086447
2023-12-08,512880.SH,240700,0.925,222647.5,0.9306634969573465,0.2512916439406629
2023-12-08,512010.SH,523500,0.416,217776.0,0.4277319170103381,0.2457934135834528
2023-12-08,588000.SH,249700,0.91,227227.0,0.90572413575,0.25646030778564777
2023-12-08,512660.SH,231100,0.944,218158.4,0.9837865474499998,0.2462250102761752
2023-12-11,512880.SH,239600,0.94,225224.0,0.9306634969573465,0.25058834932438706
2023-12-11,512010.SH,531800,0.419,222824.19999999998,0.42754584581593075,0.2479182878713063
2023-12-11,588000.SH,243300,0.923,224565.90000000002,0.90572413575,0.24985613520559702
2023-12-11,512660.SH,234300,0.963,225630.9,0.9832436121028381,0.2510410737202778
2023-12-12,512880.SH,239600,0.936,224265.6,0.9306634969573465,0.2501650607369573
2023-12-12,512010.SH,531800,0.417,221760.59999999998,0.42754584581593075,0.24737076915971104
2023-12-12,588000.SH,243300,0.917,223106.1,0.90572413575,0.24887165511467507
2023-12-12,512660.SH,234300,0.968,226802.4,0.9832436121028381,0.2529948247581782
2023-12-13,512880.SH,239600,0.925,221630.0,0.9306634969573465,0.24955432779491812
2023-12-13,512010.SH,531800,0.413,219633.4,0.42754584581593075,0.2473061656739267
2023-12-13,588000.SH,243300,0.907,220673.1,0.90572413575,0.2484768629378728
2023-12-13,512660.SH,234300,0.963,225630.9,0.9832436121028381,0.25405932220034466
2023-12-14,512880.SH,239600,0.921,220671.6,0.9306634969573465,0.24949887133208137
2023-12-14,512010.SH,531800,0.412,219101.59999999998,0.42754584581593075,0.2477237755427212
2023-12-14,588000.SH,243300,0.902,219456.6,0.90572413575,0.24812515070528357
2023-12-14,512660.SH,234300,0.959,224693.69999999998,0.9832436121028381,0.2540463953921995
2023-12-15,512880.SH,239600,0.921,220671.6,0.9306634969573465,0.2512706309475137
2023-12-15,512010.SH,531800,0.407,216442.59999999998,0.42754584581593075,0.24645522426048622
2023-12-15,588000.SH,243300,0.895,217753.5,0.90572413575,0.24794789785377644
2023-12-15,512660.SH,234300,0.951,222819.3,0.9832436121028381,0.253716137909379
2023-12-18,512880.SH,237600,0.92,218592.0,0.9306634969573465,0.25040576784830937
2023-12-18,512010.SH,539100,0.407,219413.69999999998,0.4272661152010981,0.2513470576459275
2023-12-18,588000.SH,245300,0.886,217335.8,0.9056362585730737,0.2489667411429814
2023-12-18,510500.SH,41400,5.243,217060.2,5.284224792,0.2486510304599784
2023-12-19,512880.SH,237600,0.918,218116.80000000002,0.9306634969573465,0.25030079167857344
2023-12-19,512010.SH,539100,0.403,217257.30000000002,0.4272661152010981,0.24931446907321828
2023-12-19,588000.SH,245300,0.892,218807.6,0.9056362585730737,0.251093521935443
2023-12-19,510500.SH,41400,5.234,216687.6,5.284224792,0.24866070759762685
2023-12-20,512880.SH,237600,0.893,212176.80000000002,0.9306634969573465,0.24696548485860215
2023-12-20,512010.SH,539100,0.401,216179.1,0.4272661152010981,0.251624005300279
2023-12-20,588000.SH,245300,0.881,216109.3,0.9056362585730737,0.25154276083413973
2023-12-20,510500.SH,41400,5.172,214120.8,5.284224792,0.249228224717838
2023-12-21,512880.SH,237600,0.893,212176.80000000002,0.9306634969573465,0.24534355981544054
2023-12-21,512010.SH,539100,0.405,218335.5,0.4272661152010981,0.25246496697133763
2023-12-21,588000.SH,245300,0.893,219052.9,0.9056362585730737,0.2532945085131631
2023-12-21,510500.SH,41400,5.186,214700.4,5.284224792,0.24826164043287957
2023-12-22,512880.SH,237600,0.89,211464.0,0.9306634969573465,0.24556424499873308
2023-12-22,512010.SH,539100,0.403,217257.30000000002,0.4272661152010981,0.2522917605122539
2023-12-22,588000.SH,245300,0.888,217826.4,0.9056362585730737,0.2529526323950745
2023-12-22,510500.SH,41400,5.17,214038.0,5.284224792,0.24855332288729443
2023-12-25,512880.SH,241600,0.885,213816.0,0.9300017585971255,0.2489334175373915
2023-12-25,512010.SH,534400,0.404,215897.6,0.4272661152010981,0.25135690222490714
2023-12-25,588000.SH,242400,0.883,214039.2,0.9056362585730737,0.24919327619527656
2023-12-25,510500.SH,41500,5.163,214264.5,5.2840714406939755,0.249455579759889
2023-12-26,512880.SH,241600,0.874,211158.4,0.9300017585971255,0.24869047497283744
2023-12-26,512010.SH,534400,0.401,214294.40000000002,0.4272661152010981,0.2523838792111478
2023-12-26,588000.SH,242400,0.868,210403.2,0.9056362585730737,0.247801042931775
2023-12-26,510500.SH,41500,5.116,212314.0,5.2840714406939755,0.25005147559075563
2023-12-27,512880.SH,241600,0.882,213091.2,0.9300017585971255,0.2495333579816211
2023-12-27,512010.SH,534400,0.403,215363.2,0.4272661152010981,0.25219390796836033
2023-12-27,588000.SH,242400,0.873,211615.2,0.9056362585730737,0.24780493730361622
2023-12-27,510500.SH,41500,5.132,212978.0,5.2840714406939755,0.24940079888897193
2023-12-28,512880.SH,241600,0.902,217923.2,0.9300017585971255,0.2499416008130699
2023-12-28,512010.SH,534400,0.41,219104.0,0.4272661152010981,0.25129589004083486
2023-12-28,588000.SH,242400,0.894,216705.6,0.9056362585730737,0.24854510473945318
2023-12-28,510500.SH,41500,5.235,217252.5,5.2840714406939755,0.2491723581089185
2023-12-29,512880.SH,241600,0.902,217923.2,0.9300017585971255,0.2490596194019712
2023-12-29,512010.SH,534400,0.411,219638.4,0.4272661152010981,0.2510198836565263
2023-12-29,588000.SH,242400,0.897,217432.80000000002,0.9056362585730737,0.24849915205680223
2023-12-29,510500.SH,41500,5.279,219078.5,5.2840714406939755,0.25037998629404645
2024-01-02,512880.SH,242800,0.891,216334.80000000002,0.9298812416683093,0.24964196945926334
2024-01-02,512010.SH,531100,0.407,216157.69999999998,0.4272661152010981,0.24943760292742823
2024-01-02,588000.SH,243600,0.886,215829.6,0.9056213788099879,0.24905898825156664
2024-01-02,510500.SH,41400,5.257,217639.8,5.2840714406939755,0.2511478888496912
2024-01-03,512880.SH,242800,0.892,216577.6,0.9298812416683093,0.25109053405705856
2024-01-03,512010.SH,531100,0.405,215095.5,0.4272661152010981,0.24937225257030293
2024-01-03,588000.SH,243600,0.874,212906.4,0.9056213788099879,0.2468343064110311
2024-01-03,510500.SH,41400,5.25,217350.0,5.2840714406939755,0.2519860206101724
2024-01-04,512880.SH,242800,0.884,214635.2,0.9298812416683093,0.2511203063941042
2024-01-04,512010.SH,531100,0.401,212971.1,0.4272661152010981,0.24917333170462908
2024-01-04,588000.SH,243600,0.866,210957.6,0.9056213788099879,0.24681756369954636
2024-01-04,510500.SH,41400,5.206,215528.40000000002,5.2840714406939755,0.25216533841900607
2024-01-05,512880.SH,242800,0.877,212935.6,0.9298812416683093,0.2529758455688807
2024-01-05,512010.SH,531100,0.393,208722.30000000002,0.4272661152010981,0.2479702798948677
2024-01-05,588000.SH,243600,0.849,206816.4,0.9056213788099879,0.2457059959326287
2024-01-05,510500.SH,41400,5.136,212630.4,5.2840714406939755,0.2526132559968804
2024-01-08,512880.SH,240000,0.86,206400.0,0.9298812416683093,0.2504456017026228
2024-01-08,512010.SH,534500,0.389,207920.5,0.42705238574986565,0.25229057523648346
2024-01-08,588000.SH,247900,0.824,204269.59999999998,0.9045973563054177,0.2478605759765217
2024-01-08,510500.SH,40900,5.01,204909.0,5.2840714406939755,0.2486364234461373
2024-01-09,512880.SH,240000,0.858,205920.0,0.9298812416683093,0.2496979532745404
2024-01-09,512010.SH,534500,0.39,208455.0,0.42705238574986565,0.2527718864114429
2024-01-09,588000.SH,247900,0.824,204269.59999999998,0.9045973563054177,0.24769668335377354
2024-01-09,510500.SH,40900,5.022,205399.80000000002,5.2840714406939755,0.24906716036810383
2024-01-10,512880.SH,240000,0.854,204960.0,0.9298812416683093,0.2500856365220803
2024-01-10,512010.SH,534500,0.386,206317.0,0.42705238574986565,0.2517414045195455
2024-01-10,588000.SH,247900,0.818,202782.19999999998,0.9045973563054177,0.24742835461723164
2024-01-10,510500.SH,40900,5.009,204868.1,5.2840714406939755,0.24997350308142666
2024-01-11,512880.SH,240000,0.862,206880.0,0.9298812416683093,0.24957750394444306
2024-01-11,512010.SH,534500,0.39,208455.0,0.42705238574986565,0.2514775646980804
2024-01-11,588000.SH,247900,0.829,205509.09999999998,0.9045973563054177,0.24792366693672147
2024-01-11,510500.SH,40900,5.072,207444.8,5.2840714406939755,0.2502588717626363
2024-01-12,512880.SH,240000,0.853,204720.0,0.9298812416683093,0.24965580767072604
2024-01-12,512010.SH,534500,0.384,205248.0,0.42705238574986565,0.25029970307151805
2024-01-12,588000.SH,247900,0.818,202782.19999999998,0.9045973563054177,0.24729266276986467
2024-01-12,510500.SH,40900,5.052,206626.8,5.2840714406939755,0.25198114810676814
2024-01-15,512880.SH,240100,0.852,204565.19999999998,0.9298685566447074,0.24992525086233947
2024-01-15,512010.SH,533700,0.385,205474.5,0.42705238574986565,0.25103617799270733
2024-01-15,588000.SH,250800,0.813,203900.4,0.9035628527835449,0.24911303887920022
2024-01-15,510500.SH,40400,5.039,203575.59999999998,5.2840714406939755,0.24871621810284092
2024-01-16,512880.SH,240100,0.863,207206.3,0.9298685566447074,0.252091790201267
2024-01-16,512010.SH,533700,0.385,205474.5,0.42705238574986565,0.24998484382815694
2024-01-16,588000.SH,250800,0.817,204903.59999999998,0.9035628527835449,0.24929027419863356
2024-01-16,510500.SH,40400,5.034,203373.6,5.2840714406939755,0.24742884219097774
2024-01-17,512880.SH,240100,0.847,203364.69999999998,0.9298685566447074,0.25344170696460033
2024-01-17,512010.SH,533700,0.376,200671.2,0.42705238574986565,0.25008495312428713
2024-01-17,588000.SH,250800,0.795,199386.0,0.9035628527835449,0.24848328242238604
2024-01-17,510500.SH,40400,4.901,198000.4,5.2840714406939755,0.24675648898591376
2024-01-18,512880.SH,240100,0.855,205285.5,0.9298685566447074,0.25345070709815426
2024-01-18,512010.SH,533700,0.381,203339.7,0.42705238574986565,0.2510483728569556
2024-01-18,588000.SH,250800,0.806,202144.80000000002,0.9035628527835449,0.24957311888182543
2024-01-18,510500.SH,40400,4.906,198202.4,5.2840714406939755,0.24470573142550842
2024-01-19,512880.SH,240100,0.846,203124.6,0.9298685566447074,0.25219306580463896
2024-01-19,512010.SH,533700,0.381,203339.7,0.42705238574986565,0.25246012714755156
2024-01-19,588000.SH,250800,0.803,201392.40000000002,0.9035628527835449,0.2500424211826346
2024-01-19,510500.SH,40400,4.866,196586.4,5.2840714406939755,0.24407544389747513
2024-01-22,512880.SH,237700,0.828,196815.59999999998,0.9298685566447074,0.2520319379885742
2024-01-22,512010.SH,527200,0.374,197172.8,0.42705238574986565,0.2524893499429596
2024-01-22,588000.SH,250700,0.776,194543.2,0.9035628527835449,0.24912201938514428
2024-01-22,510500.SH,41400,4.63,191682.0,5.273717637778661,0.2454581137751575
2024-01-23,512880.SH,237700,0.845,200856.5,0.9298685566447074,0.2538568261432417
2024-01-23,512010.SH,527200,0.375,197700.0,0.42705238574986565,0.24986741543598978
2024-01-23,588000.SH,250700,0.786,197050.2,0.9035628527835449,0.24904615166992858
2024-01-23,510500.SH,41400,4.708,194911.2,5.273717637778661,0.24634273031627363
2024-01-24,512880.SH,237700,0.887,210839.9,0.9298685566447074,0.2613573436603968
2024-01-24,512010.SH,527200,0.379,199808.8,0.42705238574986565,0.2476831814470197
2024-01-24,588000.SH,250700,0.788,197551.6,0.9035628527835449,0.24488515414710996
2024-01-24,510500.SH,41400,4.778,197809.19999999998,5.273717637778661,0.2452044753558893
2024-01-25,512880.SH,237700,0.89,211553.0,0.9298685566447074,0.25826096376002866
2024-01-25,512010.SH,527200,0.382,201390.4,0.42705238574986565,0.24585460284665153
2024-01-25,588000.SH,250700,0.804,201562.80000000002,0.9035628527835449,0.246065066371878
2024-01-25,510500.SH,41400,4.926,203936.4,5.273717637778661,0.24896272428068003
2024-01-26,512880.SH,237700,0.89,211553.0,0.9298685566447074,0.2624004260842006
2024-01-26,512010.SH,527200,0.371,195591.2,0.42705238574986565,0.24260215746560013
2024-01-26,588000.SH,250700,0.785,196799.5,0.9035628527835449,0.2441008761547113
2024-01-26,510500.SH,41400,4.869,201576.59999999998,5.273717637778661,0.25002616710046405
2024-01-29,512880.SH,227200,0.875,198800.0,0.9298685566447074,0.2524647928405773
2024-01-29,512010.SH,543800,0.36,195768.0,0.4253561917383765,0.24861432376667073
2024-01-29,588000.SH,255000,0.764,194820.0,0.9016910111483714,0.24741041720926193
2024-01-29,510500.SH,41300,4.773,197124.9,5.273717637778661,0.250337510272734
2024-01-30,512880.SH,227200,0.864,196300.8,0.9298685566447074,0.2550940871990986
2024-01-30,512010.SH,543800,0.353,191961.4,0.4253561917383765,0.24945501042512844
2024-01-30,588000.SH,255000,0.735,187425.0,0.9016910111483714,0.24355993094929343
2024-01-30,510500.SH,41300,4.671,192912.30000000002,5.273717637778661,0.25069071077641397
2024-01-31,512880.SH,227200,0.855,194256.0,0.9298685566447074,0.2581985206713557
2024-01-31,512010.SH,543800,0.341,185435.80000000002,0.4253561917383765,0.24647500843994202
2024-01-31,588000.SH,255000,0.722,184110.0,0.9016910111483714,0.2447127998146945
2024-01-31,510500.SH,41300,4.543,187625.9,5.273717637778661,0.2493860154622339
2024-02-01,512880.SH,227200,0.852,193574.4,0.9298685566447074,0.2568738336109203
2024-02-01,512010.SH,543800,0.344,187067.19999999998,0.4253561917383765,0.24823875887958713
2024-02-01,588000.SH,255000,0.726,185130.0,0.9016910111483714,0.24566808842692878
2024-02-01,510500.SH,41300,4.525,186882.50000000003,5.273717637778661,0.24799366140250378
2024-02-02,512880.SH,227200,0.833,189257.6,0.9298685566447074,0.25795254911926846
2024-02-02,512010.SH,543800,0.334,181629.2,0.4253561917383765,0.247555264013141
2024-02-02,588000.SH,255000,0.707,180285.0,0.9016910111483714,0.24572315890071159
2024-02-02,510500.SH,41300,4.397,181596.1,5.273717637778661,0.24751014968549526
2024-02-05,512880.SH,220200,0.815,179463.0,0.9298685566447074,0.24821403725430946
2024-02-05,512010.SH,551700,0.34,187578.0,0.42398784958732855,0.2594378377720692
2024-02-05,510500.SH,41400,4.295,177813.0,5.271684962325089,0.24593193363702004
2024-02-05,512660.SH,245600,0.724,177814.4,0.73959131085,0.24593386996736197
2024-02-06,512880.SH,220200,0.863,190032.6,0.9298685566447074,0.24568895458416584
2024-02-06,512010.SH,551700,0.363,200267.1,0.42398784958732855,0.2589209137621787
2024-02-06,510500.SH,41400,4.673,193462.2,5.271684962325089,0.25012300873404253
2024-02-06,512660.SH,245600,0.771,189357.6,0.73959131085,0.24481626198118978
2024-02-07,512880.SH,220200,0.873,192234.6,0.9298685566447074,0.23942976850443043
2024-02-07,512010.SH,551700,0.372,205232.4,0.42398784958732855,0.2556186348430962
2024-02-07,510500.SH,41400,4.985,206379.0,5.271684962325089,0.25704673453257554
2024-02-07,512660.SH,245600,0.809,198690.40000000002,0.73959131085,0.2474705202708185
2024-02-08,512880.SH,220200,0.881,193996.2,0.9298685566447074,0.23977312767751754
2024-02-08,512010.SH,551700,0.368,203025.6,0.42398784958732855,0.25093317864269815
2024-02-08,510500.SH,41400,5.009,207372.6,5.271684962325089,0.2563059322637184
2024-02-08,512660.SH,245600,0.832,204339.19999999998,0.73959131085,0.2525567464265887
2024-02-19,512880.SH,231200,0.871,201375.2,0.927443274970435,0.2497334329207356
2024-02-19,510500.SH,40100,4.975,199497.5,5.271684962325089,0.24740482211366865
2024-02-19,159928.SZ,243700,0.827,201539.9,0.8336665249499998,0.24993768397251376
2024-02-19,510300.SH,64100,3.178,203709.8,3.1655308744499995,0.2526286636765424
2024-02-20,512880.SH,231200,0.882,203918.4,0.927443274970435,0.25230843341659903
2024-02-20,510500.SH,40100,4.975,199497.5,5.271684962325089,0.24683844957359397
2024-02-20,159928.SZ,243700,0.821,200077.69999999998,0.8336665249499998,0.24755633159438417
2024-02-20,510300.SH,64100,3.19,204479.0,3.1655308744499995,0.25300206433844497
2024-02-21,512880.SH,231200,0.891,205999.2,0.927443274970435,0.25142071662931986
2024-02-21,510500.SH,40100,4.972,199377.2,5.271684962325089,0.24333860764288032
2024-02-21,159928.SZ,243700,0.846,206170.19999999998,0.8336665249499998,0.25162942104440306
2024-02-21,510300.SH,64100,3.238,207555.8,3.1655308744499995,0.25332053705340496
2024-02-22,512880.SH,231200,0.901,208311.2,0.927443274970435,0.2523115312020227
2024-02-22,510500.SH,40100,5.017,201181.7,5.271684962325089,0.24367610947863566
2024-02-22,159928.SZ,243700,0.848,206657.6,0.8336665249499998,0.2503086511456663
2024-02-22,510300.SH,64100,3.264,209222.4,3.1655308744499995,0.25341519853835065
2024-02-23,512880.SH,231200,0.902,208542.4,0.927443274970435,0.25209398040700925
2024-02-23,510500.SH,40100,5.041,202144.1,5.271684962325089,0.24435947214951265
2024-02-23,159928.SZ,243700,0.849,206901.3,0.8336665249499998,0.2501101563441523
2024-02-23,510300.SH,64100,3.267,209414.69999999998,3.1655308744499995,0.25314844980560175
2024-02-26,512880.SH,229500,0.895,205402.5,0.927443274970435,0.2502437612882094
2024-02-26,510500.SH,41000,5.031,206271.0,5.26655684120088,0.25130186285308237
2024-02-26,159928.SZ,242700,0.84,203868.0,0.8336665249499998,0.24837426577721633
2024-02-26,510300.SH,63200,3.232,204262.40000000002,3.1655308744499995,0.24885476693690073
2024-02-27,512880.SH,229500,0.909,208615.5,0.927443274970435,0.2506475159932632
2024-02-27,510500.SH,41000,5.158,211478.00000000003,5.26655684120088,0.25408675475802767
2024-02-27,159928.SZ,242700,0.842,204353.4,0.8336665249499998,0.24552668471315747
2024-02-27,510300.SH,63200,3.273,206853.6,3.1655308744499995,0.24853062698727593
2024-02-28,512880.SH,229500,0.895,205402.5,0.927443274970435,0.25074236858685284
2024-02-28,510500.SH,41000,5.019,205779.0,5.26655684120088,0.25120197595177274
2024-02-28,159928.SZ,242700,0.834,202411.8,0.8336665249499998,0.24709151135905522
2024-02-28,510300.SH,63200,3.237,204578.4,3.1655308744499995,0.24973635947813982
2024-02-29,512880.SH,229500,0.913,209533.5,0.927443274970435,0.25026866031468903
2024-02-29,510500.SH,41000,5.191,212831.0,5.26655684120088,0.2542072233959514
2024-02-29,159928.SZ,242700,0.848,205809.6,0.8336665249499998,0.24582080131292622
2024-02-29,510300.SH,63200,3.292,208054.4,3.1655308744499995,0.24850201023023258
2024-03-01,512880.SH,229500,0.92,211140.0,0.927443274970435,0.25089782853149956
2024-03-01,510500.SH,41000,5.227,214307.0,5.26655684120088,0.2546611771293932
2024-03-01,159928.SZ,242700,0.846,205324.19999999998,0.8336665249499998,0.24398690880442983
2024-03-01,510300.SH,63200,3.319,209760.8,3.1655308744499995,0.24925892408368935
2024-03-04,512880.SH,228800,0.908,207750.4,0.927443274970435,0.24813419818570204
2024-03-04,510500.SH,40200,5.225,210045.0,5.26655684120088,0.2508748366208478
2024-03-04,159928.SZ,248200,0.841,208736.19999999998,0.8339693477250804,0.24931162404178445
2024-03-04,510300.SH,63300,3.316,209902.8,3.1658486100353866,0.25070499491184506
2024-03-05,512880.SH,228800,0.901,206148.80000000002,0.927443274970435,0.24552470950869826
2024-03-05,510500.SH,40200,5.198,208959.6,5.26655684120088,0.24887239260696054
2024-03-05,159928.SZ,248200,0.854,211962.8,0.8339693477250804,0.25244922549464416
2024-03-05,510300.SH,63300,3.345,211738.5,3.1658486100353866,0.25218208257485614
2024-03-06,512880.SH,228800,0.902,206377.6,0.927443274970435,0.24685227054135542
2024-03-06,510500.SH,40200,5.193,208758.59999999998,5.26655684120088,0.2497002310572203
2024-03-06,159928.SZ,248200,0.843,209232.6,0.8339693477250804,0.25026719169750594
2024-03-06,510300.SH,63300,3.331,210852.3,3.1658486100353866,0.2522045464423805
2024-03-07,512880.SH,228800,0.89,203632.0,0.927443274970435,0.24577505581055153
2024-03-07,510500.SH,40200,5.123,205944.6,5.26655684120088,0.24856626443231766
2024-03-07,159928.SZ,248200,0.84,208488.0,0.8339693477250804,0.25163603871606754
2024-03-07,510300.SH,63300,3.312,209649.59999999998,3.1658486100353866,0.2530380398987379
2024-03-08,512880.SH,228800,0.892,204089.6,0.927443274970435,0.24559945080362577
2024-03-08,510500.SH,40200,5.194,208798.8,5.26655684120088,0.25126645653897156
2024-03-08,159928.SZ,248200,0.834,206998.8,0.8339693477250804,0.24910035394752875
2024-03-08,510300.SH,63300,3.322,210282.6,3.1658486100353866,0.2530520471085176
2024-03-11,512880.SH,232600,0.906,210735.6,0.9269093637714338,0.24916569538150762
2024-03-11,510500.SH,40000,5.296,211840.0,5.26655684120088,0.2504714956069054
2024-03-11,159928.SZ,248500,0.852,211722.0,0.8339924245688731,0.2503319769301606
2024-03-11,510300.SH,62500,3.37,210625.0,3.1658486100353866,0.24903492618110107
2024-03-12,512880.SH,232600,0.912,212131.2,0.9269093637714338,0.2489953318048634
2024-03-12,510500.SH,40000,5.265,210600.0,5.26655684120088,0.24719804007191887
2024-03-12,159928.SZ,248500,0.875,217437.5,0.8339924245688731,0.2552237599151845
2024-03-12,510300.SH,62500,3.375,210937.5,3.1658486100353866,0.24759419077716233
2024-03-13,512880.SH,232600,0.898,208874.80000000002,0.9269093637714338,0.24716816828571514
2024-03-13,510500.SH,40000,5.257,210280.0,5.26655684120088,0.24883098596441589
2024-03-13,159928.SZ,248500,0.867,215449.5,0.8339924245688731,0.25494821909140397
2024-03-13,510300.SH,62500,3.354,209625.0,3.1658486100353866,0.24805590371310007
2024-03-14,512880.SH,232600,0.891,207246.6,0.9269093637714338,0.24643891347244976
2024-03-14,510500.SH,40000,5.234,209360.0,5.26655684120088,0.24895197761792992
2024-03-14,159928.SZ,248500,0.864,214704.0,0.8339924245688731,0.2553065791100498
2024-03-14,510300.SH,62500,3.341,208812.5,3.1658486100353866,0.24830094013347342
2024-03-15,512880.SH,232600,0.896,208409.6,0.9269093637714338,0.24622003430431155
2024-03-15,510500.SH,40000,5.309,212360.0,5.26655684120088,0.25088713036666066
2024-03-15,159928.SZ,248500,0.867,215449.5,0.8339924245688731,0.2545371387922954
2024-03-15,510300.SH,62500,3.35,209375.0,3.1658486100353866,0.24736058071444517
2024-03-18,510500.SH,39800,5.38,214124.0,5.26655684120088,0.25013720262559525
2024-03-18,159928.SZ,244500,0.87,212715.0,0.8339924245688731,0.24849122497479728
2024-03-18,510300.SH,63200,3.381,213679.19999999998,3.1679859276457543,0.2496175923636542
2024-03-18,516160.SH,102100,2.106,215022.59999999998,2.0756595110999996,0.25118693684632415
2024-03-19,510500.SH,39800,5.321,211775.8,5.26655684120088,0.2486482159658142
2024-03-19,159928.SZ,244500,0.88,215160.0,0.8339924245688731,0.2526216411280448
2024-03-19,510300.SH,63200,3.358,212225.6,3.1679859276457543,0.2491763309229596
2024-03-19,516160.SH,102100,2.077,212061.69999999998,2.0756595110999996,0.24898389419224343
2024-03-20,510500.SH,39800,5.335,212333.0,5.26655684120088,0.24913742275188303
2024-03-20,159928.SZ,244500,0.878,214671.0,0.8339924245688731,0.2518806764825509
2024-03-20,510300.SH,63200,3.361,212415.2,3.1679859276457543,0.24923387076585263
2024-03-20,516160.SH,102100,2.08,212368.0,2.0756595110999996,0.24917848942449783
2024-03-21,510500.SH,39800,5.308,211258.4,5.26655684120088,0.24850172538443377
2024-03-21,159928.SZ,244500,0.885,216382.5,0.8339924245688731,0.2545291670910943
2024-03-21,510300.SH,63200,3.359,212288.8,3.1679859276457543,0.2497137774393396
2024-03-21,516160.SH,102100,2.054,209713.4,2.0756595110999996,0.2466843530777281
2024-03-22,510500.SH,39800,5.225,207955.0,5.26655684120088,0.24916580174156397
2024-03-22,159928.SZ,244500,0.866,211737.0,0.8339924245688731,0.25369728721768425
2024-03-22,510300.SH,63200,3.328,210329.59999999998,3.1679859276457543,0.2520109803273903
2024-03-22,516160.SH,102100,1.999,204097.90000000002,2.0756595110999996,0.24454433356865454
2024-03-25,510500.SH,39900,5.144,205245.6,5.2665695045061405,0.248523435755157
2024-03-25,159928.SZ,240400,0.862,207224.8,0.8339924245688731,0.2509199674422996
2024-03-25,510300.SH,62700,3.309,207474.30000000002,3.1679859276457543,0.25122207670661967
2024-03-25,516160.SH,104300,1.967,205158.1,2.0740482424094915,0.2484174856123594
2024-03-26,510500.SH,39900,5.12,204288.0,5.2665695045061405,0.24540592398449615
2024-03-26,159928.SZ,240400,0.871,209388.4,0.8339924245688731,0.25153290341887563
2024-03-26,510300.SH,62700,3.32,208164.0,3.1679859276457543,0.25006206316723767
2024-03-26,516160.SH,104300,2.012,209851.6,2.0740482424094915,0.25208933367415065
2024-03-27,510500.SH,39900,4.996,199340.40000000002,5.2665695045061405,0.24438097671781023
2024-03-27,159928.SZ,240400,0.86,206744.0,0.8339924245688731,0.2534574057769873
2024-03-27,510300.SH,62700,3.282,205781.4,3.1679859276457543,0.2522773081741503
2024-03-27,516160.SH,104300,1.947,203072.1,2.0740482424094915,0.24895584709440147
2024-03-28,510500.SH,39900,5.063,202013.69999999998,5.2665695045061405,0.2461209514860886
2024-03-28,159928.SZ,240400,0.86,206744.0,0.8339924245688731,0.25188405535881925
2024-03-28,510300.SH,62700,3.299,206847.3,3.1679859276457543,0.25200990966616826
2024-03-28,516160.SH,104300,1.96,204428.0,2.0740482424094915,0.24906238473132328
2024-03-29,510500.SH,39900,5.131,204726.90000000002,5.2665695045061405,0.2472225705452188
2024-03-29,159928.SZ,240400,0.865,207946.0,0.8339924245688731,0.25110986711856653
2024-03-29,510300.SH,62700,3.315,207850.5,3.1679859276457543,0.2509945439466381
2024-03-29,516160.SH,104300,1.983,206826.90000000002,2.0740482424094915,0.24975847275516266
2024-04-01,159928.SZ,239500,0.882,211239.0,0.8339924245688731,0.24917221691754732
2024-04-01,510300.SH,62300,3.373,210137.90000000002,3.1679859276457543,0.24787338702321954
2024-04-01,516160.SH,104200,2.048,213401.6,2.0740482424094915,0.25172316554117213
2024-04-01,159915.SZ,116600,1.822,212445.2,1.7814242669999998,0.2505950201311866
2024-04-02,159928.SZ,239500,0.876,209802.0,0.8339924245688731,0.24810632827160184
2024-04-02,510300.SH,62300,3.361,209390.30000000002,3.1679859276457543,0.24761946267761603
2024-04-02,516160.SH,104200,2.064,215068.80000000002,2.0740482424094915,0.2543347074564565
2024-04-02,159915.SZ,116600,1.808,210812.80000000002,1.7814242669999998,0.2493016737717255
2024-04-03,159928.SZ,239500,0.88,210760.0,0.8339924245688731,0.2502357816668569
2024-04-03,510300.SH,62300,3.347,208518.1,3.1679859276457543,0.24757396918384816
2024-04-03,516160.SH,104200,2.051,213714.2,2.0740482424094915,0.2537433094055181
2024-04-03,159915.SZ,116600,1.79,208714.0,1.7814242669999998,0.24780656165693857
2024-04-08,159928.SZ,239100,0.855,204430.5,0.8339924245688731,0.2473872674446482
2024-04-08,510300.SH,62800,3.318,208370.4,3.1694404146867914,0.25215505451656345
2024-04-08,516160.SH,102500,2.009,205922.5,2.0740482424094915,0.2491927798463075
2024-04-08,159915.SZ,117600,1.758,206740.8,1.7815047791853738,0.2501830283706224
2024-04-09,159928.SZ,239100,0.855,204430.5,0.8339924245688731,0.24546535828761262
2024-04-09,510300.SH,62800,3.312,207993.59999999998,3.1694404146867914,0.24974367105461454
2024-04-09,516160.SH,102500,2.054,210534.99999999997,2.0740482424094915,0.25279520035944986
2024-04-09,159915.SZ,117600,1.777,208975.19999999998,1.7815047791853738,0.2509223053371464
2024-04-10,159928.SZ,239100,0.843,201561.3,0.8339924245688731,0.24584843393623537
2024-04-10,510300.SH,62800,3.286,206360.8,3.1694404146867914,0.25170248210260937
2024-04-10,516160.SH,102500,2.015,206537.5,2.0740482424094915,0.25191800670121306
2024-04-10,159915.SZ,117600,1.739,204506.40000000002,1.7815047791853738,0.24944063255167206
2024-04-11,159928.SZ,239100,0.839,200604.9,0.8339924245688731,0.24558294722721571
2024-04-11,510300.SH,62800,3.283,206172.4,3.1694404146867914,0.25239874813082036
2024-04-11,516160.SH,102500,2.006,205614.99999999997,2.0740482424094915,0.2517163723025906
2024-04-11,159915.SZ,117600,1.731,203565.6,1.7815047791853738,0.2492074720112844
2024-04-12,159928.SZ,239100,0.825,197257.5,0.8339924245688731,0.24525384648986254
2024-04-12,510300.SH,62800,3.255,204414.0,3.1694404146867914,0.2541516534295465
2024-04-12,516160.SH,102500,1.954,200285.0,2.0740482424094915,0.24901799244247808
2024-04-12,159915.SZ,117600,1.713,201448.80000000002,1.7815047791853738,0.25046496620289227
2024-04-15,159928.SZ,244000,0.848,206912.0,0.8338004305918753,0.25185548837508254
2024-04-15,510300.SH,61600,3.328,205004.8,3.1694404146867914,0.2495340242384981
2024-04-15,516160.SH,102700,1.986,203962.2,2.073865046221742,0.24826496042306037
2024-04-15,159915.SZ,117300,1.746,204805.8,1.7815047791853738,0.2492917993207232
2024-04-16,159928.SZ,244000,0.84,204960.0,0.8338004305918753,0.25391992902480265
2024-04-16,510300.SH,61600,3.296,203033.59999999998,3.1694404146867914,0.2515333592000886
2024-04-16,516160.SH,102700,1.922,197389.4,2.073865046221742,0.2445408979227575
2024-04-16,159915.SZ,117300,1.713,200934.90000000002,1.7815047791853738,0.2489333311212228
2024-04-17,159928.SZ,244000,0.845,206180.0,0.8338004305918753,0.25148598158847557
2024-04-17,510300.SH,61600,3.342,205867.2,3.1694404146867914,0.2511044469340917
2024-04-17,516160.SH,102700,1.967,202010.9,2.073865046221742,0.2464007637892685
2024-04-17,159915.SZ,117300,1.747,204923.1,1.7815047791853738,0.24995289045326094
2024-04-18,159928.SZ,244000,0.85,207400.0,0.8338004305918753,0.253031161279434
2024-04-18,510300.SH,61600,3.348,206236.8,3.1694404146867914,0.25161203954944245
2024-04-18,516160.SH,102700,1.96,201292.0,2.073865046221742,0.24557930817868764
2024-04-18,159915.SZ,117300,1.738,203867.4,1.7815047791853738,0.24872133543403507
2024-04-19,159928.SZ,244000,0.842,205448.0,0.8338004305918753,0.2547510730213479
2024-04-19,510300.SH,61600,3.32,204512.0,3.1694404146867914,0.2535904532813262
2024-04-19,516160.SH,102700,1.905,195643.5,2.073865046221742,0.2425937052424559
2024-04-19,159915.SZ,117300,1.705,199996.5,1.7815047791853738,0.24799133102056972
2024-04-22,159928.SZ,238700,0.859,205043.3,0.8338004305918753,0.2533842364651762
2024-04-22,510300.SH,60600,3.313,200767.80000000002,3.1694404146867914,0.24810074608530597
2024-04-22,516160.SH,105600,1.899,200534.4,2.069301160009213,0.24781231978319818
2024-04-22,159915.SZ,118700,1.703,202146.1,1.7805366225648218,0.24980399360970668
2024-04-23,159928.SZ,238700,0.865,206475.5,0.8338004305918753,0.2558731883838684
2024-04-23,510300.SH,60600,3.288,199252.8,3.1694404146867914,0.24692251250348468
2024-04-23,516160.SH,105600,1.876,198105.59999999998,2.069301160009213,0.24550085365430413
2024-04-23,159915.SZ,118700,1.705,202383.5,1.7805366225648218,0.25080220859756547
2024-04-24,159928.SZ,238700,0.863,205998.1,0.8338004305918753,0.2551730469417911
2024-04-24,510300.SH,60600,3.302,200101.2,3.1694404146867914,0.2478684652951106
2024-04-24,516160.SH,105600,1.86,196416.0,2.069301160009213,0.24330355080031726
2024-04-24,159915.SZ,118700,1.719,204045.30000000002,1.7805366225648218,0.2527540832422816
2024-04-25,159928.SZ,238700,0.861,205520.69999999998,0.8338004305918753,0.25465344746856217
2024-04-25,510300.SH,60600,3.312,200707.19999999998,3.1694404146867914,0.2486892094653346
2024-04-25,516160.SH,105600,1.86,196416.0,2.069301160009213,0.24337213496248847
2024-04-25,159915.SZ,118700,1.716,203689.19999999998,1.7805366225648218,0.2523841004439623
2024-04-26,159928.SZ,238700,0.873,208385.1,0.8338004305918753,0.2530047837468722
2024-04-26,510300.SH,60600,3.362,203737.2,3.1694404146867914,0.24736166946289945
2024-04-26,516160.SH,105600,1.896,200217.59999999998,2.069301160009213,0.24308844821591252
2024-04-26,159915.SZ,118700,1.774,210573.8,1.7805366225648218,0.2556621309861267
2024-04-29,159928.SZ,234700,0.879,206301.3,0.8338004305918753,0.24592853723940017
2024-04-29,510300.SH,61300,3.405,208726.5,3.1717857623167958,0.24881958004190796
2024-04-29,159915.SZ,116000,1.837,213092.0,1.7805366225648218,0.2540236239782215
2024-04-29,510500.SH,39400,5.327,209883.8,5.23318398435,0.25019917918232615
2024-04-30,159928.SZ,234700,0.88,206536.0,0.8338004305918753,0.24762579621754582
2024-04-30,510300.SH,61300,3.387,207623.1,3.1717857623167958,0.24892917191509054
2024-04-30,159915.SZ,116000,1.816,210656.0,1.7805366225648218,0.25256545942597575
2024-04-30,510500.SH,39400,5.289,208386.59999999998,5.23318398435,0.24984456824024492
2024-05-06,159928.SZ,237700,0.898,213454.6,0.834523746570943,0.2514175268727479
2024-05-06,510300.SH,61600,3.437,211719.19999999998,3.17312794772759,0.24937348576923
2024-05-06,159915.SZ,114100,1.853,211427.3,1.7805366225648218,0.24902967131831558
2024-05-06,510500.SH,39400,5.374,211735.59999999998,5.23318398435,0.2493928025112478
2024-05-07,159928.SZ,237700,0.899,213692.30000000002,0.834523746570943,0.2517036684062872
2024-05-07,510300.SH,61600,3.439,211842.4,3.17312794772759,0.2495247100807659
2024-05-07,159915.SZ,114100,1.85,211085.0,1.7805366225648218,0.24863258454114223
2024-05-07,510500.SH,39400,5.373,211696.2,5.23318398435,0.2493525041738568
2024-05-08,159928.SZ,237700,0.9,213930.0,0.834523746570943,0.2542763747710063
2024-05-08,510300.SH,61600,3.41,210056.0,3.17312794772759,0.2496717532786355
2024-05-08,159915.SZ,114100,1.821,207776.1,1.7805366225648218,0.24696187291197158
2024-05-08,510500.SH,39400,5.302,208898.8,5.23318398435,0.24829630981168366
2024-05-09,159928.SZ,237700,0.903,214643.1,0.834523746570943,0.25187807057348316
2024-05-09,510300.SH,61600,3.445,212212.0,3.17312794772759,0.2490252382328619
2024-05-09,159915.SZ,114100,1.856,211769.6,1.7805366225648218,0.2485060933899962
2024-05-09,510500.SH,39400,5.403,212878.19999999998,5.23318398435,0.2498070065292388
2024-05-10,159928.SZ,237700,0.9,213930.0,0.834523746570943,0.2519885476381101
2024-05-10,510300.SH,61600,3.447,212335.2,3.17312794772759,0.25011002973144325
2024-05-10,159915.SZ,114100,1.84,209944.0,1.7805366225648218,0.24729343077331556
2024-05-10,510500.SH,39400,5.383,212090.2,5.23318398435,0.24982144377261867
2024-05-13,159928.SZ,235400,0.893,210212.2,0.834523746570943,0.24926648513733918
2024-05-13,510300.SH,61400,3.444,211461.6,3.17312794772759,0.25074800498504823
2024-05-13,159915.SZ,115700,1.817,210226.9,1.781124320092015,0.24928391617764756
2024-05-13,510500.SH,39300,5.354,210412.2,5.23318398435,0.2495036421483379
2024-05-14,159928.SZ,235400,0.894,210447.6,0.834523746570943,0.24979193848299489
2024-05-14,510300.SH,61400,3.438,211093.2,3.17312794772759,0.2505582369605476
2024-05-14,159915.SZ,115700,1.813,209764.1,1.781124320092015,0.24898065439159575
2024-05-14,510500.SH,39300,5.348,210176.4,5.23318398435,0.24947003614855823
2024-05-15,159928.SZ,235400,0.885,208329.0,0.834523746570943,0.24949590988821216
2024-05-15,510300.SH,61400,3.412,209496.8,3.17312794772759,0.25089447333145554
2024-05-15,159915.SZ,115700,1.797,207912.9,1.781124320092015,0.24899758633218066
2024-05-15,510500.SH,39300,5.299,208250.7,5.23318398435,0.2494021373949719
2024-05-16,159928.SZ,235400,0.89,209506.0,0.834523746570943,0.2504990526717087
2024-05-16,510300.SH,61400,3.424,210233.6,3.17312794772759,0.25136901873818857
2024-05-16,159915.SZ,115700,1.801,208375.69999999998,1.781124320092015,0.24914759219212892
2024-05-16,510500.SH,39300,5.273,207228.9,5.23318398435,0.24777640323523073
2024-05-17,159928.SZ,235400,0.903,212566.2,0.834523746570943,0.25076865846512625
2024-05-17,510300.SH,61400,3.465,212751.0,3.17312794772759,0.25098667077415915
2024-05-17,159915.SZ,115700,1.824,211036.80000000002,1.781124320092015,0.2489643942582271
2024-05-17,510500.SH,39300,5.351,210294.3,5.23318398435,0.24808845194514834
2024-05-20,159928.SZ,234600,0.912,213955.2,0.834523746570943,0.2511679109882792
2024-05-20,510300.SH,61100,3.473,212200.3,3.17312794772759,0.24910778547137968
2024-05-20,159915.SZ,116000,1.831,212396.0,1.7812910175400531,0.24933752309953927
2024-05-20,510500.SH,39600,5.371,212691.6,5.234245800125127,0.24968453609332553
2024-05-21,159928.SZ,234600,0.91,213486.0,0.834523746570943,0.2518869455059172
2024-05-21,510300.SH,61100,3.461,211467.09999999998,3.17312794772759,0.2495048944380163
2024-05-21,159915.SZ,116000,1.818,210888.0,1.7812910175400531,0.24882162841522104
2024-05-21,510500.SH,39600,5.331,211107.6,5.234245800125127,0.24908072912080875
2024-05-22,159928.SZ,234600,0.903,211843.80000000002,0.834523746570943,0.24964155304294927
2024-05-22,510300.SH,61100,3.469,211955.9,3.17312794772759,0.24977365423305303
2024-05-22,159915.SZ,116000,1.839,213324.0,1.7812910175400531,0.25138585439523886
2024-05-22,510500.SH,39600,5.325,210870.0,5.234245800125127,0.2484940049704863
2024-05-23,159928.SZ,234600,0.893,209497.80000000002,0.834523746570943,0.2503034735260714
2024-05-23,510300.SH,61100,3.432,209695.19999999998,3.17312794772759,0.250539322807897
2024-05-23,159915.SZ,116000,1.811,210076.0,1.7812910175400531,0.25099429447212795
2024-05-23,510500.SH,39600,5.23,207108.00000000003,5.234245800125127,0.24744819179503366
2024-05-24,159928.SZ,234600,0.883,207151.8,0.834523746570943,0.25061164293583243
2024-05-24,510300.SH,61100,3.391,207190.1,3.17312794772759,0.25065797816402957
2024-05-24,159915.SZ,116000,1.781,206596.0,1.7812910175400531,0.24993923771828794
2024-05-24,510500.SH,39600,5.178,205048.8,5.234245800125127,0.24806743967477432
2024-05-27,159928.SZ,234200,0.888,207969.6,0.834523746570943,0.24969204858098454
2024-05-27,510300.SH,60900,3.421,208338.9,3.17312794772759,0.25013543681436556
2024-05-27,159915.SZ,115900,1.792,207692.80000000002,1.7812910175400531,0.24935971751410163
2024-05-27,510500.SH,39800,5.23,208154.00000000003,5.234172183039071,0.24991344254317102
2024-05-28,159928.SZ,234200,0.876,205159.2,0.834523746570943,0.24893218875788992
2024-05-28,510300.SH,60900,3.398,206938.2,3.17312794772759,0.2510907581215855
2024-05-28,159915.SZ,115900,1.769,205027.09999999998,1.7812910175400531,0.24877190375904548
2024-05-28,510500.SH,39800,5.183,206283.4,5.234172183039071,0.2502962492855271
2024-05-29,159928.SZ,234200,0.876,205159.2,0.834523746570943,0.24867680046420826
2024-05-29,510300.SH,60900,3.399,206999.1,3.17312794772759,0.25090697315533833
2024-05-29,159915.SZ,115900,1.772,205374.8,1.7812910175400531,0.24893813272803106
2024-05-29,510500.SH,39800,5.194,206721.2,5.234172183039071,0.2505701260490472
2024-05-30,159928.SZ,234200,0.866,202817.2,0.834523746570943,0.24675111924444193
2024-05-30,510300.SH,60900,3.385,206146.5,3.17312794772759,0.25080160658624784
2024-05-30,159915.SZ,115900,1.777,205954.3,1.7812910175400531,0.25056777254693174
2024-05-30,510500.SH,39800,5.183,206283.4,5.234172183039071,0.25096816163298236
2024-05-31,159928.SZ,234200,0.866,202817.2,0.834523746570943,0.24719377915402393
2024-05-31,510300.SH,60900,3.371,205293.9,3.17312794772759,0.2502123832607307
2024-05-31,159915.SZ,115900,1.772,205374.8,1.7812910175400531,0.25031098425085163
2024-05-31,510500.SH,39800,5.182,206243.6,5.234172183039071,0.2513698784438936
2024-06-03,159928.SZ,236700,0.867,205218.9,0.8348713252932608,0.2510086955829786
2024-06-03,510300.SH,60700,3.376,204923.19999999998,3.17312794772759,0.25064701704711334
2024-06-03,510500.SH,39500,5.141,203069.5,5.234172183039071,0.2483797072671556
2024-06-03,512660.SH,226000,0.901,203626.0,0.9067249359,0.24906037722051724
2024-06-04,159928.SZ,236700,0.874,206875.8,0.8348713252932608,0.25057941751291946
2024-06-04,510300.SH,60700,3.401,206440.69999999998,3.17312794772759,0.2500524003143884
2024-06-04,510500.SH,39500,5.212,205874.0,5.234172183039071,0.249365981913084
2024-06-04,512660.SH,226000,0.91,205660.0,0.9067249359,0.24910677327027628
2024-06-05,159928.SZ,236700,0.866,204982.2,0.8348713252932608,0.24937855084739233
2024-06-05,510300.SH,60700,3.388,205651.6,3.17312794772759,0.250192933764237
2024-06-05,510500.SH,39500,5.154,203583.0,5.234172183039071,0.24767630319688574
2024-06-05,512660.SH,226000,0.916,207016.0,0.9067249359,0.25185284420902776
2024-06-06,159928.SZ,236700,0.859,203325.3,0.8348713252932608,0.24955662406641355
2024-06-06,510300.SH,60700,3.388,205651.6,3.17312794772759,0.2524118692059299
2024-06-06,510500.SH,39500,5.116,202082.0,5.234172183039071,0.24803062729817185
2024-06-06,512660.SH,226000,0.898,202948.0,0.9067249359,0.24909353504473125
2024-06-07,159928.SZ,236700,0.851,201431.69999999998,0.8348713252932608,0.24826030824917425
2024-06-07,510300.SH,60700,3.365,204255.5,3.17312794772759,0.25174058200168703
2024-06-07,510500.SH,39500,5.091,201094.5,5.234172183039071,0.2478447163838342
2024-06-07,512660.SH,226000,0.902,203852.0,0.9067249359,0.2512432767891582
2024-06-11,159928.SZ,238100,0.837,199289.69999999998,0.8349778958291257,0.24633700879204093
2024-06-11,510300.SH,60200,3.34,201068.0,3.17312794772759,0.2485351209008699
2024-06-11,510500.SH,39800,5.103,203099.4,5.233109606282495,0.25104608358313674
2024-06-11,512660.SH,224800,0.911,204792.80000000002,0.9067249359,0.2531392529275055
2024-06-12,159928.SZ,238100,0.837,199289.69999999998,0.8349778958291257,0.2462970051708141
2024-06-12,510300.SH,60200,3.336,200827.19999999998,3.17312794772759,0.24819716180434873
2024-06-12,510500.SH,39800,5.118,203696.40000000002,5.233109606282495,0.2517431321542269
2024-06-12,512660.SH,224800,0.91,204568.0,0.9067249359,0.2528203201358781
2024-06-13,159928.SZ,238100,0.823,195956.3,0.8349778958291257,0.2434686095903813
2024-06-13,510300.SH,60200,3.323,200044.6,3.17312794772759,0.24854817435348595
2024-06-13,510500.SH,39800,5.091,202621.80000000002,5.233109606282495,0.25175025206487534
2024-06-13,512660.SH,224800,0.914,205467.2,0.9067249359,0.2552855585680522
2024-06-14,159928.SZ,238100,0.831,197861.09999999998,0.8349778958291257,0.24533808719831796
2024-06-14,510300.SH,60200,3.343,201248.6,3.17312794772759,0.24953842152570374
2024-06-14,510500.SH,39800,5.116,203616.8,5.233109606282495,0.2524748737040402
2024-06-14,512660.SH,224800,0.903,202994.4,0.9067249359,0.2517031281437849
2024-06-17,159928.SZ,242900,0.824,200149.59999999998,0.8348094565537869,0.24833680614233597
2024-06-17,510300.SH,60200,3.333,200646.6,3.17312794772759,0.24895346184713252
2024-06-17,512660.SH,223100,0.905,201905.5,0.9067249359,0.25051544950662613
2024-06-17,159915.SZ,114700,1.768,202789.6,1.7473970618999999,0.2516124018378346
2024-06-18,159928.SZ,242900,0.814,197720.59999999998,0.8348094565537869,0.24524197873777806
2024-06-18,510300.SH,60200,3.344,201308.8,3.17312794772759,0.24969258867982203
2024-06-18,512660.SH,223100,0.91,203021.0,0.9067249359,0.25181630930374704
2024-06-18,159915.SZ,114700,1.776,203707.2,1.7473970618999999,0.2526674348101933
2024-06-19,159928.SZ,242900,0.808,196263.2,0.8348094565537869,0.24568159217876606
2024-06-19,510300.SH,60200,3.334,200706.80000000002,3.17312794772759,0.2512440752270684
2024-06-19,512660.SH,223100,0.898,200343.80000000002,0.9067249359,0.2507896730876918
2024-06-19,159915.SZ,114700,1.753,201069.09999999998,1.7473970618999999,0.25169760110887585
2024-06-20,159928.SZ,242900,0.8,194320.0,0.8348094565537869,0.2463986224484038
2024-06-20,510300.SH,60200,3.311,199322.19999999998,3.17312794772759,0.2527414342496152
2024-06-20,512660.SH,223100,0.88,196328.0,0.9067249359,0.248944775360489
2024-06-20,159915.SZ,114700,1.728,198201.6,1.7473970618999999,0.25132050847606807
2024-06-21,159928.SZ,242900,0.796,193348.40000000002,0.8348094565537869,0.2456213760136504
2024-06-21,510300.SH,60200,3.305,198961.0,3.17312794772759,0.2527513783049246
2024-06-21,512660.SH,223100,0.882,196774.2,0.9067249359,0.24997336294474246
2024-06-21,159915.SZ,114700,1.723,197628.1,1.7473970618999999,0.2510581202687134
2024-06-24,510300.SH,59400,3.288,195307.19999999998,3.17312794772759,0.25290191482396346
2024-06-24,512660.SH,222200,0.86,191092.0,0.9067249359,0.24744368209436635
2024-06-24,159915.SZ,114200,1.696,193683.19999999998,1.7473970618999999,0.250799008685971
2024-06-24,510500.SH,39200,4.894,191844.80000000002,4.9909903480499995,0.24841847750118945
2024-06-25,510300.SH,59400,3.267,194059.8,3.17312794772759,0.2543452719967101
2024-06-25,512660.SH,222200,0.847,188203.4,0.9067249359,0.24666955734111665
2024-06-25,159915.SZ,114200,1.666,190257.19999999998,1.7473970618999999,0.2493613787262095
2024-06-25,510500.SH,39200,4.85,190120.0,4.9909903480499995,0.24918155698405609
2024-06-26,510300.SH,59400,3.288,195307.19999999998,3.17312794772759,0.2521074608189905
2024-06-26,512660.SH,222200,0.865,192203.0,0.9067249359,0.2481004811486337
2024-06-26,159915.SZ,114200,1.699,194025.80000000002,1.7473970618999999,0.25045339737282235
2024-06-26,510500.SH,39200,4.919,192824.8,4.9909903480499995,0.2489031162749232
2024-06-27,510300.SH,59400,3.269,194178.6,3.17312794772759,0.25413505255718005
2024-06-27,512660.SH,222200,0.852,189314.4,0.9067249359,0.2477689353709987
2024-06-27,159915.SZ,114200,1.67,190714.0,1.7473970618999999,0.24960068933131682
2024-06-27,510500.SH,39200,4.835,189532.0,4.9909903480499995,0.24805372364033654
2024-06-28,510300.SH,59400,3.276,194594.4,3.17312794772759,0.25313105344994036
2024-06-28,512660.SH,222200,0.879,195313.8,0.9067249359,0.2540668587960957
2024-06-28,159915.SZ,114200,1.652,188658.4,1.7473970618999999,0.2454094235711831
2024-06-28,510500.SH,39200,4.843,189845.6,4.9909903480499995,0.24695374954693458
2024-07-01,510300.SH,58500,3.29,192465.0,3.17312794772759,0.24942064756668225
2024-07-01,512660.SH,218700,0.879,192237.3,0.9067249359,0.24912556492074175
2024-07-01,159915.SZ,116400,1.65,192060.0,1.7455769524826457,0.24889579701066164
2024-07-01,510500.SH,39600,4.902,194119.2,4.989646218271717,0.25156437050438424
2024-07-02,510300.SH,58500,3.285,192172.5,3.17312794772759,0.25086993795664553
2024-07-02,512660.SH,218700,0.872,190706.4,0.9067249359,0.24895603031617544
2024-07-02,159915.SZ,116400,1.633,190081.2,1.7455769524826457,0.24813986835121954
2024-07-02,510500.SH,39600,4.856,192297.6,4.989646218271717,0.25103324867612087
2024-07-03,510300.SH,58500,3.279,191821.5,3.17312794772759,0.25232216755026277
2024-07-03,512660.SH,218700,0.857,187425.9,0.9067249359,0.24654019149604603
2024-07-03,159915.SZ,116400,1.629,189615.6,1.7455769524826457,0.24942052477612575
2024-07-03,510500.SH,39600,4.813,190594.8,4.989646218271717,0.25070856530581204
2024-07-04,510300.SH,58500,3.264,190944.0,3.17312794772759,0.2536331904139156
2024-07-04,512660.SH,218700,0.847,185238.9,0.9067249359,0.24605503810417853
2024-07-04,159915.SZ,116400,1.616,188102.40000000002,1.7455769524826457,0.249858659274523
2024-07-04,510500.SH,39600,4.742,187783.2,4.989646218271717,0.2494346621110608
2024-07-05,510300.SH,58500,3.247,189949.5,3.17312794772759,0.2517624994931822
2024-07-05,512660.SH,218700,0.849,185676.3,0.9067249359,0.24609872300082883
2024-07-05,159915.SZ,116400,1.623,188917.2,1.7455769524826457,0.25039427042057705
2024-07-05,510500.SH,39600,4.777,189169.2,4.989646218271717,0.2507282757739593
2024-07-08,510300.SH,57900,3.223,186611.69999999998,3.17312794772759,0.2512353873115237
2024-07-08,512660.SH,222000,0.834,185148.0,0.9058510782942794,0.24926480756540983
2024-07-08,159915.SZ,116300,1.596,185614.80000000002,1.7455769524826457,0.24989326054449434
2024-07-08,159928.SZ,244600,0.756,184917.6,0.7686145152,0.24895461997676147
2024-07-09,510300.SH,57900,3.26,188754.0,3.17312794772759,0.25147221901352096
2024-07-09,512660.SH,222000,0.847,188034.0,0.9058510782942794,0.25051298107583625
2024-07-09,159915.SZ,116300,1.62,188406.0,1.7455769524826457,0.25100858734364
2024-07-09,159928.SZ,244600,0.756,184917.6,0.7686145152,0.24636107953555772
2024-07-10,510300.SH,57900,3.252,188290.8,3.17312794772759,0.2509984326486366
2024-07-10,512660.SH,222000,0.846,187812.0,0.9058510782942794,0.25036017496662466
2024-07-10,159915.SZ,116300,1.618,188173.40000000002,1.7455769524826457,0.2508419342111508
2024-07-10,159928.SZ,244600,0.758,185406.8,0.7686145152,0.24715395655230754
2024-07-11,510300.SH,57900,3.298,190954.2,3.17312794772759,0.24934031899330514
2024-07-11,512660.SH,222000,0.867,192474.0,0.9058510782942794,0.2513248127452416
2024-07-11,159915.SZ,116300,1.654,192360.19999999998,1.7455769524826457,0.2511762172794103
2024-07-11,159928.SZ,244600,0.775,189565.0,0.7686145152,0.24752635747192722
2024-07-12,510300.SH,57900,3.308,191533.19999999998,3.17312794772759,0.2502353195140563
2024-07-12,512660.SH,222000,0.863,191586.0,0.9058510782942794,0.25030430194044684
2024-07-12,159915.SZ,116300,1.653,192243.9,1.7455769524826457,0.251163838651097
2024-07-12,159928.SZ,244600,0.775,189565.0,0.7686145152,0.24766389505152156
2024-07-15,510300.SH,57900,3.315,191938.5,3.17312794772759,0.2514746258465642
2024-07-15,512660.SH,221400,0.859,190182.6,0.9058510782942794,0.24917407491215562
2024-07-15,159915.SZ,116200,1.64,190568.0,1.7455769524826457,0.24967901957308222
2024-07-15,510500.SH,39600,4.796,189921.6,4.82085432255,0.2488321170592707
2024-07-16,510300.SH,57900,3.34,193386.0,3.17312794772759,0.25138948380555637
2024-07-16,512660.SH,221400,0.864,191289.6,0.9058510782942794,0.24866429731920284
2024-07-16,159915.SZ,116200,1.664,193356.8,1.7455769524826457,0.25135152566521984
2024-07-16,510500.SH,39600,4.813,190594.8,4.82085432255,0.24776110156900322
2024-07-17,510300.SH,57900,3.345,193675.5,3.17312794772759,0.2526002216386743
2024-07-17,512660.SH,221400,0.858,189961.19999999998,0.9058510782942794,0.24775586598588117
2024-07-17,159915.SZ,116200,1.663,193240.6,1.7455769524826457,0.2520330056697435
2024-07-17,510500.SH,39600,4.778,189208.8,4.82085432255,0.2467745523620055
2024-07-18,510300.SH,57900,3.366,194891.4,3.17312794772759,0.25123507153301605
2024-07-18,512660.SH,221400,0.877,194167.8,0.9058510782942794,0.25030227666489313
2024-07-18,159915.SZ,116200,1.686,195913.19999999998,1.7455769524826457,0.25255227688990933
2024-07-18,510500.SH,39600,4.801,190119.6,4.82085432255,0.24508373025094182
2024-07-19,510300.SH,57900,3.389,196223.09999999998,3.17312794772759,0.25146376596345577
2024-07-19,512660.SH,221400,0.89,197046.0,0.9058510782942794,0.2525183285150174
2024-07-19,159915.SZ,116200,1.692,196610.4,1.7455769524826457,0.2519600985387624
2024-07-19,510500.SH,39600,4.793,189802.80000000002,4.82085432255,0.24323602510819883
2024-07-22,510300.SH,57600,3.36,193536.0,3.17312794772759,0.24832993537579315
2024-07-22,512660.SH,218800,0.895,195826.0,0.9058510782942794,0.25126828044859906
2024-07-22,159915.SZ,115100,1.693,194864.30000000002,1.7455769524826457,0.2500343038300325
2024-07-22,510500.SH,40600,4.781,194108.59999999998,4.820399721009359,0.2490646499560065
2024-07-23,510300.SH,57600,3.29,189504.0,3.17312794772759,0.249984182995476
2024-07-23,512660.SH,218800,0.87,190356.0,0.9058510782942794,0.25110809871183104
2024-07-23,159915.SZ,115100,1.64,188764.0,1.7455769524826457,0.24900801206812537
2024-07-23,510500.SH,40600,4.641,188424.6,4.820399721009359,0.2485602925914459
2024-07-24,510300.SH,57600,3.268,188236.8,3.17312794772759,0.25007484132160845
2024-07-24,512660.SH,218800,0.873,191012.4,0.9058510782942794,0.25376225913561856
2024-07-24,159915.SZ,115100,1.619,186346.9,1.7455769524826457,0.24756408655626128
2024-07-24,510500.SH,40600,4.584,186110.4,4.820399721009359,0.2472498934762017
2024-07-25,510300.SH,57600,3.248,187084.80000000002,3.17312794772759,0.24970637389899344
2024-07-25,512660.SH,218800,0.866,189480.8,0.9058510782942794,0.2529043700582858
2024-07-25,159915.SZ,115100,1.614,185771.40000000002,1.7455769524826457,0.24795334879230954
2024-07-25,510500.SH,40600,4.578,185866.80000000002,4.820399721009359,0.24808068136058853
2024-07-26,510300.SH,57600,3.263,187948.8,3.17312794772759,0.24698593069075356
2024-07-26,512660.SH,218800,0.895,195826.0,0.9058510782942794,0.2573374603266821
2024-07-26,159915.SZ,115100,1.627,187267.7,1.7455769524826457,0.24609088843779178
2024-07-26,510500.SH,40600,4.653,188911.8,4.820399721009359,0.24825142135233372
2024-07-29,510300.SH,58300,3.243,189066.9,3.1742643300018734,0.2505610591071939
2024-07-29,512660.SH,211400,0.902,190682.80000000002,0.9058510782942794,0.2527025318631936
2024-07-29,159915.SZ,117200,1.604,187988.80000000002,1.7434198833681955,0.24913230622753352
2024-07-29,588000.SH,252100,0.74,186554.0,0.7546033131000001,0.2472308363901003
2024-07-30,510300.SH,58300,3.22,187726.0,3.1742643300018734,0.24874420878524564
2024-07-30,512660.SH,211400,0.907,191739.80000000002,0.9058510782942794,0.2540626489865082
2024-07-30,159915.SZ,117200,1.601,187637.2,1.7434198833681955,0.24862654535162362
2024-07-30,588000.SH,252100,0.743,187310.3,0.7546033131000001,0.24819339021140915
2024-07-31,510300.SH,58300,3.297,192215.1,3.1742643300018734,0.24724229536119027
2024-07-31,512660.SH,211400,0.92,194488.0,0.9058510782942794,0.25016587947672775
2024-07-31,159915.SZ,117200,1.658,194317.59999999998,1.7434198833681955,0.24994669749191203
2024-07-31,588000.SH,252100,0.778,196133.80000000002,0.7546033131000001,0.2522828378723244
2024-08-01,510300.SH,58300,3.272,190757.59999999998,3.1742643300018734,0.24683486295930765
2024-08-01,512660.SH,211400,0.922,194910.80000000002,0.9058510782942794,0.2522089846343686
2024-08-01,159915.SZ,117200,1.636,191739.19999999998,1.7434198833681955,0.2481050252043813
2024-08-01,588000.SH,252100,0.774,195125.4,0.7546033131000001,0.2524866708790638
2024-08-02,510300.SH,58300,3.236,188658.80000000002,3.1742643300018734,0.24738125839890718
2024-08-02,512660.SH,211400,0.913,193008.2,0.9058510782942794,0.25308446463832035
2024-08-02,159915.SZ,117200,1.609,188574.8,1.7434198833681955,0.2472711123272396
2024-08-02,588000.SH,252100,0.762,192100.2,0.7546033131000001,0.2518938380541048
2024-08-05,510300.SH,58700,3.197,187663.9,3.1746721369524566,0.2517313439252345
2024-08-05,512660.SH,208300,0.884,184137.2,0.9058510782942794,0.2470006475546426
2024-08-05,588000.SH,250200,0.738,184647.6,0.7546033131000001,0.24768529536351494
2024-08-05,512880.SH,232400,0.812,188708.80000000002,0.8146513220999998,0.2531329671530768
2024-08-06,510300.SH,58700,3.197,187663.9,3.1746721369524566,0.24913080088564687
2024-08-06,512660.SH,208300,0.906,188719.80000000002,0.9058510782942794,0.2505325473731448
2024-08-06,588000.SH,250200,0.748,187149.6,0.7546033131000001,0.24844804852413524
2024-08-06,512880.SH,232400,0.815,189406.0,0.8146513220999998,0.25144350337250176
2024-08-07,510300.SH,58700,3.19,187253.0,3.1746721369524566,0.2491888078104916
2024-08-07,512660.SH,208300,0.912,189969.6,0.9058510782942794,0.25280395050672605
2024-08-07,588000.SH,250200,0.742,185648.4,0.7546033131000001,0.24705347026709995
2024-08-07,512880.SH,232400,0.81,188244.0,0.8146513220999998,0.25050759099976067
2024-08-08,510300.SH,58700,3.194,187487.8,3.1746721369524566,0.2509567151376393
2024-08-08,512660.SH,208300,0.883,183928.9,0.9058510782942794,0.2461930459628805
2024-08-08,588000.SH,250200,0.745,186399.0,0.7546033131000001,0.2494993313961806
2024-08-08,512880.SH,232400,0.813,188941.19999999998,0.8146513220999998,0.2529021243310964
2024-08-09,510300.SH,58700,3.182,186783.4,3.1746721369524566,0.2517542881297953
2024-08-09,512660.SH,208300,0.873,181845.9,0.9058510782942794,0.2450993241574034
2024-08-09,588000.SH,250200,0.742,185648.4,0.7546033131000001,0.250224488816648
2024-08-09,512880.SH,232400,0.806,187314.40000000002,0.8146513220999998,0.25246999159700345
2024-08-12,510300.SH,58100,3.178,184641.8,3.1746721369524566,0.24968022551353758
2024-08-12,512660.SH,212200,0.865,183553.0,0.905242120917523,0.2482079054346652
2024-08-12,588000.SH,250100,0.742,185574.2,0.7546033131000001,0.25094105508879533
2024-08-12,512880.SH,230200,0.804,185080.80000000002,0.8146513220999998,0.25027385934401614
2024-08-13,510300.SH,58100,3.183,184932.3,3.1746721369524566,0.24807869521557263
2024-08-13,512660.SH,212200,0.875,185675.0,0.905242120917523,0.2490749951963581
2024-08-13,588000.SH,250100,0.746,186574.6,0.7546033131000001,0.25028176975232225
2024-08-13,512880.SH,230200,0.815,187613.0,0.8146513220999998,0.25167473851500916
2024-08-14,510300.SH,58100,3.159,183537.9,3.1746721369524566,0.248825403727715
2024-08-14,512660.SH,212200,0.864,183340.8,0.905242120917523,0.24855819195796752
2024-08-14,588000.SH,250100,0.736,184073.6,0.7546033131000001,0.24955166118613062
2024-08-14,512880.SH,230200,0.808,186001.6,0.8146513220999998,0.2521654830637212
2024-08-15,510300.SH,58100,3.197,185745.7,3.1746721369524566,0.24956289887067765
2024-08-15,512660.SH,212200,0.867,183977.4,0.905242120917523,0.2471870588158445
2024-08-15,588000.SH,250100,0.743,185824.3,0.7546033131000001,0.24966850370487426
2024-08-15,512880.SH,230200,0.817,188073.4,0.8146513220999998,0.25269033363606536
2024-08-16,510300.SH,58100,3.199,185861.9,3.1746721369524566,0.25110880382903744
2024-08-16,512660.SH,212200,0.856,181643.19999999998,0.905242120917523,0.24540912729116945
2024-08-16,588000.SH,250100,0.74,185074.0,0.7546033131000001,0.2500443111786508
2024-08-16,512880.SH,230200,0.812,186922.40000000002,0.8146513220999998,0.25254159283238187
2024-08-19,510300.SH,57700,3.208,185101.6,3.1746721369524566,0.2502908862027376
2024-08-19,512660.SH,216600,0.853,184759.8,0.904192301286696,0.24982871070072085
2024-08-19,588000.SH,249400,0.739,184306.6,0.7546033131000001,0.24921590222350035
2024-08-19,512880.SH,227900,0.811,184826.90000000002,0.8146513220999998,0.24991944205293073
2024-08-20,510300.SH,57700,3.192,184178.40000000002,3.1746721369524566,0.2517888726762846
2024-08-20,512660.SH,216600,0.839,181727.4,0.904192301286696,0.2484381294461904
2024-08-20,588000.SH,249400,0.728,181563.19999999998,0.7546033131000001,0.2482136528903432
2024-08-20,512880.SH,227900,0.805,183459.5,0.8146513220999998,0.25080607002099503
2024-08-21,510300.SH,57700,3.177,183312.9,3.1746721369524566,0.25184055107372777
2024-08-21,512660.SH,216600,0.834,180644.4,0.904192301286696,0.2481744887805654
2024-08-21,588000.SH,249400,0.726,181064.4,0.7546033131000001,0.24875149689865728
2024-08-21,512880.SH,227900,0.8,182320.0,0.8146513220999998,0.2504764764059815
2024-08-22,510300.SH,57700,3.168,182793.6,3.1746721369524566,0.2530915476979894
2024-08-22,512660.SH,216600,0.831,179994.6,0.904192301286696,0.2492161207574036
2024-08-22,588000.SH,249400,0.719,179318.6,0.7546033131000001,0.24828014769136714
2024-08-22,512880.SH,227900,0.788,179585.2,0.8146513220999998,0.24864927553072413
2024-08-23,510300.SH,57700,3.182,183601.4,3.1746721369524566,0.25320415792737905
2024-08-23,512660.SH,216600,0.832,180211.19999999998,0.904192301286696,0.2485287429457645
2024-08-23,588000.SH,249400,0.72,179568.0,0.7546033131000001,0.24764170769233568
2024-08-23,512880.SH,227900,0.795,181180.5,0.8146513220999998,0.24986550176284875
2024-08-26,510300.SH,56800,3.183,180794.4,3.1746721369524566,0.25027962181932684
2024-08-26,512660.SH,218000,0.825,179850.0,0.9037414378839375,0.24897225790293245
2024-08-26,588000.SH,252000,0.715,180180.0,0.7542492051076984,0.249429087733947
2024-08-26,512880.SH,227600,0.795,180942.0,0.8146513220999998,0.25048394934374424
2024-08-27,510300.SH,56800,3.166,179828.8,3.1746721369524566,0.2515106267263447
2024-08-27,512660.SH,218000,0.811,176798.0,0.9037414378839375,0.2472717150087433
2024-08-27,588000.SH,252000,0.708,178416.0,0.7542492051076984,0.2495346684068821
2024-08-27,512880.SH,227600,0.788,179348.80000000002,0.8146513220999998,0.2508392932089735
2024-08-28,510300.SH,56800,3.146,178692.8,3.1746721369524566,0.2499820799030752
2024-08-28,512660.SH,218000,0.819,178542.0,0.9037414378839375,0.24977111842253777
2024-08-28,588000.SH,252000,0.704,177408.0,0.7542492051076984,0.24818471047207705
2024-08-28,512880.SH,227600,0.789,179576.4,0.8146513220999998,0.25121819107152943
2024-08-29,510300.SH,56800,3.136,178124.80000000002,3.1746721369524566,0.24715100007022367
2024-08-29,512660.SH,218000,0.833,181594.0,0.9037414378839375,0.2519645703840913
2024-08-29,588000.SH,252000,0.713,179676.0,0.7542492051076984,0.24930331480297804
2024-08-29,512880.SH,227600,0.794,180714.40000000002,0.8146513220999998,0.2507441113595099
2024-08-30,510300.SH,56800,3.181,180680.8,3.1746721369524566,0.2462327836210827
2024-08-30,512660.SH,218000,0.843,183774.0,0.9037414378839375,0.25044821351898405
2024-08-30,588000.SH,252000,0.728,183456.0,0.7542492051076984,0.25001484137766355
2024-08-30,512880.SH,227600,0.814,185266.4,0.8146513220999998,0.2524820644111436
2024-09-02,510300.SH,57500,3.121,179457.5,3.1747215109373834,0.25185806725170995
2024-09-02,512660.SH,217300,0.812,176447.6,0.9037414378839375,0.24763384928020737
2024-09-02,588000.SH,251800,0.703,177015.4,0.7542492051076984,0.24843072325084398
2024-09-02,512880.SH,225600,0.793,178900.80000000002,0.8146513220999998,0.2510767714795131
2024-09-03,510300.SH,57500,3.133,180147.5,3.1747215109373834,0.25074659433977703
2024-09-03,512660.SH,217300,0.824,179055.19999999998,0.9037414378839375,0.249226226280285
2024-09-03,588000.SH,251800,0.708,178274.4,0.7542492051076984,0.24813943384153067
2024-09-03,512880.SH,225600,0.799,180254.40000000002,0.8146513220999998,0.2508953880279211
2024-09-04,510300.SH,57500,3.112,178940.0,3.1747215109373834,0.24997857225506612
2024-09-04,512660.SH,217300,0.822,178620.59999999998,0.9037414378839375,0.24953237153986393
2024-09-04,588000.SH,251800,0.705,177519.0,0.7542492051076984,0.24799344008129584
2024-09-04,512880.SH,225600,0.798,180028.80000000002,0.8146513220999998,0.2514996221571077
2024-09-05,510300.SH,57500,3.119,179342.5,3.1747215109373834,0.2494686819060675
2024-09-05,512660.SH,217300,0.826,179489.8,0.9037414378839375,0.2496735788872335
2024-09-05,588000.SH,251800,0.705,177519.0,0.7542492051076984,0.24693216021457934
2024-09-05,512880.SH,225600,0.806,181833.6,0.8146513220999998,0.25293384734926255
2024-09-06,510300.SH,57500,3.091,177732.5,3.1747215109373834,0.24924243392753412
2024-09-06,512660.SH,217300,0.814,176882.19999999998,0.9037414378839375,0.2480500192505978
2024-09-06,588000.SH,251800,0.696,175252.8,0.7542492051076984,0.24576503692130225
2024-09-06,512880.SH,225600,0.809,182510.40000000002,0.8146513220999998,0.25594270216807746
2024-09-09,510300.SH,57500,3.05,175375.0,3.1747215109373834,0.2478736089666716
2024-09-09,512660.SH,218200,0.811,176960.2,0.9033876253537103,0.25011411784726445
2024-09-09,588000.SH,256100,0.687,175940.7,0.7532293543386117,0.24867316477903054
2024-09-09,512880.SH,221200,0.808,178729.6,0.8146513220999998,0.2526149735205681
2024-09-10,510300.SH,57500,3.05,175375.0,3.1747215109373834,0.24720064619622154
2024-09-10,512660.SH,218200,0.817,178269.4,0.9033876253537103,0.2512804611661451
2024-09-10,588000.SH,256100,0.692,177221.19999999998,0.7532293543386117,0.24980296598528762
2024-09-10,512880.SH,221200,0.805,178066.0,0.8146513220999998,0.2509937577509701
2024-09-11,510300.SH,57500,3.043,174972.5,3.1747215109373834,0.24665888963880175
2024-09-11,512660.SH,218200,0.816,178051.19999999998,0.9033876253537103,0.2509989357805153
2024-09-11,588000.SH,256100,0.695,177989.5,0.7532293543386117,0.25091195723536847
2024-09-11,512880.SH,221200,0.804,177844.80000000002,0.8146513220999998,0.25070797351603696
2024-09-12,510300.SH,57500,3.032,174340.0,3.1747215109373834,0.24681348894374167
2024-09-12,512660.SH,218200,0.812,177178.40000000002,0.9033876253537103,0.2508318175373973
2024-09-12,588000.SH,256100,0.69,176709.0,0.7532293543386117,0.2501672870125023
2024-09-12,512880.SH,221200,0.803,177623.6,0.8146513220999998,0.251462088073578
2024-09-13,510300.SH,57500,3.017,173477.5,3.1747215109373834,0.24689978244595936
2024-09-13,512660.SH,218200,0.805,175651.0,0.9033876253537103,0.2499931903930781
2024-09-13,588000.SH,256100,0.683,174916.30000000002,0.7532293543386117,0.24894753738238196
2024-09-13,512880.SH,221200,0.805,178066.0,0.8146513220999998,0.2534303103343212
2024-09-18,510300.SH,58100,3.027,175868.7,3.17318402201204,0.25048210040723595
2024-09-18,512660.SH,218500,0.805,175892.5,0.9032732279275955,0.2505159977066968
2024-09-18,588000.SH,256100,0.678,173635.80000000002,0.7532293543386117,0.2473018785599185
2024-09-18,512880.SH,218500,0.806,176111.0,0.8146513220999998,0.250827197703848
2024-09-19,510300.SH,58100,3.054,177437.4,3.17318402201204,0.25083975115440316
2024-09-19,512660.SH,218500,0.806,176111.0,0.9032732279275955,0.24896464564715834
2024-09-19,588000.SH,256100,0.683,174916.30000000002,0.7532293543386117,0.2472757218311863
2024-09-19,512880.SH,218500,0.816,178296.0,0.8146513220999998,0.25205353703235883
2024-09-20,510300.SH,58100,3.063,177960.30000000002,3.17318402201204,0.2530222900524377
2024-09-20,512660.SH,218500,0.791,172833.5,0.9032732279275955,0.24573305376411472
2024-09-20,588000.SH,256100,0.678,173635.80000000002,0.7532293543386117,0.2468737564000907
2024-09-20,512880.SH,218500,0.816,178296.0,0.8146513220999998,0.25349958517258864
2024-09-23,510300.SH,57300,3.072,176025.6,3.17318402201204,0.2501454086468757
2024-09-23,512660.SH,222700,0.795,177046.5,0.9011291203510534,0.25159618312335863
2024-09-23,588000.SH,258800,0.674,174431.2,0.7524673606882475,0.24787964821460573
2024-09-23,512880.SH,215000,0.816,175440.0,0.8146513220999998,0.24931322769533448
2024-09-24,510300.SH,57300,3.216,184276.80000000002,3.17318402201204,0.25073225357071627
2024-09-24,512660.SH,222700,0.821,182836.69999999998,0.9011291203510534,0.24877281256475572
2024-09-24,588000.SH,258800,0.699,180901.19999999998,0.7524673606882475,0.24613931623322552
2024-09-24,512880.SH,215000,0.866,186190.0,0.8146513220999998,0.2533354078881968
2024-09-25,510300.SH,57300,3.263,186969.9,3.17318402201204,0.25129727642978955
2024-09-25,512660.SH,222700,0.833,185509.1,0.9011291203510534,0.24933388520259933
2024-09-25,588000.SH,258800,0.7,181160.0,0.7524673606882475,0.24348846845412378
2024-09-25,512880.SH,215000,0.882,189630.0,0.8146513220999998,0.25487258927442863
2024-09-26,510300.SH,57300,3.429,196481.69999999998,3.17318402201204,0.25206183729353415
2024-09-26,512660.SH,222700,0.863,192190.1,0.9011291203510534,0.24655624272198412
2024-09-26,588000.SH,258800,0.728,188406.4,0.7524673606882475,0.2417022213359337
2024-09-26,512880.SH,215000,0.938,201670.0,0.8146513220999998,0.25871778759542
2024-09-27,510300.SH,57300,3.658,209603.4,3.17318402201204,0.25130882662678256
2024-09-27,512660.SH,222700,0.909,202434.30000000002,0.9011291203510534,0.24271326897375756
2024-09-27,588000.SH,258800,0.792,204969.6,0.7524673606882475,0.24575302533337234
2024-09-27,512880.SH,215000,1.006,216290.0,0.8146513220999998,0.25932587978585653
2024-09-30,510300.SH,58300,4.022,234482.6,3.183985290931216,0.2541609964317011
2024-09-30,512660.SH,232500,1.0,232500.0,0.9033570959233531,0.2520120114258819
2024-09-30,512880.SH,201400,1.107,222949.8,0.8146513220999998,0.24166033352687352
2024-09-30,512010.SH,581700,0.399,232098.30000000002,0.38130485715,0.25157659970549584
2024-10-08,510300.SH,57100,4.201,239877.09999999998,3.183985290931216,0.23936286184145297
2024-10-08,512660.SH,230800,1.1,253880.00000000003,0.9033570959233531,0.25333574302969347
2024-10-08,512880.SH,208400,1.218,253831.19999999998,0.8282439504363722,0.25328704764502413
2024-10-08,512010.SH,578300,0.439,253873.7,0.38130485715,0.25332945653536115
2024-10-09,510300.SH,57100,3.811,217608.1,3.183985290931216,0.23409290798649768
2024-10-09,512660.SH,230800,1.015,234261.99999999997,0.9033570959233531,0.2520084170154186
2024-10-09,512880.SH,208400,1.179,245703.6,0.8282439504363722,0.26431677050050634
2024-10-09,512010.SH,578300,0.4,231320.0,0.38130485715,0.24884354707125628
2024-10-10,510300.SH,57100,3.875,221262.5,3.183985290931216,0.24027684087888618
2024-10-10,512660.SH,230800,1.021,235646.8,0.9033570959233531,0.2558972653170723
2024-10-10,512880.SH,208400,1.113,231949.2,0.8282439504363722,0.25188190958876877
2024-10-10,512010.SH,578300,0.4,231320.0,0.38130485715,0.25119863886607063
2024-10-11,510300.SH,57100,3.766,215038.6,3.183985290931216,0.24137517513632392
2024-10-11,512660.SH,230800,0.968,223414.4,0.9033570959233531,0.25077679043658546
2024-10-11,512880.SH,208400,1.116,232574.40000000002,0.8282439504363722,0.2610586496202331
2024-10-11,512010.SH,578300,0.379,219175.7,0.38130485715,0.24601896112198643
2024-10-14,510300.SH,59500,3.829,227825.5,3.2080250640701244,0.25065848374358957
2024-10-14,512880.SH,199400,1.124,224125.60000000003,0.8282439504363722,0.2465877746965211
2024-10-14,512010.SH,591500,0.382,225953.0,0.3812884309211243,0.24859831922816056
2024-10-14,588000.SH,236800,0.974,230643.19999999998,0.94975934235,0.2537585774979951
2024-10-15,510300.SH,59500,3.72,221340.0,3.2080250640701244,0.2511470639368014
2024-10-15,512880.SH,199400,1.087,216747.8,0.8282439504363722,0.24593644883329288
2024-10-15,512010.SH,591500,0.37,218855.0,0.3812884309211243,0.2483274178995603
2024-10-15,588000.SH,236800,0.946,224012.8,0.94975934235,0.2541798003264747
2024-10-16,510300.SH,59500,3.695,219852.5,3.2080250640701244,0.25222922453856395
2024-10-16,512880.SH,199400,1.094,218143.6,0.8282439504363722,0.250268662244235
2024-10-16,512010.SH,591500,0.363,214714.5,0.3812884309211243,0.24633457355356653
2024-10-16,588000.SH,236800,0.923,218566.40000000002,0.94975934235,0.25075372616725117
2024-10-17,510300.SH,59500,3.652,217294.0,3.2080250640701244,0.25067987243758816
2024-10-17,512880.SH,199400,1.088,216947.2,0.8282439504363722,0.25027978877323775
2024-10-17,512010.SH,591500,0.36,212940.0,0.3812884309211243,0.24565690740130894
2024-10-17,588000.SH,236800,0.926,219276.80000000002,0.94975934235,0.25296731733284183
2024-10-18,510300.SH,59500,3.805,226397.5,3.2080250640701244,0.24376067122672898
2024-10-18,512880.SH,199400,1.169,233098.6,0.8282439504363722,0.25097570069462255
2024-10-18,512010.SH,591500,0.376,222404.0,0.3812884309211243,0.23946089653600164
2024-10-18,588000.SH,236800,1.041,246508.8,0.94975934235,0.265414373176804
2024-10-21,510300.SH,60800,3.805,231344.0,3.220933638358099,0.25019864172077283
2024-10-21,512880.SH,202100,1.137,229787.7,0.8325081121574102,0.24851550255956684
2024-10-21,588000.SH,220400,1.05,231420.0,0.94975934235,0.2502808357555037
2024-10-21,159915.SZ,107000,2.167,231868.99999999997,2.1637299242999997,0.25076642946069
2024-10-22,510300.SH,60800,3.829,232803.2,3.220933638358099,0.2514317234282707
2024-10-22,512880.SH,202100,1.146,231606.59999999998,0.8325081121574102,0.2501393734938442
2024-10-22,588000.SH,220400,1.037,228554.8,0.94975934235,0.24684337355244135
2024-10-22,159915.SZ,107000,2.175,232724.99999999997,2.1637299242999997,0.2513472659948157
2024-10-23,510300.SH,60800,3.844,233715.19999999998,3.220933638358099,0.2531805812041666
2024-10-23,512880.SH,202100,1.14,230393.99999999997,0.8325081121574102,0.24958276922490605
2024-10-23,588000.SH,220400,1.032,227452.80000000002,0.94975934235,0.2463966062135243
2024-10-23,159915.SZ,107000,2.162,231334.0,2.1637299242999997,0.25060105877702726
2024-10-24,510300.SH,60800,3.8,231040.0,3.220933638358099,0.2521813703169968
2024-10-24,512880.SH,202100,1.138,229989.8,0.8325081121574102,0.2510350715154606
2024-10-24,588000.SH,220400,1.029,226791.59999999998,0.94975934235,0.2475442194614967
2024-10-24,159915.SZ,107000,2.132,228124.0,2.1637299242999997,0.24899854104135463
2024-10-25,510300.SH,60800,3.829,232803.2,3.220933638358099,0.25029304993474033
2024-10-25,512880.SH,202100,1.147,231808.7,0.8325081121574102,0.24922383594558511
2024-10-25,588000.SH,220400,1.045,230317.99999999997,0.94975934235,0.24762114384540038
2024-10-25,159915.SZ,107000,2.196,234972.00000000003,2.1637299242999997,0.25262478578157777
2024-10-28,510300.SH,60600,3.835,232401.0,3.220933638358099,0.25024546988680085
2024-10-28,512880.SH,202300,1.149,232442.7,0.8328433221305617,0.25029037174218993
2024-10-28,588000.SH,223000,1.039,231696.99999999997,0.9508399598831391,0.2494874145823903
2024-10-28,159915.SZ,105700,2.188,231271.6,2.1637299242999997,0.24902935105043544
2024-10-29,510300.SH,60600,3.802,230401.2,3.220933638358099,0.2515276798539291
2024-10-29,512880.SH,202300,1.136,229812.8,0.8328433221305617,0.2508853269198903
2024-10-29,588000.SH,223000,1.028,229244.0,0.9508399598831391,0.2502643711943953
2024-10-29,159915.SZ,105700,2.135,225669.49999999997,2.1637299242999997,0.24636210987093923
2024-10-30,510300.SH,60600,3.76,227856.0,3.220933638358099,0.25153599160526763
2024-10-30,512880.SH,202300,1.133,229205.9,0.8328433221305617,0.25302618029930224
2024-10-30,588000.SH,223000,1.008,224784.0,0.9508399598831391,0.24814473323940772
2024-10-30,159915.SZ,105700,2.111,223132.7,2.1637299242999997,0.24632182147523307
2024-10-31,510300.SH,60600,3.76,227856.0,3.220933638358099,0.24864983036645485
2024-10-31,512880.SH,202300,1.166,235881.8,0.8328433221305617,0.2574080540189156
2024-10-31,588000.SH,223000,1.02,227460.0,0.9508399598831391,0.24821769194207666
2024-10-31,159915.SZ,105700,2.122,224295.4,2.1637299242999997,0.2447642948264524
2024-11-01,510300.SH,60600,3.768,228340.8,3.220933638358099,0.25272319629321544
2024-11-01,512880.SH,202300,1.153,233251.9,0.8328433221305617,0.2581587071143898
2024-11-01,588000.SH,223000,0.99,220770.0,0.9508399598831391,0.24434398077633598
2024-11-01,159915.SZ,105700,2.084,220278.80000000002,2.1637299242999997,0.24380033008395327
2024-11-04,512880.SH,194700,1.198,233250.59999999998,0.8328433221305617,0.2522354690376274
2024-11-04,588000.SH,229100,1.004,230016.4,0.9517844404362288,0.2487380291426754
2024-11-04,159915.SZ,108400,2.145,232518.0,2.1617413500785054,0.251443240830639
2024-11-04,516160.SH,105900,2.156,228320.40000000002,2.1317043195,0.2469039873203272
2024-11-05,512880.SH,194700,1.265,246295.49999999997,0.8328433221305617,0.2549509450895935
2024-11-05,588000.SH,229100,1.05,240555.0,0.9517844404362288,0.2490087094405995
2024-11-05,159915.SZ,108400,2.249,243791.6,2.1617413500785054,0.25235905172812395
2024-11-05,516160.SH,105900,2.217,234780.30000000002,2.1317043195,0.2430310719173444
2024-11-06,512880.SH,194700,1.257,244737.89999999997,0.8328433221305617,0.2543376330643351
2024-11-06,588000.SH,229100,1.053,241242.3,0.9517844404362288,0.2507049197406542
2024-11-06,159915.SZ,108400,2.223,240973.19999999998,2.1617413500785054,0.25042526441527296
2024-11-06,516160.SH,105900,2.216,234674.40000000002,2.1317043195,0.24387939684369692
2024-11-07,512880.SH,194700,1.364,265570.80000000005,0.8328433221305617,0.265154547888907
2024-11-07,588000.SH,229100,1.087,249031.69999999998,0.9517844404362288,0.24864137105248735
2024-11-07,159915.SZ,108400,2.306,249970.4,2.1617413500785054,0.24957859974669364
2024-11-07,516160.SH,105900,2.232,236368.80000000002,2.1317043195,0.23599831871216065
2024-11-08,512880.SH,194700,1.32,257004.0,0.8328433221305617,0.2599110933242391
2024-11-08,588000.SH,229100,1.081,247657.09999999998,0.9517844404362288,0.2504584661348089
2024-11-08,159915.SZ,108400,2.282,247368.80000000002,2.1617413500785054,0.2501669050376844
2024-11-08,516160.SH,105900,2.23,236157.0,2.1317043195,0.23882828308575874
2024-11-11,512880.SH,188200,1.321,248612.19999999998,0.8328433221305617,0.24476204126277726
2024-11-11,588000.SH,226200,1.13,255605.99999999997,0.9517844404362288,0.25164753105042087
2024-11-11,159915.SZ,108700,2.349,255336.30000000002,2.162034037244802,0.25138200778756986
2024-11-11,516160.SH,110700,2.306,255274.2,2.135192334553297,0.2513208695056898
2024-11-12,512880.SH,188200,1.289,242589.8,0.8328433221305617,0.24190204545242575
2024-11-12,588000.SH,226200,1.105,249951.0,0.9517844404362288,0.24924237607219787
2024-11-12,159915.SZ,108700,2.345,254901.50000000003,2.162034037244802,0.2541788411503349
2024-11-12,516160.SH,110700,2.299,254499.3,2.135192334553297,0.2537777814080004
2024-11-13,512880.SH,188200,1.286,242025.2,0.8328433221305617,0.239675205759068
2024-11-13,588000.SH,226200,1.116,252439.2,0.9517844404362288,0.24998808885047724
2024-11-13,159915.SZ,108700,2.372,257836.4,2.162034037244802,0.2553328836095471
2024-11-13,516160.SH,110700,2.318,256602.6,2.135192334553297,0.2541110634484005
2024-11-14,512880.SH,188200,1.265,238072.99999999997,0.8328433221305617,0.2428083425672876
2024-11-14,588000.SH,226200,1.08,244296.00000000003,0.9517844404362288,0.24915511988263306
2024-11-14,159915.SZ,108700,2.288,248705.59999999998,2.162034037244802,0.2536524281342395
2024-11-14,516160.SH,110700,2.245,248521.5,2.135192334553297,0.2534646663306472
2024-11-15,512880.SH,188200,1.215,228663.00000000003,0.8328433221305617,0.24212902721674684
2024-11-15,588000.SH,226200,1.04,235248.0,0.9517844404362288,0.2491018196852366
2024-11-15,159915.SZ,108700,2.204,239574.80000000002,2.162034037244802,0.25368342613211003
2024-11-15,516160.SH,110700,2.168,239997.6,2.135192334553297,0.2541311249408689
2024-11-18,512880.SH,194000,1.199,232606.0,0.8443125604379986,0.2507730219284174
2024-11-18,588000.SH,226700,1.02,231234.0,0.9520022074401189,0.24929386581857588
2024-11-18,159915.SZ,106900,2.149,229728.1,2.162034037244802,0.24767035183474914
2024-11-18,516160.SH,109100,2.138,233255.8,2.135192334553297,0.2514735726865624
2024-11-19,512880.SH,194000,1.225,237650.00000000003,0.8443125604379986,0.24873890064266915
2024-11-19,588000.SH,226700,1.052,238488.40000000002,0.9520022074401189,0.24961642092164585
2024-11-19,159915.SZ,106900,2.215,236783.49999999997,2.162034037244802,0.24783196919976197
2024-11-19,516160.SH,109100,2.216,241765.60000000003,2.135192334553297,0.2530465371648024
2024-11-20,512880.SH,194000,1.225,237650.00000000003,0.8443125604379986,0.2485098257703767
2024-11-20,588000.SH,226700,1.055,239168.5,0.9520022074401189,0.25009771624137317
2024-11-20,159915.SZ,106900,2.223,237638.69999999998,2.162034037244802,0.24849800939742817
2024-11-20,516160.SH,109100,2.21,241111.0,2.135192334553297,0.25212898212211776
2024-11-21,512880.SH,194000,1.237,239978.00000000003,0.8443125604379986,0.24983150033757526
2024-11-21,588000.SH,226700,1.064,241208.80000000002,0.9520022074401189,0.25111283700433423
2024-11-21,159915.SZ,106900,2.223,237638.69999999998,2.162034037244802,0.24739614864392126
2024-11-21,516160.SH,109100,2.209,241001.9,2.135192334553297,0.25089744168718076
2024-11-22,512880.SH,194000,1.178,228532.0,0.8443125604379986,0.24795349943595818
2024-11-22,588000.SH,226700,1.022,231687.4,0.9520022074401189,0.2513770570651752
2024-11-22,159915.SZ,106900,2.136,228338.40000000002,2.162034037244802,0.24774344658781966
2024-11-22,516160.SH,109100,2.13,232383.0,2.135192334553297,0.2521317717406152
2024-11-25,512880.SH,195600,1.167,228265.2,0.8470643063648862,0.24857771817334334
2024-11-25,588000.SH,225500,1.008,227304.0,0.9520022074401189,0.24753098436237161
2024-11-25,159915.SZ,107600,2.132,229403.2,2.1619441225043623,0.24981698479515543
2024-11-25,516160.SH,108000,2.152,232416.00000000003,2.135192334553297,0.2530978832821462
2024-11-26,512880.SH,195600,1.167,228265.2,0.8470643063648862,0.2508030545753808
2024-11-26,588000.SH,225500,1.002,225951.0,0.9520022074401189,0.24826036112540095
2024-11-26,159915.SZ,107600,2.109,226928.4,2.1619441225043623,0.24933426509999707
2024-11-26,516160.SH,108000,2.112,228096.0,2.135192334553297,0.25061714854662936
2024-11-27,512880.SH,195600,1.196,233937.59999999998,0.8470643063648862,0.25036632785459656
2024-11-27,588000.SH,225500,1.038,234069.0,0.9520022074401189,0.250506955677914
2024-11-27,159915.SZ,107600,2.165,232954.0,2.1619441225043623,0.24931365261095134
2024-11-27,516160.SH,108000,2.153,232524.0,2.135192334553297,0.24885345501562045
2024-11-28,512880.SH,195600,1.184,231590.4,0.8470643063648862,0.25031202738952035
2024-11-28,588000.SH,225500,1.034,233167.0,0.9520022074401189,0.25201607877672083
2024-11-28,159915.SZ,107600,2.128,228972.80000000002,2.1619441225043623,0.247482822194077
2024-11-28,516160.SH,108000,2.135,230579.99999999997,2.135192334553297,0.24921994726670707
2024-11-29,512880.SH,195600,1.216,237849.6,0.8470643063648862,0.2515551708052764
2024-11-29,588000.SH,225500,1.06,239030.0,0.9520022074401189,0.25280358881236387
2024-11-29,159915.SZ,107600,2.179,234460.4,2.1619441225043623,0.24797067545656343
2024-11-29,516160.SH,108000,2.16,233280.00000000003,2.135192334553297,0.246722257449476
2024-12-02,512880.SH,194900,1.23,239727.0,0.8470643063648862,0.25096316275154473
2024-12-02,588000.SH,222100,1.068,237202.80000000002,0.9520022074401189,0.2483206518311334
2024-12-02,159915.SZ,108400,2.211,239672.4,2.1620724758438135,0.2509060036134992
2024-12-02,516160.SH,109400,2.176,238054.40000000002,2.1354668969995987,0.24921216688533762
2024-12-03,512880.SH,194900,1.229,239532.1,0.8470643063648862,0.2518840291996016
2024-12-03,588000.SH,222100,1.057,234759.69999999998,0.9520022074401189,0.24686553129910233
2024-12-03,159915.SZ,108400,2.198,238263.19999999998,2.1620724758438135,0.2505496959530289
2024-12-03,516160.SH,109400,2.174,237835.6,2.1354668969995987,0.25010004594417523
2024-12-04,512880.SH,194900,1.214,236608.6,0.8470643063648862,0.25210675149536244
2024-12-04,588000.SH,222100,1.05,233205.0,0.9520022074401189,0.24848021154969008
2024-12-04,159915.SZ,108400,2.17,235228.0,2.1620724758438135,0.25063572051375616
2024-12-04,516160.SH,109400,2.129,232912.6,2.1354668969995987,0.24816865899353935
2024-12-05,512880.SH,194900,1.228,239337.19999999998,0.8470643063648862,0.2539198848811448
2024-12-05,588000.SH,222100,1.053,233871.3,0.9520022074401189,0.24812095057936537
2024-12-05,159915.SZ,108400,2.177,235986.80000000002,2.1620724758438135,0.25036534683897765
2024-12-05,516160.SH,109400,2.128,232803.2,2.1354668969995987,0.246987771829712
2024-12-06,512880.SH,194900,1.244,242455.6,0.8470643063648862,0.25353531100471616
2024-12-06,588000.SH,222100,1.067,236980.69999999998,0.9520022074401189,0.24781021958913438
2024-12-06,159915.SZ,108400,2.224,241081.60000000003,2.1620724758438135,0.25209852209441475
2024-12-06,516160.SH,109400,2.15,235210.0,2.1354668969995987,0.24595860232314407
2024-12-09,512880.SH,192200,1.232,236790.4,0.8470643063648862,0.24995209536710886
2024-12-09,588000.SH,223800,1.054,235885.2,0.9528869326293583,0.2489965809681877
2024-12-09,159915.SZ,107400,2.206,236924.4,2.1620724758438135,0.2500935435878948
2024-12-09,516160.SH,111100,2.134,237087.4,2.13567418345415,0.2502656037370598
2024-12-10,512880.SH,192200,1.244,239096.8,0.8470643063648862,0.250874734445666
2024-12-10,588000.SH,223800,1.063,237899.4,0.9528869326293583,0.2496183503910687
2024-12-10,159915.SZ,107400,2.221,238535.40000000002,2.1620724758438135,0.2502856798204356
2024-12-10,516160.SH,111100,2.132,236865.2,2.13567418345415,0.2485332055862712
2024-12-11,512880.SH,192200,1.241,238520.2,0.8470643063648862,0.2510349107330317
2024-12-11,588000.SH,223800,1.059,237004.19999999998,0.9528869326293583,0.24943936903605476
2024-12-11,159915.SZ,107400,2.218,238213.19999999998,2.1620724758438135,0.25071180301471246
2024-12-11,516160.SH,111100,2.122,235754.19999999998,2.13567418345415,0.24812378386374528
2024-12-12,512880.SH,192200,1.259,241979.8,0.8470643063648862,0.25213474665726204
2024-12-12,588000.SH,223800,1.063,237899.4,0.9528869326293583,0.24788310821363868
2024-12-12,159915.SZ,107400,2.248,241435.2,2.1620724758438135,0.25156729192331506
2024-12-12,516160.SH,111100,2.14,237754.0,2.13567418345415,0.2477316063437968
2024-12-13,512880.SH,192200,1.219,234291.80000000002,0.8470643063648862,0.25034536461292367
2024-12-13,588000.SH,223800,1.042,233199.6,0.9528869326293583,0.24917832757948827
2024-12-13,159915.SZ,107400,2.193,235528.2,2.1620724758438135,0.2516664821629507
2024-12-13,516160.SH,111100,2.09,232198.99999999997,2.13567418345415,0.2481091669352331
2024-12-16,512880.SH,191700,1.201,230231.7,0.8470643063648862,0.2499960081614601
2024-12-16,588000.SH,224600,1.025,230214.99999999997,0.9532213335817026,0.2499778745450367
2024-12-16,159915.SZ,106600,2.158,230042.8,2.1620724758438135,0.24979089198527016
2024-12-16,516160.SH,111700,2.055,229543.50000000003,2.1354792191741816,0.24924872942957083
2024-12-17,512880.SH,191700,1.203,230615.1,0.8470643063648862,0.25073704770968197
2024-12-17,588000.SH,224600,1.019,228867.39999999997,0.9532213335817026,0.24883685497172933
2024-12-17,159915.SZ,106600,2.159,230149.39999999997,2.1620724758438135,0.25023071380908996
2024-12-17,516160.SH,111700,2.052,229208.4,2.1354792191741816,0.2492076083754267
2024-12-18,512880.SH,191700,1.202,230423.4,0.8470643063648862,0.2499373308368033
2024-12-18,588000.SH,224600,1.033,232011.8,0.9532213335817026,0.25166024811126925
2024-12-18,159915.SZ,106600,2.158,230042.8,2.1620724758438135,0.24952449885829553
2024-12-18,516160.SH,111700,2.046,228538.19999999998,2.1354792191741816,0.24789247837783626
2024-12-19,512880.SH,191700,1.198,229656.59999999998,0.8470643063648862,0.24860346430279026
2024-12-19,588000.SH,224600,1.045,234706.99999999997,0.9532213335817026,0.25407052658671686
2024-12-19,159915.SZ,106600,2.171,231428.59999999998,2.1620724758438135,0.2505216558058629
2024-12-19,516160.SH,111700,2.033,227086.09999999998,2.1354792191741816,0.2458208958724019
2024-12-20,512880.SH,191700,1.203,230615.1,0.8470643063648862,0.2485026152031543
2024-12-20,588000.SH,224600,1.065,239199.0,0.9532213335817026,0.25775232000844395
2024-12-20,159915.SZ,106600,2.169,231215.4,2.1620724758438135,0.2491494770951399
2024-12-20,516160.SH,111700,2.024,226080.8,2.1354792191741816,0.2436166150751676
2024-12-23,512880.SH,193300,1.188,229640.4,0.8500247714958545,0.24940905920482886
2024-12-23,588000.SH,217900,1.065,232063.5,0.9532213335817026,0.2520407524581032
2024-12-23,159915.SZ,107300,2.147,230373.09999999998,2.1621321805680385,0.25020483389290366
2024-12-23,510500.SH,39600,5.762,228175.19999999998,5.861686478549999,0.24781772704573612
2024-12-24,512880.SH,193300,1.209,233699.7,0.8500247714958545,0.2513120488223244
2024-12-24,588000.SH,217900,1.065,232063.5,0.9532213335817026,0.24955253961335627
2024-12-24,159915.SZ,107300,2.17,232841.0,2.1621321805680385,0.25038863447338117
2024-12-24,510500.SH,39600,5.829,230828.4,5.861686478549999,0.24822435856947622
2024-12-25,512880.SH,193300,1.201,232153.30000000002,0.8500247714958545,0.2510064424362713
2024-12-25,588000.SH,217900,1.065,232063.5,0.9532213335817026,0.2509093497887372
2024-12-25,159915.SZ,107300,2.156,231338.80000000002,2.1621321805680385,0.2501257969861987
2024-12-25,510500.SH,39600,5.779,228848.4,5.861686478549999,0.24743315189244686
2024-12-26,512880.SH,193300,1.204,232733.19999999998,0.8500247714958545,0.2507023656115162
2024-12-26,588000.SH,217900,1.065,232063.5,0.9532213335817026,0.24998095854862173
2024-12-26,159915.SZ,107300,2.166,232411.8,2.1621321805680385,0.25035615054504723
2024-12-26,510500.SH,39600,5.824,230630.4,5.861686478549999,0.2484372099121665
2024-12-27,512880.SH,193300,1.213,234472.90000000002,0.8500247714958545,0.2520409326708149
2024-12-27,588000.SH,217900,1.065,232063.5,0.9532213335817026,0.24945100682788351
2024-12-27,159915.SZ,107300,2.163,232089.9,2.1621321805680385,0.24947938486484433
2024-12-27,510500.SH,39600,5.838,231184.80000000002,5.861686478549999,0.24850646966585824
2024-12-30,512880.SH,191900,1.225,235077.50000000003,0.8500247714958545,0.2520358175001749
2024-12-30,588000.SH,217900,1.065,232063.5,0.9532213335817026,0.2488043897627456
2024-12-30,159915.SZ,107500,2.165,232737.5,2.162173011860005,0.24952701162572746
2024-12-30,510500.SH,39700,5.836,231689.2,5.861752551651889,0.2484030880367603
2024-12-31,512880.SH,191900,1.17,224523.0,0.8500247714958545,0.247184626317397
2024-12-31,588000.SH,217900,1.065,232063.5,0.9532213335817026,0.25548620644391556
2024-12-31,159915.SZ,107500,2.102,225965.0,2.162173011860005,0.2487721707166331
2024-12-31,510500.SH,39700,5.658,224622.6,5.861752551651889,0.2472942791760405
2025-01-02,512880.SH,191900,1.106,212241.40000000002,0.8500247714958545,0.24112609978790941
2025-01-02,588000.SH,217900,1.065,232063.5,0.9532213335817026,0.2636458610720223
2025-01-02,159915.SZ,107500,2.019,217042.5,2.162173011860005,0.24658059885214348
2025-01-02,510500.SH,39700,5.484,217714.8,5.861752551651889,0.24734439459080432
2025-01-03,512880.SH,191900,1.076,206484.40000000002,0.8500247714958545,0.23856718931559434
2025-01-03,588000.SH,217900,1.065,232063.5,0.9532213335817026,0.26812067612729784
2025-01-03,159915.SZ,107500,1.978,212635.0,2.162173011860005,0.24567344700191102
2025-01-03,510500.SH,39700,5.37,213189.0,5.861752551651889,0.24631352549152497
2025-01-06,512880.SH,201900,1.077,217446.3,0.8609217367511366,0.25137790917343056
2025-01-06,588000.SH,202600,1.065,215769.0,0.9532213335817026,0.24943887334225479
2025-01-06,159915.SZ,109100,1.976,215581.6,2.1595323664065127,0.2492222303357787
2025-01-06,510500.SH,40200,5.357,215351.4,5.855694447775621,0.24895610856368267
2025-01-07,512880.SH,201900,1.089,219869.1,0.8609217367511366,0.25234622650565675
2025-01-07,588000.SH,202600,1.065,215769.0,0.9532213335817026,0.247640495853665
2025-01-07,159915.SZ,109100,1.99,217109.0,2.1595323664065127,0.24917842884887703
2025-01-07,510500.SH,40200,5.415,217683.0,5.855694447775621,0.24983721507219922
2025-01-08,512880.SH,201900,1.077,217446.3,0.8609217367511366,0.25122276411017536
2025-01-08,588000.SH,202600,1.065,215769.0,0.9532213335817026,0.24928492501039765
2025-01-08,159915.SZ,109100,1.968,214708.8,2.1595323664065127,0.24806004155866906
2025-01-08,510500.SH,40200,5.392,216758.40000000002,5.855694447775621,0.2504280109254517
2025-01-09,512880.SH,201900,1.073,216638.69999999998,0.8609217367511366,0.25047524054204845
2025-01-09,588000.SH,202600,1.065,215769.0,0.9532213335817026,0.24946970313483816
2025-01-09,159915.SZ,109100,1.971,215036.1,2.1595323664065127,0.24862233235670264
2025-01-09,510500.SH,40200,5.388,216597.6,5.855694447775621,0.2504277211819975
2025-01-10,512880.SH,201900,1.054,212802.6,0.8609217367511366,0.24913149303680235
2025-01-10,588000.SH,202600,1.065,215769.0,0.9532213335817026,0.2526043061553656
2025-01-10,159915.SZ,109100,1.938,211435.8,2.1595323664065127,0.24753135786607272
2025-01-10,510500.SH,40200,5.306,213301.2,5.855694447775621,0.24971521223209484
2025-01-13,512880.SH,203300,1.057,214888.09999999998,0.8621900017218617,0.2511493181461578
2025-01-13,588000.SH,198700,1.065,211615.5,0.9532213335817026,0.2473244843905189
2025-01-13,159915.SZ,110400,1.942,214396.8,2.1567212552078856,0.25057511389750375
2025-01-13,510500.SH,40200,5.315,213663.00000000003,5.855694447775621,0.24971748907018365
2025-01-14,512880.SH,203300,1.103,224239.9,0.8621900017218617,0.2539909562299452
2025-01-14,588000.SH,198700,1.065,211615.5,0.9532213335817026,0.23969161241187664
2025-01-14,159915.SZ,110400,2.036,224774.4,2.1567212552078856,0.2545963710829884
2025-01-14,510500.SH,40200,5.502,221180.4,5.855694447775621,0.2505255366922737
2025-01-15,512880.SH,203300,1.09,221597.00000000003,0.8621900017218617,0.25344807659179364
2025-01-15,588000.SH,198700,1.065,211615.5,0.9532213335817026,0.24203189326575136
2025-01-15,159915.SZ,110400,1.999,220689.6,2.1567212552078856,0.2524102521415556
2025-01-15,510500.SH,40200,5.457,219371.4,5.855694447775621,0.25090258166513535
2025-01-16,512880.SH,203300,1.092,222003.6,0.8621900017218617,0.2532340466914827
2025-01-16,588000.SH,198700,1.065,211615.5,0.9532213335817026,0.24138459650042368
2025-01-16,159915.SZ,110400,2.01,221903.99999999997,2.1567212552078856,0.2531204354209876
2025-01-16,510500.SH,40200,5.475,220095.0,5.855694447775621,0.25105695361049046
2025-01-17,512880.SH,203300,1.094,222410.2,0.8621900017218617,0.25256224606870176
2025-01-17,588000.SH,198700,1.065,211615.5,0.9532213335817026,0.24030411367352467
2025-01-17,159915.SZ,110400,2.026,223670.39999999997,2.1567212552078856,0.25399329078920363
2025-01-17,510500.SH,40200,5.519,221863.80000000002,5.855694447775621,0.2519417708780318
2025-01-20,512880.SH,200200,1.099,220019.8,0.8621900017218617,0.24814566324754403
2025-01-20,588000.SH,208000,1.065,221520.0,0.958266977080213,0.24983763880612542
2025-01-20,159915.SZ,108200,2.062,223108.4,2.1567212552078856,0.25162908926423144
2025-01-20,510500.SH,39900,5.546,221285.40000000002,5.855694447775621,0.2495730491073898
2025-01-21,512880.SH,200200,1.103,220820.6,0.8621900017218617,0.248358536400415
2025-01-21,588000.SH,208000,1.065,221520.0,0.958266977080213,0.2491451566720674
2025-01-21,159915.SZ,108200,2.07,223973.99999999997,2.1567212552078856,0.251905188337259
2025-01-21,510500.SH,39900,5.566,222083.4,5.855694447775621,0.24977881675363586
2025-01-22,512880.SH,200200,1.097,219619.4,0.8621900017218617,0.24790794393684815
2025-01-22,588000.SH,208000,1.065,221520.0,0.958266977080213,0.2500533547623325
2025-01-22,159915.SZ,108200,2.059,222783.80000000002,2.1567212552078856,0.251479941209374
2025-01-22,510500.SH,39900,5.545,221245.5,5.855694447775621,0.24974349720598427
2025-01-23,512880.SH,200200,1.101,220420.19999999998,0.8621900017218617,0.24905769172270173
2025-01-23,588000.SH,208000,1.065,221520.0,0.958266977080213,0.2503003802301826
2025-01-23,159915.SZ,108200,2.052,222026.4,2.1567212552078856,0.25087257286537834
2025-01-23,510500.SH,39900,5.522,220327.80000000002,5.855694447775621,0.2489532869053793
2025-01-24,512880.SH,200200,1.114,223022.80000000002,0.8621900017218617,0.24952348292520518
2025-01-24,588000.SH,208000,1.065,221520.0,0.958266977080213,0.24784211272386253
2025-01-24,159915.SZ,108200,2.084,225488.80000000002,2.1567212552078856,0.252282505360999
2025-01-24,510500.SH,39900,5.59,223041.0,5.855694447775621,0.2495438455401003
2025-01-27,512880.SH,200000,1.086,217200.00000000003,0.8621900017218617,0.2469574000677406
2025-01-27,588000.SH,210000,1.065,223650.0,0.9593123630127823,0.25429107976588483
2025-01-27,159915.SZ,107200,2.028,217401.6,2.1567212552078856,0.24718662019598026
2025-01-27,510500.SH,39900,5.523,220367.69999999998,5.855694447775621,0.2505590895529827
2025-02-05,512880.SH,201900,1.086,219263.40000000002,0.8644108003683622,0.24917950854568743
2025-02-05,588000.SH,207600,1.065,221094.0,0.9593123630127823,0.2512598740254881
2025-02-05,159915.SZ,108200,2.024,218996.8,2.1557258785423783,0.24887653387240274
2025-02-05,510500.SH,39600,5.546,219621.6,5.855694447775621,0.24958658104370152
2025-02-06,512880.SH,201900,1.104,222897.6,0.8644108003683622,0.2490859658963255
2025-02-06,588000.SH,207600,1.065,221094.0,0.9593123630127823,0.24707045990572438
2025-02-06,159915.SZ,108200,2.08,225056.0,2.1557258785423783,0.25149795754087717
2025-02-06,510500.SH,39600,5.678,224848.8,5.855694447775621,0.2512664134949399
2025-02-07,512880.SH,201900,1.128,227743.19999999998,0.8644108003683622,0.250589566541693
2025-02-07,588000.SH,207600,1.065,221094.0,0.9593123630127823,0.24327334306784607
2025-02-07,159915.SZ,108200,2.131,230574.19999999998,2.1557258785423783,0.25370456212829906
2025-02-07,510500.SH,39600,5.769,228452.4,5.855694447775621,0.2513699108970519
2025-02-10,512880.SH,201600,1.13,227807.99999999997,0.8644108003683622,0.24967982264271363
2025-02-10,588000.SH,213500,1.065,227377.5,0.9622711396321013,0.24920799038200425
2025-02-10,159915.SZ,106200,2.142,227480.4,2.1557258785423783,0.24932076980041773
2025-02-10,510500.SH,39300,5.82,228726.0,5.855694447775621,0.25068595972826824
2025-02-11,512880.SH,201600,1.12,225792.00000000003,0.8644108003683622,0.2491083359927793
2025-02-11,588000.SH,213500,1.065,227377.5,0.9622711396321013,0.25085756212442495
2025-02-11,159915.SZ,106200,2.113,224400.6,2.1557258785423783,0.24757325353325743
2025-02-11,510500.SH,39300,5.797,227822.09999999998,5.855694447775621,0.25134807359596684
2025-02-12,512880.SH,201600,1.139,229622.4,0.8644108003683622,0.25035512944709243
2025-02-12,588000.SH,213500,1.065,227377.5,0.9622711396321013,0.24790753622406292
2025-02-12,159915.SZ,106200,2.15,228330.0,2.1557258785423783,0.24894603795907813
2025-02-12,510500.SH,39300,5.874,230848.19999999998,5.855694447775621,0.25169160758544584
2025-02-13,512880.SH,201600,1.131,228009.6,0.8644108003683622,0.24978013154656278
2025-02-13,588000.SH,213500,1.065,227377.5,0.9622711396321013,0.24908767815358904
2025-02-13,159915.SZ,106200,2.135,226736.99999999997,2.1557258785423783,0.24838602272217045
2025-02-13,510500.SH,39300,5.845,229708.5,5.855694447775621,0.25164124382203035
2025-02-14,512880.SH,201600,1.133,228412.8,0.8644108003683622,0.24849247823942464
2025-02-14,588000.SH,213500,1.065,227377.5,0.9622711396321013,0.24736616542892859
2025-02-14,159915.SZ,106200,2.174,230878.8,2.1557258785423783,0.25117526331687395
2025-02-14,510500.SH,39300,5.891,231516.3,5.855694447775621,0.25186880568786907
2025-02-17,512880.SH,201800,1.139,229850.2,0.8647142311905937,0.24959356470699307
2025-02-17,588000.SH,217000,1.065,231105.0,0.9639596869191411,0.25095614783719844
2025-02-17,159915.SZ,105100,2.182,229328.19999999998,2.1557258785423783,0.24902672664995826
2025-02-17,510500.SH,39100,5.882,229986.19999999998,5.855694447775621,0.24974124665288713
2025-02-18,512880.SH,201800,1.108,223594.40000000002,0.8647142311905937,0.24670635955946332
2025-02-18,588000.SH,217000,1.065,231105.0,0.9639596869191411,0.2549932969072113
2025-02-18,159915.SZ,105100,2.14,224914.0,2.1557258785423783,0.24816236074766243
2025-02-18,510500.SH,39100,5.782,226076.2,5.855694447775621,0.24944469219728732
2025-02-19,512880.SH,201800,1.122,226419.60000000003,0.8647142311905937,0.24677645057138411
2025-02-19,588000.SH,217000,1.065,231105.0,0.9639596869191411,0.25188310380064144
2025-02-19,159915.SZ,105100,2.185,229643.5,2.1557258785423783,0.25029020379326544
2025-02-19,510500.SH,39100,5.875,229712.5,5.855694447775621,0.2503654074200249
2025-02-20,512880.SH,201800,1.119,225814.2,0.8647142311905937,0.2461498872891652
2025-02-20,588000.SH,217000,1.065,231105.0,0.9639596869191411,0.2519171500373427
2025-02-20,159915.SZ,105100,2.184,229538.40000000002,2.1557258785423783,0.2502094699471305
2025-02-20,510500.SH,39100,5.89,230299.0,5.855694447775621,0.25103856574479133
2025-02-21,512880.SH,201800,1.141,230253.8,0.8647142311905937,0.24716130355353283
2025-02-21,588000.SH,217000,1.065,231105.0,0.9639596869191411,0.24807500704761096
2025-02-21,159915.SZ,105100,2.239,235318.9,2.1557258785423783,0.2525983331210318
2025-02-21,510500.SH,39100,5.992,234287.2,5.855694447775621,0.2514908755378077
2025-02-24,588000.SH,218200,1.065,232383.0,0.9645412055978626,0.2504285568991101
2025-02-24,159915.SZ,104100,2.221,231206.1,2.1557258785423783,0.24916026546378756
2025-02-24,510500.SH,38800,5.974,231791.2,5.855694447775621,0.24979080103928863
2025-02-24,510300.SH,60200,3.851,231830.2,3.8620877788499994,0.24983282955995956
2025-02-25,588000.SH,218200,1.065,232383.0,0.9645412055978626,0.25244470567811367
2025-02-25,159915.SZ,104100,2.197,228707.7,2.1557258785423783,0.24845211574348522
2025-02-25,510500.SH,38800,5.911,229346.8,5.855694447775621,0.24914638947004386
2025-02-25,510300.SH,60200,3.81,229362.0,3.8620877788499994,0.24916290169136085
2025-02-26,588000.SH,218200,1.065,232383.0,0.9645412055978626,0.2504081020123783
2025-02-26,159915.SZ,104100,2.223,231414.3,2.1557258785423783,0.24936426348538018
2025-02-26,510500.SH,38800,5.983,232140.4,5.855694447775621,0.2501466844149284
2025-02-26,510300.SH,60200,3.843,231348.6,3.8620877788499994,0.24929346737593067
2025-02-27,588000.SH,218200,1.065,232383.0,0.9645412055978626,0.2506737086034152
2025-02-27,159915.SZ,104100,2.212,230269.2,2.1557258785423783,0.24839353283648777
2025-02-27,510500.SH,38800,5.967,231519.59999999998,5.855694447775621,0.2497423509739492
2025-02-27,510300.SH,60200,3.856,232131.19999999998,3.8620877788499994,0.25040208959588733
2025-02-28,588000.SH,218200,1.065,232383.0,0.9645412055978626,0.25603861294107383
2025-02-28,159915.SZ,104100,2.128,221524.80000000002,2.1557258785423783,0.24407509380655554
2025-02-28,510500.SH,38800,5.805,225234.0,5.855694447775621,0.2481618747807276
2025-02-28,510300.SH,60200,3.783,227736.6,3.8620877788499994,0.2509192289449579
2025-03-03,588000.SH,213000,1.065,226845.0,0.9645412055978626,0.24929464763396156
2025-03-03,159915.SZ,106300,2.154,228970.19999999998,2.155324649635575,0.2516301674168604
2025-03-03,510500.SH,39000,5.815,226785.00000000003,5.8555775659921565,0.24922870975189218
2025-03-03,510300.SH,59900,3.77,225823.0,3.8620877788499994,0.2481715057093791
2025-03-04,588000.SH,213000,1.065,226845.0,0.9645412055978626,0.248950774733779
2025-03-04,159915.SZ,106300,2.149,228438.7,2.155324649635575,0.2506997788982667
2025-03-04,510500.SH,39000,5.867,228813.0,5.8555775659921565,0.2511105539869081
2025-03-04,510300.SH,59900,3.766,225583.4,3.8620877788499994,0.24756623331825678
2025-03-05,588000.SH,213000,1.065,226845.0,0.9645412055978626,0.24851350536180877
2025-03-05,159915.SZ,106300,2.149,228438.7,2.155324649635575,0.2502594374894515
2025-03-05,510500.SH,39000,5.882,229398.0,5.8555775659921565,0.25131037097131614
2025-03-05,510300.SH,59900,3.783,226601.69999999998,3.8620877788499994,0.24824696505519175
2025-03-06,588000.SH,213000,1.065,226845.0,0.9645412055978626,0.24543109584932943
2025-03-06,159915.SZ,106300,2.191,232903.3,2.155324649635575,0.25198577066245725
2025-03-06,510500.SH,39000,5.977,233103.0,5.8555775659921565,0.2522018326864874
2025-03-06,510300.SH,59900,3.838,229896.2,3.8620877788499994,0.2487322898789773
2025-03-07,588000.SH,213000,1.065,226845.0,0.9645412055978626,0.24674140419335455
2025-03-07,159915.SZ,106300,2.16,229608.00000000003,2.155324649635575,0.24974674484351764
2025-03-07,510500.SH,39000,5.951,232088.99999999997,5.8555775659921565,0.252445351485955
2025-03-07,510300.SH,59900,3.828,229297.19999999998,3.8620877788499994,0.249408684809471
2025-03-10,588000.SH,215700,1.065,229720.5,0.9658285328805968,0.25023910820068496
2025-03-10,159915.SZ,106000,2.159,228853.99999999997,2.155324649635575,0.2492952125219976
2025-03-10,510500.SH,38600,5.944,229438.4,5.8555775659921565,0.24993181106166856
2025-03-10,510300.SH,60000,3.812,228720.0,3.862114154218583,0.24914924365766514
2025-03-11,588000.SH,215700,1.065,229720.5,0.9658285328805968,0.24972822849017298
2025-03-11,159915.SZ,106000,2.159,228853.99999999997,2.155324649635575,0.24878625983701952
2025-03-11,510500.SH,38600,5.974,230596.4,5.8555775659921565,0.2506804158453918
2025-03-11,510300.SH,60000,3.824,229440.0,3.862114154218583,0.24942329807215852
2025-03-12,588000.SH,215700,1.065,229720.5,0.9658285328805968,0.25013763668549754
2025-03-12,159915.SZ,106000,2.149,227794.0,2.155324649635575,0.24803991289909358
2025-03-12,510500.SH,38600,5.978,230750.8,5.8555775659921565,0.25125950785971607
2025-03-12,510300.SH,60000,3.814,228840.0,3.862114154218583,0.2491788794605151
2025-03-13,588000.SH,215700,1.065,229720.5,0.9658285328805968,0.2517033132003589
2025-03-13,159915.SZ,106000,2.125,225250.0,2.155324649635575,0.2468050143473518
2025-03-13,510500.SH,38600,5.927,228782.19999999998,5.8555775659921565,0.25067522376656476
2025-03-13,510300.SH,60000,3.794,227640.0,3.862114154218583,0.2494237223797166
2025-03-14,588000.SH,215700,1.065,229720.5,0.9658285328805968,0.24717150240678004
2025-03-14,159915.SZ,106000,2.186,231716.0,2.155324649635575,0.24931859303670958
2025-03-14,510500.SH,38600,6.036,232989.59999999998,5.8555775659921565,0.2506889436387032
2025-03-14,510300.SH,60000,3.895,233700.0,3.862114154218583,0.2514533100548906
2025-03-17,588000.SH,218300,1.065,232489.5,0.96703893285545,0.2506992382181338
2025-03-17,159915.SZ,106200,2.173,230772.6,2.1554353263782575,0.2488478620394388
2025-03-17,510500.SH,38400,6.038,231859.2,5.8555775659921565,0.2500195699757018
2025-03-17,510300.SH,59500,3.883,231038.5,3.862114154218583,0.24913458865480076
2025-03-18,588000.SH,218300,1.065,232489.5,0.96703893285545,0.24994234778530394
2025-03-18,159915.SZ,106200,2.185,232047.0,2.1554353263782575,0.24946662957482563
2025-03-18,510500.SH,38400,6.064,232857.6,5.8555775659921565,0.2503380808322578
2025-03-18,510300.SH,59500,3.892,231574.0,3.862114154218583,0.2489581217475799
2025-03-19,588000.SH,218300,1.065,232489.5,0.96703893285545,0.25029430933489955
2025-03-19,159915.SZ,106200,2.178,231303.6,2.1554353263782575,0.24901758921876416
2025-03-19,510500.SH,38400,6.04,231936.0,5.8555775659921565,0.24969842048737367
2025-03-19,510300.SH,59500,3.898,231931.0,3.862114154218583,0.24969303757095518
2025-03-20,588000.SH,218300,1.065,232489.5,0.96703893285545,0.2518398119033458
2025-03-20,159915.SZ,106200,2.158,229179.6,2.1554353263782575,0.2482544259249731
2025-03-20,510500.SH,38400,5.998,230323.2,5.8555775659921565,0.24949320878997416
2025-03-20,510300.SH,59500,3.865,229967.5,3.862114154218583,0.2491079035564302
2025-03-21,588000.SH,218300,1.065,232489.5,0.96703893285545,0.2552531813815013
2025-03-21,159915.SZ,106200,2.112,224294.40000000002,2.1554353263782575,0.24625567677703733
2025-03-21,510500.SH,38400,5.906,226790.4,5.8555775659921565,0.2489960669483277
2025-03-21,510300.SH,59500,3.799,226040.5,3.862114154218583,0.24817274219293883
2025-03-24,588000.SH,213600,1.065,227484.0,0.96703893285545,0.24955839859234097
2025-03-24,159915.SZ,107800,2.112,227673.6,2.1548230024245916,0.24976639683561572
2025-03-24,510500.SH,38500,5.899,227111.5,5.8558512710155535,0.2491497522546836
2025-03-24,510300.SH,59900,3.816,228578.4,3.8617821665443355,0.25075899604719254
2025-03-25,588000.SH,213600,1.065,227484.0,0.96703893285545,0.24994359110599457
2025-03-25,159915.SZ,107800,2.105,226919.0,2.1548230024245916,0.24932280841809173
2025-03-25,510500.SH,38500,5.879,226341.49999999997,5.8558512710155535,0.24868829159992553
2025-03-25,510300.SH,59900,3.818,228698.2,3.8617821665443355,0.2512776695832541
2025-03-26,588000.SH,213600,1.065,227484.0,0.96703893285545,0.25041490330879423
2025-03-26,159915.SZ,107800,2.098,226164.4,2.1548230024245916,0.24896228463492578
2025-03-26,510500.SH,38500,5.879,226341.49999999997,5.8558512710155535,0.24915723671672488
2025-03-26,510300.SH,59900,3.802,227739.8,3.8617821665443355,0.2506964885291455
2025-03-27,588000.SH,213600,1.065,227484.0,0.96703893285545,0.2498771231328299
2025-03-27,159915.SZ,107800,2.103,226703.40000000002,2.1548230024245916,0.2490196822476798
2025-03-27,510500.SH,38500,5.894,226919.0,5.8558512710155535,0.2492565055308445
2025-03-27,510300.SH,59900,3.816,228578.4,3.8617821665443355,0.2510792539356845
2025-03-28,588000.SH,213600,1.065,227484.0,0.96703893285545,0.2511064195110228
2025-03-28,159915.SZ,107800,2.089,225194.19999999998,2.1548230024245916,0.24857884183788384
2025-03-28,510500.SH,38500,5.847,225109.50000000003,5.8558512710155535,0.24848534641080952
2025-03-28,510300.SH,59900,3.797,227440.30000000002,3.8617821665443355,0.2510581816106314
2025-03-31,588000.SH,211900,1.065,225673.5,0.96703893285545,0.2512236896093452
2025-03-31,510500.SH,38700,5.792,224150.4,5.855805060312631,0.24952814803426443
2025-03-31,510300.SH,59500,3.773,224493.5,3.8617821665443355,0.2499100929587016
2025-03-31,512660.SH,218500,1.021,223088.49999999997,1.0338265549499999,0.24834602237043518
2025-04-01,588000.SH,211900,1.065,225673.5,0.96703893285545,0.2500605410037336
2025-04-01,510500.SH,38700,5.824,225388.8,5.855805060312631,0.24974507535967808
2025-04-01,510300.SH,59500,3.771,224374.5,3.8617821665443355,0.24862116667416523
2025-04-01,512660.SH,218500,1.035,226147.49999999997,1.0338265549499999,0.2505857630454698
2025-04-02,588000.SH,211900,1.065,225673.5,0.96703893285545,0.25076342011859365
2025-04-02,510500.SH,38700,5.831,225659.7,5.855805060312631,0.25074808586269903
2025-04-02,510300.SH,59500,3.768,224196.0,3.8617821665443355,0.2491216546777013
2025-04-02,512660.SH,218500,1.023,223525.49999999997,1.0338265549499999,0.24837660985325571
2025-04-03,588000.SH,211900,1.065,225673.5,0.96703893285545,0.2518321481281839
2025-04-03,510500.SH,38700,5.78,223686.0,5.855805060312631,0.2496142696692387
2025-04-03,510300.SH,59500,3.748,223006.0,3.8617821665443355,0.24885544836001466
2025-04-03,512660.SH,218500,1.02,222870.0,1.0338265549499999,0.24870368409816987
2025-04-07,588000.SH,204700,1.065,218005.5,0.96703893285545,0.26015464233402896
2025-04-07,510500.SH,39200,5.218,204545.6,5.852169523829051,0.2440924078016351
2025-04-07,510300.SH,60700,3.484,211478.8,3.856507286810345,0.25236607138457356
2025-04-07,512660.SH,219100,0.927,203105.7,1.0337444123987904,0.24237411780667273
2025-04-08,588000.SH,204700,1.065,218005.5,0.96703893285545,0.2578221998887614
2025-04-08,510500.SH,39200,5.251,205839.2,5.852169523829051,0.24343383706990301
2025-04-08,510300.SH,60700,3.519,213603.30000000002,3.856507286810345,0.252615978539528
2025-04-08,512660.SH,219100,0.946,207268.59999999998,1.0337444123987904,0.24512430383574602
2025-04-09,588000.SH,204700,1.065,218005.5,0.96703893285545,0.25235892412706995
2025-04-09,510500.SH,39200,5.366,210347.19999999998,5.852169523829051,0.2434938250876313
2025-04-09,510300.SH,60700,3.555,215788.5,3.856507286810345,0.2497925680727974
2025-04-09,512660.SH,219100,0.999,218880.9,1.0337444123987904,0.2533722701306379
2025-04-10,588000.SH,204700,1.065,218005.5,0.96703893285545,0.24934879928446302
2025-04-10,510500.SH,39200,5.473,214541.6,5.852169523829051,0.24538688407662904
2025-04-10,510300.SH,60700,3.618,219612.6,3.856507286810345,0.25118695683246095
2025-04-10,512660.SH,219100,1.01,221291.0,1.0337444123987904,0.2531066653935708
2025-04-11,588000.SH,204700,1.065,218005.5,0.96703893285545,0.24805295361708626
2025-04-11,510500.SH,39200,5.511,216031.2,5.852169523829051,0.2458065380618539
2025-04-11,510300.SH,60700,3.629,220280.3,3.856507286810345,0.2506412867503703
2025-04-11,512660.SH,219100,1.021,223701.09999999998,1.0337444123987904,0.25453357177865316
2025-04-14,588000.SH,206800,1.065,220242.0,0.9680632872606896,0.24983788936899393
2025-04-14,510500.SH,39600,5.555,219978.0,5.849301917527748,0.2495384133253991
2025-04-14,512660.SH,215700,1.023,220661.09999999998,1.0337444123987904,0.2503133075882007
2025-04-14,159928.SZ,265100,0.83,220033.0,0.8316649246499999,0.2496008041678147
2025-04-15,588000.SH,206800,1.065,220242.0,0.9680632872606896,0.2511278851519353
2025-04-15,510500.SH,39600,5.532,219067.2,5.849301917527748,0.24978833574956658
2025-04-15,512660.SH,215700,1.005,216778.49999999997,1.0337444123987904,0.2471786773249825
2025-04-15,159928.SZ,265100,0.831,220298.09999999998,0.8316649246499999,0.2511918523986776
2025-04-16,588000.SH,206800,1.065,220242.0,0.9680632872606896,0.25176622054198483
2025-04-16,510500.SH,39600,5.483,217126.8,5.849301917527748,0.24820512806083958
2025-04-16,512660.SH,215700,1.0,215700.0,1.0337444123987904,0.24657410380811165
2025-04-16,159928.SZ,265100,0.834,221093.4,0.8316649246499999,0.2527394852243317
2025-04-17,588000.SH,206800,1.065,220242.0,0.9680632872606896,0.2513654037603017
2025-04-17,510500.SH,39600,5.486,217245.59999999998,5.849301917527748,0.24794556877956517
2025-04-17,512660.SH,215700,1.001,215915.69999999998,1.0337444123987904,0.24642773453150701
2025-04-17,159928.SZ,265100,0.838,222153.8,0.8316649246499999,0.25354736895726204
2025-04-18,588000.SH,206800,1.065,220242.0,0.9680632872606896,0.25217287951745715
2025-04-18,510500.SH,39600,5.488,217324.80000000002,5.849301917527748,0.24883274128710908
2025-04-18,512660.SH,215700,0.995,214621.5,1.0337444123987904,0.2457375144675218
2025-04-18,159928.SZ,265100,0.832,220563.19999999998,0.8316649246499999,0.25254064737690723
2025-04-21,588000.SH,204700,1.065,218005.5,0.9680632872606896,0.24800810027880707
2025-04-21,510500.SH,39700,5.57,221129.0,5.848509572647325,0.2515614661398558
2025-04-21,512660.SH,219300,1.012,221931.6,1.0331229318486963,0.252474522467718
2025-04-21,159928.SZ,262400,0.827,217004.8,0.8316649246499999,0.24686968080797259
2025-04-22,588000.SH,204700,1.065,218005.5,0.9680632872606896,0.2483999050449158
2025-04-22,510500.SH,39700,5.555,220533.5,5.848509572647325,0.2512803597121308
2025-04-22,512660.SH,219300,1.006,220615.8,1.0331229318486963,0.25137413400766556
2025-04-22,159928.SZ,262400,0.829,217529.59999999998,0.8316649246499999,0.2478576548961311
2025-04-23,588000.SH,204700,1.065,218005.5,0.9680632872606896,0.24878457411815186
2025-04-23,510500.SH,39700,5.566,220970.19999999998,5.848509572647325,0.2521678448470467
2025-04-23,512660.SH,219300,1.005,220396.49999999997,1.0331229318486963,0.2515131470978083
2025-04-23,159928.SZ,262400,0.823,215955.19999999998,0.8316649246499999,0.2464448028173615
2025-04-24,588000.SH,204700,1.052,215344.40000000002,0.9680632872606896,0.2474504459588456
2025-04-24,510500.SH,39700,5.543,220057.1,5.848509572647325,0.25286577004746946
2025-04-24,512660.SH,219300,0.995,218203.5,1.0331229318486963,0.25073581381629134
2025-04-24,159928.SZ,262400,0.822,215692.8,0.8316649246499999,0.24785078948007047
2025-04-25,588000.SH,204700,1.054,215753.80000000002,0.9680632872606896,0.24758582982889632
2025-04-25,510500.SH,39700,5.559,220692.30000000002,5.848509572647325,0.2532529495765439
2025-04-25,512660.SH,219300,0.998,218861.4,1.0331229318486963,0.25115192101605627
2025-04-25,159928.SZ,262400,0.82,215168.0,0.8316649246499999,0.24691360167294368
2025-04-28,588000.SH,206500,1.051,217031.5,0.968841179187715,0.25019599533195297
2025-04-28,510500.SH,39100,5.533,216340.30000000002,5.848509572647325,0.2493991733407976
2025-04-28,512660.SH,218100,0.991,216137.1,1.0331229318486963,0.24916492243136068
2025-04-28,159928.SZ,265500,0.817,216913.5,0.8315523436088887,0.2500599637998981
2025-04-29,588000.SH,206500,1.053,217444.5,0.968841179187715,0.25067230797835416
2025-04-29,510500.SH,39100,5.536,216457.59999999998,5.848509572647325,0.24953459927225288
2025-04-29,512660.SH,218100,0.991,216137.1,1.0331229318486963,0.24916512349932204
2025-04-29,159928.SZ,265500,0.815,216382.5,0.8315523436088887,0.24944802320190312
2025-04-30,588000.SH,206500,1.062,219303.0,0.968841179187715,0.25136275070554476
2025-04-30,510500.SH,39100,5.564,217552.4,5.848509572647325,0.24935623172775997
2025-04-30,512660.SH,218100,0.998,217663.8,1.0331229318486963,0.24948391721509303
2025-04-30,159928.SZ,265500,0.817,216913.5,0.8315523436088887,0.24862393138792985
2025-05-06,588000.SH,205300,1.078,221313.40000000002,0.968841179187715,0.25037368495084583
2025-05-06,510500.SH,39100,5.671,221736.1,5.848509572647325,0.25085188896663846
2025-05-06,512660.SH,218000,1.014,221052.0,1.0331229318486963,0.2500779609628444
2025-05-06,159928.SZ,267200,0.819,218836.8,0.8315001655245507,0.2475718868304009
2025-05-07,588000.SH,205300,1.081,221929.3,0.968841179187715,0.24844525286651606
2025-05-07,510500.SH,39100,5.681,222127.1,5.848509572647325,0.24866668586800347
2025-05-07,512660.SH,218000,1.051,229118.0,1.0331229318486963,0.2564928535631412
2025-05-07,159928.SZ,267200,0.82,219104.0,0.8315001655245507,0.24528238805811192
2025-05-08,588000.SH,205300,1.077,221108.09999999998,0.968841179187715,0.24608524790968714
2025-05-08,510500.SH,39100,5.705,223065.5,5.848509572647325,0.2482637626916351
2025-05-08,512660.SH,218000,1.072,233696.0,1.0331229318486963,0.2600951213252805
2025-05-08,159928.SZ,267200,0.822,219638.4,0.8315001655245507,0.2444495254334284
2025-05-09,588000.SH,205300,1.056,216796.80000000002,0.968841179187715,0.24436887928055956
2025-05-09,510500.SH,39100,5.658,221227.80000000002,5.848509572647325,0.24936341104529114
2025-05-09,512660.SH,218000,1.047,228245.99999999997,1.0331229318486963,0.2572741812622261
2025-05-09,159928.SZ,267200,0.823,219905.59999999998,0.8315001655245507,0.2478730544893606
2025-05-12,510500.SH,39100,5.73,224043.00000000003,5.848509572647325,0.24864816372503984
2025-05-12,512660.SH,212300,1.096,232680.80000000002,1.0331229318486963,0.2582345962787199
2025-05-12,159928.SZ,269400,0.823,221716.19999999998,0.8314690116115812,0.24606582664083976
2025-05-12,512010.SH,622700,0.357,222303.9,0.3572856535499999,0.24671806985228226
2025-05-13,510500.SH,39100,5.716,223495.6,5.848509572647325,0.2496156130777843
2025-05-13,512660.SH,212300,1.063,225674.9,1.0331229318486963,0.25204960867134596
2025-05-13,159928.SZ,269400,0.823,221716.19999999998,0.8314690116115812,0.24762825394449212
2025-05-13,512010.SH,622700,0.36,224172.0,0.3572856535499999,0.25037106419487926
2025-05-14,510500.SH,39100,5.736,224277.59999999998,5.848509572647325,0.24935543652470152
2025-05-14,512660.SH,212300,1.057,224401.09999999998,1.0331229318486963,0.2494927458075314
2025-05-14,159928.SZ,269400,0.833,224410.19999999998,0.8314690116115812,0.24950286333363464
2025-05-14,512010.SH,622700,0.363,226040.1,0.3572856535499999,0.2513150123221721
2025-05-15,510500.SH,39100,5.659,221266.9,5.848509572647325,0.2481589255511691
2025-05-15,512660.SH,212300,1.037,220155.09999999998,1.0331229318486963,0.2469120011651548
2025-05-15,159928.SZ,269400,0.831,223871.4,0.8314690116115812,0.25107996761212814
2025-05-15,512010.SH,622700,0.363,226040.1,0.3572856535499999,0.25351224402510647
2025-05-16,510500.SH,39100,5.649,220875.9,5.848509572647325,0.24837052807606513
2025-05-16,512660.SH,212300,1.038,220367.4,1.0331229318486963,0.2477987300051725
2025-05-16,159928.SZ,269400,0.823,221716.19999999998,0.8314690116115812,0.24931542860501518
2025-05-16,512010.SH,622700,0.363,226040.1,0.3572856535499999,0.2541775675995732
2025-05-19,510500.SH,39300,5.663,222555.90000000002,5.847630765661842,0.24995156425392417
2025-05-19,512660.SH,212500,1.047,222487.49999999997,1.0331581314422504,0.24987474451113154
2025-05-19,159928.SZ,272100,0.818,222577.8,0.8313379394640205,0.2499761600487656
2025-05-19,512010.SH,611800,0.363,222083.4,0.3572856535499999,0.2494209015570018
2025-05-20,510500.SH,39300,5.687,223499.1,5.847630765661842,0.2495507209184306
2025-05-20,512660.SH,212500,1.045,222062.49999999997,1.0331581314422504,0.2479466671854562
2025-05-20,159928.SZ,272100,0.824,224210.4,0.8313379394640205,0.25034493184719625
2025-05-20,512010.SH,611800,0.368,225142.4,0.3572856535499999,0.25138556812669793
2025-05-21,510500.SH,39300,5.694,223774.2,5.847630765661842,0.2490605428339712
2025-05-21,512660.SH,212500,1.046,222275.0,1.0331581314422504,0.24739193418374839
2025-05-21,159928.SZ,272100,0.826,224754.59999999998,0.8313379394640205,0.2501517274128655
2025-05-21,512010.SH,611800,0.371,226977.8,0.3572856535499999,0.2526261476044179
2025-05-22,510500.SH,39300,5.649,222005.7,5.847630765661842,0.24857386979230273
2025-05-22,512660.SH,212500,1.04,221000.0,1.0331581314422504,0.2474478142862949
2025-05-22,159928.SZ,272100,0.822,223666.19999999998,0.8313379394640205,0.25043308741955334
2025-05-22,512010.SH,611800,0.369,225754.19999999998,0.3572856535499999,0.2527709654115433
2025-05-23,510500.SH,39300,5.6,220080.0,5.847630765661842,0.24773243772902095
2025-05-23,512660.SH,212500,1.029,218662.49999999997,1.0331581314422504,0.24613683281044182
2025-05-23,159928.SZ,272100,0.818,222577.8,0.8313379394640205,0.2505440793273468
2025-05-23,512010.SH,611800,0.37,226366.0,0.3572856535499999,0.2548082560840038
2025-05-26,510500.SH,39600,5.609,222116.4,5.84586435203309,0.25032617660678125
2025-05-26,512660.SH,215500,1.039,223904.49999999997,1.0331306098908501,0.25234137330720763
2025-05-26,159928.SZ,271100,0.816,221217.59999999998,0.8313379394640205,0.2493132249853153
2025-05-26,512010.SH,601000,0.365,219365.0,0.3572856535499999,0.24722533649629913
2025-05-27,510500.SH,39600,5.595,221562.0,5.84586435203309,0.24976171518936985
2025-05-27,512660.SH,215500,1.035,223042.49999999997,1.0331306098908501,0.2514306485774863
2025-05-27,159928.SZ,271100,0.816,221217.59999999998,0.8313379394640205,0.2493734810395101
2025-05-27,512010.SH,601000,0.367,220567.0,0.3572856535499999,0.24864007471576235
2025-05-28,510500.SH,39600,5.585,221166.0,5.84586435203309,0.2496674285353366
2025-05-28,512660.SH,215500,1.026,221103.0,1.0331306098908501,0.24959630979195957
2025-05-28,159928.SZ,271100,0.82,222302.0,0.8313379394640205,0.2509498236540083
2025-05-28,512010.SH,601000,0.367,220567.0,0.3572856535499999,0.24899123603878348
2025-05-29,510500.SH,39600,5.665,224334.0,5.84586435203309,0.25022170665327464
2025-05-29,512660.SH,215500,1.047,225628.49999999997,1.0331306098908501,0.2516655894319112
2025-05-29,159928.SZ,271100,0.82,222302.0,0.8313379394640205,0.24795521781110424
2025-05-29,512010.SH,601000,0.372,223572.0,0.3572856535499999,0.24937177333746074
2025-05-30,510500.SH,39600,5.632,223027.19999999998,5.84586435203309,0.24890022294914466
2025-05-30,512660.SH,215500,1.048,225844.0,1.0331306098908501,0.25204379533853555
2025-05-30,159928.SZ,271100,0.82,222302.0,0.8313379394640205,0.24809089367593173
2025-05-30,512010.SH,601000,0.373,224173.0,0.3572856535499999,0.25017894534468715
2025-06-03,512660.SH,212800,1.048,223014.40000000002,1.0331306098908501,0.24839601844166198
2025-06-03,159928.SZ,274000,0.823,225502.0,0.8311875807981604,0.25116673609700385
2025-06-03,512010.SH,600300,0.375,225112.5,0.3572856535499999,0.2507329064914581
2025-06-03,510300.SH,59700,3.746,223636.2,3.7379885602499994,0.24908858647434068
2025-06-04,512660.SH,212800,1.047,222801.59999999998,1.0331306098908501,0.24720157356416317
2025-06-04,159928.SZ,274000,0.824,225776.0,0.8311875807981604,0.2505017130623053
2025-06-04,512010.SH,600300,0.379,227513.7,0.3572856535499999,0.2524297161573569
2025-06-04,510300.SH,59700,3.763,224651.1,3.7379885602499994,0.2492536203641275
2025-06-05,512660.SH,212800,1.052,223865.6,1.0331306098908501,0.24872315816819127
2025-06-05,159928.SZ,274000,0.82,224680.0,0.8311875807981604,0.24962798740507344
2025-06-05,512010.SH,600300,0.376,225712.8,0.3572856535499999,0.2507754673115714
2025-06-05,510300.SH,59700,3.773,225248.1,3.7379885602499994,0.2502591680159192
2025-06-06,512660.SH,212800,1.047,222801.59999999998,1.0331306098908501,0.2483742545719668
2025-06-06,159928.SZ,274000,0.819,224406.0,0.8311875807981604,0.25016280390929324
2025-06-06,512010.SH,600300,0.373,223911.9,0.3572856535499999,0.24961199224912559
2025-06-06,510300.SH,59700,3.775,225367.5,3.7379885602499994,0.2512346626651143
2025-06-09,512660.SH,213300,1.062,226524.6,1.033199516103014,0.2503419468621641
2025-06-09,159928.SZ,274000,0.823,225502.0,0.8311875807981604,0.24921182821341137
2025-06-09,512010.SH,601700,0.378,227442.6,0.35733096048872354,0.2513564676127557
2025-06-09,510300.SH,59400,3.784,224769.59999999998,3.7379885602499994,0.24840242189779774
2025-06-10,512660.SH,213300,1.045,222898.49999999997,1.033199516103014,0.24806406815434442
2025-06-10,159928.SZ,274000,0.816,223584.0,0.8311875807981604,0.2488269621115483
2025-06-10,512010.SH,601700,0.379,228044.3,0.35733096048872354,0.25379083653505863
2025-06-10,510300.SH,59400,3.761,223403.4,3.7379885602499994,0.24862597210619305
2025-06-11,512660.SH,213300,1.049,223751.69999999998,1.033199516103014,0.24789068981897155
2025-06-11,159928.SZ,274000,0.823,225502.0,0.8311875807981604,0.2498298173178471
2025-06-11,512010.SH,601700,0.378,227442.6,0.35733096048872354,0.25197977493900797
2025-06-11,510300.SH,59400,3.793,225304.2,3.7379885602499994,0.24961067807355894
2025-06-12,512660.SH,213300,1.041,222045.3,1.033199516103014,0.24628535950363556
2025-06-12,159928.SZ,274000,0.814,223035.99999999997,0.8311875807981604,0.24738421143006792
2025-06-12,512010.SH,601700,0.383,230451.1,0.35733096048872354,0.2556087969955152
2025-06-12,510300.SH,59400,3.795,225423.0,3.7379885602499994,0.25003179349163457
2025-06-13,512660.SH,213300,1.056,225244.80000000002,1.033199516103014,0.2516031925615299
2025-06-13,159928.SZ,274000,0.798,218652.0,0.8311875807981604,0.2442388959033178
2025-06-13,512010.SH,601700,0.377,226840.9,0.35733096048872354,0.253386069927167
2025-06-13,510300.SH,59400,3.769,223878.6,3.7379885602499994,0.2500771183450438
2025-06-16,512660.SH,211400,1.056,223238.40000000002,1.033199516103014,0.249934560741768
2025-06-16,159928.SZ,280500,0.795,222997.5,0.8303992304409837,0.24966485250302997
2025-06-16,512010.SH,593900,0.374,222118.6,0.35733096048872354,0.24868084847220043
2025-06-16,510300.SH,59300,3.779,224094.69999999998,3.7379885602499994,0.25089326213168645
2025-06-17,512660.SH,211400,1.055,223027.0,1.033199516103014,0.2511004303557815
2025-06-17,159928.SZ,280500,0.793,222436.5,0.8303992304409837,0.2504356014152268
2025-06-17,512010.SH,593900,0.367,217961.3,0.35733096048872354,0.24539708748674194
2025-06-17,510300.SH,59300,3.778,224035.4,3.7379885602499994,0.25223576228407163
2025-06-18,512660.SH,211400,1.062,224506.80000000002,1.033199516103014,0.25247346267599197
2025-06-18,159928.SZ,280500,0.795,222997.5,0.8303992304409837,0.2507761501793688
2025-06-18,512010.SH,593900,0.365,216773.5,0.35733096048872354,0.24377683064118386
2025-06-18,510300.SH,59300,3.781,224213.30000000002,3.7379885602499994,0.25214340157630405
2025-06-19,512660.SH,211400,1.045,220912.99999999997,1.033199516103014,0.2511921835519991
2025-06-19,159928.SZ,280500,0.788,221034.0,0.8303992304409837,0.25132976827634673
2025-06-19,512010.SH,593900,0.361,214397.9,0.35733096048872354,0.2437840989437614
2025-06-19,510300.SH,59300,3.75,222375.0,3.7379885602499994,0.2528545708825457
2025-06-20,512660.SH,211400,1.034,218587.6,1.033199516103014,0.24831034928543508
2025-06-20,159928.SZ,280500,0.794,222717.0,0.8303992304409837,0.25300125012491215
2025-06-20,512010.SH,593900,0.363,215585.69999999998,0.35733096048872354,0.24490026180782906
2025-06-20,510300.SH,59300,3.755,222671.5,3.7379885602499994,0.2529495631998876
2025-06-23,512660.SH,212000,1.051,222812.0,1.033232492944232,0.25234216748265614
2025-06-23,159928.SZ,277300,0.788,218512.40000000002,0.8303992304409837,0.24747272426008096
2025-06-23,512010.SH,606700,0.363,220232.1,0.35744152667587425,0.24942034299434987
2025-06-23,510300.SH,58600,3.768,220804.8,3.7379885602499994,0.25006894522096834
2025-06-24,512660.SH,212000,1.057,224084.0,1.033232492944232,0.2518471536808287
2025-06-24,159928.SZ,277300,0.794,220176.2,0.8303992304409837,0.2474551921523218
2025-06-24,512010.SH,606700,0.365,221445.5,0.35744152667587425,0.24888175358538742
2025-06-24,510300.SH,58600,3.813,223441.80000000002,3.7379885602499994,0.2511253875480668
2025-06-25,512660.SH,212000,1.091,231292.0,1.033232492944232,0.25576489118919793
2025-06-25,159928.SZ,277300,0.798,221285.40000000002,0.8303992304409837,0.24469949783286127
2025-06-25,512010.SH,606700,0.369,223872.3,0.35744152667587425,0.24756011643193657
2025-06-25,510300.SH,58600,3.878,227250.80000000002,3.7379885602499994,0.25129609383229073
2025-06-26,512660.SH,212000,1.091,231292.0,1.033232492944232,0.25668844913807154
2025-06-26,159928.SZ,277300,0.796,220730.80000000002,0.8303992304409837,0.24496760255004862
2025-06-26,512010.SH,606700,0.366,222052.19999999998,0.35744152667587425,0.24643409562672675
2025-06-26,510300.SH,58600,3.863,226371.8,3.7379885602499994,0.2512279986795639
2025-06-27,512660.SH,212000,1.099,232988.0,1.033232492944232,0.2589637493482784
2025-06-27,159928.SZ,277300,0.792,219621.6,0.8303992304409837,0.24410713416084892
2025-06-27,512010.SH,606700,0.365,221445.5,0.35744152667587425,0.24613438012388705
2025-06-27,510300.SH,58600,3.84,225024.0,3.7379885602499994,0.2501118458175829
2025-06-30,512660.SH,203700,1.147,233643.9,1.033232492944232,0.25589985620649625
2025-06-30,159928.SZ,284200,0.794,225654.80000000002,0.8294941555287993,0.2471497474246307
2025-06-30,512010.SH,616700,0.368,226945.6,0.35757515685787733,0.24856350371953648
2025-06-30,510300.SH,58600,3.859,226137.4,3.7379885602499994,0.24767831791418873
2025-07-01,512660.SH,203700,1.143,232829.1,1.033232492944232,0.2547925073951896
2025-07-01,159928.SZ,284200,0.794,225654.80000000002,0.8294941555287993,0.24694143600503562
2025-07-01,512010.SH,616700,0.37,228179.0,0.35757515685787733,0.24970375071211875
2025-07-01,510300.SH,58600,3.865,226489.0,3.7379885602499994,0.2478543283783217
2025-07-02,512660.SH,203700,1.12,228144.00000000003,1.033232492944232,0.25114956401349725
2025-07-02,159928.SZ,284200,0.795,225939.0,0.8294941555287993,0.24872221642316059
2025-07-02,512010.SH,616700,0.368,226945.6,0.35757515685787733,0.24983031986281268
2025-07-02,510300.SH,58600,3.869,226723.40000000002,3.7379885602499994,0.249585713679333
2025-07-03,512660.SH,203700,1.124,228958.80000000002,1.033232492944232,0.25095133451231577
2025-07-03,159928.SZ,284200,0.797,226507.40000000002,0.8294941555287993,0.2482644663883411
2025-07-03,512010.SH,616700,0.37,228179.0,0.35757515685787733,0.25009663117419245
2025-07-03,510300.SH,58600,3.892,228071.19999999998,3.7379885602499994,0.24997847649369784
2025-07-04,512660.SH,203700,1.116,227329.2,1.033232492944232,0.24909217153992716
2025-07-04,159928.SZ,284200,0.798,226791.6,0.8294941555287993,0.24850310532485287
2025-07-04,512010.SH,616700,0.371,228795.7,0.35757515685787733,0.2506990644052665
2025-07-04,510300.SH,58600,3.909,229067.4,3.7379885602499994,0.2509967751393358
2025-07-07,512660.SH,204300,1.118,228407.40000000002,1.0335016819027902,0.25144640890265885
2025-07-07,159928.SZ,286100,0.794,227163.40000000002,0.8292984835766682,0.25007692904922635
2025-07-07,512010.SH,613000,0.367,224971.0,0.35757515685787733,0.24766338593775886
2025-07-07,510300.SH,58400,3.891,227234.4,3.7379885602499994,0.2501550906807325
2025-07-08,512660.SH,204300,1.125,229837.5,1.0335016819027902,0.2514192866683584
2025-07-08,159928.SZ,286100,0.798,228307.80000000002,0.8292984835766682,0.24974594753607327
2025-07-08,512010.SH,613000,0.369,226197.0,0.35757515685787733,0.2474369429989565
2025-07-08,510300.SH,58400,3.925,229220.0,3.7379885602499994,0.2507438032963338
2025-07-09,512660.SH,204300,1.116,227998.80000000002,1.0335016819027902,0.24873271688795562
2025-07-09,159928.SZ,286100,0.803,229738.30000000002,0.8292984835766682,0.25063040477502607
2025-07-09,512010.SH,613000,0.374,229262.0,0.35757515685787733,0.2501107906671723
2025-07-09,510300.SH,58400,3.922,229044.80000000002,3.7379885602499994,0.24987383877923225
2025-07-10,512660.SH,204300,1.113,227385.9,1.0335016819027902,0.24767116434918673
2025-07-10,159928.SZ,286100,0.804,230024.40000000002,0.8292984835766682,0.25054504688603413
2025-07-10,512010.SH,613000,0.375,229875.0,0.35757515685787733,0.2503823188015145
2025-07-10,510300.SH,58400,3.942,230212.80000000002,3.7379885602499994,0.2507502541894043
2025-07-11,512660.SH,204300,1.128,230450.39999999997,1.0335016819027902,0.2486515763913898
2025-07-11,159928.SZ,286100,0.808,231168.80000000002,0.8292984835766682,0.2494267162587087
2025-07-11,512010.SH,613000,0.381,233553.0,0.35757515685787733,0.2519992224831819
2025-07-11,510300.SH,58400,3.956,231030.4,3.7379885602499994,0.2492773853043143
2025-07-14,512660.SH,205000,1.123,230215.0,1.0338506751840977,0.24987597549661475
2025-07-14,512010.SH,608800,0.38,231344.0,0.35757515685787733,0.2511013951101746
2025-07-14,510300.SH,58400,3.955,230972.0,3.7379885602499994,0.2506976253172213
2025-07-14,512880.SH,195000,1.17,228150.0,1.1869489778999998,0.2476346189846563
2025-07-15,512660.SH,205000,1.119,229395.0,1.0338506751840977,0.24935977505107085
2025-07-15,512010.SH,608800,0.381,231952.80000000002,0.35757515685787733,0.25214018627461815
2025-07-15,510300.SH,58400,3.955,230972.0,3.7379885602499994,0.25107402499224457
2025-07-15,512880.SH,195000,1.164,226979.99999999997,1.1869489778999998,0.24673459204033243
2025-07-16,512660.SH,205000,1.118,229190.00000000003,1.0338506751840977,0.24954670683855865
2025-07-16,512010.SH,608800,0.381,231952.80000000002,0.35757515685787733,0.25255489934980946
2025-07-16,510300.SH,58400,3.946,230446.40000000002,3.7379885602499994,0.2509147005663477
2025-07-16,512880.SH,195000,1.16,226199.99999999997,1.1869489778999998,0.24629113437271238
2025-07-17,512660.SH,205000,1.145,234725.0,1.0338506751840977,0.2521998619644403
2025-07-17,512010.SH,608800,0.387,235605.6,0.35757515685787733,0.2531460210801965
2025-07-17,510300.SH,58400,3.979,232373.6,3.7379885602499994,0.24967340438462055
2025-07-17,512880.SH,195000,1.166,227370.0,1.1869489778999998,0.2442972951958879
2025-07-18,512660.SH,205000,1.155,236775.0,1.0338506751840977,0.252446240705239
2025-07-18,512010.SH,608800,0.391,238040.80000000002,0.35757515685787733,0.25379581921430755
2025-07-18,510300.SH,58400,4.009,234125.6,3.7379885602499994,0.24962148695114988
2025-07-18,512880.SH,195000,1.171,228345.0,1.1869489778999998,0.24345829092529958
2025-07-21,512660.SH,202800,1.168,236870.4,1.0338506751840977,0.2507540338050146
2025-07-21,512010.SH,598300,0.39,233337.0,0.35757515685787733,0.2470135313908394
2025-07-21,510300.SH,58400,4.034,235585.59999999998,3.7379885602499994,0.24939392809897157
2025-07-21,512880.SH,200600,1.187,238112.2,1.1864891519965102,0.25206861916130674
2025-07-22,512660.SH,202800,1.168,236870.4,1.0338506751840977,0.2496526504641313
2025-07-22,512010.SH,598300,0.392,234533.6,0.35757515685787733,0.24718974959680226
2025-07-22,510300.SH,58400,4.078,238155.2,3.7379885602499994,0.251006782197418
2025-07-22,512880.SH,200600,1.189,238513.40000000002,1.1864891519965102,0.2513843117637811
2025-07-23,512660.SH,202800,1.153,233828.4,1.0338506751840977,0.24659060795334597
2025-07-23,512010.SH,598300,0.393,235131.90000000002,0.35757515685787733,0.2479652521687928
2025-07-23,510300.SH,58400,4.076,238038.39999999997,3.7379885602499994,0.2510303871225298
2025-07-23,512880.SH,200600,1.199,240519.40000000002,1.1864891519965102,0.2536467985521605
2025-07-24,512660.SH,202800,1.174,238087.19999999998,1.0338506751840977,0.24661291405004582
2025-07-24,512010.SH,598300,0.401,239918.30000000002,0.35757515685787733,0.24850958429068476
2025-07-24,510300.SH,58400,4.102,239556.80000000002,3.7379885602499994,0.2481351392620184
2025-07-24,512880.SH,200600,1.232,247139.19999999998,1.1864891519965102,0.2559890590002196
2025-07-25,512660.SH,202800,1.174,238087.19999999998,1.0338506751840977,0.24719870683401748
2025-07-25,512010.SH,598300,0.401,239918.30000000002,0.35757515685787733,0.2490998823364543
2025-07-25,510300.SH,58400,4.08,238272.0,3.7379885602499994,0.24739057905992015
2025-07-25,512880.SH,200600,1.227,246136.2,1.1864891519965102,0.2555557390109132
2025-07-28,512660.SH,205500,1.192,244956.0,1.035724096483382,0.2509668897364295
2025-07-28,512010.SH,595700,0.41,244237.0,0.35757515685787733,0.2502302464465306
2025-07-28,512880.SH,196600,1.238,243390.8,1.1864891519965102,0.24936328184025444
2025-07-28,159915.SZ,103900,2.342,243333.80000000002,2.3238579482999997,0.24930488313716095
2025-07-29,512660.SH,205500,1.205,247627.50000000003,1.035724096483382,0.2499984420553454
2025-07-29,512010.SH,595700,0.421,250789.69999999998,0.35757515685787733,0.2531909189549927
2025-07-29,512880.SH,196600,1.243,244373.80000000002,1.1864891519965102,0.24671358907691823
2025-07-29,159915.SZ,103900,2.383,247593.7,2.3238579482999997,0.2499643184328016
2025-07-30,512660.SH,205500,1.188,244134.0,1.035724096483382,0.24878053052196944
2025-07-30,512010.SH,595700,0.424,252576.8,0.35757515685787733,0.257384019847876
2025-07-30,512880.SH,196600,1.225,240835.00000000003,1.1864891519965102,0.24541874162655966
2025-07-30,159915.SZ,103900,2.345,243645.50000000003,2.3238579482999997,0.24828273304533785
2025-07-31,512660.SH,205500,1.186,243723.0,1.035724096483382,0.2522316898234263
2025-07-31,512010.SH,595700,0.416,247811.19999999998,0.35757515685787733,0.256462614251306
2025-07-31,512880.SH,196600,1.198,235526.8,1.1864891519965102,0.2437493497236788
2025-07-31,159915.SZ,103900,2.301,239073.90000000002,2.3238579482999997,0.2474202836403493
2025-08-01,512660.SH,205500,1.167,239818.5,1.035724096483382,0.2505878714450569
2025-08-01,512010.SH,595700,0.409,243641.3,0.35757515685787733,0.25458233940712055
2025-08-01,512880.SH,196600,1.191,234150.6,1.1864891519965102,0.24466544679239904
2025-08-01,159915.SZ,103900,2.303,239281.69999999998,2.3238579482999997,0.25002696572097094
2025-08-04,512660.SH,204500,1.199,245195.5,1.035724096483382,0.2540968813222787
2025-08-04,512010.SH,585500,0.409,239469.49999999997,0.35757515685787733,0.24816300919798862
2025-08-04,512880.SH,200400,1.193,239077.2,1.1865160712700296,0.24775646745255397
2025-08-04,159915.SZ,104000,2.313,240552.00000000003,2.323869760368942,0.24928480741219475
2025-08-05,512660.SH,204500,1.205,246422.5,1.035724096483382,0.2539131006421707
2025-08-05,512010.SH,585500,0.411,240640.5,0.35757515685787733,0.2479553429377686
2025-08-05,512880.SH,200400,1.205,241482.0,1.1865160712700296,0.24882242234078736
2025-08-05,159915.SZ,104000,2.32,241279.99999999997,2.323869760368942,0.24861428206816727
2025-08-06,512660.SH,204500,1.247,255011.50000000003,1.035724096483382,0.25990582467958623
2025-08-06,512010.SH,585500,0.41,240055.0,0.35757515685787733,0.24466227108761002
2025-08-06,512880.SH,200400,1.21,242484.0,1.1865160712700296,0.2471378898269481
2025-08-06,159915.SZ,104000,2.336,242943.99999999997,2.323869760368942,0.2476067184066498
2025-08-07,512660.SH,204500,1.238,253171.0,1.035724096483382,0.25947429130591376
2025-08-07,512010.SH,585500,0.407,238298.49999999997,0.35757515685787733,0.24423150521490328
2025-08-07,512880.SH,200400,1.209,242283.6,1.1865160712700296,0.2483158237122162
2025-08-07,159915.SZ,104000,2.32,241279.99999999997,2.323869760368942,0.2472872367146745
2025-08-08,512660.SH,204500,1.234,252353.0,1.035724096483382,0.2597646161251693
2025-08-08,512010.SH,585500,0.406,237713.00000000003,0.35757515685787733,0.24469463883117054
2025-08-08,512880.SH,200400,1.199,240279.6,1.1865160712700296,0.24733661995977554
2025-08-08,159915.SZ,104000,2.312,240447.99999999997,2.323869760368942,0.24750996587345783
2025-08-11,512660.SH,196600,1.241,243980.6,1.035724096483382,0.24795758279904
2025-08-11,512880.SH,202500,1.215,246037.50000000003,1.186666067074143,0.2500480111038288
2025-08-11,159915.SZ,104700,2.357,246777.90000000002,2.3238793316940782,0.25080047992431864
2025-08-11,516160.SH,118800,2.077,246747.6,2.0436339062999993,0.25076968602202143
2025-08-12,512660.SH,196600,1.234,242604.4,1.035724096483382,0.24610374027786427
2025-08-12,512880.SH,202500,1.221,247252.50000000003,1.186666067074143,0.2508188847483914
2025-08-12,159915.SZ,104700,2.385,249709.49999999997,2.3238793316940782,0.25331132466235295
2025-08-12,516160.SH,118800,2.069,245797.19999999998,2.0436339062999993,0.24934259341473716
2025-08-13,512660.SH,196600,1.25,245750.0,1.035724096483382,0.24449692008720353
2025-08-13,512880.SH,202500,1.242,251505.0,1.186666067074143,0.2502225753266821
2025-08-13,159915.SZ,104700,2.473,258923.09999999998,2.3238793316940782,0.2576028504147752
2025-08-13,516160.SH,118800,2.092,248529.6,2.0436339062999993,0.24726234689930685
2025-08-14,512660.SH,196600,1.229,241621.40000000002,1.035724096483382,0.24295230834796686
2025-08-14,512880.SH,202500,1.241,251302.50000000003,1.186666067074143,0.2526867341577151
2025-08-14,159915.SZ,104700,2.446,256096.2,2.3238793316940782,0.25750683900160576
2025-08-14,516160.SH,118800,2.063,245084.40000000002,2.0436339062999993,0.24643438337860987
2025-08-15,512660.SH,196600,1.243,244373.80000000002,1.035724096483382,0.2388921950348199
2025-08-15,512880.SH,202500,1.3,263250.0,1.186666067074143,0.2573449786471231
2025-08-15,159915.SZ,104700,2.509,262692.3,2.3238793316940782,0.2567997885442114
2025-08-15,516160.SH,118800,2.123,252212.40000000002,2.0436339062999993,0.24655496559369297
2025-08-18,512660.SH,206200,1.27,261874.0,1.0455671104201403,0.2513061528040714
2025-08-18,512880.SH,196300,1.317,258527.09999999998,1.186666067074143,0.24809431595573997
2025-08-18,159915.SZ,101900,2.582,263105.8,2.3238793316940782,0.25248824388231533
2025-08-18,516160.SH,120000,2.146,257520.0,2.044649933903666,0.2471278571759872
2025-08-19,512660.SH,206200,1.248,257337.6,1.0455671104201403,0.24963433741420096
2025-08-19,512880.SH,196300,1.291,253423.3,1.186666067074143,0.2458372098784642
2025-08-19,159915.SZ,101900,2.575,262392.5,2.3238793316940782,0.2545379217026805
2025-08-19,516160.SH,120000,2.139,256679.99999999997,2.044649933903666,0.24899642231635444
2025-08-20,512660.SH,206200,1.257,259193.39999999997,1.0455671104201403,0.24968675529851572
2025-08-20,512880.SH,196300,1.303,255778.9,1.186666067074143,0.24639749165998642
2025-08-20,159915.SZ,101900,2.588,263717.2,2.3238793316940782,0.2540446322491612
2025-08-20,516160.SH,120000,2.153,258360.0,2.044649933903666,0.24888392258029923
2025-08-21,512660.SH,206200,1.249,257543.80000000002,1.0455671104201403,0.2496471401412374
2025-08-21,512880.SH,196300,1.293,253815.9,1.186666067074143,0.2460335428667834
2025-08-21,159915.SZ,101900,2.572,262086.80000000002,2.3238793316940782,0.25405084528832944
2025-08-21,516160.SH,120000,2.143,257159.99999999997,2.044649933903666,0.2492751079960791
2025-08-22,512660.SH,206200,1.279,263729.8,1.0455671104201403,0.2484028977878916
2025-08-22,512880.SH,196300,1.338,262649.4,1.186666067074143,0.24738528623709216
2025-08-22,159915.SZ,101900,2.662,271257.8,2.3238793316940782,0.2554934010778014
2025-08-22,516160.SH,120000,2.192,263040.0,2.044649933903666,0.24775318615540226
2025-08-25,512660.SH,208300,1.304,271623.2,1.0479812014816752,0.25075484010503857
2025-08-25,512880.SH,197100,1.352,266479.2,1.1873774275324924,0.24600604509231386
2025-08-25,159915.SZ,99100,2.737,271236.7,2.3238793316940782,0.25039803425892304
2025-08-25,516160.SH,121700,2.242,272851.4,2.04679257985571,0.2518886795363427
2025-08-26,512660.SH,208300,1.295,269748.5,1.0479812014816752,0.25099919593142095
2025-08-26,512880.SH,197100,1.335,263128.5,1.1873774275324924,0.24483932969651692
2025-08-26,159915.SZ,99100,2.716,269155.60000000003,2.3238793316940782,0.2504475064011076
2025-08-26,516160.SH,121700,2.232,271634.4,2.04679257985571,0.25275401341365744
2025-08-27,512660.SH,208300,1.272,264957.6,1.0479812014816752,0.2511004551828209
2025-08-27,512880.SH,197100,1.3,256230.0,1.1873774275324924,0.24282930412826131
2025-08-27,159915.SZ,99100,2.696,267173.60000000003,2.3238793316940782,0.2532005595341781
2025-08-27,516160.SH,121700,2.184,265792.80000000005,2.04679257985571,0.25189197465676205
2025-08-28,512660.SH,208300,1.299,270581.7,1.0479812014816752,0.25005968617765656
2025-08-28,512880.SH,197100,1.326,261354.6,1.1873774275324924,0.24153240687410477
2025-08-28,159915.SZ,99100,2.806,278074.6,2.3238793316940782,0.25698429424450125
2025-08-28,516160.SH,121700,2.227,271025.89999999997,2.04679257985571,0.2504701962476284
2025-08-29,512660.SH,208300,1.311,273081.3,1.0479812014816752,0.2484349478198952
2025-08-29,512880.SH,197100,1.328,261748.80000000002,1.1873774275324924,0.2381252376853347
2025-08-29,159915.SZ,99100,2.865,283921.5,2.3238793316940782,0.2582967894083058
2025-08-29,516160.SH,121700,2.296,279423.19999999995,2.04679257985571,0.25420447358229264
2025-09-01,512660.SH,209800,1.307,274208.6,1.0498973702032075,0.2483441789607113
2025-09-01,512880.SH,206800,1.314,271735.2,1.1941694696163163,0.24610407966316403
2025-09-01,159915.SZ,95600,2.927,279821.2,2.3238793316940782,0.2534273767117479
2025-09-01,516160.SH,119700,2.319,277584.3,2.04679257985571,0.2514014698148919
2025-09-02,512660.SH,209800,1.274,267285.2,1.0498973702032075,0.2469470639386346
2025-09-02,512880.SH,206800,1.296,268012.8,1.1941694696163163,0.24761929975162292
2025-09-02,159915.SZ,95600,2.848,272268.8,2.3238793316940782,0.25155145425970205
2025-09-02,516160.SH,119700,2.289,273993.3,2.04679257985571,0.253144734440431
2025-09-03,512660.SH,209800,1.202,252179.59999999998,1.0498973702032075,0.23684377991365602
2025-09-03,512880.SH,206800,1.25,258500.0,1.1941694696163163,0.24277981687527495
2025-09-03,159915.SZ,95600,2.87,274372.0,2.3238793316940782,0.2576865915501081
2025-09-03,516160.SH,119700,2.33,278901.0,2.04679257985571,0.2619401690767159
2025-09-04,512660.SH,209800,1.166,244626.8,1.0498973702032075,0.23378712381665062
2025-09-04,512880.SH,206800,1.248,258086.4,1.1941694696163163,0.24665031448800223
2025-09-04,159915.SZ,95600,2.751,262995.6,2.3238793316940782,0.2513419825646018
2025-09-04,516160.SH,119700,2.338,279858.60000000003,2.04679257985571,0.26745776492745077
2025-09-05,512660.SH,209800,1.184,248403.19999999998,1.0498973702032075,0.2266308258467211
2025-09-05,512880.SH,206800,1.257,259947.59999999998,1.1941694696163163,0.23716336691666257
2025-09-05,159915.SZ,95600,2.944,281446.4,2.3238793316940782,0.25677781149190754
2025-09-05,516160.SH,119700,2.552,305474.4,2.04679257985571,0.2786997733806635
2025-09-08,512660.SH,231300,1.193,275940.9,1.062822765671997,0.2520779258416913
2025-09-08,512880.SH,219100,1.248,273436.8,1.1975863003955007,0.24979037682630365
2025-09-08,159915.SZ,93200,2.908,271025.6,2.3238793316940782,0.24758769395185665
2025-09-08,516160.SH,106500,2.567,273385.5,2.04679257985571,0.24974351317689292
2025-09-09,512660.SH,231300,1.168,270158.39999999997,1.062822765671997,0.2503635629583971
2025-09-09,512880.SH,219100,1.247,273217.7,1.1975863003955007,0.2531987042982875
2025-09-09,159915.SZ,93200,2.845,265154.0,2.3238793316940782,0.24572584147918716
2025-09-09,516160.SH,106500,2.532,269658.0,2.04679257985571,0.24989982787962714
2025-09-10,512660.SH,231300,1.178,272471.39999999997,1.062822765671997,0.25246080879260463
2025-09-10,512880.SH,219100,1.245,272779.5,1.1975863003955007,0.2527462815988845
2025-09-10,159915.SZ,93200,2.875,267950.0,2.3238793316940782,0.24827146524728252
2025-09-10,516160.SH,106500,2.49,265185.0,2.04679257985571,0.24570952980630945
2025-09-11,512660.SH,231300,1.203,278253.9,1.062822765671997,0.2498837105863066
2025-09-11,512880.SH,219100,1.284,281324.4,1.1975863003955007,0.252641148787012
2025-09-11,159915.SZ,93200,3.025,281930.0,2.3238793316940782,0.2531850030694895
2025-09-11,516160.SH,106500,2.546,271149.0,2.04679257985571,0.24350321142584683
2025-09-12,512660.SH,231300,1.2,277560.0,1.062822765671997,0.25137140583969153
2025-09-12,512880.SH,219100,1.266,277380.6,1.1975863003955007,0.25120893275204326
2025-09-12,159915.SZ,93200,2.995,279134.0,2.3238793316940782,0.2527968943567389
2025-09-12,516160.SH,106500,2.528,269232.0,2.04679257985571,0.24382917688799477
2025-09-15,512880.SH,218100,1.262,275242.2,1.1975863003955007,0.2479953045499352
2025-09-15,159915.SZ,91800,3.037,278796.6,2.3238793316940782,0.2511978458408139
2025-09-15,516160.SH,109200,2.566,280207.19999999995,2.0587676058116586,0.2524688071127342
2025-09-15,510500.SH,38400,7.164,275097.6,7.1957530785,0.24786501885596124
2025-09-16,512880.SH,218100,1.263,275460.3,1.1975863003955007,0.24719017466583124
2025-09-16,159915.SZ,91800,3.059,280816.2,2.3238793316940782,0.2519964057506472
2025-09-16,516160.SH,109200,2.567,280316.4,2.0587676058116586,0.2515478995619225
2025-09-16,510500.SH,38400,7.22,277248.0,7.1957530785,0.24879440538528558
2025-09-17,512880.SH,218100,1.269,276768.89999999997,1.1975863003955007,0.24529263202903132
2025-09-17,159915.SZ,91800,3.119,286324.2,2.3238793316940782,0.2537612305125568
2025-09-17,516160.SH,109200,2.606,284575.2,2.0587676058116586,0.25221114011793955
2025-09-17,510500.SH,38400,7.295,280128.0,7.1957530785,0.24826970958452518
2025-09-18,512880.SH,218100,1.232,268699.2,1.1975863003955007,0.24230239124740632
2025-09-18,159915.SZ,91800,3.067,281550.60000000003,2.3238793316940782,0.25389127930839395
2025-09-18,516160.SH,109200,2.569,280534.8,2.0587676058116586,0.2529752707418291
2025-09-18,510500.SH,38400,7.23,277632.0,7.1957530785,0.25035763964611696
2025-09-19,512880.SH,218100,1.221,266300.10000000003,1.1975863003955007,0.24099506528265985
2025-09-19,159915.SZ,91800,3.062,281091.6,2.3238793316940782,0.2543810103428699
2025-09-19,516160.SH,109200,2.57,280644.0,2.0587676058116586,0.25397594331052364
2025-09-19,510500.SH,38400,7.199,276441.6,7.1957530785,0.2501728742829722
2025-09-22,159915.SZ,90000,3.082,277380.0,2.3238793316940782,0.24813828611397099
2025-09-22,516160.SH,107500,2.557,274877.5,2.0587676058116586,0.2458996024994342
2025-09-22,510500.SH,38300,7.256,277904.8,7.1957530785,0.24860776110334518
2025-09-22,588000.SH,193700,1.479,286482.30000000005,1.4271410138999998,0.2562810113345897
2025-09-23,159915.SZ,90000,3.093,278370.0,2.3238793316940782,0.2489187263732775
2025-09-23,516160.SH,107500,2.574,276705.0,2.0587676058116586,0.24742988174414537
2025-09-23,510500.SH,38300,7.215,276334.5,7.1957530785,0.2470985802816268
2025-09-23,588000.SH,193700,1.475,285707.5,1.4271410138999998,0.2554799260527111
2025-09-24,159915.SZ,90000,3.16,284400.0,2.3238793316940782,0.2471728462920022
2025-09-24,516160.SH,107500,2.664,286380.0,2.0587676058116586,0.24889366990542752
2025-09-24,510500.SH,38300,7.37,282271.0,7.1957530785,0.24532252635615243
2025-09-24,588000.SH,193700,1.53,296361.0,1.4271410138999998,0.25756818530219433
2025-09-25,159915.SZ,90000,3.211,288990.0,2.3238793316940782,0.2483007935365679
2025-09-25,516160.SH,107500,2.709,291217.5,2.0587676058116586,0.250214666049813
2025-09-25,510500.SH,38300,7.379,282615.7,7.1957530785,0.24282398206129144
2025-09-25,588000.SH,193700,1.548,299847.60000000003,1.4271410138999998,0.2576296654556746
2025-09-26,159915.SZ,90000,3.129,281610.0,2.3238793316940782,0.2457806335742472
2025-09-26,516160.SH,107500,2.69,289175.0,2.0587676058116586,0.2523831352360816
2025-09-26,510500.SH,38300,7.274,278594.2,7.1957530785,0.24314853515894516
2025-09-26,588000.SH,193700,1.524,295198.8,1.4271410138999998,0.2576405244641791
2025-09-29,159915.SZ,91600,3.213,294310.8,2.3379720595247497,0.25125036310881677
2025-09-29,516160.SH,105600,2.779,293462.39999999997,2.0587676058116586,0.2505260920047271
2025-09-29,510500.SH,39300,7.4,290820.0,7.197938407291349,0.24827029996624692
2025-09-29,588000.SH,188900,1.543,291472.7,1.4271410138999998,0.24882750382013583
2025-09-30,159915.SZ,91600,3.217,294677.2,2.3379720595247497,0.2485388094014066
2025-09-30,516160.SH,105600,2.841,300009.60000000003,2.0587676058116586,0.25303630139349853
2025-09-30,510500.SH,39300,7.457,293060.1,7.197938407291349,0.2471749030364655
2025-09-30,588000.SH,188900,1.57,296573.0,1.4271410138999998,0.2501377789683198
2025-10-09,159915.SZ,92800,3.235,300208.0,2.349413479013654,0.24753905441957355
2025-10-09,516160.SH,104400,2.949,307875.6,2.0587676058116586,0.2538614390784351
2025-10-09,510500.SH,39800,7.587,301962.6,7.201792767752512,0.24898582474176542
2025-10-09,588000.SH,185900,1.618,300786.2,1.4271410138999998,0.2480158141370541
2025-10-10,159915.SZ,92800,3.095,287216.0,2.349413479013654,0.24789310232671738
2025-10-10,516160.SH,104400,2.77,289188.0,2.0587676058116586,0.2495951147417231
2025-10-10,510500.SH,39800,7.443,296231.39999999997,7.201792767752512,0.25567419904387895
2025-10-10,588000.SH,185900,1.528,284055.2,1.4271410138999998,0.24516504916173254
2025-10-13,159915.SZ,94200,3.054,287686.8,2.358444132191795,0.2482407423102859
2025-10-13,516160.SH,104900,2.789,292566.10000000003,2.0616444308554542,0.25245101909029316
2025-10-13,510500.SH,38400,7.407,284428.8,7.201792767752512,0.24542946164517748
2025-10-13,588000.SH,189200,1.546,292503.2,1.4279278011839849,0.25239674359801706
2025-10-14,159915.SZ,94200,2.934,276382.8,2.358444132191795,0.2462867265233719
2025-10-14,516160.SH,104900,2.73,286377.0,2.0616444308554542,0.2551926309509263
2025-10-14,510500.SH,38400,7.227,277516.8,7.201792767752512,0.24729724218454005
2025-10-14,588000.SH,189200,1.481,280205.2,1.4279278011839849,0.24969289500948227
2025-10-15,159915.SZ,94200,3.003,282882.60000000003,2.358444132191795,0.24779119583347478
2025-10-15,516160.SH,104900,2.779,291517.1,2.0616444308554542,0.255354591674803
2025-10-15,510500.SH,38400,7.331,281510.4,7.201792767752512,0.2465892163588705
2025-10-15,588000.SH,189200,1.501,283989.19999999995,1.4279278011839849,0.24876052281685695
2025-10-16,159915.SZ,94200,3.014,283918.8,2.358444132191795,0.24925399241654855
2025-10-16,516160.SH,104900,2.791,292775.89999999997,2.0616444308554542,0.25702969285002675
2025-10-16,510500.SH,38400,7.274,279321.6,7.201792767752512,0.2452180833681257
2025-10-16,588000.SH,189200,1.487,281340.4,1.4279278011839849,0.2469903998187818
2025-10-17,159915.SZ,94200,2.915,274593.0,2.358444132191795,0.25030009155888994
2025-10-17,516160.SH,104900,2.658,278824.2,2.0616444308554542,0.254156962445635
2025-10-17,510500.SH,38400,7.052,270796.8,7.201792767752512,0.24683973675168125
2025-10-17,588000.SH,189200,1.433,271123.60000000003,1.4279278011839849,0.24713762515350307
2025-10-20,159915.SZ,93300,2.971,277194.3,2.358444132191795,0.25068265014555785
2025-10-20,516160.SH,103500,2.667,276034.5,2.0616444308554542,0.24963377671043016
2025-10-20,510500.SH,39000,7.098,276822.0,7.200594253376834,0.2503459579745818
2025-10-20,588000.SH,190800,1.437,274179.60000000003,1.4281955177359011,0.24795628461281133
2025-10-21,159915.SZ,93300,3.062,285684.6,2.358444132191795,0.25256921091420864
2025-10-21,516160.SH,103500,2.711,280588.5,2.0616444308554542,0.2480638299600379
2025-10-21,510500.SH,39000,7.218,281502.0,7.200594253376834,0.24887144078039758
2025-10-21,588000.SH,190800,1.477,281811.60000000003,1.4281955177359011,0.2491451532160663
2025-10-22,159915.SZ,93300,3.039,283538.7,2.358444132191795,0.2526062068058274
2025-10-22,516160.SH,103500,2.671,276448.5,2.0616444308554542,0.24628950814178374
2025-10-22,510500.SH,39000,7.162,279318.0,7.200594253376834,0.24884596167151116
2025-10-22,588000.SH,190800,1.476,281620.8,1.4281955177359011,0.2508975390153886
2025-10-23,159915.SZ,93300,3.038,283445.39999999997,2.358444132191795,0.25150296041772136
2025-10-23,516160.SH,103500,2.712,280692.0,2.0616444308554542,0.24905985055877092
2025-10-23,510500.SH,39000,7.187,280293.0,7.200594253376834,0.2487058152447151
2025-10-23,588000.SH,190800,1.473,281048.4,1.4281955177359011,0.24937608661373206
2025-10-24,159915.SZ,93300,3.147,293615.1,2.358444132191795,0.253342723050706
2025-10-24,516160.SH,103500,2.763,285970.5,2.0616444308554542,0.24674665976706214
2025-10-24,510500.SH,39000,7.307,284973.0,7.200594253376834,0.2458859773081454
2025-10-24,588000.SH,190800,1.535,292878.0,1.4281955177359011,0.2527067240126433
2025-10-27,159915.SZ,91500,3.209,293623.5,2.358444132191795,0.24966083378850135
2025-10-27,516160.SH,105100,2.789,293123.9,2.0728471264846764,0.24923603620737883
2025-10-27,510500.SH,39800,7.416,295156.8,7.204219203057701,0.250964561032567
2025-10-27,588000.SH,188000,1.558,292904.0,1.4281955177359011,0.2490490606507558
2025-10-28,159915.SZ,91500,3.205,293257.5,2.358444132191795,0.25075571964106225
2025-10-28,516160.SH,105100,2.767,290811.7,2.0728471264846764,0.2486643891922311
2025-10-28,510500.SH,39800,7.379,293684.19999999995,7.204219203057701,0.2511205780524271
2025-10-28,588000.SH,188000,1.545,290460.0,1.4281955177359011,0.24836366103831256
2025-10-29,159915.SZ,91500,3.3,301950.0,2.358444132191795,0.25032768524876925
2025-10-29,516160.SH,105100,2.94,308994.0,2.0728471264846764,0.2561674210159239
2025-10-29,510500.SH,39800,7.532,299773.6,7.204219203057701,0.24852336938794653
2025-10-29,588000.SH,188000,1.565,294220.0,1.4281955177359011,0.24391923018345055
2025-10-30,159915.SZ,91500,3.239,296368.5,2.358444132191795,0.24824196454329678
2025-10-30,516160.SH,105100,2.966,311726.60000000003,2.0728471264846764,0.26110610130429673
2025-10-30,510500.SH,39800,7.435,295913.0,7.204219203057701,0.24786043204288102
2025-10-30,588000.SH,188000,1.535,288580.0,1.4281955177359011,0.24171821947307015
2025-10-31,159915.SZ,91500,3.166,289689.0,2.358444132191795,0.24721135106379613
2025-10-31,516160.SH,105100,2.927,307627.7,2.0728471264846764,0.26251966537096044
2025-10-31,510500.SH,39800,7.374,293485.2,7.204219203057701,0.25045090703902606
2025-10-31,588000.SH,188000,1.488,279744.0,1.4281955177359011,0.23872460532498846
2025-11-03,159915.SZ,92500,3.176,293780.0,2.3670942064383698,0.25045276608150063
2025-11-03,516160.SH,99700,2.963,295411.10000000003,2.0728471264846764,0.25184330834699026
2025-11-03,510500.SH,39600,7.377,292129.2,7.204219203057701,0.24904542920953066
2025-11-03,588000.SH,197800,1.47,290766.0,1.4305266932980252,0.2478832765418123
2025-11-04,159915.SZ,92500,3.112,287860.0,2.3670942064383698,0.2501945101390558
2025-11-04,516160.SH,99700,2.877,286836.89999999997,2.0728471264846764,0.24930527925139073
2025-11-04,510500.SH,39600,7.251,287139.60000000003,7.204219203057701,0.2495683719986259
2025-11-04,588000.SH,197800,1.455,287799.0,1.4305266932980252,0.25014149177902495
2025-11-05,159915.SZ,92500,3.142,290635.0,2.3670942064383698,0.2494396802435082
2025-11-05,516160.SH,99700,2.979,297006.3,2.0728471264846764,0.25490789651042534
2025-11-05,510500.SH,39600,7.268,287812.8,7.204219203057701,0.2470175058130947
2025-11-05,588000.SH,197800,1.46,288788.0,1.4305266932980252,0.24785447856645706
2025-11-06,159915.SZ,92500,3.201,296092.5,2.3670942064383698,0.24884266959811305
2025-11-06,516160.SH,99700,3.027,301791.9,2.0728471264846764,0.25363257110222914
2025-11-06,510500.SH,39600,7.389,292604.4,7.204219203057701,0.24591119340123144
2025-11-06,588000.SH,197800,1.509,298480.19999999995,1.4305266932980252,0.2508493453572066
2025-11-07,159915.SZ,92500,3.185,294612.5,2.3670942064383698,0.24774125868355823
2025-11-07,516160.SH,99700,3.083,307375.10000000003,2.0728471264846764,0.25847339865750635
2025-11-07,510500.SH,39600,7.378,292168.8,7.204219203057701,0.2456863380205008
2025-11-07,588000.SH,197800,1.487,294128.60000000003,1.4305266932980252,0.2473343445333543
2025-11-10,159915.SZ,93300,3.158,294641.39999999997,2.3743032593306452,0.24899976576570426
2025-11-10,516160.SH,96000,3.063,294048.0,2.0728471264846764,0.24849828681194772
2025-11-10,510500.SH,40200,7.386,296917.2,7.207515033360322,0.25092303135882726
2025-11-10,588000.SH,200300,1.478,296043.4,1.4313157448045402,0.25018458796517634
2025-11-11,159915.SZ,93300,3.113,290442.9,2.3743032593306452,0.24815264904207626
2025-11-11,516160.SH,96000,3.039,291744.0,2.0728471264846764,0.2492643009766515
2025-11-11,510500.SH,40200,7.332,294746.39999999997,7.207515033360322,0.2518295332942049
2025-11-11,588000.SH,200300,1.457,291837.10000000003,1.4313157448045402,0.24934384505098015
2025-11-12,159915.SZ,93300,3.108,289976.4,2.3743032593306452,0.2501228702859407
2025-11-12,516160.SH,96000,2.961,284256.0,2.0728471264846764,0.24518866575349013
2025-11-12,510500.SH,40200,7.294,293218.8,7.207515033360322,0.2529196440737908
2025-11-12,588000.SH,200300,1.449,290234.7,1.4313157448045402,0.2503456702703355
2025-11-13,159915.SZ,93300,3.182,296880.6,2.3743032593306452,0.24992562178881544
2025-11-13,516160.SH,96000,3.099,297504.0,2.0728471264846764,0.25045042412559043
2025-11-13,510500.SH,40200,7.403,297600.6,7.207515033360322,0.25053174575814163
2025-11-13,588000.SH,200300,1.469,294240.7,1.4313157448045402,0.247703251418504
2025-11-14,159915.SZ,93300,3.093,288576.9,2.3743032593306452,0.24829216461631023
2025-11-14,516160.SH,96000,3.051,292896.0,2.0728471264846764,0.2520083272342963
2025-11-14,510500.SH,40200,7.276,292495.2,7.207515033360322,0.2516634780811651
2025-11-14,588000.SH,200300,1.431,286629.3,1.4313157448045402,0.2466164455278914
2025-11-17,159915.SZ,94200,3.084,290512.8,2.381056023307316,0.2502870575039182
2025-11-17,516160.SH,95100,3.064,291386.4,2.0728471264846764,0.2510396948177833
2025-11-17,510500.SH,39800,7.274,289505.2,7.207515033360322,0.2494189744482286
2025-11-17,588000.SH,202500,1.422,287955.0,1.4313339095523425,0.24808342229168825
2025-11-18,159915.SZ,94200,3.051,287404.2,2.381056023307316,0.25058610303071766
2025-11-18,516160.SH,95100,2.972,282637.2,2.0728471264846764,0.2464297825832523
2025-11-18,510500.SH,39800,7.2,286560.0,7.207515033360322,0.24985004980610045
2025-11-18,588000.SH,202500,1.427,288967.5,1.4313339095523425,0.25194913549464104
2025-11-19,159915.SZ,94200,3.057,287969.4,2.381056023307316,0.2515485137021648
2025-11-19,516160.SH,95100,2.988,284158.8,2.0728471264846764,0.24821985876065547
2025-11-19,510500.SH,39800,7.165,285167.0,7.207515033360322,0.24910054681818702
2025-11-19,588000.SH,202500,1.413,286132.5,1.4313339095523425,0.24994393535175843
2025-11-20,159915.SZ,94200,3.026,285049.19999999995,2.381056023307316,0.2518801756367805
2025-11-20,516160.SH,95100,2.941,279689.1,2.0728471264846764,0.24714379002534675
2025-11-20,510500.SH,39800,7.108,282898.39999999997,7.207515033360322,0.24997964800239464
2025-11-20,588000.SH,202500,1.396,282690.0,1.4313339095523425,0.24979549793776476
2025-11-21,159915.SZ,94200,2.904,273556.8,2.381056023307316,0.2523592935776617
2025-11-21,516160.SH,95100,2.76,262476.0,2.0728471264846764,0.24213712816164806
2025-11-21,510500.SH,39800,6.86,273028.0,7.207515033360322,0.25187146949709094
2025-11-21,588000.SH,202500,1.351,273577.5,1.4313339095523425,0.25237838956568703
2025-11-24,159915.SZ,93100,2.908,270734.8,2.381056023307316,0.2495019006740237
2025-11-24,516160.SH,98200,2.73,268086.0,2.0950443979500277,0.24706083792736036
2025-11-24,510500.SH,39400,6.908,272175.2,7.207515033360322,0.25082933452342493
2025-11-24,588000.SH,200600,1.36,272816.0,1.4313339095523425,0.2514198785464021
2025-11-25,159915.SZ,93100,2.961,275669.1,2.381056023307316,0.25052740871766016
2025-11-25,516160.SH,98200,2.783,273290.6,2.0950443979500277,0.24836583369298398
2025-11-25,510500.SH,39400,6.992,275484.8,7.207515033360322,0.2503599173251658
2025-11-25,588000.SH,200600,1.369,274621.4,1.4313339095523425,0.24957526150161932
2025-11-26,159915.SZ,93100,3.027,281813.7,2.381056023307316,0.2538564732458143
2025-11-26,516160.SH,98200,2.789,273879.8,2.0950443979500277,0.24670965294188663
2025-11-26,510500.SH,39400,7.003,275918.2,7.207515033360322,0.24854583420299733
2025-11-26,588000.SH,200600,1.382,277229.19999999995,1.4313339095523425,0.24972677691949852
2025-11-27,159915.SZ,93100,3.012,280417.2,2.381056023307316,0.2532788859327315
2025-11-27,516160.SH,98200,2.785,273487.0,2.0950443979500277,0.24701937925735276
2025-11-27,510500.SH,39400,6.988,275327.2,7.207515033360322,0.24868148773676635
2025-11-27,588000.SH,200600,1.379,276627.4,1.4313339095523425,0.24985585652544884
2025-11-28,159915.SZ,93100,3.035,282558.5,2.381056023307316,0.25233676808623723
2025-11-28,516160.SH,98200,2.829,277807.80000000005,2.0950443979500277,0.24809419076455952
2025-11-28,510500.SH,39400,7.073,278676.2,7.207515033360322,0.248869708929492
2025-11-28,588000.SH,200600,1.393,279435.8,1.4313339095523425,0.2495480640631663
2025-12-01,159915.SZ,92100,3.073,283023.3,2.381056023307316,0.2507466890214327
2025-12-01,516160.SH,98800,2.834,279999.2,2.0996094228612625,0.24806746415807443
2025-12-01,588000.SH,201000,1.404,282204.0,1.431287866946268,0.25002082382830104
2025-12-01,510300.SH,62000,4.564,282968.0,4.526619078449999,0.25069769555728016
2025-12-02,159915.SZ,92100,3.052,281089.2,2.381056023307316,0.25130635988229766
2025-12-02,516160.SH,98800,2.798,276442.4,2.0996094228612625,0.24715191213723645
2025-12-02,588000.SH,201000,1.387,278787.0,1.431287866946268,0.24924808976120788
2025-12-02,510300.SH,62000,4.543,281666.0,4.526619078449999,0.25182204496866917
2025-12-03,159915.SZ,92100,3.019,278049.9,2.381056023307316,0.25087945829141334
2025-12-03,516160.SH,98800,2.763,272984.39999999997,2.0996094228612625,0.24630894812048656
2025-12-03,588000.SH,201000,1.375,276375.0,1.431287866946268,0.24936822593818359
2025-12-03,510300.SH,62000,4.522,280364.0,4.526619078449999,0.25296742938736466
2025-12-04,159915.SZ,92100,3.051,280997.10000000003,2.381056023307316,0.25176529099549166
2025-12-04,516160.SH,98800,2.766,273280.8,2.0996094228612625,0.24485170891614452
2025-12-04,588000.SH,201000,1.394,280194.0,1.431287866946268,0.2510457365758963
2025-12-04,510300.SH,62000,4.534,281108.0,4.526619078449999,0.25186465419451187
2025-12-05,159915.SZ,92100,3.089,284496.9,2.381056023307316,0.25292732502152165
2025-12-05,516160.SH,98800,2.793,275948.4,2.0996094228612625,0.24532742063610838
2025-12-05,588000.SH,201000,1.394,280194.0,1.431287866946268,0.24910190201397706
2025-12-05,510300.SH,62000,4.575,283650.0,4.526619078449999,0.2521744024007102
2025-12-08,159915.SZ,90800,3.171,287926.8,2.381056023307316,0.2515228684017923
2025-12-08,516160.SH,100900,2.844,286959.6,2.1140568927521577,0.2506779560201793
2025-12-08,588000.SH,201500,1.42,286130.0,1.4312293325369723,0.24995324622718287
2025-12-08,510300.SH,61300,4.609,282531.7,4.526619078449999,0.24680989612094
2025-12-09,159915.SZ,90800,3.188,289470.4,2.381056023307316,0.2534132915093001
2025-12-09,516160.SH,100900,2.831,285647.9,2.1140568927521577,0.25006693102893907
2025-12-09,588000.SH,201500,1.414,284921.0,1.4312293325369723,0.24943057538912886
2025-12-09,510300.SH,61300,4.585,281060.5,4.526619078449999,0.24605094827743917
2025-12-10,159915.SZ,90800,3.192,289833.60000000003,2.381056023307316,0.2540914495465315
2025-12-10,516160.SH,100900,2.813,283831.7,2.1140568927521577,0.24882970118114758
2025-12-10,588000.SH,201500,1.415,285122.5,1.4312293325369723,0.2499613203000995
2025-12-10,510300.SH,61300,4.579,280692.7,4.526619078449999,0.246077801262965
2025-12-11,159915.SZ,90800,3.146,285656.8,2.381056023307316,0.25295783095875574
2025-12-11,516160.SH,100900,2.808,283327.2,2.1140568927521577,0.25089489892632555
2025-12-11,588000.SH,201500,1.392,280488.0,1.4312293325369723,0.24838070051180117
2025-12-11,510300.SH,61300,4.545,278608.5,4.526619078449999,0.24671634579212715
2025-12-12,159915.SZ,90800,3.174,288199.2,2.381056023307316,0.2529509898769001
2025-12-12,516160.SH,100900,2.815,284033.5,2.1140568927521577,0.24929477591610422
2025-12-12,588000.SH,201500,1.418,285727.0,1.4312293325369723,0.2507811523576645
2025-12-12,510300.SH,61300,4.571,280202.3,4.526619078449999,0.24593215092472193
2025-12-15,159915.SZ,90000,3.12,280800.0,2.381056023307316,0.2502669080087924
2025-12-15,516160.SH,100700,2.766,278536.2,2.1140568927521577,0.24824926475255912
2025-12-15,588000.SH,201200,1.389,279466.8,1.4312293325369723,0.24907867495410108
2025-12-15,510300.SH,62100,4.544,282182.39999999997,4.527042993703461,0.2514989912482203
2025-12-16,159915.SZ,90000,3.06,275400.0,2.381056023307316,0.24999886197891716
2025-12-16,516160.SH,100700,2.702,272091.4,2.1140568927521577,0.2469954261229134
2025-12-16,588000.SH,201200,1.361,273833.2,1.4312293325369723,0.24857657360945978
2025-12-16,510300.SH,62100,4.497,279263.7,4.527042993703461,0.2535061989543273
2025-12-17,159915.SZ,90000,3.164,284760.0,2.381056023307316,0.25189625115689984
2025-12-17,516160.SH,100700,2.777,279643.9,2.1140568927521577,0.24737059302182535
2025-12-17,588000.SH,201200,1.396,280875.19999999995,1.4312293325369723,0.24845979043034294
2025-12-17,510300.SH,62100,4.576,284169.6,4.527042993703461,0.2513739883858539
2025-12-18,159915.SZ,90000,3.092,278280.0,2.381056023307316,0.2501398172187192
2025-12-18,516160.SH,100700,2.722,274105.4,2.1140568927521577,0.24638736040917034
2025-12-18,588000.SH,201200,1.376,276851.19999999995,1.4312293325369723,0.24885550008905802
2025-12-18,510300.SH,62100,4.545,282244.5,4.527042993703461,0.2537034197246974
2025-12-19,159915.SZ,90000,3.107,279630.0,2.381056023307316,0.2500916692891846
2025-12-19,516160.SH,100700,2.744,276320.80000000005,2.1140568927521577,0.24713203208283419
2025-12-19,588000.SH,201200,1.38,277656.0,1.4312293325369723,0.24832619006600803
2025-12-19,510300.SH,62100,4.565,283486.5,4.527042993703461,0.25354079321227485
2025-12-22,159915.SZ,89500,3.175,284162.5,2.381056023307316,0.2501434173237358
2025-12-22,516160.SH,102000,2.785,284070.0,2.12224134558963,0.25006199114645183
2025-12-22,588000.SH,202600,1.405,284653.0,1.430939344553005,0.25057519613409
2025-12-22,510300.SH,61200,4.607,281948.4,4.527042993703461,0.2481943827386076
2025-12-23,159915.SZ,89500,3.185,285057.5,2.381056023307316,0.24934825801168192
2025-12-23,516160.SH,102000,2.831,288762.0,2.12224134558963,0.25258869414054813
2025-12-23,588000.SH,202600,1.41,285666.0,1.430939344553005,0.24988053102677574
2025-12-23,510300.SH,61200,4.617,282560.4,4.527042993703461,0.24716397050799946
2025-12-24,159915.SZ,89500,3.212,287474.0,2.381056023307316,0.24959778288746595
2025-12-24,516160.SH,102000,2.855,291210.0,2.12224134558963,0.25284154516463736
2025-12-24,588000.SH,202600,1.423,288299.8,1.430939344553005,0.25031477937796065
2025-12-24,510300.SH,61200,4.634,283600.80000000005,4.527042993703461,0.24623489743459118
2025-12-25,159915.SZ,89500,3.222,288369.0,2.381056023307316,0.2501048982260605
2025-12-25,516160.SH,102000,2.855,291210.0,2.12224134558963,0.25256892180647394
2025-12-25,588000.SH,202600,1.422,288097.2,1.430939344553005,0.2498691637631403
2025-12-25,510300.SH,61200,4.643,284151.6,4.527042993703461,0.24644711116233803
2025-12-26,159915.SZ,89500,3.226,288727.0,2.381056023307316,0.24864793371518704
2025-12-26,516160.SH,102000,2.927,298554.0,2.12224134558963,0.257110818186051
2025-12-26,588000.SH,202600,1.419,287489.4,1.430939344553005,0.24758212870642127
2025-12-26,510300.SH,61200,4.661,285253.19999999995,4.527042993703461,0.24565634237755726
2025-12-29,159915.SZ,90100,3.205,288770.5,2.386689003174304,0.2507201093635478
2025-12-29,516160.SH,99000,2.881,285219.0,2.12224134558963,0.24763657947249373
2025-12-29,510300.SH,62200,4.64,288608.0,4.529250156184112,0.25057902148313216
2025-12-29,510500.SH,38500,7.486,288211.0,7.523014727550001,0.2502343329383628
2025-12-30,159915.SZ,90100,3.229,290932.9,2.386689003174304,0.25156057252200026
2025-12-30,516160.SH,99000,2.888,285912.0,2.12224134558963,0.2472191574445865
2025-12-30,510300.SH,62200,4.65,289230.0,4.529250156184112,0.2500881281922331
2025-12-30,510500.SH,38500,7.519,289481.5,7.523014727550001,0.25030559237036243
2025-12-31,159915.SZ,90100,3.186,287058.6,2.386689003174304,0.24987854320198202
2025-12-31,516160.SH,99000,2.859,283041.0,2.12224134558963,0.24638130592998156
2025-12-31,510300.SH,62200,4.63,287986.0,4.529250156184112,0.25068582562085234
2025-12-31,510500.SH,38500,7.526,289751.0,7.523014727550001,0.25222222142558176
