date,symbol,quantity,close,market_value,avg_cost,weight
2023-07-10,510880.SH,43900,2.55,111944.99999999999,2.5460355815999995,0.11193983793147624
2023-07-10,512100.SH,50600,2.548,128928.8,2.5560435830999997,0.12892285476528398
2023-07-10,512660.SH,89500,1.106,98987.00000000001,1.1028817653,0.09898243545779661
2023-07-11,510880.SH,43900,2.548,111857.2,2.5460355815999995,0.11168320709343842
2023-07-11,512100.SH,50600,2.569,129991.4,2.5560435830999997,0.12978919950227602
2023-07-11,512660.SH,89500,1.112,99524.00000000001,1.1028817653,0.09936919127930403
2023-07-12,510880.SH,43900,2.53,111066.99999999999,2.5460355815999995,0.11139506798070584
2023-07-12,512100.SH,50600,2.531,128068.6,2.5560435830999997,0.12844688704290047
2023-07-12,512660.SH,89500,1.092,97734.00000000001,1.1028817653,0.09802268517225014
2023-07-13,510880.SH,43900,2.561,112427.9,2.5460355815999995,0.11239335987186375
2023-07-13,512100.SH,50600,2.556,129333.6,2.5560435830999997,0.1292938660983944
2023-07-13,512660.SH,89500,1.099,98360.5,1.1028817653,0.09833028166208259
2023-07-14,510880.SH,43900,2.576,113086.40000000001,2.5460355815999995,0.11304496736125634
2023-07-14,512100.SH,50600,2.553,129181.8,2.5560435830999997,0.12913447032241138
2023-07-14,512660.SH,89500,1.094,97913.00000000001,1.1028817653,0.09787712659738654
2023-07-17,510880.SH,43900,2.559,112340.1,2.5460355815999995,0.11238366950015974
2023-07-17,512100.SH,50600,2.544,128726.40000000001,2.5560435830999997,0.1287763246921212
2023-07-17,512660.SH,89500,1.099,98360.5,1.1028817653,0.09839864771235259
2023-07-18,510880.SH,43900,2.552,112032.8,2.5460355815999995,0.11211202792561414
2023-07-18,512100.SH,50600,2.542,128625.2,2.5560435830999997,0.1287161618234812
2023-07-18,512660.SH,89500,1.1,98450.00000000001,1.1028817653,0.09851962237199029
2023-07-19,510880.SH,43900,2.571,112866.90000000001,2.5460355815999995,0.11297780865753848
2023-07-19,512100.SH,50600,2.536,128321.6,2.5560435830999997,0.12844769521825433
2023-07-19,512660.SH,89500,1.091,97644.5,1.1028817653,0.09774045036641402
2023-07-20,510880.SH,43900,2.562,112471.79999999999,2.5460355815999995,0.11302858847170495
2023-07-20,512100.SH,50600,2.503,126651.8,2.5560435830999997,0.127278786161515
2023-07-20,512660.SH,89500,1.07,95765.0,1.1028817653,0.09623908192980664
2023-07-21,510880.SH,43900,2.562,112471.79999999999,2.5460355815999995,0.11307634973757084
2023-07-21,512100.SH,50600,2.5,126500.0,2.5560435830999997,0.12717995303536278
2023-07-21,512660.SH,89500,1.067,95496.5,1.1028817653,0.09600980541534798
2023-07-24,510880.SH,43400,2.56,111104.0,2.5460355815999995,0.11164218082797459
2023-07-24,512660.SH,92000,1.075,98900.0,1.101921187438587,0.09937906541516675
2023-07-24,512880.SH,127900,0.898,114854.2,0.89571613425,0.1154105465622512
2023-07-25,510880.SH,43400,2.602,112926.79999999999,2.5460355815999995,0.11243734750319673
2023-07-25,512660.SH,92000,1.084,99728.0,1.101921187438587,0.09929575434528211
2023-07-25,512880.SH,127900,0.949,121377.09999999999,0.89571613425,0.12085102182679629
2023-07-26,510880.SH,43400,2.609,113230.6,2.5460355815999995,0.11283149096558352
2023-07-26,512660.SH,92000,1.076,98992.0,1.101921187438587,0.09864307840517532
2023-07-26,512880.SH,127900,0.946,120993.4,0.89571613425,0.1205669290721345
2023-07-27,510880.SH,43400,2.618,113621.2,2.5460355815999995,0.11335223632222992
2023-07-27,512660.SH,92000,1.073,98716.0,1.101921187438587,0.09848231985567174
2023-07-27,512880.SH,127900,0.936,119714.40000000001,0.89571613425,0.11943101252208183
2023-07-28,510880.SH,43400,2.67,115878.0,2.5460355815999995,0.11418739699143013
2023-07-28,512660.SH,92000,1.071,98532.0,1.101921187438587,0.09709446659727984
2023-07-28,512880.SH,127900,1.017,130074.29999999999,0.89571613425,0.12817657995894285
2023-07-31,510880.SH,43400,2.69,116746.0,2.5460355815999995,0.11492943532600414
2023-07-31,512660.SH,92000,1.078,99176.0,1.101921187438587,0.09763282406156773
2023-07-31,512880.SH,127900,1.013,129562.69999999998,0.89571613425,0.12754670781279423
2023-08-01,510880.SH,43400,2.694,116919.59999999999,2.5460355815999995,0.11507837894623757
2023-08-01,512660.SH,92000,1.081,99452.0,1.101921187438587,0.09788585440731255
2023-08-01,512880.SH,127900,1.011,129306.9,0.89571613425,0.1272706067978615
2023-08-02,510880.SH,43400,2.655,115226.99999999999,2.5460355815999995,0.11358384911075207
2023-08-02,512660.SH,92000,1.073,98716.0,1.101921187438587,0.09730829795809144
2023-08-02,512880.SH,127900,1.018,130202.2,0.89571613425,0.12834550095626862
2023-08-03,510880.SH,43400,2.671,115921.4,2.5460355815999995,0.1136848536415382
2023-08-03,512660.SH,92000,1.072,98624.0,1.101921187438587,0.09672118353939017
2023-08-03,512880.SH,127900,1.054,134806.6,0.89571613425,0.13220568929389556
2023-08-04,510880.SH,43400,2.66,115444.0,2.5460355815999995,0.11315211376216709
2023-08-04,512660.SH,92000,1.071,98532.0,1.101921187438587,0.09657586425638273
2023-08-04,512880.SH,127900,1.063,135957.69999999998,0.89571613425,0.13325855945083837
2023-08-07,510880.SH,42700,2.632,112386.40000000001,2.5460355815999995,0.1103821628318878
2023-08-07,512880.SH,112500,1.066,119925.0,0.89571613425,0.1177863235908806
2023-08-07,510300.SH,32700,3.783,123704.09999999999,3.7990373693999993,0.12149802920257372
2023-08-08,510880.SH,42700,2.627,112172.9,2.5460355815999995,0.11033409885033173
2023-08-08,512880.SH,112500,1.059,119137.5,0.89571613425,0.11718453121726725
2023-08-08,510300.SH,32700,3.768,123213.59999999999,3.7990373693999993,0.12119381349778095
2023-08-09,510880.SH,42700,2.617,111745.9,2.5460355815999995,0.11006171843507959
2023-08-09,512880.SH,112500,1.053,118462.5,0.89571613425,0.11667708900385262
2023-08-09,510300.SH,32700,3.76,122952.0,3.7990373693999993,0.12109892537471088
2023-08-10,510880.SH,42700,2.638,112642.59999999999,2.5460355815999995,0.11057215238919717
2023-08-10,512880.SH,112500,1.074,120825.00000000001,0.89571613425,0.11860415431128853
2023-08-10,510300.SH,32700,3.765,123115.5,3.7990373693999993,0.12085255336322319
2023-08-11,510880.SH,42700,2.596,110849.2,2.5460355815999995,0.10991084105077954
2023-08-11,512880.SH,112500,1.027,115537.49999999999,0.89571613425,0.11455945372546161
2023-08-11,510300.SH,32700,3.67,120009.0,3.7990373693999993,0.11899310165218153
2023-08-14,510880.SH,42700,2.59,110593.0,2.5460355815999995,0.10990353601310321
2023-08-14,512880.SH,112500,1.017,114412.49999999999,0.89571613425,0.11369922430984934
2023-08-14,510300.SH,32700,3.643,119126.09999999999,3.7990373693999993,0.11838343856709314
2023-08-15,510880.SH,42700,2.614,111617.79999999999,2.5460355815999995,0.11058878727944808
2023-08-15,512880.SH,112500,1.036,116550.0,0.89571613425,0.1154755169643164
2023-08-15,510300.SH,32700,3.639,118995.29999999999,3.7990373693999993,0.11789827356348279
2023-08-16,510880.SH,42700,2.613,111575.1,2.5460355815999995,0.11063402970472924
2023-08-16,512880.SH,112500,1.038,116775.0,0.89571613425,0.11579007160889622
2023-08-16,510300.SH,32700,3.609,118014.3,3.7990373693999993,0.1170189188428496
2023-08-17,510880.SH,42700,2.612,111532.40000000001,2.5460355815999995,0.11054977217948624
2023-08-17,512880.SH,112500,1.038,116775.0,0.89571613425,0.1157461835866484
2023-08-17,510300.SH,32700,3.622,118439.4,3.7990373693999993,0.11739591981410818
2023-08-18,510880.SH,42700,2.613,111575.1,2.5460355815999995,0.11097762357358931
2023-08-18,512880.SH,112500,1.021,114862.49999999999,0.89571613425,0.1142474197891949
2023-08-18,510300.SH,32700,3.572,116804.40000000001,3.7990373693999993,0.11617892105800448
2023-08-21,510880.SH,42900,2.588,111025.2,2.5464704110564096,0.1112010693878141
2023-08-21,512880.SH,114500,0.985,112782.5,0.897764848062227,0.11296115303760898
2023-08-21,510300.SH,34400,3.52,121088.0,3.7876061200401154,0.121279809358881
2023-08-22,510880.SH,42900,2.606,111797.4,2.5464704110564096,0.11155673241772038
2023-08-22,512880.SH,114500,1.004,114958.0,0.897764848062227,0.11471052855680275
2023-08-22,510300.SH,34400,3.543,121879.20000000001,3.7876061200401154,0.12161682920788701
2023-08-23,510880.SH,42900,2.612,112054.8,2.5464704110564096,0.1123433813906555
2023-08-23,512880.SH,114500,0.977,111866.5,0.897764848062227,0.11215459645046676
2023-08-23,510300.SH,34400,3.488,119987.2,3.7876061200401154,0.12029621017213772
2023-08-24,510880.SH,42900,2.596,111368.40000000001,2.5464704110564096,0.11145159237615826
2023-08-24,512880.SH,114500,0.992,113584.0,0.897764848062227,0.11366884743296625
2023-08-24,510300.SH,34400,3.511,120778.40000000001,3.7876061200401154,0.120868621661482
2023-08-25,510880.SH,42900,2.599,111497.1,2.5464704110564096,0.1115162299438903
2023-08-25,512880.SH,114500,0.998,114271.0,0.897764848062227,0.11429060587152748
2023-08-25,510300.SH,34400,3.504,120537.6,3.7876061200401154,0.12055828105380921
2023-08-28,510880.SH,42900,2.641,113298.9,2.5464704110564096,0.11258780041024882
2023-08-28,512880.SH,114500,1.023,117133.49999999999,0.897764848062227,0.11639833325260775
2023-08-28,510300.SH,34400,3.557,122360.8,3.7876061200401154,0.12159282507101458
2023-08-29,510880.SH,42900,2.641,113298.9,2.5464704110564096,0.11259280172043083
2023-08-29,512880.SH,114500,1.016,116332.0,0.897764848062227,0.11560699891826982
2023-08-29,510300.SH,34400,3.579,123117.6,3.7876061200401154,0.12235030988911028
2023-08-30,510880.SH,42900,2.611,112011.90000000001,2.5464704110564096,0.11182968962797782
2023-08-30,512880.SH,114500,0.987,113011.5,0.897764848062227,0.11282766357317583
2023-08-30,510300.SH,34400,3.578,123083.2,3.7876061200401154,0.12288297988355093
2023-08-31,510880.SH,42900,2.578,110596.2,2.5464704110564096,0.11088621669385429
2023-08-31,512880.SH,114500,0.968,110836.0,0.897764848062227,0.11112664552199836
2023-08-31,510300.SH,34400,3.559,122429.6,3.7876061200401154,0.1227506474484829
2023-09-01,510880.SH,42900,2.606,111797.4,2.5464704110564096,0.1118542828281587
2023-09-01,512880.SH,114500,0.969,110950.5,0.897764848062227,0.11100695192308248
2023-09-01,510300.SH,34400,3.582,123220.79999999999,3.7876061200401154,0.12328349508586045
2023-09-04,510880.SH,42700,2.652,113240.40000000001,2.5464704110564096,0.11271316897353917
2023-09-04,512880.SH,118600,0.976,115753.59999999999,0.900424702808811,0.11521466787555909
2023-09-04,159928.SZ,127000,0.962,122174.0,0.9497593423499998,0.12160517541595732
2023-09-05,510880.SH,42700,2.628,112215.6,2.5464704110564096,0.11205396947001779
2023-09-05,512880.SH,118600,0.967,114686.2,0.900424702808811,0.11452101092390321
2023-09-05,159928.SZ,127000,0.953,121031.0,0.9497593423499998,0.12085667214652616
2023-09-06,510880.SH,42700,2.625,112087.5,2.5464704110564096,0.1120228029479593
2023-09-06,512880.SH,118600,0.964,114330.4,0.900424702808811,0.11426440834313696
2023-09-06,159928.SZ,127000,0.95,120650.0,0.9497593423499998,0.12058036066172668
2023-09-07,510880.SH,42700,2.617,111745.9,2.5464704110564096,0.1119422540272432
2023-09-07,512880.SH,118600,0.959,113737.4,0.900424702808811,0.11393725338646134
2023-09-07,159928.SZ,127000,0.939,119253.0,0.9497593423499998,0.11946254510913451
2023-09-08,510880.SH,42700,2.598,110934.59999999999,2.5464704110564096,0.11125293529239533
2023-09-08,512880.SH,118600,0.964,114330.4,0.900424702808811,0.1146584797993924
2023-09-08,159928.SZ,127000,0.932,118364.0,0.9497593423499998,0.11870365452211556
2023-09-11,510880.SH,42700,2.619,111831.3,2.5464704110564096,0.11172434241401513
2023-09-11,512880.SH,118600,0.979,116109.4,0.900424702808811,0.11599835075766667
2023-09-11,159928.SZ,127000,0.941,119507.0,0.9497593423499998,0.11939270122829392
2023-09-12,510880.SH,42700,2.614,111617.79999999999,2.5464704110564096,0.11166623694260802
2023-09-12,512880.SH,118600,0.968,114804.8,0.900424702808811,0.11485461995263055
2023-09-12,159928.SZ,127000,0.942,119634.0,0.9497593423499998,0.11968591560120312
2023-09-13,510880.SH,42700,2.629,112258.3,2.5464704110564096,0.11242456078568051
2023-09-13,512880.SH,118600,0.957,113500.2,0.900424702808811,0.11366830010865027
2023-09-13,159928.SZ,127000,0.939,119253.0,0.9497593423499998,0.11942962032539917
2023-09-14,510880.SH,42700,2.667,113880.9,2.5464704110564096,0.11383944711099356
2023-09-14,512880.SH,118600,0.961,113974.59999999999,0.900424702808811,0.11393311300399493
2023-09-14,159928.SZ,127000,0.937,118999.0,0.9497593423499998,0.11895568411174413
2023-09-15,510880.SH,42700,2.669,113966.3,2.5464704110564096,0.11408504717077286
2023-09-15,512880.SH,118600,0.957,113500.2,0.900424702808811,0.11361846151794129
2023-09-15,159928.SZ,127000,0.929,117983.0,0.9497593423499998,0.11810593237079114
2023-09-18,510880.SH,41700,2.671,111380.7,2.5464704110564096,0.11142775572779225
2023-09-18,512880.SH,120900,0.955,115459.5,0.9014372489919354,0.11550827892492173
2023-09-18,159928.SZ,129600,0.935,121176.0,0.9493506294633486,0.12122719401180775
2023-09-19,510880.SH,41700,2.692,112256.40000000001,2.5464704110564096,0.11222103893566018
2023-09-19,512880.SH,120900,0.956,115580.4,0.9014372489919354,0.1155439918668261
2023-09-19,159928.SZ,129600,0.933,120916.8,0.9493506294633486,0.12087871088664374
2023-09-20,510880.SH,41700,2.7,112590.00000000001,2.5464704110564096,0.11260059550033831
2023-09-20,512880.SH,120900,0.952,115096.79999999999,0.9014372489919354,0.11510763140761467
2023-09-20,159928.SZ,129600,0.931,120657.6,0.9493506294633486,0.12066895471748484
2023-09-21,510880.SH,41700,2.681,111797.7,2.5464704110564096,0.11223946308776062
2023-09-21,512880.SH,120900,0.945,114250.5,0.9014372489919354,0.11470195520577074
2023-09-21,159928.SZ,129600,0.914,118454.40000000001,0.9493506294633486,0.11892246670891113
2023-09-22,510880.SH,41700,2.695,112381.5,2.5464704110564096,0.11210272273435964
2023-09-22,512880.SH,120900,0.974,117756.59999999999,0.9014372489919354,0.11746448908353149
2023-09-22,159928.SZ,129600,0.932,120787.20000000001,0.9493506294633486,0.1204875712769419
2023-09-25,510880.SH,41700,2.689,112131.3,2.5464704110564096,0.11227872174657155
2023-09-25,512880.SH,120900,0.95,114855.0,0.9014372489919354,0.11500600266118804
2023-09-25,159928.SZ,129600,0.927,120139.20000000001,0.9493506294633486,0.12029714992741286
2023-09-26,510880.SH,41700,2.676,111589.20000000001,2.5464704110564096,0.11185663782109331
2023-09-26,512880.SH,120900,0.952,115096.79999999999,0.9014372489919354,0.11537264423409084
2023-09-26,159928.SZ,129600,0.921,119361.6,0.9493506294633486,0.11964766537394489
2023-09-27,510880.SH,41700,2.665,111130.5,2.5464704110564096,0.11139114392428699
2023-09-27,512880.SH,120900,0.953,115217.7,0.9014372489919354,0.11548792998614531
2023-09-27,159928.SZ,129600,0.924,119750.40000000001,0.9493506294633486,0.12003126091748834
2023-09-28,510880.SH,41700,2.661,110963.7,2.5464704110564096,0.11151199310528644
2023-09-28,512880.SH,120900,0.947,114492.29999999999,0.9014372489919354,0.11505802860041964
2023-09-28,159928.SZ,129600,0.911,118065.6,0.9493506294633486,0.11864898496689914
2023-10-09,510880.SH,41700,2.656,110755.20000000001,2.5464704110564096,0.11159027444602651
2023-10-09,512880.SH,120900,0.935,113041.5,0.9014372489919354,0.11389381274008357
2023-10-09,159928.SZ,129600,0.904,117158.40000000001,0.9493506294633486,0.11804175343150797
2023-10-10,510880.SH,41700,2.627,109545.9,2.5464704110564096,0.11060480809991179
2023-10-10,512880.SH,120900,0.932,112678.8,0.9014372489919354,0.1137679917817859
2023-10-10,159928.SZ,129600,0.9,116640.0,0.9493506294633486,0.11776748209448012
2023-10-11,510880.SH,41700,2.618,109170.59999999999,2.5464704110564096,0.11028016157843587
2023-10-11,512880.SH,120900,0.93,112437.0,0.9014372489919354,0.11357975981990201
2023-10-11,159928.SZ,129600,0.901,116769.6,0.9493506294633486,0.11795639444547641
2023-10-12,510880.SH,41700,2.644,110254.8,2.5464704110564096,0.1110464275600691
2023-10-12,512880.SH,120900,0.941,113766.9,0.9014372489919354,0.11458374437742053
2023-10-12,159928.SZ,129600,0.905,117288.0,0.9493506294633486,0.11813012581461656
2023-10-13,510880.SH,41700,2.64,110088.0,2.5464704110564096,0.11127955904921953
2023-10-13,512880.SH,120900,0.931,112557.90000000001,0.9014372489919354,0.11377619249605904
2023-10-13,159928.SZ,129600,0.888,115084.8,0.9493506294633486,0.1163304428935726
2023-10-16,510880.SH,41800,2.659,111146.2,2.546821728254839,0.11251021911598796
2023-10-16,512880.SH,122500,0.929,113802.5,0.9018572032908163,0.1151991180170552
2023-10-16,512010.SH,199300,0.428,85300.4,0.43734966554999993,0.08634723179633148
2023-10-17,510880.SH,41800,2.655,110978.99999999999,2.546821728254839,0.11220171971104323
2023-10-17,512880.SH,122500,0.942,115395.0,0.9018572032908163,0.11666637333239474
2023-10-17,512010.SH,199300,0.427,85101.09999999999,0.43734966554999993,0.08603870794746268
2023-10-18,510880.SH,41800,2.632,110017.6,2.546821728254839,0.11150920433317897
2023-10-18,512880.SH,122500,0.941,115272.5,0.9018572032908163,0.11683534958494252
2023-10-18,512010.SH,199300,0.42,83706.0,0.43734966554999993,0.08484087507737924
2023-10-19,510880.SH,41800,2.587,108136.6,2.546821728254839,0.11000548461991652
2023-10-19,512880.SH,122500,0.935,114537.5,0.9018572032908163,0.11651700899282656
2023-10-19,512010.SH,199300,0.415,82709.5,0.43734966554999993,0.0841389375121003
2023-10-20,510880.SH,41800,2.564,107175.2,2.546821728254839,0.10924851984133703
2023-10-20,512880.SH,122500,0.938,114905.0,0.9018572032908163,0.11712785394726422
2023-10-20,512010.SH,199300,0.408,81314.4,0.43734966554999993,0.08288743890178339
2023-10-23,510880.SH,41800,2.534,105921.2,2.546821728254839,0.10841171113726411
2023-10-23,512880.SH,122500,0.914,111965.0,0.9018572032908163,0.11459761820564511
2023-10-23,512010.SH,199300,0.409,81513.7,0.43734966554999993,0.08343032082462817
2023-10-24,510880.SH,41800,2.555,106799.0,2.546821728254839,0.10874541383840537
2023-10-24,512880.SH,122500,0.945,115762.5,0.9018572032908163,0.11787227379908428
2023-10-24,512010.SH,199300,0.411,81912.29999999999,0.43734966554999993,0.08340515325008298
2023-10-25,510880.SH,41800,2.578,107760.4,2.546821728254839,0.1096974164783629
2023-10-25,512880.SH,122500,0.944,115640.0,0.9018572032908163,0.11771865399124248
2023-10-25,512010.SH,199300,0.408,81314.4,0.43734966554999993,0.08277604391305333
2023-10-26,510880.SH,41800,2.588,108178.40000000001,2.546821728254839,0.11000057191548152
2023-10-26,512880.SH,122500,0.943,115517.5,0.9018572032908163,0.11746329272984843
2023-10-26,512010.SH,199300,0.412,82111.59999999999,0.43734966554999993,0.08349469913490355
2023-10-27,510880.SH,41800,2.599,108638.20000000001,2.546821728254839,0.11004959854863298
2023-10-27,512880.SH,122500,0.947,116007.5,0.9018572032908163,0.11751463853074277
2023-10-27,512010.SH,199300,0.426,84901.8,0.43734966554999993,0.08600482156420419
2023-10-30,510880.SH,42400,2.558,108459.2,2.5476114655908555,0.10984466509347526
2023-10-30,512880.SH,120600,0.943,113725.79999999999,0.9018572032908163,0.11517854099502438
2023-10-30,512010.SH,204300,0.438,89483.4,0.4370770966427557,0.09062646695186286
2023-10-31,510880.SH,42400,2.566,108798.4,2.5476114655908555,0.11012346593446984
2023-10-31,512880.SH,120600,0.945,113967.0,0.9018572032908163,0.11535501479942467
2023-10-31,512010.SH,204300,0.438,89483.4,0.4370770966427557,0.09057322673495694
2023-11-01,510880.SH,42400,2.563,108671.20000000001,2.5476114655908555,0.11011753305650351
2023-11-01,512880.SH,120600,0.942,113605.2,0.9018572032908163,0.11511720093631699
2023-11-01,512010.SH,204300,0.435,88870.5,0.4370770966427557,0.09005330042824589
2023-11-02,510880.SH,42400,2.572,109052.8,2.5476114655908555,0.11060185063299542
2023-11-02,512880.SH,120600,0.935,112761.0,0.9018572032908163,0.11436272410453649
2023-11-02,512010.SH,204300,0.433,88461.9,0.4370770966427557,0.08971846528022184
2023-11-03,510880.SH,42400,2.558,108459.2,2.5476114655908555,0.10987260652885751
2023-11-03,512880.SH,120600,0.946,114087.59999999999,0.9018572032908163,0.11557435408542276
2023-11-03,512010.SH,204300,0.435,88870.5,0.4370770966427557,0.090028632688816
2023-11-06,510880.SH,42400,2.539,107653.6,2.5476114655908555,0.1084172748486024
2023-11-06,512880.SH,120600,0.984,118670.4,0.9018572032908163,0.11951222600260081
2023-11-06,512010.SH,204300,0.445,90913.5,0.4370770966427557,0.09155842365650953
2023-11-07,510880.SH,42400,2.541,107738.4,2.5476114655908555,0.10852085144403416
2023-11-07,512880.SH,120600,0.987,119032.2,0.9018572032908163,0.11989667280427928
2023-11-07,512010.SH,204300,0.442,90300.6,0.4370770966427557,0.09095640920885359
2023-11-08,510880.SH,42400,2.54,107696.0,2.5476114655908555,0.1085212442024698
2023-11-08,512880.SH,120600,0.979,118067.4,0.9018572032908163,0.11897211732794795
2023-11-08,512010.SH,204300,0.445,90913.5,0.4370770966427557,0.09161014461819601
2023-11-09,510880.SH,42400,2.565,108756.0,2.5476114655908555,0.10961583189139704
2023-11-09,512880.SH,120600,0.975,117585.0,0.9018572032908163,0.11851463453004818
2023-11-09,512010.SH,204300,0.441,90096.3,0.4370770966427557,0.09080860710983187
2023-11-10,510880.SH,42400,2.557,108416.8,2.5476114655908555,0.10933384289971236
2023-11-10,512880.SH,120600,0.975,117585.0,0.9018572032908163,0.11857959206841262
2023-11-10,512010.SH,204300,0.44,89892.0,0.4370770966427557,0.09065235098195983
2023-11-13,512880.SH,117200,0.97,113684.0,0.9018572032908163,0.1148610794018581
2023-11-13,512010.SH,197600,0.435,85956.0,0.4370770966427557,0.08684598484453498
2023-11-13,159995.SZ,97000,1.006,97582.0,1.0098073513499999,0.09859235996439356
2023-11-14,512880.SH,117200,0.983,115207.59999999999,0.9018572032908163,0.1161079302102834
2023-11-14,512010.SH,197600,0.435,85956.0,0.4370770966427557,0.08662773331928728
2023-11-14,159995.SZ,97000,1.016,98552.0,1.0098073513499999,0.09932216918053886
2023-11-15,512880.SH,117200,0.984,115324.8,0.9018572032908163,0.11614209804357391
2023-11-15,512010.SH,197600,0.44,86944.0,0.4370770966427557,0.08756016548305733
2023-11-15,159995.SZ,97000,1.012,98164.0,1.0098073513499999,0.09885968076553689
2023-11-16,512880.SH,117200,0.975,114270.0,0.9018572032908163,0.11557854006929238
2023-11-16,512010.SH,197600,0.432,85363.2,0.4370770966427557,0.08634071962582497
2023-11-16,159995.SZ,97000,0.995,96515.0,1.0098073513499999,0.09762022223495016
2023-11-17,512880.SH,117200,0.979,114738.8,0.9018572032908163,0.11589415491698705
2023-11-17,512010.SH,197600,0.435,85956.0,0.4370770966427557,0.0868215283761425
2023-11-17,159995.SZ,97000,0.998,96806.0,1.0098073513499999,0.09778078174857893
2023-11-20,512880.SH,117200,0.975,114270.0,0.9018572032908163,0.11545100052814831
2023-11-20,512010.SH,197600,0.439,86746.4,0.4370770966427557,0.08764293928603277
2023-11-20,159995.SZ,97000,0.992,96224.0,1.0098073513499999,0.09721849194732252
2023-11-21,512880.SH,117200,0.973,114035.59999999999,0.9018572032908163,0.11534322917823345
2023-11-21,512010.SH,197600,0.439,86746.4,0.4370770966427557,0.08774110800124443
2023-11-21,159995.SZ,97000,0.983,95351.0,1.0098073513499999,0.09644437566315903
2023-11-22,512880.SH,117200,0.964,112980.8,0.9018572032908163,0.1146937805752245
2023-11-22,512010.SH,197600,0.433,85560.8,0.4370770966427557,0.08685804686318975
2023-11-22,159995.SZ,97000,0.969,93993.0,1.0098073513499999,0.09541809331857339
2023-11-23,512880.SH,117200,0.967,113332.4,0.9018572032908163,0.11487313040727111
2023-11-23,512010.SH,197600,0.435,85956.0,0.4370770966427557,0.08712455394298009
2023-11-23,159995.SZ,97000,0.977,94769.0,1.0098073513499999,0.09605736484506353
2023-11-24,512880.SH,117200,0.957,112160.4,0.9018572032908163,0.113989133657843
2023-11-24,512010.SH,197600,0.434,85758.4,0.4370770966427557,0.08715665885537821
2023-11-24,159995.SZ,97000,0.964,93508.0,1.0098073513499999,0.09503261320463892
2023-11-27,512880.SH,118900,0.946,112479.4,0.9026229892824531,0.11463001937371778
2023-11-27,512010.SH,199400,0.43,85742.0,0.43707635354367363,0.08738139713708741
2023-11-27,512100.SH,50800,2.382,121005.6,2.38490675745,0.12331924132177399
2023-11-28,512880.SH,118900,0.945,112360.5,0.9026229892824531,0.11433002883671232
2023-11-28,512010.SH,199400,0.436,86938.4,0.43707635354367363,0.08846231352670761
2023-11-28,512100.SH,50800,2.391,121462.8,2.38490675745,0.12359187994524608
2023-11-29,512880.SH,118900,0.936,111290.40000000001,0.9026229892824531,0.11345179252070345
2023-11-29,512010.SH,199400,0.434,86539.6,0.43707635354367363,0.08822030241624317
2023-11-29,512100.SH,50800,2.384,121107.2,2.38490675745,0.12345924650431066
2023-11-30,512880.SH,118900,0.938,111528.2,0.9026229892824531,0.1137146365328822
2023-11-30,512010.SH,199400,0.436,86938.4,0.43707635354367363,0.08864276978154696
2023-11-30,512100.SH,50800,2.368,120294.4,2.38490675745,0.12265269208093688
2023-12-01,512880.SH,118900,0.945,112360.5,0.9026229892824531,0.11437644170206056
2023-12-01,512010.SH,199400,0.434,86539.6,0.43707635354367363,0.08809227009776247
2023-12-01,512100.SH,50800,2.391,121462.8,2.38490675745,0.12364205270685909
2023-12-04,512880.SH,118900,0.942,112003.79999999999,0.9026229892824531,0.11439859708034897
2023-12-04,512010.SH,199400,0.422,84146.8,0.43707635354367363,0.0859459756615464
2023-12-04,512100.SH,50800,2.38,120904.0,2.38490675745,0.12348909573963127
2023-12-05,512880.SH,118900,0.93,110577.0,0.9026229892824531,0.11350453130318602
2023-12-05,512010.SH,199400,0.416,82950.4,0.43707635354367363,0.08514651576197402
2023-12-05,512100.SH,50800,2.336,118668.79999999999,2.38490675745,0.12181056209077402
2023-12-06,512880.SH,118900,0.927,110220.3,0.9026229892824531,0.11309767421029372
2023-12-06,512010.SH,199400,0.417,83149.8,0.43707635354367363,0.08532048081025984
2023-12-06,512100.SH,50800,2.346,119176.8,2.38490675745,0.12228798959742745
2023-12-07,512880.SH,118900,0.932,110814.8,0.9026229892824531,0.11376654089369835
2023-12-07,512010.SH,199400,0.412,82152.79999999999,0.43707635354367363,0.08434107971797829
2023-12-07,512100.SH,50800,2.344,119075.2,2.38490675745,0.12224697071352662
2023-12-08,512880.SH,118900,0.925,109982.5,0.9026229892824531,0.11294554709847882
2023-12-08,512010.SH,199400,0.416,82950.4,0.43707635354367363,0.08518517318698572
2023-12-08,512100.SH,50800,2.339,118821.2,2.38490675745,0.12202237120358031
2023-12-11,512880.SH,121600,0.94,114304.0,0.9030823748000303,0.11693954187908286
2023-12-11,512010.SH,206300,0.419,86439.7,0.43636915485510674,0.08843276629134027
2023-12-11,510880.SH,61100,2.581,157699.1,2.5490379820499998,0.16133521581697643
2023-12-12,512880.SH,121600,0.936,113817.6,0.9030823748000303,0.11646168137547426
2023-12-12,512010.SH,206300,0.417,86027.09999999999,0.43636915485510674,0.08802558400331811
2023-12-12,510880.SH,61100,2.593,158432.3,2.5490379820499998,0.16211281947768666
2023-12-13,512880.SH,121600,0.925,112480.0,0.9030823748000303,0.1155075030536521
2023-12-13,512010.SH,206300,0.413,85201.9,0.43636915485510674,0.08749518780607184
2023-12-13,510880.SH,61100,2.571,157088.1,2.5490379820499998,0.1613162712521551
2023-12-14,512880.SH,121600,0.921,111993.6,0.9030823748000303,0.11503209750742083
2023-12-14,512010.SH,206300,0.412,84995.59999999999,0.43636915485510674,0.08730161497533552
2023-12-14,510880.SH,61100,2.579,157576.90000000002,2.5490379820499998,0.1618521176720554
2023-12-15,512880.SH,121600,0.921,111993.6,0.9030823748000303,0.11527721913366931
2023-12-15,512010.SH,206300,0.407,83964.09999999999,0.43636915485510674,0.08642590250747652
2023-12-15,510880.SH,61100,2.562,156538.19999999998,2.5490379820499998,0.16112785359333168
2023-12-18,512880.SH,121600,0.92,111872.0,0.9030823748000303,0.11518820447516982
2023-12-18,512010.SH,206300,0.407,83964.09999999999,0.43636915485510674,0.08645303489142596
2023-12-18,510880.SH,61100,2.559,156354.90000000002,2.5490379820499998,0.16098970423246864
2023-12-19,512880.SH,121600,0.918,111628.8,0.9030823748000303,0.11512237793245651
2023-12-19,512010.SH,206300,0.403,83138.90000000001,0.43636915485510674,0.08574084704564333
2023-12-19,510880.SH,61100,2.551,155866.1,2.5490379820499998,0.160744145516731
2023-12-20,512880.SH,121600,0.893,108588.8,0.9030823748000303,0.11240162555708194
2023-12-20,512010.SH,206300,0.401,82726.3,0.43636915485510674,0.08563102821214369
2023-12-20,510880.SH,61100,2.549,155743.9,2.5490379820499998,0.16121245957777977
2023-12-21,512880.SH,121600,0.893,108588.8,0.9030823748000303,0.11244781154412088
2023-12-21,512010.SH,206300,0.405,83551.5,0.43636915485510674,0.08652073994950323
2023-12-21,510880.SH,61100,2.529,154521.9,2.5490379820499998,0.16001327476350682
2023-12-22,512880.SH,121600,0.89,108224.0,0.9030823748000303,0.11218875567177543
2023-12-22,512010.SH,206300,0.403,83138.90000000001,0.43636915485510674,0.0861846701186444
2023-12-22,510880.SH,61100,2.525,154277.5,2.5490379820499998,0.15992941263631297
2023-12-25,512880.SH,124900,0.885,110536.5,0.9027620786684041,0.11477939619716045
2023-12-25,510880.SH,61200,2.523,154407.6,2.5490759273407675,0.1603344695756847
2023-12-25,159995.SZ,77300,0.916,70806.8,0.9237385384500001,0.07352468868340413
2023-12-26,512880.SH,124900,0.874,109162.6,0.9027620786684041,0.11382082666090136
2023-12-26,510880.SH,61200,2.506,153367.19999999998,2.5490759273407675,0.15991174162824803
2023-12-26,159995.SZ,77300,0.896,69260.8,0.9237385384500001,0.07221632235944689
2023-12-27,512880.SH,124900,0.882,110161.8,0.9027620786684041,0.11450801593134674
2023-12-27,510880.SH,61200,2.518,154101.59999999998,2.5490759273407675,0.1601813738323631
2023-12-27,159995.SZ,77300,0.912,70497.6,0.9237385384500001,0.0732789433716743
2023-12-28,512880.SH,124900,0.902,112659.8,0.9027620786684041,0.11674749892278292
2023-12-28,510880.SH,61200,2.5,153000.0,2.5490759273407675,0.15855138510085928
2023-12-28,159995.SZ,77300,0.932,72043.6,0.9237385384500001,0.07465759848138737
2023-12-29,512880.SH,124900,0.902,112659.8,0.9027620786684041,0.11663654161142772
2023-12-29,510880.SH,61200,2.515,153918.0,2.5490759273407675,0.15935110138441336
2023-12-29,159995.SZ,77300,0.932,72043.6,0.9237385384500001,0.07458664358748245
2024-01-02,512880.SH,124900,0.891,111285.90000000001,0.9027620786684041,0.11523163401906518
2024-01-02,510880.SH,61200,2.554,156304.8,2.5490759273407675,0.1618467165114644
2024-01-02,159995.SZ,77300,0.917,70884.1,0.9237385384500001,0.07339735464214979
2024-01-03,512880.SH,124900,0.892,111410.8,0.9027620786684041,0.1152200033298561
2024-01-03,510880.SH,61200,2.594,158752.8,2.5490759273407675,0.16418065523830705
2024-01-03,159995.SZ,77300,0.899,69492.7,0.9237385384500001,0.0718686978766932
2024-01-04,512880.SH,124900,0.884,110411.6,0.9027620786684041,0.11427731123682967
2024-01-04,510880.SH,61200,2.618,160221.6,2.5490759273407675,0.1658312500684967
2024-01-04,159995.SZ,77300,0.883,68255.9,0.9237385384500001,0.070645663390893
2024-01-05,512880.SH,124900,0.877,109537.3,0.9027620786684041,0.11351219754755668
2024-01-05,510880.SH,61200,2.628,160833.6,2.5490759273407675,0.16666994143077024
2024-01-05,159995.SZ,77300,0.871,67328.3,0.9237385384500001,0.06977151427085714
2024-01-08,512880.SH,127200,0.86,109392.0,0.9022711287396515,0.1141473414986751
2024-01-08,510880.SH,58800,2.599,152821.2,2.5490759273407675,0.15946443711274433
2024-01-08,510500.SH,21500,5.01,107715.0,5.12509756815,0.11239744121626617
2024-01-09,512880.SH,127200,0.858,109137.59999999999,0.9022711287396515,0.11372097350525956
2024-01-09,510880.SH,58800,2.622,154173.6,2.5490759273407675,0.16064831809395191
2024-01-09,510500.SH,21500,5.022,107973.0,5.12509756815,0.1125074646344009
2024-01-10,512880.SH,127200,0.854,108628.8,0.9022711287396515,0.11338815179618975
2024-01-10,510880.SH,58800,2.607,153291.6,2.5490759273407675,0.16000776230503144
2024-01-10,510500.SH,21500,5.009,107693.50000000001,5.12509756815,0.11241187351294465
2024-01-11,512880.SH,127200,0.862,109646.4,0.9022711287396515,0.11436370594315143
2024-01-11,510880.SH,58800,2.579,151645.2,2.5490759273407675,0.15816941605461182
2024-01-11,510500.SH,21500,5.072,109048.0,5.12509756815,0.11373956104066142
2024-01-12,512880.SH,127200,0.853,108501.59999999999,0.9022711287396515,0.11325148956467533
2024-01-12,510880.SH,58800,2.594,152527.19999999998,2.5490759273407675,0.15920440435098787
2024-01-12,510500.SH,21500,5.052,108617.99999999999,5.12509756815,0.1133729852235903
2024-01-15,512880.SH,127200,0.852,108374.4,0.9022711287396515,0.11306956602087548
2024-01-15,510880.SH,58800,2.608,153350.4,2.5490759273407675,0.15999408695344716
2024-01-15,510500.SH,21500,5.039,108338.5,5.12509756815,0.11303211070467398
2024-01-16,512880.SH,127200,0.863,109773.6,0.9022711287396515,0.11430521636484212
2024-01-16,510880.SH,58800,2.618,153938.4,2.5490759273407675,0.16029320454879506
2024-01-16,510500.SH,21500,5.034,108231.0,5.12509756815,0.1126989355581235
2024-01-17,512880.SH,127200,0.847,107738.4,0.9022711287396515,0.11301805873839058
2024-01-17,510880.SH,58800,2.581,151762.8,2.5490759273407675,0.1591998493081633
2024-01-17,510500.SH,21500,4.901,105371.5,5.12509756815,0.11053517015615902
2024-01-18,512880.SH,127200,0.855,108756.0,0.9022711287396515,0.11412681691310542
2024-01-18,510880.SH,58800,2.556,150292.80000000002,2.5490759273407675,0.1577148742962041
2024-01-18,510500.SH,21500,4.906,105479.0,5.12509756815,0.11068798522543534
2024-01-19,512880.SH,127200,0.846,107611.2,0.9022711287396515,0.11331770727610552
2024-01-19,510880.SH,58800,2.534,148999.19999999998,2.5490759273407675,0.15690046881712963
2024-01-19,510500.SH,21500,4.866,104618.99999999999,5.12509756815,0.11016683409829908
2024-01-22,510880.SH,59900,2.465,147653.5,2.5489058134830906,0.15685553619809564
2024-01-22,510300.SH,38900,2.995,116505.5,3.0564436580999996,0.12376633586421744
2024-01-22,516160.SH,29100,1.957,56948.700000000004,1.9945946989499999,0.06049784715082602
2024-01-23,510880.SH,59900,2.483,148731.7,2.5489058134830906,0.15757975216132314
2024-01-23,510300.SH,38900,3.017,117361.3,3.0564436580999996,0.12434312636331524
2024-01-23,516160.SH,29100,1.977,57530.700000000004,1.9945946989499999,0.060953202630423996
2024-01-24,510880.SH,59900,2.551,152804.90000000002,2.5489058134830906,0.1609270282226079
2024-01-24,510300.SH,38900,3.068,119345.2,3.0564436580999996,0.1256888252185158
2024-01-24,516160.SH,29100,1.964,57152.4,1.9945946989499999,0.06019025494463709
2024-01-25,510880.SH,59900,2.623,157117.7,2.5489058134830906,0.1641856417994406
2024-01-25,510300.SH,38900,3.124,121523.6,3.0564436580999996,0.12699034074314033
2024-01-25,516160.SH,29100,1.996,58083.6,1.9945946989499999,0.06069649150937155
2024-01-26,510880.SH,59900,2.664,159573.6,2.5489058134830906,0.16656271768385908
2024-01-26,510300.SH,38900,3.118,121290.2,3.0564436580999996,0.12660255418451927
2024-01-26,516160.SH,29100,1.957,56948.700000000004,1.9945946989499999,0.05944297954400218
2024-01-29,510880.SH,59900,2.679,160472.09999999998,2.5489058134830906,0.1680274152298101
2024-01-29,510300.SH,38900,3.088,120123.2,3.0564436580999996,0.12577881641190916
2024-01-29,516160.SH,29100,1.863,54213.3,1.9945946989499999,0.056765759718220586
2024-01-30,510880.SH,59900,2.645,158435.5,2.5489058134830906,0.16686014821793133
2024-01-30,510300.SH,38900,3.032,117944.8,3.0564436580999996,0.12421639600679309
2024-01-30,516160.SH,29100,1.818,52903.8,1.9945946989499999,0.055716906307562354
2024-01-31,510880.SH,59900,2.649,158675.1,2.5489058134830906,0.1673989589505783
2024-01-31,510300.SH,38900,3.011,117127.90000000001,3.0564436580999996,0.12356751956713713
2024-01-31,516160.SH,29100,1.782,51856.200000000004,1.9945946989499999,0.05470722183337511
2024-02-01,510880.SH,59900,2.619,156878.1,2.5489058134830906,0.16580908762870153
2024-02-01,510300.SH,38900,3.007,116972.3,3.0564436580999996,0.12363147144713484
2024-02-01,516160.SH,29100,1.789,52059.899999999994,1.9945946989499999,0.05502364269481488
2024-02-02,510880.SH,59900,2.627,157357.3,2.5489058134830906,0.1667547783482446
2024-02-02,510300.SH,38900,2.977,115805.29999999999,3.0564436580999996,0.12272126639852088
2024-02-02,516160.SH,29100,1.727,50255.700000000004,1.9945946989499999,0.053257002466589584
2024-02-05,510880.SH,57600,2.633,151660.8,2.5489058134830906,0.16083237307728854
2024-02-05,510300.SH,40000,2.997,119880.0,3.0535994787522496,0.12712965304485635
2024-02-05,512880.SH,106700,0.815,86960.5,0.8246593235999999,0.09221937098437798
2024-02-06,510880.SH,57600,2.675,154080.0,2.5489058134830906,0.1614019790390406
2024-02-06,510300.SH,40000,3.1,124000.0,3.0535994787522496,0.12989255841667338
2024-02-06,512880.SH,106700,0.863,92082.1,0.8246593235999999,0.09645789962403195
2024-02-07,510880.SH,57600,2.719,156614.4,2.5489058134830906,0.16324261589058459
2024-02-07,510300.SH,40000,3.129,125160.0,3.0535994787522496,0.13045700653877018
2024-02-07,512880.SH,106700,0.873,93149.1,0.8246593235999999,0.09709134506056694
2024-02-08,510880.SH,57600,2.72,156672.0,2.5489058134830906,0.16299833460701443
2024-02-08,510300.SH,40000,3.151,126039.99999999999,3.0535994787522496,0.13112943023557558
2024-02-08,512880.SH,106700,0.881,94002.7,0.8246593235999999,0.09779848057446637
2024-02-19,510880.SH,57600,2.79,160704.0,2.5489058134830906,0.16649248851962473
2024-02-19,510300.SH,40000,3.178,127120.0,3.0535994787522496,0.13169880737638576
2024-02-19,512880.SH,106700,0.871,92935.7,0.8246593235999999,0.09628320368698531
2024-02-20,510880.SH,57600,2.834,163238.4,2.5489058134830906,0.16838755074965062
2024-02-20,510300.SH,40000,3.19,127600.0,3.0535994787522496,0.13162498208543713
2024-02-20,512880.SH,106700,0.882,94109.4,0.8246593235999999,0.09707796308049557
2024-02-21,510880.SH,57600,2.827,162835.2,2.5489058134830906,0.16754351890980598
2024-02-21,510300.SH,40000,3.238,129520.0,3.0535994787522496,0.13326502236124665
2024-02-21,512880.SH,106700,0.891,95069.7,0.8246593235999999,0.09781860482069958
2024-02-22,510880.SH,57600,2.885,166176.0,2.5489058134830906,0.17002785616272342
2024-02-22,510300.SH,40000,3.264,130559.99999999999,3.0535994787522496,0.13358629946926853
2024-02-22,512880.SH,106700,0.901,96136.7,0.8246593235999999,0.098365088818836
2024-02-23,510880.SH,57600,2.867,165139.2,2.5489058134830906,0.16910719295108015
2024-02-23,510300.SH,40000,3.267,130680.0,3.0535994787522496,0.13382000139789432
2024-02-23,512880.SH,106700,0.902,96243.40000000001,0.8246593235999999,0.09855595288137516
2024-02-26,510880.SH,57600,2.798,161164.8,2.5489058134830906,0.16607833812618528
2024-02-26,510300.SH,40000,3.232,129280.00000000001,3.0535994787522496,0.1332214450857336
2024-02-26,512880.SH,106700,0.895,95496.5,0.8246593235999999,0.09840796511935146
2024-02-27,510880.SH,57600,2.815,162144.0,2.5489058134830906,0.1663821980434442
2024-02-27,510300.SH,40000,3.273,130920.0,3.0535994787522496,0.13434205007800298
2024-02-27,512880.SH,106700,0.909,96990.3,0.8246593235999999,0.09952547922151338
2024-02-28,510880.SH,57600,2.809,161798.40000000002,2.5489058134830906,0.16658815346751052
2024-02-28,510300.SH,40000,3.237,129480.0,3.0535994787522496,0.13331302479488832
2024-02-28,512880.SH,106700,0.895,95496.5,0.8246593235999999,0.09832350380232509
2024-02-29,510880.SH,57600,2.827,162835.2,2.5489058134830906,0.16677008432244803
2024-02-29,510300.SH,40000,3.292,131680.0,3.0535994787522496,0.13486202432631247
2024-02-29,512880.SH,106700,0.913,97417.1,0.8246593235999999,0.09977116729950497
2024-03-01,510880.SH,57600,2.822,162547.2,2.5489058134830906,0.1662131584125227
2024-03-01,510300.SH,40000,3.319,132760.0,3.0535994787522496,0.13575416193478887
2024-03-01,512880.SH,106700,0.92,98164.0,0.8246593235999999,0.1003779116613936
2024-03-04,510880.SH,55400,2.849,157834.6,2.5489058134830906,0.1612190286721204
2024-03-04,510300.SH,36900,3.316,122360.4,3.0535994787522496,0.12498415959448765
2024-03-04,510500.SH,10600,5.225,55384.99999999999,5.22517758315,0.05657261400862287
2024-03-05,510880.SH,55400,2.87,158998.0,2.5489058134830906,0.16208497926507082
2024-03-05,510300.SH,36900,3.345,123430.5,3.0535994787522496,0.12582692884927688
2024-03-05,510500.SH,10600,5.198,55098.8,5.22517758315,0.05616855467068947
2024-03-06,510880.SH,55400,2.868,158887.19999999998,2.5489058134830906,0.1620844514738389
2024-03-06,510300.SH,36900,3.331,122913.9,3.0535994787522496,0.1253872688297754
2024-03-06,510500.SH,10600,5.193,55045.799999999996,5.22517758315,0.05615347428199781
2024-03-07,510880.SH,55400,2.887,159939.8,2.5489058134830906,0.16322325398730367
2024-03-07,510300.SH,36900,3.312,122212.79999999999,3.0535994787522496,0.12472174464954655
2024-03-07,510500.SH,10600,5.123,54303.8,5.22517758315,0.055418619629859125
2024-03-08,510880.SH,55400,2.904,160881.6,2.5489058134830906,0.16383938204606968
2024-03-08,510300.SH,36900,3.322,122581.8,3.0535994787522496,0.12483544645313638
2024-03-08,510500.SH,10600,5.194,55056.4,5.22517758315,0.056068602958207966
2024-03-11,510880.SH,55400,2.872,159108.8,2.5489058134830906,0.16185603706643933
2024-03-11,510300.SH,36900,3.37,124353.0,3.0535994787522496,0.12650012932862878
2024-03-11,510500.SH,10600,5.296,56137.600000000006,5.22517758315,0.05710689456787397
2024-03-12,510880.SH,55400,2.801,155175.4,2.5489058134830906,0.15851221480001115
2024-03-12,510300.SH,36900,3.375,124537.5,3.0535994787522496,0.1272154926016391
2024-03-12,510500.SH,10600,5.265,55809.0,5.22517758315,0.057009089042295506
2024-03-13,510880.SH,55400,2.783,154178.19999999998,2.5489058134830906,0.15779287774764633
2024-03-13,510300.SH,36900,3.354,123762.6,3.0535994787522496,0.12666418995377335
2024-03-13,510500.SH,10600,5.257,55724.2,5.22517758315,0.05703064297147972
2024-03-14,510880.SH,55400,2.792,154676.8,2.5489058134830906,0.15833961278911418
2024-03-14,510300.SH,36900,3.341,123282.90000000001,3.0535994787522496,0.12620229180794462
2024-03-14,510500.SH,10600,5.234,55480.4,5.22517758315,0.056794199604499
2024-03-15,510880.SH,55400,2.786,154344.4,2.5489058134830906,0.1578709104556223
2024-03-15,510300.SH,36900,3.35,123615.0,3.0535994787522496,0.12643939524836503
2024-03-15,510500.SH,10600,5.309,56275.4,5.22517758315,0.05756119842543252
2024-03-18,510880.SH,56200,2.769,155617.80000000002,2.5523468908712315,0.15898895166700647
2024-03-18,510300.SH,36500,3.381,123406.49999999999,3.0535994787522496,0.12607985759915916
2024-03-18,159915.SZ,41700,1.875,78187.5,1.8514802775,0.07988127745324806
2024-03-19,510880.SH,56200,2.767,155505.4,2.5523468908712315,0.1591781142600501
2024-03-19,510300.SH,36500,3.358,122567.0,3.0535994787522496,0.12546177772933648
2024-03-19,159915.SZ,41700,1.853,77270.1,1.8514802775,0.07909505912132633
2024-03-20,510880.SH,56200,2.773,155842.6,2.5523468908712315,0.15942996311195243
2024-03-20,510300.SH,36500,3.361,122676.50000000001,3.0535994787522496,0.12550040790966935
2024-03-20,159915.SZ,41700,1.856,77395.2,1.8514802775,0.07917677118478632
2024-03-21,510880.SH,56200,2.777,156067.4,2.5523468908712315,0.15970326605829774
2024-03-21,510300.SH,36500,3.359,122603.5,3.0535994787522496,0.12545976533330155
2024-03-21,159915.SZ,41700,1.846,76978.2,1.8514802775,0.07877154329019932
2024-03-22,510880.SH,56200,2.783,156404.6,2.5523468908712315,0.16037713935366393
2024-03-22,510300.SH,36500,3.328,121472.0,3.0535994787522496,0.12455728202091411
2024-03-22,159915.SZ,41700,1.817,75768.9,1.8514802775,0.07769336345589468
2024-03-25,510880.SH,56200,2.793,156966.6,2.5523468908712315,0.1612233287821087
2024-03-25,510300.SH,36500,3.309,120778.5,3.0535994787522496,0.12405385486663989
2024-03-25,159915.SZ,41700,1.781,74267.7,1.8514802775,0.07628174283567979
2024-03-26,510880.SH,56200,2.776,156011.19999999998,2.5523468908712315,0.1602576898536247
2024-03-26,510300.SH,36500,3.32,121180.0,3.0535994787522496,0.12447841473216181
2024-03-26,159915.SZ,41700,1.792,74726.40000000001,1.8514802775,0.07676038794059595
2024-03-27,510880.SH,56200,2.775,155955.0,2.5523468908712315,0.16078267426147752
2024-03-27,510300.SH,36500,3.282,119793.0,3.0535994787522496,0.123501259323556
2024-03-27,159915.SZ,41700,1.742,72641.4,1.8514802775,0.07489005517038692
2024-03-28,510880.SH,56200,2.767,155505.4,2.5523468908712315,0.16018075344639124
2024-03-28,510300.SH,36500,3.299,120413.5,3.0535994787522496,0.12403379660845883
2024-03-28,159915.SZ,41700,1.758,73308.6,1.8514802775,0.0755126624676707
2024-03-29,510880.SH,56200,2.787,156629.4,2.5523468908712315,0.1609861662191949
2024-03-29,510300.SH,36500,3.315,120997.5,3.0535994787522496,0.12436313774493828
2024-03-29,159915.SZ,41700,1.768,73725.6,1.8514802775,0.0757763337930802
2024-04-01,510880.SH,55900,2.782,155513.8,2.5523468908712315,0.15916240789191272
2024-04-01,510300.SH,36600,3.373,123451.8,3.0544930990288828,0.12634818097552006
2024-04-01,159915.SZ,43200,1.822,78710.40000000001,1.8491449669386575,0.08055707461418606
2024-04-02,510880.SH,55900,2.803,156687.69999999998,2.5523468908712315,0.16034253233884396
2024-04-02,510300.SH,36600,3.361,123012.6,3.0544930990288828,0.12588194091549804
2024-04-02,159915.SZ,43200,1.808,78105.6,1.8491449669386575,0.07992745884868317
2024-04-03,510880.SH,55900,2.84,158756.0,2.5523468908712315,0.16232978838878134
2024-04-03,510300.SH,36600,3.347,122500.2,3.0544930990288828,0.1252578267503804
2024-04-03,159915.SZ,43200,1.79,77328.0,1.8491449669386575,0.07906874623023813
2024-04-08,510880.SH,55900,2.85,159315.0,2.5523468908712315,0.1632159266363268
2024-04-08,510300.SH,36600,3.318,121438.8,3.0544930990288828,0.12441230437563046
2024-04-08,159915.SZ,43200,1.758,75945.6,1.8491449669386575,0.07780517514328107
2024-04-09,510880.SH,55900,2.835,158476.5,2.5523468908712315,0.16239637569748955
2024-04-09,510300.SH,36600,3.312,121219.2,3.0544930990288828,0.1242175259104607
2024-04-09,159915.SZ,43200,1.777,76766.4,1.8491449669386575,0.07866519727116487
2024-04-10,510880.SH,55900,2.846,159091.4,2.5523468908712315,0.16335764906699227
2024-04-10,510300.SH,36600,3.286,120267.6,3.0544930990288828,0.12349273684768253
2024-04-10,159915.SZ,43200,1.739,75124.8,1.8491449669386575,0.07713937217617031
2024-04-11,510880.SH,55900,2.886,161327.4,2.5523468908712315,0.16535129050756775
2024-04-11,510300.SH,36600,3.283,120157.8,3.0544930990288828,0.12315482239563909
2024-04-11,159915.SZ,43200,1.731,74779.2,1.8491449669386575,0.07664437177518209
2024-04-12,510880.SH,55900,2.879,160936.1,2.5523468908712315,0.16532194307238507
2024-04-12,510300.SH,36600,3.255,119133.0,3.0544930990288828,0.12237962175075977
2024-04-12,159915.SZ,43200,1.713,74001.6,1.8491449669386575,0.07601829733953669
2024-04-15,510880.SH,55900,2.945,164625.5,2.5523468908712315,0.16776989441506793
2024-04-15,510300.SH,36600,3.328,121804.79999999999,3.0544930990288828,0.12413130672495128
2024-04-15,159915.SZ,43200,1.746,75427.2,1.8491449669386575,0.07686788122146455
2024-04-16,510880.SH,55900,2.959,165408.1,2.5523468908712315,0.1688796757829878
2024-04-16,510300.SH,36600,3.296,120633.59999999999,3.0544930990288828,0.12316545112684707
2024-04-16,159915.SZ,43200,1.713,74001.6,1.8491449669386575,0.075554741366489
2024-04-17,510880.SH,55900,2.992,167252.8,2.5523468908712315,0.16989628498879025
2024-04-17,510300.SH,36600,3.342,122317.2,3.0544930990288828,0.12425046319243
2024-04-17,159915.SZ,43200,1.747,75470.40000000001,1.8491449669386575,0.07666323425747132
2024-04-18,510880.SH,55900,3.001,167755.9,2.5523468908712315,0.17034955792832673
2024-04-18,510300.SH,36600,3.348,122536.79999999999,3.0544930990288828,0.12443132974728033
2024-04-18,159915.SZ,43200,1.738,75081.6,1.8491449669386575,0.0762424294379599
2024-04-19,510880.SH,55900,3.023,168985.7,2.5523468908712315,0.17181132700545257
2024-04-19,510300.SH,36600,3.32,121512.0,3.0544930990288828,0.12354381445936875
2024-04-19,159915.SZ,43200,1.705,73656.0,1.8491449669386575,0.07488760943626362
2024-04-22,510880.SH,52000,2.936,152672.0,2.5523468908712315,0.1561561267226617
2024-04-22,510300.SH,37100,3.313,122912.3,3.0582150181794368,0.1257172808018092
2024-04-22,510500.SH,13800,5.109,70504.2,5.150117571899999,0.07211317589132181
2024-04-23,510880.SH,52000,2.888,150176.0,2.5523468908712315,0.15427840403889495
2024-04-23,510300.SH,37100,3.288,121984.79999999999,3.0582150181794368,0.12531709634697816
2024-04-23,510500.SH,13800,5.047,69648.59999999999,5.150117571899999,0.07155121225457714
2024-04-24,510880.SH,52000,2.889,150228.0,2.5523468908712315,0.15410590808262623
2024-04-24,510300.SH,37100,3.302,122504.2,3.0582150181794368,0.12566646021338004
2024-04-24,510500.SH,13800,5.109,70504.2,5.150117571899999,0.072324159042516
2024-04-25,510880.SH,52000,2.908,151216.0,2.5523468908712315,0.1549209842496631
2024-04-25,510300.SH,37100,3.312,122875.2,3.0582150181794368,0.12588579861836183
2024-04-25,510500.SH,13800,5.101,70393.8,5.150117571899999,0.07211853759571694
2024-04-26,510880.SH,52000,2.879,149708.0,2.5523468908712315,0.1530619415884862
2024-04-26,510300.SH,37100,3.362,124730.2,3.0582150181794368,0.1275245583851244
2024-04-26,510500.SH,13800,5.221,72049.8,5.150117571899999,0.0736639476785617
2024-04-29,510880.SH,52000,2.845,147940.0,2.5523468908712315,0.15105509066498474
2024-04-29,510300.SH,37100,3.405,126325.5,3.0582150181794368,0.1289854661065265
2024-04-29,510500.SH,13800,5.327,73512.6,5.150117571899999,0.07506051411395673
2024-04-30,510880.SH,52000,2.858,148616.0,2.5523468908712315,0.15182534730791372
2024-04-30,510300.SH,37100,3.387,125657.7,3.0582150181794368,0.12837126516938707
2024-04-30,510500.SH,13800,5.289,72988.2,5.150117571899999,0.07456437270804939
2024-05-06,510880.SH,52000,2.875,149500.0,2.5523468908712315,0.15212049081397705
2024-05-06,510300.SH,37100,3.437,127512.7,3.0582150181794368,0.12974778935796263
2024-05-06,510500.SH,13800,5.374,74161.2,5.150117571899999,0.07546112470470578
2024-05-07,510880.SH,52000,2.875,149500.0,2.5523468908712315,0.1521111422588883
2024-05-07,510300.SH,37100,3.439,127586.90000000001,3.0582150181794368,0.1298153116807395
2024-05-07,510500.SH,13800,5.373,74147.40000000001,5.150117571899999,0.07544244621756988
2024-05-08,510880.SH,52000,2.897,150644.0,2.5523468908712315,0.153417436808803
2024-05-08,510300.SH,37100,3.41,126511.0,3.0582150181794368,0.12884013533973124
2024-05-08,510500.SH,13800,5.302,73167.59999999999,5.150117571899999,0.0745146547453053
2024-05-09,510880.SH,52000,2.908,151216.0,2.5523468908712315,0.1534897068357816
2024-05-09,510300.SH,37100,3.445,127809.5,3.0582150181794368,0.12973126313239225
2024-05-09,510500.SH,13800,5.403,74561.4,5.150117571899999,0.07568251658068884
2024-05-10,510880.SH,52000,2.927,152204.0,2.5523468908712315,0.15436937248813246
2024-05-10,510300.SH,37100,3.447,127883.7,3.0582150181794368,0.12970307298402528
2024-05-10,510500.SH,13800,5.383,74285.4,5.150117571899999,0.07534224187951641
2024-05-13,510880.SH,53900,2.931,157980.9,2.5655215997273477,0.16028229935746857
2024-05-13,510300.SH,36000,3.444,123984.0,3.0582150181794368,0.12579014680595177
2024-05-13,510500.SH,13300,5.354,71208.2,5.150117571899999,0.0722455311313361
2024-05-14,510880.SH,53900,2.918,157280.2,2.5655215997273477,0.15973288445100853
2024-05-14,510300.SH,36000,3.438,123768.0,3.0582150181794368,0.12569808305643318
2024-05-14,510500.SH,13300,5.348,71128.4,5.150117571899999,0.07223760205280202
2024-05-15,510880.SH,53900,2.917,157226.3,2.5655215997273477,0.15994480384473028
2024-05-15,510300.SH,36000,3.412,122832.0,3.0582150181794368,0.12495581302781984
2024-05-15,510500.SH,13300,5.299,70476.70000000001,5.150117571899999,0.0716952695390269
2024-05-16,510880.SH,53900,2.924,157603.6,2.5655215997273477,0.16025306592901573
2024-05-16,510300.SH,36000,3.424,123264.0,3.0582150181794368,0.12533618469802843
2024-05-16,510500.SH,13300,5.273,70130.9,5.150117571899999,0.07130986691523042
2024-05-17,510880.SH,53900,2.945,158735.5,2.5655215997273477,0.16080794656991082
2024-05-17,510300.SH,36000,3.465,124740.0,3.0582150181794368,0.1263686022038591
2024-05-17,510500.SH,13300,5.351,71168.3,5.150117571899999,0.07209747147847446
2024-05-20,510880.SH,53900,2.984,160837.6,2.5655215997273477,0.16250023946805794
2024-05-20,510300.SH,36000,3.473,125028.0,3.0582150181794368,0.1263204620077168
2024-05-20,510500.SH,13300,5.371,71434.3,5.150117571899999,0.07217274353903
2024-05-21,510880.SH,53900,3.0,161700.0,2.5655215997273477,0.16338832628208277
2024-05-21,510300.SH,36000,3.461,124596.0,3.0582150181794368,0.12589691961312544
2024-05-21,510500.SH,13300,5.331,70902.3,5.150117571899999,0.07164259818522027
2024-05-22,510880.SH,53900,3.0,161700.0,2.5655215997273477,0.16335396088245285
2024-05-22,510300.SH,36000,3.469,124884.0,3.0582150181794368,0.1261613855958209
2024-05-22,510500.SH,13300,5.325,70822.5,5.150117571899999,0.07154691338650289
2024-05-23,510880.SH,53900,2.958,159436.2,2.5655215997273477,0.16186158455137903
2024-05-23,510300.SH,36000,3.432,123552.0,3.0582150181794368,0.12543150485581053
2024-05-23,510500.SH,13300,5.23,69559.0,5.150117571899999,0.0706171494291094
2024-05-24,510880.SH,53900,2.953,159166.69999999998,2.5655215997273477,0.16198877322543478
2024-05-24,510300.SH,36000,3.391,122076.0,3.0582150181794368,0.12424044401415735
2024-05-24,510500.SH,13300,5.178,68867.4,5.150117571899999,0.07008843961221353
2024-05-27,510880.SH,136400,3.01,410564.0,2.8025233195999197,0.4128912727945507
2024-05-27,510300.SH,99800,3.421,341415.8,3.2746112514533037,0.3433511077789815
2024-05-27,510500.SH,44300,5.23,231689.00000000003,5.182332944674266,0.23300232388250472
2024-05-28,510880.SH,136400,3.001,409336.39999999997,2.8025233195999197,0.41399032480036074
2024-05-28,510300.SH,99800,3.398,339120.4,3.2746112514533037,0.3429760083452834
2024-05-28,510500.SH,44300,5.183,229606.9,5.182332944674266,0.23221740140237698
2024-05-29,510880.SH,136400,3.004,409745.6,2.8025233195999197,0.41398703250916236
2024-05-29,510300.SH,99800,3.399,339220.2,3.2746112514533037,0.34273159727685804
2024-05-29,510500.SH,44300,5.194,230094.2,5.182332944674266,0.232475992556283
2024-05-30,510880.SH,136400,2.981,406608.39999999997,2.8025233195999197,0.41291234389018394
2024-05-30,510300.SH,99800,3.385,337823.0,3.2746112514533037,0.3430605141212371
2024-05-30,510500.SH,44300,5.183,229606.9,5.182332944674266,0.2331666617127415
2024-05-31,510880.SH,136400,2.988,407563.2,2.8025233195999197,0.41408660735395375
2024-05-31,510300.SH,99800,3.371,336425.8,3.2746112514533037,0.3418105907214875
2024-05-31,510500.SH,44300,5.182,229562.6,5.182332944674266,0.2332369512491627
2024-06-03,510880.SH,136400,2.957,403334.8,2.8025233195999197,0.4121125614048289
2024-06-03,510300.SH,99800,3.376,336924.8,3.2746112514533037,0.34425728285486323
2024-06-03,510500.SH,44300,5.141,227746.3,5.182332944674266,0.23270273490775548
2024-06-04,510880.SH,136400,2.97,405108.0,2.8025233195999197,0.4108125125473627
2024-06-04,510300.SH,99800,3.401,339419.8,3.2746112514533037,0.3441993267136747
2024-06-04,510500.SH,44300,5.212,230891.59999999998,5.182332944674266,0.23414289108603295
2024-06-05,510880.SH,136400,2.932,399924.8,2.8025233195999197,0.40931276774874237
2024-06-05,510300.SH,99800,3.388,338122.39999999997,3.2746112514533037,0.3460595976589783
2024-06-05,510500.SH,44300,5.154,228322.19999999998,5.182332944674266,0.23368191125051985
2024-06-06,510880.SH,136400,2.949,402243.6,2.8025233195999197,0.41141844819980267
2024-06-06,510300.SH,99800,3.388,338122.39999999997,3.2746112514533037,0.3458346959643185
2024-06-06,510500.SH,44300,5.116,226638.8,5.182332944674266,0.23180824604261058
2024-06-07,510880.SH,136400,2.976,405926.4,2.8025233195999197,0.4150664228654579
2024-06-07,510300.SH,99800,3.365,335827.0,3.2746112514533037,0.3433886329926758
2024-06-07,510500.SH,44300,5.091,225531.30000000002,5.182332944674266,0.23060946500448468
2024-06-11,510880.SH,39700,2.92,115924.0,2.8025233195999197,0.11896639219439159
2024-06-11,510300.SH,46900,3.34,156646.0,3.2746112514533037,0.16075712942688886
2024-06-11,159995.SZ,66500,0.87,57855.0,0.8426737263,0.059373387912826724
2024-06-12,510880.SH,39700,2.961,117551.7,2.8025233195999197,0.1204834161461969
2024-06-12,510300.SH,46900,3.336,156458.4,3.2746112514533037,0.1603604415484262
2024-06-12,159995.SZ,66500,0.867,57655.5,0.8426737263,0.05909341676570441
2024-06-13,510880.SH,39700,2.933,116440.09999999999,2.8025233195999197,0.11949790112930533
2024-06-13,510300.SH,46900,3.323,155848.7,3.2746112514533037,0.15994139942967048
2024-06-13,159995.SZ,66500,0.874,58121.0,0.8426737263,0.05964729944011003
2024-06-14,510880.SH,39700,2.938,116638.6,2.8025233195999197,0.11959477270147202
2024-06-14,510300.SH,46900,3.343,156786.7,3.2746112514533037,0.16076041506940142
2024-06-14,159995.SZ,66500,0.87,57855.0,0.8426737263,0.05932131879706772
2024-06-17,510880.SH,39700,2.896,114971.2,2.8025233195999197,0.11795851634207728
2024-06-17,510300.SH,46900,3.333,156317.7,3.2746112514533037,0.1603793295190964
2024-06-17,159995.SZ,66500,0.893,59384.5,0.8426737263,0.06092749761432505
2024-06-18,510880.SH,39700,2.903,115249.1,2.8025233195999197,0.11814741480486404
2024-06-18,510300.SH,46900,3.344,156833.6,3.2746112514533037,0.16077769279361076
2024-06-18,159995.SZ,66500,0.893,59384.5,0.8426737263,0.060877917089846675
2024-06-19,510880.SH,39700,2.903,115249.1,2.8025233195999197,0.118220373237929
2024-06-19,510300.SH,46900,3.334,156364.6,3.2746112514533037,0.1603958848546277
2024-06-19,159995.SZ,66500,0.891,59251.5,0.8426737263,0.060779081527813666
2024-06-20,510880.SH,39700,2.909,115487.29999999999,2.8025233195999197,0.11856693910930781
2024-06-20,510300.SH,46900,3.311,155285.9,3.2746112514533037,0.15942682745058603
2024-06-20,159995.SZ,66500,0.891,59251.5,0.8426737263,0.06083152859782117
2024-06-21,510880.SH,39700,2.914,115685.8,2.8025233195999197,0.11875651614373055
2024-06-21,510300.SH,46900,3.305,155004.5,3.2746112514533037,0.15911887549380202
2024-06-21,159995.SZ,66500,0.894,59451.0,0.8426737263,0.06102904281477005
2024-06-24,510880.SH,40500,2.872,116316.0,2.804719461434983,0.11989283078245463
2024-06-24,510300.SH,47700,3.288,156837.59999999998,3.275018534447798,0.16166050962143044
2024-06-24,159995.SZ,62800,0.871,54698.8,0.8426737263,0.05638084160737414
2024-06-25,510880.SH,40500,2.885,116842.49999999999,2.804719461434983,0.1207604479712441
2024-06-25,510300.SH,47700,3.267,155835.9,3.275018534447798,0.16106136974133559
2024-06-25,159995.SZ,62800,0.837,52563.6,0.8426737263,0.05432615600471821
2024-06-26,510880.SH,40500,2.893,117166.49999999999,2.804719461434983,0.12075742326579324
2024-06-26,510300.SH,47700,3.288,156837.59999999998,3.275018534447798,0.1616443646195045
2024-06-26,159995.SZ,62800,0.859,53945.2,0.8426737263,0.05559851450335949
2024-06-27,510880.SH,40500,2.893,117166.49999999999,2.804719461434983,0.12097220910537568
2024-06-27,510300.SH,47700,3.269,155931.30000000002,3.275018534447798,0.16099613652087474
2024-06-27,159995.SZ,62800,0.846,53128.799999999996,0.8426737263,0.054854487444087545
2024-06-28,510880.SH,40500,2.916,118098.0,2.804719461434983,0.12175909720248704
2024-06-28,510300.SH,47700,3.276,156265.19999999998,3.275018534447798,0.16110949953569134
2024-06-28,159995.SZ,62800,0.848,53254.4,0.8426737263,0.05490531309641252
2024-07-01,510880.SH,40500,2.984,120852.0,2.804719461434983,0.12416846097589233
2024-07-01,510300.SH,47700,3.29,156933.0,3.275018534447798,0.16123960783710414
2024-07-01,159995.SZ,62800,0.847,53191.6,0.8426737263,0.054651301665220885
2024-07-02,510880.SH,40500,2.986,120933.00000000001,2.804719461434983,0.1243922063027388
2024-07-02,510300.SH,47700,3.285,156694.5,3.275018534447798,0.161176639713763
2024-07-02,159995.SZ,62800,0.832,52249.6,0.8426737263,0.05374416430945714
2024-07-03,510880.SH,40500,2.964,120042.0,2.804719461434983,0.12356148415051989
2024-07-03,510300.SH,47700,3.279,156408.3,3.275018534447798,0.16099399944569198
2024-07-03,159995.SZ,62800,0.84,52752.0,0.8426737263,0.05429862391419857
2024-07-04,510880.SH,40500,2.95,119475.0,2.804719461434983,0.12321219426513276
2024-07-04,510300.SH,47700,3.264,155692.8,3.275018534447798,0.1605628919797653
2024-07-04,159995.SZ,62800,0.831,52186.799999999996,0.8426737263,0.053819210208626324
2024-07-05,510880.SH,40500,2.933,118786.5,2.804719461434983,0.12268391866154969
2024-07-05,510300.SH,47700,3.247,154881.9,3.275018534447798,0.15996361894446146
2024-07-05,159995.SZ,62800,0.832,52249.6,0.8426737263,0.053963924153826455
2024-07-08,510880.SH,39900,2.922,116587.8,2.804719461434983,0.12068020950699805
2024-07-08,510300.SH,48200,3.223,155348.6,3.27477581106141,0.16080157267414633
2024-07-08,512660.SH,68900,0.834,57462.6,0.8466769268999998,0.05947962485626134
2024-07-09,510880.SH,39900,2.948,117625.2,2.804719461434983,0.12128743654036298
2024-07-09,510300.SH,48200,3.26,157132.0,3.27477581106141,0.16202427267677602
2024-07-09,512660.SH,68900,0.847,58358.299999999996,0.8466769268999998,0.06017527373261397
2024-07-10,510880.SH,39900,2.882,114991.8,2.804719461434983,0.11895079037964607
2024-07-10,510300.SH,48200,3.252,156746.4,3.27477581106141,0.16214293688040496
2024-07-10,512660.SH,68900,0.846,58289.4,0.8466769268999998,0.06029621417140475
2024-07-11,510880.SH,39900,2.877,114792.29999999999,2.804719461434983,0.11832037577495387
2024-07-11,510300.SH,48200,3.298,158963.6,3.27477581106141,0.16384925545127557
2024-07-11,512660.SH,68900,0.867,59736.3,0.8466769268999998,0.06157226106111105
2024-07-12,510880.SH,39900,2.873,114632.70000000001,2.804719461434983,0.11815017118828879
2024-07-12,510300.SH,48200,3.308,159445.6,3.27477581106141,0.16433814204166364
2024-07-12,512660.SH,68900,0.863,59460.7,0.8466769268999998,0.06128523435263657
2024-07-15,510880.SH,39900,2.91,116109.0,2.804719461434983,0.11948235610660407
2024-07-15,510300.SH,48200,3.315,159783.0,3.27477581106141,0.16442523237459214
2024-07-15,512660.SH,68900,0.859,59185.1,0.8466769268999998,0.060904625777545
2024-07-16,510880.SH,39900,2.897,115590.29999999999,2.804719461434983,0.11882254532987298
2024-07-16,510300.SH,48200,3.34,160988.0,3.27477581106141,0.16548969876854366
2024-07-16,512660.SH,68900,0.864,59529.6,0.8466769268999998,0.061194222996818995
2024-07-17,510880.SH,39900,2.884,115071.59999999999,2.804719461434983,0.11837343642102902
2024-07-17,510300.SH,48200,3.345,161229.0,3.27477581106141,0.16585526559747224
2024-07-17,512660.SH,68900,0.858,59116.2,0.8466769268999998,0.060812465822608144
2024-07-18,510880.SH,39900,2.888,115231.2,2.804719461434983,0.11823586780145054
2024-07-18,510300.SH,48200,3.366,162241.2,3.27477581106141,0.16647165936958652
2024-07-18,512660.SH,68900,0.877,60425.3,0.8466769268999998,0.0620008971759644
2024-07-19,510880.SH,39900,2.865,114313.50000000001,2.804719461434983,0.11716360905934624
2024-07-19,510300.SH,48200,3.389,163349.8,3.27477581106141,0.16742250134168224
2024-07-19,512660.SH,68900,0.89,61321.0,0.8466769268999998,0.06284987924547993
2024-07-22,510300.SH,46500,3.36,156240.0,3.27477581106141,0.16040783826575913
2024-07-22,512660.SH,65900,0.895,58980.5,0.8466769268999998,0.06055385627773686
2024-07-22,159995.SZ,66100,0.93,61473.0,0.9337465399499999,0.06311284588908737
2024-07-23,510300.SH,46500,3.29,152985.0,3.27477581106141,0.15832491290267361
2024-07-23,512660.SH,65900,0.87,57333.0,0.8466769268999998,0.059334197675909306
2024-07-23,159995.SZ,66100,0.887,58630.7,0.9337465399499999,0.060677193652467785
2024-07-24,510300.SH,46500,3.268,151962.0,3.27477581106141,0.1574869018488818
2024-07-24,512660.SH,65900,0.873,57530.7,0.8466769268999998,0.05962235101010426
2024-07-24,159995.SZ,66100,0.879,58101.9,0.9337465399499999,0.06021431820148159
2024-07-25,510300.SH,46500,3.248,151032.0,3.27477581106141,0.1568351775016372
2024-07-25,512660.SH,65900,0.866,57069.4,0.8466769268999998,0.059262205882938276
2024-07-25,159995.SZ,66100,0.871,57573.1,0.9337465399499999,0.059785259798052784
2024-07-26,510300.SH,46500,3.263,151729.5,3.27477581106141,0.15705856941108784
2024-07-26,512660.SH,65900,0.895,58980.5,0.8466769268999998,0.06105202319358244
2024-07-26,159995.SZ,66100,0.878,58035.8,0.9337465399499999,0.060074143278848295
2024-07-29,510300.SH,46500,3.243,150799.5,3.27477581106141,0.15634291305018636
2024-07-29,512660.SH,65900,0.902,59441.8,0.8466769268999998,0.06162688980365696
2024-07-29,159995.SZ,66100,0.862,56978.2,0.9337465399499999,0.059072727484879774
2024-07-30,510300.SH,46500,3.22,149730.0,3.27477581106141,0.1552574540481054
2024-07-30,512660.SH,65900,0.907,59771.3,0.8466769268999998,0.06197782584081695
2024-07-30,159995.SZ,66100,0.871,57573.1,0.9337465399499999,0.059698476775909816
2024-07-31,510300.SH,46500,3.297,153310.5,3.27477581106141,0.1578865835950265
2024-07-31,512660.SH,65900,0.92,60628.0,0.8466769268999998,0.062437652934399575
2024-07-31,159995.SZ,66100,0.904,59754.4,0.9337465399499999,0.06153797731251709
2024-08-01,510300.SH,46500,3.272,152148.0,3.27477581106141,0.1568131374261386
2024-08-01,512660.SH,65900,0.922,60759.8,0.8466769268999998,0.06262280718369413
2024-08-01,159995.SZ,66100,0.908,60018.8,0.9337465399499999,0.06185908676125829
2024-08-02,510300.SH,46500,3.236,150474.0,3.27477581106141,0.155706220960795
2024-08-02,512660.SH,65900,0.913,60166.700000000004,0.8466769268999998,0.062258792114796346
2024-08-02,159995.SZ,66100,0.884,58432.4,0.9337465399499999,0.06046418773787869
2024-08-05,512660.SH,63900,0.884,56487.6,0.8466769268999998,0.058955100421433065
2024-08-05,159995.SZ,69900,0.844,58995.6,0.9305394133146637,0.06157265528049867
2024-08-05,588080.SH,140800,0.708,99686.4,0.7275817090499999,0.10404091734559699
2024-08-06,512660.SH,63900,0.906,57893.4,0.8466769268999998,0.06022348219427776
2024-08-06,159995.SZ,69900,0.849,59345.1,0.9305394133146637,0.06173360993079752
2024-08-06,588080.SH,140800,0.718,101094.4,0.7275817090499999,0.10516322755860243
2024-08-07,512660.SH,63900,0.912,58276.8,0.8466769268999998,0.060699998083913465
2024-08-07,159995.SZ,69900,0.838,58576.2,0.9305394133146637,0.06101184738631722
2024-08-07,588080.SH,140800,0.712,100249.59999999999,0.7275817090499999,0.10441806221194525
2024-08-08,512660.SH,63900,0.883,56423.7,0.8466769268999998,0.05885332364889194
2024-08-08,159995.SZ,69900,0.841,58785.9,0.9305394133146637,0.061317240781646666
2024-08-08,588080.SH,140800,0.714,100531.2,0.7275817090499999,0.10486010755075412
2024-08-09,512660.SH,63900,0.873,55784.7,0.8466769268999998,0.05823854573068283
2024-08-09,159995.SZ,69900,0.844,58995.6,0.9305394133146637,0.06159068612915498
2024-08-09,588080.SH,140800,0.711,100108.79999999999,0.7275817090499999,0.1045123649825809
2024-08-12,512660.SH,63900,0.865,55273.5,0.8466769268999998,0.05773555130914597
2024-08-12,159995.SZ,69900,0.84,58716.0,0.9305394133146637,0.061331390823230206
2024-08-12,588080.SH,140800,0.713,100390.4,0.7275817090499999,0.10486209648648424
2024-08-13,512660.SH,63900,0.875,55912.5,0.8466769268999998,0.0583043175685539
2024-08-13,159995.SZ,69900,0.848,59275.2,0.9305394133146637,0.061810866706721146
2024-08-13,588080.SH,140800,0.716,100812.8,0.7275817090499999,0.10512535669439053
2024-08-14,512660.SH,63900,0.864,55209.6,0.8466769268999998,0.05774897803989008
2024-08-14,159995.SZ,69900,0.836,58436.399999999994,0.9305394133146637,0.06112419543576175
2024-08-14,588080.SH,140800,0.706,99404.79999999999,0.7275817090499999,0.10397694626042689
2024-08-15,512660.SH,63900,0.867,55401.3,0.8466769268999998,0.05786982973121291
2024-08-15,159995.SZ,69900,0.84,58716.0,0.9305394133146637,0.06133222365716864
2024-08-15,588080.SH,140800,0.712,100249.59999999999,0.7275817090499999,0.10471644677331039
2024-08-16,512660.SH,63900,0.856,54698.4,0.8466769268999998,0.05720697100141749
2024-08-16,159995.SZ,69900,0.837,58506.299999999996,0.9305394133146637,0.06118950842255408
2024-08-16,588080.SH,140800,0.71,99968.0,0.7275817090499999,0.104552719587222
2024-08-19,512660.SH,67500,0.853,57577.5,0.847057618206074,0.06022385843062105
2024-08-19,159995.SZ,72000,0.839,60408.0,0.9279511936207636,0.06318445295604978
2024-08-19,512880.SH,140500,0.811,113945.50000000001,0.8106481215000001,0.11918262621347456
2024-08-20,512660.SH,67500,0.839,56632.5,0.847057618206074,0.05940916728163968
2024-08-20,159995.SZ,72000,0.825,59400.0,0.9279511936207636,0.062312356624365815
2024-08-20,512880.SH,140500,0.805,113102.5,0.8106481215000001,0.11864786725769923
2024-08-21,512660.SH,67500,0.834,56295.0,0.847057618206074,0.059137504925569365
2024-08-21,159995.SZ,72000,0.821,59112.0,0.9279511936207636,0.062096743781157406
2024-08-21,512880.SH,140500,0.8,112400.0,0.8106481215000001,0.11807541617610794
2024-08-22,512660.SH,67500,0.831,56092.5,0.847057618206074,0.059104620853148125
2024-08-22,159995.SZ,72000,0.807,58104.00000000001,0.9279511936207636,0.06122413673933805
2024-08-22,512880.SH,140500,0.788,110714.0,0.8106481215000001,0.11665925022303235
2024-08-23,512660.SH,67500,0.832,56160.0,0.847057618206074,0.05913717392952916
2024-08-23,159995.SZ,72000,0.801,57672.0,0.9279511936207636,0.06072932861224726
2024-08-23,512880.SH,140500,0.795,111697.5,0.8106481215000001,0.11761884766726467
2024-08-26,512660.SH,67500,0.825,55687.5,0.847057618206074,0.058668816163174674
2024-08-26,159995.SZ,72000,0.801,57672.0,0.9279511936207636,0.06075955943008054
2024-08-26,512880.SH,140500,0.795,111697.5,0.8106481215000001,0.11767739786103171
2024-08-27,512660.SH,67500,0.811,54742.50000000001,0.847057618206074,0.0578478004295821
2024-08-27,159995.SZ,72000,0.788,56736.0,0.9279511936207636,0.05995438288665606
2024-08-27,512880.SH,140500,0.788,110714.0,0.8106481215000001,0.11699431660521079
2024-08-28,512660.SH,67500,0.819,55282.5,0.847057618206074,0.05838089230983726
2024-08-28,159995.SZ,72000,0.787,56664.0,0.9279511936207636,0.05983982059140991
2024-08-28,512880.SH,140500,0.789,110854.5,0.8106481215000001,0.11706751009018865
2024-08-29,512660.SH,67500,0.833,56227.5,0.847057618206074,0.059239754261155624
2024-08-29,159995.SZ,72000,0.795,57240.0,0.9279511936207636,0.06030649653476587
2024-08-29,512880.SH,140500,0.794,111557.0,0.8106481215000001,0.11753340031322286
2024-08-30,512660.SH,67500,0.843,56902.5,0.847057618206074,0.059609956024358104
2024-08-30,159995.SZ,72000,0.822,59184.0,0.9279511936207636,0.06200001120066096
2024-08-30,512880.SH,140500,0.814,114366.99999999999,0.8106481215000001,0.11980865235512961
2024-09-02,159995.SZ,73500,0.793,58285.5,0.9258245025944897,0.061569689142861664
2024-09-02,512880.SH,140300,0.793,111257.90000000001,0.8106481215000001,0.11752690322099989
2024-09-02,510300.SH,50200,3.121,156674.2,3.1725364755,0.16550225683414463
2024-09-03,159995.SZ,73500,0.798,58653.0,0.9258245025944897,0.06183954902965915
2024-09-03,512880.SH,140300,0.799,112099.70000000001,0.8106481215000001,0.11818994585716132
2024-09-03,510300.SH,50200,3.133,157276.6,3.1725364755,0.16582125410325288
2024-09-04,159995.SZ,73500,0.79,58065.0,0.9258245025944897,0.06133487282606994
2024-09-04,512880.SH,140300,0.798,111959.40000000001,0.8106481215000001,0.11826428245385508
2024-09-04,510300.SH,50200,3.112,156222.4,3.1725364755,0.16501990935302555
2024-09-05,159995.SZ,73500,0.789,57991.5,0.9258245025944897,0.06116675853780916
2024-09-05,512880.SH,140300,0.806,113081.8,0.8106481215000001,0.11927346517370353
2024-09-05,510300.SH,50200,3.119,156573.80000000002,3.1725364755,0.16514682010203607
2024-09-06,159995.SZ,73500,0.777,57109.5,0.9258245025944897,0.06035529972708754
2024-09-06,512880.SH,140300,0.809,113502.70000000001,0.8106481215000001,0.11995358877828907
2024-09-06,510300.SH,50200,3.091,155168.2,3.1725364755,0.1639871338238413
2024-09-09,159995.SZ,73500,0.774,56889.0,0.9258245025944897,0.060276363183972385
2024-09-09,512880.SH,140300,0.808,113362.40000000001,0.8106481215000001,0.12011238014039184
2024-09-09,510300.SH,50200,3.05,153110.0,3.1725364755,0.1622266864788977
2024-09-10,159995.SZ,73500,0.781,57403.5,0.9258245025944897,0.06081546698340224
2024-09-10,512880.SH,140300,0.805,112941.5,0.8106481215000001,0.11965455180095158
2024-09-10,510300.SH,50200,3.05,153110.0,3.1725364755,0.1622105995249195
2024-09-11,159995.SZ,73500,0.779,57256.5,0.9258245025944897,0.06070080355484235
2024-09-11,512880.SH,140300,0.804,112801.20000000001,0.8106481215000001,0.11958683262075893
2024-09-11,510300.SH,50200,3.043,152758.6,3.1725364755,0.161947897093129
2024-09-12,159995.SZ,73500,0.768,56448.0,0.9258245025944897,0.05993904831779697
2024-09-12,512880.SH,140300,0.803,112660.90000000001,0.8106481215000001,0.11962845678547501
2024-09-12,510300.SH,50200,3.032,152206.4,3.1725364755,0.16161966347572868
2024-09-13,159995.SZ,73500,0.759,55786.5,0.9258245025944897,0.059308046053399975
2024-09-13,512880.SH,140300,0.805,112941.5,0.8106481215000001,0.12007097923942305
2024-09-13,510300.SH,50200,3.017,151453.4,3.1725364755,0.16101395897114906
2024-09-18,512880.SH,139400,0.806,112356.40000000001,0.8106481215000001,0.11933700728335211
2024-09-18,510300.SH,52000,3.027,157404.0,3.167266259040385,0.16718337624228574
2024-09-18,512660.SH,98500,0.805,79292.5,0.8036425204500001,0.08421887538240097
2024-09-19,512880.SH,139400,0.816,113750.4,0.8106481215000001,0.12044706508872062
2024-09-19,510300.SH,52000,3.054,158808.0,3.167266259040385,0.1681572769204288
2024-09-19,512660.SH,98500,0.806,79391.0,0.8036425204500001,0.08406487312975268
2024-09-20,512880.SH,139400,0.816,113750.4,0.8106481215000001,0.12057595244453077
2024-09-20,510300.SH,52000,3.063,159276.0,3.167266259040385,0.16883329994052843
2024-09-20,512660.SH,98500,0.791,77913.5,0.8036425204500001,0.08258867195884101
2024-09-23,512880.SH,139400,0.816,113750.4,0.8106481215000001,0.12046587987835666
2024-09-23,510300.SH,52000,3.072,159744.0,3.167266259040385,0.16917480303619334
2024-09-23,512660.SH,98500,0.795,78307.5,0.8036425204500001,0.08293053816579471
2024-09-24,512880.SH,139400,0.866,120720.4,0.8106481215000001,0.12558387520373135
2024-09-24,510300.SH,52000,3.216,167232.0,3.167266259040385,0.17396929282930143
2024-09-24,512660.SH,98500,0.821,80868.5,0.8036425204500001,0.08412645759882298
2024-09-25,512880.SH,139400,0.882,122950.8,0.8106481215000001,0.12712961505128942
2024-09-25,510300.SH,52000,3.263,169676.0,3.167266259040385,0.17544289718686323
2024-09-25,512660.SH,98500,0.833,82050.5,0.8036425204500001,0.08483920787636862
2024-09-26,512880.SH,139400,0.938,130757.2,0.8106481215000001,0.13254350313005828
2024-09-26,510300.SH,52000,3.429,178308.0,3.167266259040385,0.18074390516250297
2024-09-26,512660.SH,98500,0.863,85005.5,0.8036425204500001,0.0861667790020142
2024-09-27,512880.SH,139400,1.006,140236.4,0.8106481215000001,0.13851314524158262
2024-09-27,510300.SH,52000,3.658,190216.0,3.167266259040385,0.18787858526939424
2024-09-27,512660.SH,98500,0.909,89536.5,0.8036425204500001,0.08843625641361988
2024-09-30,512880.SH,112200,1.107,124205.4,0.8106481215000001,0.11782232917789504
2024-09-30,159915.SZ,53300,2.232,118965.6,2.0016002999999998,0.11285180905214903
2024-09-30,510500.SH,21400,5.842,125018.79999999999,5.6405096454,0.11859392753475632
2024-10-08,512880.SH,112200,1.218,136659.6,0.8106481215000001,0.12471527039908209
2024-10-08,159915.SZ,53300,2.678,142737.4,2.0016002999999998,0.13026185820141387
2024-10-08,510500.SH,21400,6.093,130390.2,5.6405096454,0.11899382883010336
2024-10-09,512880.SH,112200,1.179,132283.80000000002,0.8106481215000001,0.12480051270580982
2024-10-09,159915.SZ,53300,2.242,119498.6,2.0016002999999998,0.11273857076699101
2024-10-09,510500.SH,21400,5.71,122194.0,5.6405096454,0.11528149213716059
2024-10-10,512880.SH,112200,1.113,124878.6,0.8106481215000001,0.11923305874976253
2024-10-10,159915.SZ,53300,2.174,115874.2,2.0016002999999998,0.11063573179217041
2024-10-10,510500.SH,21400,5.636,120610.40000000001,5.6405096454,0.1151578165436861
2024-10-11,512880.SH,112200,1.116,125215.20000000001,0.8106481215000001,0.12079145553879106
2024-10-11,159915.SZ,53300,2.06,109798.0,2.0016002999999998,0.10591893184891435
2024-10-11,510500.SH,21400,5.403,115624.2,5.6405096454,0.11153929725391393
2024-10-14,512880.SH,112200,1.124,126112.80000000002,0.8106481215000001,0.12086285692669206
2024-10-14,159915.SZ,53300,2.116,112782.8,2.0016002999999998,0.10808777079084537
2024-10-14,510500.SH,21400,5.54,118556.0,5.6405096454,0.11362063855374635
2024-10-15,512880.SH,112200,1.087,121961.4,0.8106481215000001,0.11812668970278216
2024-10-15,159915.SZ,53300,2.045,108998.5,2.0016002999999998,0.10557136920016252
2024-10-15,510500.SH,21400,5.398,115517.2,5.6405096454,0.11188510823698504
2024-10-16,512880.SH,112200,1.094,122746.8,0.8106481215000001,0.1190857940679427
2024-10-16,159915.SZ,53300,2.0,106600.0,2.0016002999999998,0.10342058324650982
2024-10-16,510500.SH,21400,5.393,115410.2,5.6405096454,0.11196801310127906
2024-10-17,512880.SH,112200,1.088,122073.6,0.8106481215000001,0.1186492299758845
2024-10-17,159915.SZ,53300,1.995,106333.5,2.0016002999999998,0.1033506662836249
2024-10-17,510500.SH,21400,5.349,114468.6,5.6405096454,0.11125756303097092
2024-10-18,512880.SH,112200,1.169,131161.80000000002,0.8106481215000001,0.12473071055786751
2024-10-18,159915.SZ,53300,2.156,114914.8,2.0016002999999998,0.10928032901054448
2024-10-18,510500.SH,21400,5.584,119497.59999999999,5.6405096454,0.11363842641653153
2024-10-21,512880.SH,428400,1.137,487090.8,1.058107872875,0.4652113284938844
2024-10-21,159915.SZ,49900,2.167,108133.29999999999,2.0016002999999998,0.10327609584789478
2024-10-21,588080.SH,282600,1.01,285426.0,1.0068049508999999,0.27260504334447594
2024-10-22,512880.SH,428400,1.146,490946.39999999997,1.058107872875,0.4687601451728785
2024-10-22,159915.SZ,49900,2.175,108532.49999999999,2.0016002999999998,0.10362783076925594
2024-10-22,588080.SH,282600,0.996,281469.6,1.0068049508999999,0.2687497668946183
2024-10-23,512880.SH,428400,1.14,488375.99999999994,1.058107872875,0.4685044077490703
2024-10-23,159915.SZ,49900,2.162,107883.8,2.0016002999999998,0.10349410254541411
2024-10-23,588080.SH,282600,0.99,279774.0,1.0068049508999999,0.26839024066208905
2024-10-24,512880.SH,428400,1.138,487519.19999999995,1.058107872875,0.46912330252196355
2024-10-24,159915.SZ,49900,2.132,106386.8,2.0016002999999998,0.10237243366157402
2024-10-24,588080.SH,282600,0.987,278926.2,1.0068049508999999,0.26840128574198047
2024-10-25,512880.SH,428400,1.147,491374.8,1.058107872875,0.46750104004445264
2024-10-25,159915.SZ,49900,2.196,109580.40000000001,2.0016002999999998,0.10425636595219605
2024-10-25,588080.SH,282600,1.004,283730.4,1.0068049508999999,0.26994517645640065
2024-10-28,512880.SH,428400,1.149,492231.60000000003,1.058107872875,0.46924741462329667
2024-10-28,159915.SZ,49900,2.188,109181.20000000001,2.0016002999999998,0.10408311011619141
2024-10-28,588080.SH,282600,0.995,281187.0,1.0068049508999999,0.26805729818175206
2024-10-29,512880.SH,428400,1.136,486662.39999999997,1.058107872875,0.4688728697815412
2024-10-29,159915.SZ,49900,2.135,106536.49999999999,2.0016002999999998,0.10264214883147159
2024-10-29,588080.SH,282600,0.985,278361.0,1.0068049508999999,0.2681857503379336
2024-10-30,512880.SH,428400,1.133,485377.2,1.058107872875,0.47107011628848755
2024-10-30,159915.SZ,49900,2.111,105338.90000000001,2.0016002999999998,0.10223390771692895
2024-10-30,588080.SH,282600,0.967,273274.2,1.0068049508999999,0.26521911035920803
2024-10-31,512880.SH,428400,1.166,499514.39999999997,1.058107872875,0.47643187018712974
2024-10-31,159915.SZ,49900,2.122,105887.79999999999,2.0016002999999998,0.10099473125099248
2024-10-31,588080.SH,282600,0.979,276665.4,1.0068049508999999,0.2638807088205472
2024-11-01,512880.SH,428400,1.153,493945.2,1.058107872875,0.47826390572535443
2024-11-01,159915.SZ,49900,2.084,103991.6,2.0016002999999998,0.1006901753041203
2024-11-01,588080.SH,282600,0.95,268470.0,1.0068049508999999,0.259946874208082
2024-11-04,512880.SH,417100,1.198,499685.8,1.058107872875,0.4720235855770373
2024-11-04,159915.SZ,51100,2.145,109609.5,2.0035871540117416,0.10354160395053506
2024-11-04,588080.SH,295900,0.963,284951.7,1.0041550411434268,0.2691769971255382
2024-11-05,512880.SH,417100,1.265,527631.5,1.058107872875,0.4778009862400748
2024-11-05,159915.SZ,51100,2.249,114923.90000000001,2.0035871540117416,0.10407027018393658
2024-11-05,588080.SH,295900,1.005,297379.49999999994,1.0041550411434268,0.26929441928235953
2024-11-06,512880.SH,417100,1.257,524294.7,1.058107872875,0.47666540685194114
2024-11-06,159915.SZ,51100,2.223,113595.29999999999,2.0035871540117416,0.10327579105981485
2024-11-06,588080.SH,295900,1.006,297675.4,1.0041550411434268,0.27063322526589406
2024-11-07,512880.SH,417100,1.364,568924.4,1.058107872875,0.4909373105114241
2024-11-07,159915.SZ,51100,2.306,117836.6,2.0035871540117416,0.10168377992543556
2024-11-07,588080.SH,295900,1.04,307736.0,1.0041550411434268,0.2655521264117756
2024-11-08,512880.SH,417100,1.32,550572.0,1.058107872875,0.48351654376813225
2024-11-08,159915.SZ,51100,2.282,116610.2,2.0035871540117416,0.10240797002410339
2024-11-08,588080.SH,295900,1.038,307144.2,1.0041550411434268,0.26973638692564816
2024-11-11,512880.SH,417100,1.321,550989.1,1.058107872875,0.4764565460110551
2024-11-11,159915.SZ,51100,2.349,120033.90000000001,2.0035871540117416,0.10379685804716715
2024-11-11,588080.SH,295900,1.085,321051.5,1.0041550411434268,0.277622713011325
2024-11-12,512880.SH,417100,1.289,537641.9,1.058107872875,0.47312240649559256
2024-11-12,159915.SZ,51100,2.345,119829.50000000001,2.0035871540117416,0.10544941048895856
2024-11-12,588080.SH,295900,1.063,314541.7,1.0041550411434268,0.276795253582756
2024-11-13,512880.SH,417100,1.286,536390.6,1.058107872875,0.4707423094690935
2024-11-13,159915.SZ,51100,2.372,121209.2,2.0035871540117416,0.10637453142710042
2024-11-13,588080.SH,295900,1.073,317500.7,1.0041550411434268,0.27864211784482024
2024-11-14,512880.SH,417100,1.265,527631.5,1.058107872875,0.47276734247829555
2024-11-14,159915.SZ,51100,2.288,116916.79999999999,2.0035871540117416,0.1047595619804094
2024-11-14,588080.SH,295900,1.038,307144.2,1.0041550411434268,0.27520674408488144
2024-11-15,512880.SH,417100,1.215,506776.50000000006,1.058107872875,0.4696438471161598
2024-11-15,159915.SZ,51100,2.204,112624.40000000001,2.0035871540117416,0.10437215714451879
2024-11-15,588080.SH,295900,0.998,295308.2,1.0041550411434268,0.2736703046272831
2024-11-18,512880.SH,247200,1.199,296392.8,1.058107872875,0.2797474845641488
2024-11-18,159915.SZ,173600,2.149,373066.4,2.1469581456617224,0.3521151221467005
2024-11-18,588080.SH,292500,0.979,286357.5,1.0041550411434268,0.2702757634837224
2024-11-19,512880.SH,247200,1.225,302820.0,1.058107872875,0.27879844296347306
2024-11-19,159915.SZ,173600,2.215,384524.0,2.1469581456617224,0.35402117588695103
2024-11-19,588080.SH,292500,1.009,295132.49999999994,1.0041550411434268,0.271720763053686
2024-11-20,512880.SH,247200,1.225,302820.0,1.058107872875,0.27814318763925494
2024-11-20,159915.SZ,173600,2.223,385912.8,2.1469581456617224,0.35446475246942166
2024-11-20,588080.SH,292500,1.013,296302.5,1.0041550411434268,0.27215679894155054
2024-11-21,512880.SH,247200,1.237,305786.4,1.058107872875,0.2795055507779509
2024-11-21,159915.SZ,173600,2.223,385912.8,2.1469581456617224,0.35274547761529357
2024-11-21,588080.SH,292500,1.021,298642.5,1.0041550411434268,0.2729756341295892
2024-11-22,512880.SH,247200,1.178,291201.6,1.058107872875,0.2765629263567569
2024-11-22,159915.SZ,173600,2.136,370809.60000000003,2.1469581456617224,0.35216904061371396
2024-11-22,588080.SH,292500,0.982,287235.0,1.0041550411434268,0.2727957269193681
2024-11-25,512880.SH,247200,1.167,288482.4,1.058107872875,0.27594824679194413
2024-11-25,159915.SZ,173600,2.132,370115.2,2.1469581456617224,0.3540342168224119
2024-11-25,588080.SH,292500,0.968,283140.0,1.0041550411434268,0.2708379665333866
2024-11-26,512880.SH,247200,1.167,288482.4,1.058107872875,0.27755190212806075
2024-11-26,159915.SZ,173600,2.109,366122.4,2.1469581456617224,0.3522501495123817
2024-11-26,588080.SH,292500,0.961,281092.5,1.0041550411434268,0.2704420028706497
2024-11-27,512880.SH,247200,1.196,295651.2,1.058107872875,0.2772137896473088
2024-11-27,159915.SZ,173600,2.165,375844.0,2.1469581456617224,0.35240560348208677
2024-11-27,588080.SH,292500,0.996,291330.0,1.0041550411434268,0.273162068471058
2024-11-28,512880.SH,247200,1.184,292684.8,1.058107872875,0.27702325803999894
2024-11-28,159915.SZ,173600,2.128,369420.80000000005,2.1469581456617224,0.3496531203661511
2024-11-28,588080.SH,292500,0.994,290745.0,1.0041550411434268,0.2751872565942594
2024-11-29,512880.SH,247200,1.216,300595.2,1.058107872875,0.2781713574216012
2024-11-29,159915.SZ,173600,2.179,378274.39999999997,2.1469581456617224,0.35005583364551973
2024-11-29,588080.SH,292500,1.019,298057.5,1.0041550411434268,0.2758229651194993
2024-12-02,512880.SH,248000,1.23,305040.0,1.0586135055431452,0.27934141646472455
2024-12-02,159915.SZ,175800,2.211,388693.8,2.1473135568081627,0.35594766805355477
2024-12-02,588080.SH,286600,1.027,294338.19999999995,1.0041550411434268,0.26954120675215504
2024-12-03,512880.SH,248000,1.229,304792.0,1.0586135055431452,0.28057525764312624
2024-12-03,159915.SZ,175800,2.198,386408.39999999997,2.1473135568081627,0.35570696207731234
2024-12-03,588080.SH,286600,1.016,291185.6,1.0041550411434268,0.2680499315663413
2024-12-04,512880.SH,248000,1.214,301072.0,1.0586135055431452,0.27989449917833487
2024-12-04,159915.SZ,175800,2.17,381486.0,2.1473135568081627,0.35465215268622213
2024-12-04,588080.SH,286600,1.009,289179.39999999997,1.0041550411434268,0.26883842846791256
2024-12-05,512880.SH,248000,1.228,304544.0,1.0586135055431452,0.2815911035839933
2024-12-05,159915.SZ,175800,2.177,382716.60000000003,2.1473135568081627,0.3538719848491967
2024-12-05,588080.SH,286600,1.013,290325.8,1.0041550411434268,0.2684445020125359
2024-12-06,512880.SH,248000,1.244,308512.0,1.0586135055431452,0.28111256538363405
2024-12-06,159915.SZ,175800,2.224,390979.2,2.1473135568081627,0.3562557240030888
2024-12-06,588080.SH,286600,1.026,294051.60000000003,1.0041550411434268,0.2679364161885509
2024-12-09,512880.SH,248000,1.232,305536.0,1.0586135055431452,0.28092638765098127
2024-12-09,159915.SZ,175800,2.206,387814.8,2.1473135568081627,0.3565779837452469
2024-12-09,588080.SH,286600,1.013,290325.8,1.0041550411434268,0.2669413039245171
2024-12-10,512880.SH,248000,1.244,308512.0,1.0586135055431452,0.2815419583120988
2024-12-10,159915.SZ,175800,2.221,390451.8,2.1473135568081627,0.35631860154056866
2024-12-10,588080.SH,286600,1.022,292905.2,1.0041550411434268,0.2672995008550622
2024-12-11,512880.SH,248000,1.241,307768.0,1.0586135055431452,0.2814840753520866
2024-12-11,159915.SZ,175800,2.218,389924.4,2.1473135568081627,0.35662417532432594
2024-12-11,588080.SH,286600,1.018,291758.8,1.0041550411434268,0.2668420889885704
2024-12-12,512880.SH,248000,1.259,312232.0,1.0586135055431452,0.28282549101245125
2024-12-12,159915.SZ,175800,2.248,395198.4,2.1473135568081627,0.3579779828055264
2024-12-12,588080.SH,286600,1.021,292618.6,1.0041550411434268,0.2650593123843042
2024-12-13,512880.SH,248000,1.219,302312.0,1.0586135055431452,0.280268064630542
2024-12-13,159915.SZ,175800,2.193,385529.4,2.1473135568081627,0.3574174323089195
2024-12-13,588080.SH,286600,1.001,286886.6,1.0041550411434268,0.26596745134310396
2024-12-16,512880.SH,246100,1.201,295566.10000000003,1.0586135055431452,0.2779365556727351
2024-12-16,159915.SZ,174400,2.158,376355.2,2.1473135568081627,0.3539068519614508
2024-12-16,588080.SH,292100,0.985,287718.5,1.004084498602212,0.27055703916425405
2024-12-17,512880.SH,246100,1.203,296058.3,1.0586135055431452,0.27876064372584264
2024-12-17,159915.SZ,174400,2.159,376529.6,2.1473135568081627,0.35453028568303624
2024-12-17,588080.SH,292100,0.978,285673.8,1.004084498602212,0.2689828739258708
2024-12-18,512880.SH,246100,1.202,295812.2,1.0586135055431452,0.2776461450953417
2024-12-18,159915.SZ,174400,2.158,376355.2,2.1473135568081627,0.353242937467036
2024-12-18,588080.SH,292100,0.991,289471.1,1.004084498602212,0.2716944569274295
2024-12-19,512880.SH,246100,1.198,294827.8,1.0586135055431452,0.2755593914222346
2024-12-19,159915.SZ,174400,2.171,378622.39999999997,2.1473135568081627,0.3538776130433625
2024-12-19,588080.SH,292100,1.002,292684.2,1.004084498602212,0.2735558859473347
2024-12-20,512880.SH,246100,1.203,296058.3,1.0586135055431452,0.2750560378576118
2024-12-20,159915.SZ,174400,2.169,378273.60000000003,2.1473135568081627,0.35143901603885147
2024-12-20,588080.SH,292100,1.021,298234.1,1.004084498602212,0.2770774874409222
2024-12-23,512880.SH,246100,1.188,292366.8,1.0586135055431452,0.27443963388643267
2024-12-23,159915.SZ,174400,2.147,374436.8,2.1473135568081627,0.35147731652707287
2024-12-23,588080.SH,292100,1.009,294728.89999999997,1.004084498602212,0.2766568961036308
2024-12-24,512880.SH,246100,1.209,297534.9,1.0586135055431452,0.27570570686422236
2024-12-24,159915.SZ,174400,2.17,378448.0,2.1473135568081627,0.35068246901910066
2024-12-24,588080.SH,292100,1.025,299402.5,1.004084498602212,0.2774362869680677
2024-12-25,512880.SH,246100,1.201,295566.10000000003,1.0586135055431452,0.27478120890999125
2024-12-25,159915.SZ,174400,2.156,376006.4,2.1473135568081627,0.34956476114782353
2024-12-25,588080.SH,292100,1.028,300278.8,1.004084498602212,0.2791625009567791
2024-12-26,512880.SH,246100,1.204,296304.39999999997,1.0586135055431452,0.2740907423955126
2024-12-26,159915.SZ,174400,2.166,377750.39999999997,2.1473135568081627,0.3494308136369283
2024-12-26,588080.SH,292100,1.038,303199.8,1.004084498602212,0.2804692008494338
2024-12-27,512880.SH,246100,1.213,298519.30000000005,1.0586135055431452,0.27630447469302827
2024-12-27,159915.SZ,174400,2.163,377227.19999999995,2.1473135568081627,0.3491551914262223
2024-12-27,588080.SH,292100,1.03,300863.0,1.004084498602212,0.2784737642409337
2024-12-30,512880.SH,248200,1.225,304045.0,1.059911173103014,0.28055385154001733
2024-12-30,159915.SZ,177200,2.165,383638.0,2.1475276834500203,0.3539973309776815
2024-12-30,588080.SH,283600,1.03,292108.0,1.004084498602212,0.2695391289633159
2024-12-31,512880.SH,248200,1.17,290394.0,1.059911173103014,0.2742368596784
2024-12-31,159915.SZ,177200,2.102,372474.39999999997,2.1475276834500203,0.35175041414972835
2024-12-31,588080.SH,283600,1.03,292108.0,1.004084498602212,0.27585549497213463
2025-01-02,512880.SH,248200,1.106,274509.2,1.059911173103014,0.2717444892959872
2025-01-02,159915.SZ,177200,2.019,357766.80000000005,2.1475276834500203,0.3541635630174129
2025-01-02,588080.SH,283600,0.966,273957.6,1.004084498602212,0.2711984447178977
2025-01-03,512880.SH,248200,1.076,267063.2,1.059911173103014,0.2682804596053941
2025-01-03,159915.SZ,177200,1.978,350501.6,2.1475276834500203,0.3520991673148003
2025-01-03,588080.SH,283600,0.966,273957.6,1.004084498602212,0.27520628390729496
2025-01-06,512880.SH,248200,1.077,267311.39999999997,1.059911173103014,0.26994287474411804
2025-01-06,159915.SZ,177200,1.976,350147.2,2.1475276834500203,0.35359412936224816
2025-01-06,588080.SH,283600,0.948,268852.8,1.004084498602212,0.2714994486393226
2025-01-07,512880.SH,248200,1.089,270289.8,1.059911173103014,0.2693063645888027
2025-01-07,159915.SZ,177200,1.99,352628.0,2.1475276834500203,0.3513449813208649
2025-01-07,588080.SH,283600,0.976,276793.6,1.004084498602212,0.2757865008500032
2025-01-08,512880.SH,248200,1.077,267311.39999999997,1.059911173103014,0.26817628601968907
2025-01-08,159915.SZ,177200,1.968,348729.6,2.1475276834500203,0.34985791460121707
2025-01-08,588080.SH,283600,0.976,276793.6,1.004084498602212,0.2776891656772566
2025-01-09,512880.SH,248200,1.073,266318.6,1.059911173103014,0.267608651726754
2025-01-09,159915.SZ,177200,1.971,349261.2,2.1475276834500203,0.3509530270603263
2025-01-09,588080.SH,283600,0.972,275659.2,1.004084498602212,0.27699449774846985
2025-01-10,512880.SH,248200,1.054,261602.80000000002,1.059911173103014,0.26653466827811856
2025-01-10,159915.SZ,177200,1.938,343413.6,2.1475276834500203,0.34988780685143467
2025-01-10,588080.SH,283600,0.961,272539.6,1.004084498602212,0.27767765436245756
2025-01-13,512880.SH,112200,1.057,118595.4,1.059911173103014,0.12178700146744022
2025-01-13,588080.SH,120100,0.961,115416.09999999999,1.004084498602212,0.1185221411628632
2025-01-13,159995.SZ,84000,1.186,99624.0,1.1809441769999998,0.10230504921938174
2025-01-14,512880.SH,112200,1.103,123756.59999999999,1.059911173103014,0.12549218468365905
2025-01-14,588080.SH,120100,0.991,119019.1,1.004084498602212,0.12068824513668674
2025-01-14,159995.SZ,84000,1.229,103236.00000000001,1.1809441769999998,0.10468380012057724
2025-01-15,512880.SH,112200,1.09,122298.00000000001,1.059911173103014,0.124284706100839
2025-01-15,588080.SH,120100,0.988,118658.8,1.004084498602212,0.12058638803805649
2025-01-15,159995.SZ,84000,1.225,102900.00000000001,1.1809441769999998,0.10457158954174503
2025-01-16,512880.SH,112200,1.092,122522.40000000001,1.059911173103014,0.12512536051291756
2025-01-16,588080.SH,120100,0.967,116136.7,1.004084498602212,0.11860399776922875
2025-01-16,159995.SZ,84000,1.195,100380.0,1.1809441769999998,0.10251255026253701
2025-01-17,512880.SH,112200,1.094,122746.8,1.059911173103014,0.12493537050556386
2025-01-17,588080.SH,120100,0.975,117097.5,1.004084498602212,0.11918534371385049
2025-01-17,159995.SZ,84000,1.22,102480.0,1.1809441769999998,0.1043072142769521
2025-01-20,512880.SH,112200,1.099,123307.8,1.059911173103014,0.1254454687243978
2025-01-20,588080.SH,120100,0.975,117097.5,1.004084498602212,0.1191275067267048
2025-01-20,159995.SZ,84000,1.219,102396.0,1.1809441769999998,0.10417114096191349
2025-01-21,512880.SH,112200,1.103,123756.59999999999,1.059911173103014,0.12555794483967822
2025-01-21,588080.SH,120100,0.986,118418.59999999999,1.004084498602212,0.12014224733704643
2025-01-21,159995.SZ,84000,1.23,103320.0,1.1809441769999998,0.10482387897563084
2025-01-22,512880.SH,112200,1.097,123083.4,1.059911173103014,0.12500293523379022
2025-01-22,588080.SH,120100,0.986,118418.59999999999,1.004084498602212,0.1202653857975658
2025-01-22,159995.SZ,84000,1.226,102984.0,1.1809441769999998,0.10459007698939624
2025-01-23,512880.SH,112200,1.101,123532.2,1.059911173103014,0.12572177307582233
2025-01-23,588080.SH,120100,0.977,117337.7,1.004084498602212,0.11941747732687444
2025-01-23,159995.SZ,84000,1.209,101556.0,1.1809441769999998,0.10335605118736826
2025-01-24,512880.SH,112200,1.114,124990.80000000002,1.059911173103014,0.12681807359446126
2025-01-24,588080.SH,120100,0.985,118298.5,1.004084498602212,0.12002793708908475
2025-01-24,159995.SZ,84000,1.216,102144.0,1.1809441769999998,0.10363727017694623
2025-01-27,588080.SH,117200,0.966,113215.2,1.004084498602212,0.11583576769110537
2025-01-27,159995.SZ,83000,1.181,98023.0,1.1809441769999998,0.10029191713113807
2025-01-27,159915.SZ,57300,2.028,116204.4,2.0876691128999996,0.1188941580554933
2025-02-05,588080.SH,117200,0.992,116262.4,1.004084498602212,0.11822110265880932
2025-02-05,159995.SZ,83000,1.22,101260.0,1.1809441769999998,0.10296595335405972
2025-02-05,159915.SZ,57300,2.024,115975.2,2.0876691128999996,0.11792906412628626
2025-02-06,588080.SH,117200,1.021,119661.19999999998,1.004084498602212,0.12040076537568656
2025-02-06,159995.SZ,83000,1.266,105078.0,1.1809441769999998,0.1057274339898513
2025-02-06,159915.SZ,57300,2.08,119184.0,2.0876691128999996,0.11992061604376213
2025-02-07,588080.SH,117200,1.029,120598.79999999999,1.004084498602212,0.12080436439313472
2025-02-07,159995.SZ,83000,1.273,105658.99999999999,1.1809441769999998,0.1058390990409044
2025-02-07,159915.SZ,57300,2.131,122106.29999999999,2.0876691128999996,0.12231443397361687
2025-02-10,588080.SH,117200,1.048,122825.6,1.004084498602212,0.12253146695297015
2025-02-10,159995.SZ,83000,1.288,106904.0,1.1809441769999998,0.10664799474328088
2025-02-10,159915.SZ,57300,2.142,122736.59999999999,2.0876691128999996,0.12244268008314158
2025-02-11,588080.SH,117200,1.035,121301.99999999999,1.004084498602212,0.12153861508493843
2025-02-11,159995.SZ,83000,1.274,105742.0,1.1809441769999998,0.10594826331232429
2025-02-11,159915.SZ,57300,2.113,121074.9,2.0876691128999996,0.121311072097306
2025-02-12,588080.SH,117200,1.052,123294.40000000001,1.004084498602212,0.122631860589249
2025-02-12,159995.SZ,83000,1.313,108979.0,1.1809441769999998,0.10839338635944347
2025-02-12,159915.SZ,57300,2.15,123195.0,2.0876691128999996,0.12253299472881599
2025-02-13,588080.SH,117200,1.027,120364.4,1.004084498602212,0.12054012707587064
2025-02-13,159995.SZ,83000,1.276,105908.0,1.1809441769999998,0.1060626213261671
2025-02-13,159915.SZ,57300,2.135,122335.49999999999,2.0876691128999996,0.12251410480083955
2025-02-14,588080.SH,117200,1.033,121067.59999999999,1.004084498602212,0.12088867635937686
2025-02-14,159995.SZ,83000,1.276,105908.0,1.1809441769999998,0.10575148046107204
2025-02-14,159915.SZ,57300,2.174,124570.2,2.0876691128999996,0.12438609992948442
2025-02-17,588080.SH,352100,1.048,369000.8,1.026597309897399,0.36594448128764673
2025-02-17,159995.SZ,229900,1.297,298180.3,1.2455321358757503,0.2957105654342616
2025-02-17,159915.SZ,151700,2.182,331009.39999999997,2.157420331264667,0.3282677522225837
2025-02-18,588080.SH,352100,1.021,359494.1,1.026597309897399,0.364584958563012
2025-02-18,159995.SZ,229900,1.269,291743.1,1.2455321358757503,0.2958745248518534
2025-02-18,159915.SZ,151700,2.14,324638.0,2.157420331264667,0.3292352552600421
2025-02-19,588080.SH,352100,1.046,368296.60000000003,1.026597309897399,0.3635950740928729
2025-02-19,159995.SZ,229900,1.318,303008.2,1.2455321358757503,0.29914011948453517
2025-02-19,159915.SZ,151700,2.185,331464.5,2.157420331264667,0.32723315783164186
2025-02-20,588080.SH,352100,1.044,367592.4,1.026597309897399,0.3639508301092603
2025-02-20,159995.SZ,229900,1.309,300939.1,1.2455321358757503,0.2979578338870273
2025-02-20,159915.SZ,151700,2.184,331312.80000000005,2.157420331264667,0.3280306355240842
2025-02-21,588080.SH,352100,1.108,390126.80000000005,1.026597309897399,0.3686158656405022
2025-02-21,159995.SZ,229900,1.385,318411.5,1.2455321358757503,0.30085482643691935
2025-02-21,159915.SZ,151700,2.239,339656.3,2.157420331264667,0.3209282239639781
2025-02-24,588080.SH,352100,1.114,392239.4,1.026597309897399,0.37042595474979767
2025-02-24,159995.SZ,229900,1.39,319561.0,1.2455321358757503,0.30178938812827083
2025-02-24,159915.SZ,151700,2.221,336925.7,2.157420331264667,0.3181883923497841
2025-02-25,588080.SH,352100,1.115,392591.5,1.026597309897399,0.3726439921332323
2025-02-25,159995.SZ,229900,1.381,317491.9,1.2455321358757503,0.3013601901364777
2025-02-25,159915.SZ,151700,2.197,333284.9,2.157420331264667,0.31635075047148276
2025-02-26,588080.SH,352100,1.141,401746.1,1.026597309897399,0.3747120968983613
2025-02-26,159995.SZ,229900,1.405,323009.5,1.2455321358757503,0.301273782279632
2025-02-26,159915.SZ,151700,2.223,337229.1,2.157420331264667,0.3145365274140737
2025-02-27,588080.SH,352100,1.14,401393.99999999994,1.026597309897399,0.3759791746744515
2025-02-27,159995.SZ,229900,1.394,320480.6,1.2455321358757503,0.30018892033058053
2025-02-27,159915.SZ,151700,2.212,335560.4,2.157420331264667,0.31431392159680727
2025-02-28,588080.SH,352100,1.09,383789.0,1.026597309897399,0.3754997805840355
2025-02-28,159995.SZ,229900,1.328,305307.2,1.2455321358757503,0.298713060068752
2025-02-28,159915.SZ,151700,2.128,322817.60000000003,2.157420331264667,0.3158452638524422
2025-03-03,588080.SH,341200,1.074,366448.80000000005,1.026597309897399,0.3608611902284555
2025-03-03,159995.SZ,226100,1.305,295060.5,1.2455321358757503,0.2905614187286278
2025-03-03,159915.SZ,159300,2.154,343132.2,2.156337537054928,0.3379001216478493
2025-03-04,588080.SH,341200,1.093,372931.6,1.026597309897399,0.3631897973744274
2025-03-04,159995.SZ,226100,1.33,300713.0,1.2455321358757503,0.29285770778838854
2025-03-04,159915.SZ,159300,2.149,342335.7,2.156337537054928,0.33339313031406503
2025-03-05,588080.SH,341200,1.097,374296.39999999997,1.026597309897399,0.3636352694352794
2025-03-05,159995.SZ,226100,1.335,301843.5,1.2455321358757503,0.2932460543296376
2025-03-05,159915.SZ,159300,2.149,342335.7,2.156337537054928,0.3325849099986401
2025-03-06,588080.SH,341200,1.136,387603.19999999995,1.026597309897399,0.36591746816455617
2025-03-06,159995.SZ,226100,1.379,311791.9,1.2455321358757503,0.2943476799010341
2025-03-06,159915.SZ,159300,2.191,349026.3,2.156337537054928,0.32949887931483235
2025-03-07,588080.SH,341200,1.122,382826.4,1.026597309897399,0.36641089956976103
2025-03-07,159995.SZ,226100,1.358,307043.80000000005,1.2455321358757503,0.2938778385328645
2025-03-07,159915.SZ,159300,2.16,344088.0,2.156337537054928,0.3293335924877697
2025-03-10,588080.SH,341200,1.119,381802.8,1.026597309897399,0.3659246708646551
2025-03-10,159995.SZ,226100,1.357,306817.7,1.2455321358757503,0.2940579950905297
2025-03-10,159915.SZ,159300,2.159,343928.69999999995,2.156337537054928,0.32962565059347043
2025-03-11,588080.SH,341200,1.112,379414.4,1.026597309897399,0.3653427500331898
2025-03-11,159995.SZ,226100,1.346,304330.60000000003,1.2455321358757503,0.29304364389767673
2025-03-11,159915.SZ,159300,2.159,343928.69999999995,2.156337537054928,0.33117313700623885
2025-03-12,588080.SH,341200,1.105,377026.0,1.026597309897399,0.3647589743091958
2025-03-12,159995.SZ,226100,1.342,303426.2,1.2455321358757503,0.2935538384369696
2025-03-12,159915.SZ,159300,2.149,342335.7,2.156337537054928,0.33119736782455467
2025-03-13,588080.SH,341200,1.081,368837.2,1.026597309897399,0.3642568531928583
2025-03-13,159995.SZ,226100,1.302,294382.2,1.2455321358757503,0.29072646091009974
2025-03-13,159915.SZ,159300,2.125,338512.5,2.156337537054928,0.33430873571442205
2025-03-14,588080.SH,341200,1.101,375661.2,1.026597309897399,0.3629596459553736
2025-03-14,159995.SZ,226100,1.328,300260.8,1.2455321358757503,0.2901086235743197
2025-03-14,159915.SZ,159300,2.186,348229.8,2.156337537054928,0.3364557343667926
2025-03-17,588080.SH,341400,1.095,373833.0,1.0266587953631887,0.36336357702690103
2025-03-17,159995.SZ,228500,1.319,301391.5,1.2464797178184122,0.2929508457667013
2025-03-17,159915.SZ,157600,2.173,342464.8,2.156337537054928,0.3328738627510205
2025-03-18,588080.SH,341400,1.101,375881.39999999997,1.0266587953631887,0.3633980844512132
2025-03-18,159995.SZ,228500,1.326,302991.0,1.2464797178184122,0.2929284316966935
2025-03-18,159915.SZ,157600,2.185,344356.0,2.156337537054928,0.3329196676645399
2025-03-19,588080.SH,341400,1.088,371443.2,1.0266587953631887,0.3624906851641587
2025-03-19,159995.SZ,228500,1.308,298878.0,1.2464797178184122,0.29167444982299695
2025-03-19,159915.SZ,157600,2.178,343252.8,2.156337537054928,0.3349797294889661
2025-03-20,588080.SH,341400,1.075,367005.0,1.0266587953631887,0.3618076236191352
2025-03-20,159995.SZ,228500,1.296,296136.0,1.2464797178184122,0.29194224173533395
2025-03-20,159915.SZ,157600,2.158,340100.8,2.156337537054928,0.33528443001857405
2025-03-21,588080.SH,341400,1.052,359152.8,1.0266587953631887,0.3621504177761335
2025-03-21,159995.SZ,228500,1.263,288595.5,1.2464797178184122,0.2910042213044479
2025-03-21,159915.SZ,157600,2.112,332851.2,2.156337537054928,0.33562929521164075
2025-03-24,588080.SH,341400,1.057,360859.8,1.0266587953631887,0.36241283784995654
2025-03-24,159995.SZ,228500,1.273,290880.5,1.2464797178184122,0.29213236686440075
2025-03-24,159915.SZ,157600,2.112,332851.2,2.156337537054928,0.3342836968090196
2025-03-25,588080.SH,341400,1.044,356421.60000000003,1.0266587953631887,0.3617955933375096
2025-03-25,159995.SZ,228500,1.251,285853.5,1.2464797178184122,0.29016349357082677
2025-03-25,159915.SZ,157600,2.105,331748.0,2.156337537054928,0.3367499739031869
2025-03-26,588080.SH,341400,1.04,355056.0,1.0266587953631887,0.36165124303020946
2025-03-26,159995.SZ,228500,1.247,284939.5,1.2464797178184122,0.2902323136727907
2025-03-26,159915.SZ,157600,2.098,330644.8,2.156337537054928,0.3367865996391414
2025-03-27,588080.SH,341400,1.049,358128.6,1.0266587953631887,0.3627634004154248
2025-03-27,159995.SZ,228500,1.254,286539.0,1.2464797178184122,0.2902473077873016
2025-03-27,159915.SZ,157600,2.103,331432.80000000005,2.156337537054928,0.33572211082054165
2025-03-28,588080.SH,341400,1.041,355397.39999999997,1.0266587953631887,0.3632428916894343
2025-03-28,159995.SZ,228500,1.237,282654.5,1.2464797178184122,0.28889417291468994
2025-03-28,159915.SZ,157600,2.089,329226.4,2.156337537054928,0.3364941599361796
2025-03-31,588080.SH,341400,1.032,352324.8,1.0266587953631887,0.3626120032060934
2025-03-31,159995.SZ,232100,1.233,286179.30000000005,1.2462707079771957,0.2945351824484611
2025-03-31,512100.SH,135900,2.451,333090.9,2.4579651684,0.3428165105003126
2025-04-01,588080.SH,341400,1.035,353349.0,1.0266587953631887,0.3623803243727774
2025-04-01,159995.SZ,232100,1.237,287107.7,1.2462707079771957,0.2944459484982894
2025-04-01,512100.SH,135900,2.462,334585.80000000005,2.4579651684,0.3431375516402346
2025-04-02,588080.SH,341400,1.032,352324.8,1.0266587953631887,0.36147867859880367
2025-04-02,159995.SZ,232100,1.235,286643.5,1.2462707079771957,0.29409088888700474
2025-04-02,512100.SH,135900,2.47,335673.0,2.4579651684,0.3443942421348035
2025-04-03,588080.SH,341400,1.028,350959.2,1.0266587953631887,0.36187550988310896
2025-04-03,159995.SZ,232100,1.237,287107.7,1.2462707079771957,0.2960379591954469
2025-04-03,512100.SH,135900,2.441,331731.89999999997,2.4579651684,0.342050159839071
2025-04-07,588080.SH,341400,0.939,320574.6,1.0266587953631887,0.36439239405915946
2025-04-07,159995.SZ,232100,1.125,261112.5,1.2462707079771957,0.29680270674523895
2025-04-07,512100.SH,135900,2.193,298028.7,2.4579651684,0.33876480385950425
2025-04-08,588080.SH,341400,0.946,322964.39999999997,1.0266587953631887,0.3665756175177172
2025-04-08,159995.SZ,232100,1.129,262040.9,1.2462707079771957,0.2974253655585519
2025-04-08,512100.SH,135900,2.178,295990.2,2.4579651684,0.3359589798262367
2025-04-09,588080.SH,341400,0.987,336961.8,1.0266587953631887,0.3685646429161035
2025-04-09,159995.SZ,232100,1.189,275966.9,1.2462707079771957,0.30184917683596196
2025-04-09,512100.SH,135900,2.217,301290.3,2.4579651684,0.3295475980766535
2025-04-10,588080.SH,341400,1.001,341741.39999999997,1.0266587953631887,0.367926994556136
2025-04-10,159995.SZ,232100,1.199,278287.9,1.2462707079771957,0.2996114332894362
2025-04-10,512100.SH,135900,2.272,308764.8,2.4579651684,0.33242359541081773
2025-04-11,588080.SH,341400,1.021,348569.39999999997,1.0266587953631887,0.366309215392831
2025-04-11,159995.SZ,232100,1.25,290125.0,1.2462707079771957,0.3048903923174126
2025-04-11,512100.SH,135900,2.302,312841.8,2.4579651684,0.3287633231720311
2025-04-14,588080.SH,341400,1.023,349252.19999999995,1.0266587953631887,0.36523675979600023
2025-04-14,159995.SZ,232100,1.249,289892.9,1.2462707079771957,0.3031607058849334
2025-04-14,512100.SH,135900,2.333,317054.7,2.4579651684,0.33156564598903865
2025-04-15,588080.SH,341400,1.014,346179.6,1.0266587953631887,0.3652602189493816
2025-04-15,159995.SZ,232100,1.231,285715.10000000003,1.2462707079771957,0.3014630555444182
2025-04-15,512100.SH,135900,2.324,315831.6,2.4579651684,0.3332395073745926
2025-04-16,588080.SH,341400,1.02,348228.0,1.0266587953631887,0.3667694524022569
2025-04-16,159995.SZ,232100,1.247,289428.7,1.2462707079771957,0.3048393748018456
2025-04-16,512100.SH,135900,2.294,311754.6,2.4579651684,0.32835402071598097
2025-04-17,588080.SH,341400,1.025,349934.99999999994,1.0266587953631887,0.367584274459177
2025-04-17,159995.SZ,232100,1.25,290125.0,1.2462707079771957,0.30475770536662167
2025-04-17,512100.SH,135900,2.295,311890.5,2.4579651684,0.32762096718879213
2025-04-18,588080.SH,341400,1.018,347545.2,1.0266587953631887,0.36710011897335415
2025-04-18,159995.SZ,232100,1.24,287804.0,1.2462707079771957,0.30399753079889236
2025-04-18,512100.SH,135900,2.291,311346.89999999997,2.4579651684,0.3288650915966757
2025-04-21,159928.SZ,124600,0.827,103044.2,0.8316649246499999,0.10912834965695364
2025-04-21,510880.SH,30200,2.924,88304.8,2.9343460397999994,0.09351867539160244
2025-04-21,515300.SH,100000,1.285,128499.99999999999,1.2970369944,0.1360871638667537
2025-04-22,159928.SZ,124600,0.829,103293.4,0.8316649246499999,0.10925905790687053
2025-04-22,510880.SH,30200,2.934,88606.8,2.9343460397999994,0.09372424077571748
2025-04-22,515300.SH,100000,1.291,129099.99999999999,1.2970369944,0.13655610499583695
2025-04-23,159928.SZ,124600,0.823,102545.79999999999,0.8316649246499999,0.10870178162170013
2025-04-23,510880.SH,30200,2.918,88123.6,2.9343460397999994,0.09341379484014026
2025-04-23,515300.SH,100000,1.283,128299.99999999999,1.2970369944,0.13600204574018757
2025-04-24,159928.SZ,124600,0.822,102421.2,0.8316649246499999,0.10843544594192984
2025-04-24,510880.SH,30200,2.931,88516.2,2.9343460397999994,0.09371393442065755
2025-04-24,515300.SH,100000,1.292,129200.0,1.2970369944,0.1367867161847092
2025-04-25,159928.SZ,124600,0.82,102172.0,0.8316649246499999,0.10823346789007057
2025-04-25,510880.SH,30200,2.928,88425.59999999999,2.9343460397999994,0.09367154737364664
2025-04-25,515300.SH,100000,1.29,129000.0,1.2970369944,0.1366530689212221
2025-04-28,159928.SZ,124600,0.817,101798.2,0.8316649246499999,0.1077670776041453
2025-04-28,510880.SH,30200,2.931,88516.2,2.9343460397999994,0.09370629534337588
2025-04-28,515300.SH,100000,1.299,129900.0,1.2970369944,0.13751661012452554
2025-04-29,159928.SZ,124600,0.815,101549.0,0.8316649246499999,0.10761851614573788
2025-04-29,510880.SH,30200,2.919,88153.8,2.9343460397999994,0.09342269395669231
2025-04-29,515300.SH,100000,1.295,129500.0,1.2970369944,0.13724012881341083
2025-04-30,159928.SZ,124600,0.817,101798.2,0.8316649246499999,0.10807452394540334
2025-04-30,510880.SH,30200,2.895,87429.0,2.9343460397999994,0.09281939714084012
2025-04-30,515300.SH,100000,1.283,128299.99999999999,1.2970369944,0.1362102809499112
2025-05-06,159928.SZ,124600,0.819,102047.4,0.8316649246499999,0.10831521564542378
2025-05-06,510880.SH,30200,2.887,87187.4,2.9343460397999994,0.0925425050766979
2025-05-06,515300.SH,100000,1.285,128499.99999999999,1.2970369944,0.13639255101489067
2025-05-07,159928.SZ,124600,0.82,102172.0,0.8316649246499999,0.1082637910433007
2025-05-07,510880.SH,30200,2.906,87761.2,2.9343460397999994,0.09299377734124145
2025-05-07,515300.SH,100000,1.294,129400.0,1.2970369944,0.13711520339234928
2025-05-08,159928.SZ,124600,0.822,102421.2,0.8316649246499999,0.1084278924404282
2025-05-08,510880.SH,30200,2.91,87882.0,2.9343460397999994,0.09303601249985073
2025-05-08,515300.SH,100000,1.299,129900.0,1.2970369944,0.13751824063779397
2025-05-09,159928.SZ,124600,0.823,102545.79999999999,0.8316649246499999,0.10839478674662303
2025-05-09,510880.SH,30200,2.927,88395.4,2.9343460397999994,0.09343727907317942
2025-05-09,515300.SH,100000,1.307,130700.0,1.2970369944,0.13815484035215125
2025-05-12,159928.SZ,125400,0.823,103204.2,0.8316649091817383,0.10888304134992495
2025-05-12,512010.SH,375600,0.357,134089.19999999998,0.35728565354999997,0.14146749752605375
2025-05-12,512660.SH,41600,1.096,45593.600000000006,1.0478377570499997,0.04810240120161717
2025-05-13,159928.SZ,125400,0.823,103204.2,0.8316649091817383,0.10891130777928915
2025-05-13,512010.SH,375600,0.36,135216.0,0.35728565354999997,0.14269333411512672
2025-05-13,512660.SH,41600,1.063,44220.799999999996,1.0478377570499997,0.04666617404181602
2025-05-14,159928.SZ,125400,0.833,104458.2,0.8316649091817383,0.10998728565034703
2025-05-14,512010.SH,375600,0.363,136342.8,0.35728565354999997,0.1435595720581834
2025-05-14,512660.SH,41600,1.057,43971.2,1.0478377570499997,0.046298643235174824
2025-05-15,159928.SZ,125400,0.831,104207.4,0.8316649091817383,0.10984845026623018
2025-05-15,512010.SH,375600,0.363,136342.8,0.35728565354999997,0.14372343312431332
2025-05-15,512660.SH,41600,1.037,43139.2,1.0478377570499997,0.04547445062178844
2025-05-16,159928.SZ,125400,0.823,103204.2,0.8316649091817383,0.1089013324206211
2025-05-16,512010.SH,375600,0.363,136342.8,0.35728565354999997,0.14386926681238027
2025-05-16,512660.SH,41600,1.038,43180.8,1.0478377570499997,0.045564489187342724
2025-05-19,159928.SZ,125400,0.818,102577.2,0.8316649091817383,0.10826857879465673
2025-05-19,512010.SH,375600,0.363,136342.8,0.35728565354999997,0.1439076245489653
2025-05-19,512660.SH,41600,1.047,43555.2,1.0478377570499997,0.04597181053018637
2025-05-20,159928.SZ,125400,0.824,103329.59999999999,0.8316649091817383,0.10877029281903772
2025-05-20,512010.SH,375600,0.368,138220.8,0.35728565354999997,0.1454986459802578
2025-05-20,512660.SH,41600,1.045,43472.0,1.0478377570499997,0.045760964616423636
2025-05-21,159928.SZ,125400,0.826,103580.4,0.8316649091817383,0.10887165216747376
2025-05-21,512010.SH,375600,0.371,139347.6,0.35728565354999997,0.14646596689694447
2025-05-21,512660.SH,41600,1.046,43513.6,1.0478377570499997,0.04573642816357715
2025-05-22,159928.SZ,125400,0.822,103078.79999999999,0.8316649091817383,0.10851579115304207
2025-05-22,512010.SH,375600,0.369,138596.4,0.35728565354999997,0.14590680136908346
2025-05-22,512660.SH,41600,1.04,43264.0,1.0478377570499997,0.045546001587573895
2025-05-23,159928.SZ,125400,0.818,102577.2,0.8316649091817383,0.10805412034086997
2025-05-23,512010.SH,375600,0.37,138972.0,0.35728565354999997,0.14639215353910404
2025-05-23,512660.SH,41600,1.029,42806.399999999994,1.0478377570499997,0.04509196875094481
2025-05-26,159928.SZ,126800,0.816,103468.79999999999,0.8315579827396686,0.10929577066536002
2025-05-26,512010.SH,364400,0.365,133006.0,0.35728565354999997,0.14049639382226214
2025-05-26,510880.SH,34300,2.964,101665.2,2.9783812463999997,0.10739059874907181
2025-05-27,159928.SZ,126800,0.816,103468.79999999999,0.8315579827396686,0.1092591619079674
2025-05-27,512010.SH,364400,0.367,133734.8,0.35728565354999997,0.14121891977030407
2025-05-27,510880.SH,34300,2.952,101253.59999999999,2.9783812463999997,0.10691999400944602
2025-05-28,159928.SZ,126800,0.82,103976.0,0.8315579827396686,0.10971611450593827
2025-05-28,512010.SH,364400,0.367,133734.8,0.35728565354999997,0.14111778324063967
2025-05-28,510880.SH,34300,2.957,101425.09999999999,2.9783812463999997,0.10702438914149648
2025-05-29,159928.SZ,126800,0.82,103976.0,0.8315579827396686,0.10947394345490721
2025-05-29,512010.SH,364400,0.372,135556.8,0.35728565354999997,0.14272464278418254
2025-05-29,510880.SH,34300,2.965,101699.5,2.9783812463999997,0.10707706886581841
2025-05-30,159928.SZ,126800,0.82,103976.0,0.8315579827396686,0.10937667915458602
2025-05-30,512010.SH,364400,0.373,135921.2,0.35728565354999997,0.14298116375611986
2025-05-30,510880.SH,34300,2.979,102179.7,2.9783812463999997,0.10748707646968389
2025-06-03,159928.SZ,126800,0.823,104356.4,0.8315579827396686,0.10960149805205653
2025-06-03,512010.SH,364400,0.375,136650.0,0.35728565354999997,0.14351821937910397
2025-06-03,510880.SH,34300,2.991,102591.3,2.9783812463999997,0.10774768166694088
2025-06-04,159928.SZ,126800,0.824,104483.2,0.8315579827396686,0.10952086173628783
2025-06-04,512010.SH,364400,0.379,138107.6,0.35728565354999997,0.14476646354945624
2025-06-04,510880.SH,34300,2.999,102865.7,2.9783812463999997,0.10782537390802027
2025-06-05,159928.SZ,126800,0.82,103976.0,0.8315579827396686,0.1092431680816921
2025-06-05,512010.SH,364400,0.376,137014.4,0.35728565354999997,0.14395521205674572
2025-06-05,510880.SH,34300,2.981,102248.29999999999,2.9783812463999997,0.10742794705477492
2025-06-06,159928.SZ,126800,0.819,103849.2,0.8315579827396686,0.10924998157219963
2025-06-06,512010.SH,364400,0.373,135921.2,0.35728565354999997,0.14298991802797964
2025-06-06,510880.SH,34300,2.981,102248.29999999999,2.9783812463999997,0.10756582516561262
2025-06-09,512010.SH,361100,0.378,136495.8,0.35728565354999997,0.14331572173091145
2025-06-09,510880.SH,34300,2.985,102385.5,2.9783812463999997,0.10750112331134172
2025-06-09,515300.SH,96200,1.324,127368.8,1.32405859845,0.1337326972551545
2025-06-10,512010.SH,361100,0.379,136856.9,0.35728565354999997,0.14362905238304913
2025-06-10,510880.SH,34300,2.99,102557.00000000001,2.9783812463999997,0.10763187479219807
2025-06-10,515300.SH,96200,1.323,127272.59999999999,1.32405859845,0.13357048809615635
2025-06-11,512010.SH,361100,0.378,136495.8,0.35728565354999997,0.14317122964390988
2025-06-11,510880.SH,34300,2.999,102865.7,2.9783812463999997,0.10789642433819606
2025-06-11,515300.SH,96200,1.329,127849.8,1.32405859845,0.13410239051844783
2025-06-12,512010.SH,361100,0.383,138301.3,0.35728565354999997,0.1448012236794407
2025-06-12,510880.SH,34300,2.997,102797.09999999999,2.9783812463999997,0.10762838722917163
2025-06-12,515300.SH,96200,1.329,127849.8,1.32405859845,0.13385852112143387
2025-06-13,512010.SH,361100,0.377,136134.7,0.35728565354999997,0.1430062498882571
2025-06-13,510880.SH,34300,2.982,102282.6,2.9783812463999997,0.10744542761559431
2025-06-13,515300.SH,96200,1.324,127368.8,1.32405859845,0.13379788136872847
2025-06-16,512010.SH,361100,0.374,135051.4,0.35728565354999997,0.1419991629238048
2025-06-16,510880.SH,34300,2.988,102488.4,2.9783812463999997,0.10776094886391459
2025-06-16,515300.SH,96200,1.324,127368.8,1.32405859845,0.13392132908366378
2025-06-17,512010.SH,361100,0.367,132523.7,0.35728565354999997,0.13968342486028823
2025-06-17,510880.SH,34300,2.991,102591.3,2.9783812463999997,0.10813389714344895
2025-06-17,515300.SH,96200,1.325,127465.0,1.32405859845,0.1343514235553085
2025-06-18,512010.SH,361100,0.365,131801.5,0.35728565354999997,0.13893743742788503
2025-06-18,510880.SH,34300,2.995,102728.5,2.9783812463999997,0.10829038016115511
2025-06-18,515300.SH,96200,1.33,127946.0,1.32405859845,0.13487319468403755
2025-06-19,512010.SH,361100,0.361,130357.09999999999,0.35728565354999997,0.13773617746768815
2025-06-19,510880.SH,34300,2.981,102248.29999999999,2.9783812463999997,0.10803623273737616
2025-06-19,515300.SH,96200,1.327,127657.4,1.32405859845,0.13488365652092332
2025-06-20,512010.SH,361100,0.363,131079.3,0.35728565354999997,0.13822932174494448
2025-06-20,510880.SH,34300,2.997,102797.09999999999,2.9783812463999997,0.10840440413053191
2025-06-20,515300.SH,96200,1.333,128234.59999999999,1.32405859845,0.13522945104401882
2025-06-23,512010.SH,370900,0.363,134636.69999999998,0.35742848017499323,0.14188762867829063
2025-06-23,510880.SH,34000,3.01,102340.0,2.9783812463999997,0.10785157330011999
2025-06-23,515300.SH,95300,1.335,127225.5,1.32405859845,0.13407729469312502
2025-06-24,512010.SH,370900,0.365,135378.5,0.35742848017499323,0.1424517595681561
2025-06-24,510880.SH,34000,3.014,102476.0,2.9783812463999997,0.10783016884886718
2025-06-24,515300.SH,95300,1.341,127797.3,1.32405859845,0.13447445682334724
2025-06-25,512010.SH,370900,0.369,136862.1,0.35742848017499323,0.14362004325712321
2025-06-25,510880.SH,34000,3.03,103020.0,2.9783812463999997,0.10810689633104295
2025-06-25,515300.SH,95300,1.347,128369.09999999999,1.32405859845,0.13470767798300606
2025-06-26,512010.SH,370900,0.366,135749.4,0.35742848017499323,0.14252621038143792
2025-06-26,510880.SH,34000,3.037,103258.0,2.9783812463999997,0.1084127917439526
2025-06-26,515300.SH,95300,1.351,128750.3,1.32405859845,0.13517770498045112
2025-06-27,512010.SH,370900,0.365,135378.5,0.35742848017499323,0.14259575881600756
2025-06-27,510880.SH,34000,3.011,102374.0,2.9783812463999997,0.10783173260916584
2025-06-27,515300.SH,95300,1.332,126939.6,1.32405859845,0.1337069666586679
2025-06-30,512010.SH,370900,0.368,136491.2,0.35742848017499323,0.14360975133657664
2025-06-30,510880.SH,34000,3.009,102306.0,2.9783812463999997,0.10764165909772797
2025-06-30,515300.SH,95300,1.332,126939.6,1.32405859845,0.13355999793953385
2025-07-01,512010.SH,370900,0.37,137233.0,0.35742848017499323,0.1440149398068834
2025-07-01,510880.SH,34000,3.032,103088.0,2.9783812463999997,0.10818252253329735
2025-07-01,515300.SH,95300,1.342,127892.6,1.32405859845,0.1342129450696685
2025-07-02,512010.SH,370900,0.368,136491.2,0.35742848017499323,0.14311083736168997
2025-07-02,510880.SH,34000,3.056,103904.0,2.9783812463999997,0.10894320253048573
2025-07-02,515300.SH,95300,1.35,128655.00000000001,1.32405859845,0.1348945923309944
2025-07-03,512010.SH,370900,0.37,137233.0,0.35742848017499323,0.1438106275218718
2025-07-03,510880.SH,34000,3.055,103870.0,2.9783812463999997,0.10884852681714181
2025-07-03,515300.SH,95300,1.348,128464.40000000001,1.32405859845,0.13462174533982896
2025-07-04,512010.SH,370900,0.371,137603.9,0.35742848017499323,0.14383366971232067
2025-07-04,510880.SH,34000,3.079,104686.0,2.9783812463999997,0.10942547084424208
2025-07-04,515300.SH,95300,1.361,129703.3,1.32405859845,0.1355753842209272
2025-07-07,515300.SH,351100,1.365,479251.5,1.352495461043079,0.5014850929019173
2025-07-07,159915.SZ,122800,2.11,259107.99999999997,2.1277011188999997,0.27112862338799143
2025-07-07,512660.SH,185900,1.118,207836.2,1.1168929673999999,0.21747820521246458
2025-07-08,515300.SH,351100,1.359,477144.9,1.352495461043079,0.49657260867269115
2025-07-08,159915.SZ,122800,2.159,265125.19999999995,2.1277011188999997,0.27592019151597125
2025-07-08,512660.SH,185900,1.125,209137.5,1.1168929673999999,0.21765286382875504
2025-07-09,515300.SH,351100,1.365,479251.5,1.352495461043079,0.49828545690159426
2025-07-09,159915.SZ,122800,2.163,265616.39999999997,2.1277011188999997,0.2761656233408901
2025-07-09,512660.SH,185900,1.116,207464.40000000002,1.1168929673999999,0.2157040579837833
2025-07-10,515300.SH,351100,1.371,481358.1,1.352495461043079,0.49928917247190585
2025-07-10,159915.SZ,122800,2.169,266353.2,2.1277011188999997,0.276275124098346
2025-07-10,512660.SH,185900,1.113,206906.7,1.1168929673999999,0.21461418229358328
2025-07-11,515300.SH,351100,1.362,478198.2,1.352495461043079,0.49519312973225343
2025-07-11,159915.SZ,122800,2.185,268318.0,2.1277011188999997,0.2778538902561716
2025-07-11,512660.SH,185900,1.128,209695.19999999998,1.1168929673999999,0.21714766466672358
2025-07-14,515300.SH,351100,1.371,481358.1,1.352495461043079,0.49782196916113647
2025-07-14,159915.SZ,122800,2.177,267335.6,2.1277011188999997,0.27647926734560796
2025-07-14,512660.SH,185900,1.123,208765.7,1.1168929673999999,0.21590610372465546
2025-07-15,515300.SH,351100,1.362,478198.2,1.352495461043079,0.49435229893552607
2025-07-15,159915.SZ,122800,2.212,271633.60000000003,2.1277011188999997,0.28080970323211824
2025-07-15,512660.SH,185900,1.119,208022.1,1.1168929673999999,0.2150493317716292
2025-07-16,515300.SH,351100,1.357,476442.7,1.352495461043079,0.4939049572739135
2025-07-16,159915.SZ,122800,2.206,270896.8,2.1277011188999997,0.2808255272452278
2025-07-16,512660.SH,185900,1.118,207836.2,1.1168929673999999,0.21545367256329576
2025-07-17,515300.SH,351100,1.355,475740.5,1.352495461043079,0.48844174429274523
2025-07-17,159915.SZ,122800,2.247,275931.6,2.1277011188999997,0.283298378022237
2025-07-17,512660.SH,185900,1.145,212855.5,1.1168929673999999,0.21853828232472206
2025-07-18,515300.SH,351100,1.363,478549.3,1.352495461043079,0.4886755372999399
2025-07-18,159915.SZ,122800,2.252,276545.6,2.1277011188999997,0.28239738239703677
2025-07-18,512660.SH,185900,1.155,214714.5,1.1168929673999999,0.219257918993065
2025-07-21,159915.SZ,118500,2.275,269587.5,2.1277011188999997,0.2729213638924097
2025-07-21,512660.SH,183800,1.168,214678.4,1.1168929673999999,0.21733322845547468
2025-07-21,512100.SH,171300,2.627,450005.1,2.60708439075,0.45557010488446315
2025-07-22,159915.SZ,118500,2.289,271246.5,2.1277011188999997,0.2733831738316052
2025-07-22,512660.SH,183800,1.168,214678.4,1.1168929673999999,0.2163694733207281
2025-07-22,512100.SH,171300,2.643,452745.89999999997,2.60708439075,0.4563122882000193
2025-07-23,159915.SZ,118500,2.287,271009.5,2.1277011188999997,0.2744463016339839
2025-07-23,512660.SH,183800,1.153,211921.4,1.1168929673999999,0.21460887705817014
2025-07-23,512100.SH,171300,2.633,451032.9,2.60708439075,0.456752664833707
2025-07-24,159915.SZ,118500,2.325,275512.5,2.1277011188999997,0.2749606743419292
2025-07-24,512660.SH,183800,1.174,215781.19999999998,1.1168929673999999,0.21534901052515112
2025-07-24,512100.SH,171300,2.669,457199.7,2.60708439075,0.4562839719465641
2025-07-25,159915.SZ,118500,2.318,274683.0,2.1277011188999997,0.27445387883426614
2025-07-25,512660.SH,183800,1.174,215781.19999999998,1.1168929673999999,0.21560121055730622
2025-07-25,512100.SH,171300,2.667,456857.1,2.60708439075,0.45647602206170096
2025-07-28,159915.SZ,118500,2.342,277527.0,2.1277011188999997,0.2752267577617444
2025-07-28,512660.SH,183800,1.192,219089.59999999998,1.1168929673999999,0.2172737076656234
2025-07-28,512100.SH,171300,2.675,458227.49999999994,2.60708439075,0.4544295479080223
2025-07-29,159915.SZ,118500,2.383,282385.5,2.1277011188999997,0.27697196502232435
2025-07-29,512660.SH,183800,1.205,221479.0,1.1168929673999999,0.21723308683051848
2025-07-29,512100.SH,171300,2.698,462167.39999999997,2.60708439075,0.4533073155217197
2025-07-30,159915.SZ,118500,2.345,277882.5,2.1277011188999997,0.2757768538857739
2025-07-30,512660.SH,183800,1.188,218354.4,1.1168929673999999,0.21669982623632586
2025-07-30,512100.SH,171300,2.673,457884.9,2.60708439075,0.4544152912248961
2025-07-31,159915.SZ,118500,2.301,272668.5,2.1277011188999997,0.2729963616001324
2025-07-31,512660.SH,183800,1.186,217986.8,1.1168929673999999,0.2182489113221943
2025-07-31,512100.SH,171300,2.654,454630.2,2.60708439075,0.455176855682048
2025-08-01,159915.SZ,118500,2.303,272905.5,2.1277011188999997,0.27422142672085104
2025-08-01,512660.SH,183800,1.167,214494.6,1.1168929673999999,0.21552887441227184
2025-08-01,512100.SH,171300,2.652,454287.60000000003,2.60708439075,0.4564781355216047
2025-08-04,159915.SZ,118200,2.313,273396.60000000003,2.1277011188999997,0.2712542244375637
2025-08-04,512660.SH,184700,1.199,221455.30000000002,1.11714266544732,0.21971994402669237
2025-08-04,512100.SH,170600,2.685,458061.0,2.60708439075,0.4544715673131811
2025-08-05,159915.SZ,118200,2.32,274224.0,2.1277011188999997,0.2708216043380191
2025-08-05,512660.SH,184700,1.205,222563.5,1.11714266544732,0.21980207471659924
2025-08-05,512100.SH,170600,2.701,460790.60000000003,2.60708439075,0.4550734055220492
2025-08-06,159915.SZ,118200,2.336,276115.2,2.1277011188999997,0.2688144061693645
2025-08-06,512660.SH,184700,1.247,230320.90000000002,1.11714266544732,0.22423095853431313
2025-08-06,512100.SH,170600,2.73,465738.0,2.60708439075,0.45342336785699394
2025-08-07,159915.SZ,118200,2.32,274224.0,2.1277011188999997,0.2678553805393682
2025-08-07,512660.SH,184700,1.238,228658.6,1.11714266544732,0.22334819824887384
2025-08-07,512100.SH,170600,2.731,465908.6,2.60708439075,0.45508826853070583
2025-08-08,159915.SZ,118200,2.312,273278.39999999997,2.1277011188999997,0.2677738963267586
2025-08-08,512660.SH,184700,1.234,227919.8,1.11714266544732,0.22332893084859817
2025-08-08,512100.SH,170600,2.722,464373.2,2.60708439075,0.4550195738621316
2025-08-11,159915.SZ,118200,2.357,278597.4,2.1277011188999997,0.26943852814303665
2025-08-11,512660.SH,184700,1.241,229212.7,1.11714266544732,0.22167734702366718
2025-08-11,512100.SH,170600,2.762,471197.2,2.60708439075,0.4557066219322939
2025-08-12,159915.SZ,118200,2.385,281907.0,2.1277011188999997,0.2716612587478195
2025-08-12,512660.SH,184700,1.234,227919.8,1.11714266544732,0.21963619123168726
2025-08-12,512100.SH,170600,2.772,472903.19999999995,2.60708439075,0.4557158161303969
2025-08-13,159915.SZ,118200,2.473,292308.6,2.1277011188999997,0.2762667470550904
2025-08-13,512660.SH,184700,1.25,230875.0,1.11714266544732,0.21820461398105975
2025-08-13,512100.SH,170600,2.813,479897.80000000005,2.60708439075,0.45356107936918166
2025-08-14,159915.SZ,118200,2.446,289117.2,2.1277011188999997,0.2764799020484921
2025-08-14,512660.SH,184700,1.229,226996.30000000002,1.11714266544732,0.21707430339450623
2025-08-14,512100.SH,170600,2.782,474609.2,2.60708439075,0.4538640562626962
2025-08-15,159915.SZ,118200,2.509,296563.8,2.1277011188999997,0.2782977192475415
2025-08-15,512660.SH,184700,1.243,229582.1,1.11714266544732,0.21544158393593893
2025-08-15,512100.SH,170600,2.84,484504.0,2.60708439075,0.45466222838495746
2025-08-18,159915.SZ,115700,2.582,298737.39999999997,2.1277011188999997,0.27500983378327476
2025-08-18,512660.SH,185800,1.27,235966.0,1.1179361442848224,0.21722412539743674
2025-08-18,512100.SH,170900,2.882,492533.80000000005,2.6075337847393207,0.4534137288154905
2025-08-19,159915.SZ,115700,2.575,297927.5,2.1277011188999997,0.275419330657878
2025-08-19,512660.SH,185800,1.248,231878.4,1.1179361442848224,0.2143601840112769
2025-08-19,512100.SH,170900,2.884,492875.6,2.6075337847393207,0.4556392674378834
2025-08-20,159915.SZ,115700,2.588,299431.60000000003,2.1277011188999997,0.27457204634509635
2025-08-20,512660.SH,185800,1.257,233550.59999999998,1.1179361442848224,0.21416065026912673
2025-08-20,512100.SH,170900,2.917,498515.3,2.6075337847393207,0.4571273240878371
2025-08-21,159915.SZ,115700,2.572,297580.4,2.1277011188999997,0.2748788755797619
2025-08-21,512660.SH,185800,1.249,232064.2,1.1179361442848224,0.2143607117885351
2025-08-21,512100.SH,170900,2.89,493901.0,2.6075337847393207,0.45622276039591314
2025-08-22,159915.SZ,115700,2.662,307993.39999999997,2.1277011188999997,0.278150551228397
2025-08-22,512660.SH,185800,1.279,237638.19999999998,1.1179361442848224,0.2146123791059291
2025-08-22,512100.SH,170900,2.941,502616.89999999997,2.6075337847393207,0.45391611570802526
2025-08-25,159915.SZ,115700,2.737,316670.9,2.1277011188999997,0.2809164513804407
2025-08-25,512660.SH,185800,1.304,242283.2,1.1179361442848224,0.2149276639346956
2025-08-25,512100.SH,170900,2.98,509282.0,2.6075337847393207,0.4517803568055467
2025-08-26,159915.SZ,115700,2.716,314241.2,2.1277011188999997,0.2797791328853946
2025-08-26,512660.SH,185800,1.295,240611.0,1.1179361442848224,0.2142237776035977
2025-08-26,512100.SH,170900,2.98,509282.0,2.6075337847393207,0.4534302833433029
2025-08-27,159915.SZ,115700,2.696,311927.2,2.1277011188999997,0.2816419906719313
2025-08-27,512660.SH,185800,1.272,236337.6,1.1179361442848224,0.21339143279145464
2025-08-27,512100.SH,170900,2.927,500224.3,2.6075337847393207,0.451657206022666
2025-08-28,159915.SZ,115700,2.806,324654.2,2.1277011188999997,0.28672572696183896
2025-08-28,512660.SH,185800,1.299,241354.19999999998,1.1179361442848224,0.21315744090263752
2025-08-28,512100.SH,170900,2.968,507231.2,2.6075337847393207,0.4479727493367587
2025-08-29,159915.SZ,115700,2.865,331480.5,2.1277011188999997,0.29056220179794606
2025-08-29,512660.SH,185800,1.311,243583.8,1.1179361442848224,0.2135155620023215
2025-08-29,512100.SH,170900,2.965,506718.5,2.6075337847393207,0.4441686405437199
2025-09-01,159915.SZ,108400,2.927,317286.8,2.1277011188999997,0.2753207788939622
2025-09-01,512660.SH,189000,1.307,247023.0,1.1212594434292062,0.21435043867164735
2025-09-01,512100.SH,175100,2.997,524774.7,2.6163881736833234,0.45536523784741556
2025-09-02,159915.SZ,108400,2.848,308723.2,2.1277011188999997,0.2747155047618026
2025-09-02,512660.SH,189000,1.274,240786.0,1.1212594434292062,0.2142619910961515
2025-09-02,512100.SH,175100,2.918,510941.80000000005,2.6163881736833234,0.4546585241760386
2025-09-03,159915.SZ,108400,2.87,311108.0,2.1277011188999997,0.2816247823468202
2025-09-03,512660.SH,189000,1.202,227178.0,1.1212594434292062,0.2056486969283526
2025-09-03,512100.SH,175100,2.873,503062.30000000005,2.6163881736833234,0.45538787412856885
2025-09-04,159915.SZ,108400,2.751,298208.39999999997,2.1277011188999997,0.27789968213151334
2025-09-04,512660.SH,189000,1.166,220374.0,1.1212594434292062,0.2053659942176348
2025-09-04,512100.SH,175100,2.805,491155.5,2.6163881736833234,0.45770661499523324
2025-09-05,159915.SZ,108400,2.944,319129.6,2.1277011188999997,0.2870036168032824
2025-09-05,512660.SH,189000,1.184,223776.0,1.1212594434292062,0.20124902658284075
2025-09-05,512100.SH,175100,2.888,505688.8,2.6163881736833234,0.45478236608861017
2025-09-08,159915.SZ,108400,2.908,315227.2,2.1277011188999997,0.282984812339011
2025-09-08,512660.SH,189000,1.193,225477.0,1.1212594434292062,0.20241453317405092
2025-09-08,512100.SH,175100,2.912,509891.2,2.6163881736833234,0.4577379919794774
2025-09-09,159915.SZ,108400,2.845,308398.0,2.1277011188999997,0.28127488425868463
2025-09-09,512660.SH,189000,1.168,220752.0,1.1212594434292062,0.2013372111682733
2025-09-09,512100.SH,175100,2.878,503937.80000000005,2.6163881736833234,0.45961726849258483
2025-09-10,159915.SZ,108400,2.875,311650.0,2.1277011188999997,0.28282416178469333
2025-09-10,512660.SH,189000,1.178,222642.0,1.1212594434292062,0.2020488914746276
2025-09-10,512100.SH,175100,2.88,504288.0,2.6163881736833234,0.4576442512372194
2025-09-11,159915.SZ,108400,3.025,327910.0,2.1277011188999997,0.2885098758463327
2025-09-11,512660.SH,189000,1.203,227367.0,1.1212594434292062,0.20004765009165054
2025-09-11,512100.SH,175100,2.958,517945.80000000005,2.6163881736833234,0.45571186744268083
2025-09-12,159915.SZ,108400,2.995,324658.0,2.1277011188999997,0.28656737482658456
2025-09-12,512660.SH,189000,1.2,226800.0,1.1212594434292062,0.2001906024514085
2025-09-12,512100.SH,175100,2.959,518120.9,2.6163881736833234,0.457332165404171
2025-09-15,159915.SZ,103000,3.037,312811.0,2.1277011188999997,0.2782362310206972
2025-09-15,159995.SZ,187700,1.658,311206.6,1.69835785455,0.27680916416866963
2025-09-15,588080.SH,250300,1.363,341158.9,1.3831058073,0.3034508585541012
2025-09-16,159915.SZ,103000,3.059,315077.0,2.1277011188999997,0.27762177510355773
2025-09-16,159995.SZ,187700,1.68,315336.0,1.69835785455,0.2778499861115076
2025-09-16,588080.SH,250300,1.38,345414.0,1.3831058073,0.30435242123550843
2025-09-17,159915.SZ,103000,3.119,321257.0,2.1277011188999997,0.2800139963791967
2025-09-17,159995.SZ,187700,1.697,318526.9,1.69835785455,0.277634386871809
2025-09-17,588080.SH,250300,1.392,348417.6,1.3831058073,0.3036877160181674
2025-09-18,159915.SZ,103000,3.067,315901.0,2.1277011188999997,0.27442670565184246
2025-09-18,159995.SZ,187700,1.734,325471.8,1.69835785455,0.28274096586137853
2025-09-18,588080.SH,250300,1.401,350670.3,1.3831058073,0.30463118255068294
2025-09-19,159915.SZ,103000,3.062,315386.0,2.1277011188999997,0.2765229456452391
2025-09-19,159995.SZ,187700,1.703,319653.10000000003,1.69835785455,0.280264237463401
2025-09-19,588080.SH,250300,1.384,346415.19999999995,1.3831058073,0.30372861040212507
2025-09-22,159915.SZ,103000,3.082,317446.0,2.1277011188999997,0.27191575235855536
2025-09-22,159995.SZ,187700,1.77,332229.0,1.69835785455,0.28457847473375153
2025-09-22,588080.SH,250300,1.433,358679.9,1.3831058073,0.30723560814876044
2025-09-23,159915.SZ,103000,3.093,318579.0,2.1277011188999997,0.27304566492297905
2025-09-23,159995.SZ,187700,1.767,331665.89999999997,1.69835785455,0.28426210201481666
2025-09-23,588080.SH,250300,1.428,357428.39999999997,1.3831058073,0.3063424618080806
2025-09-24,159915.SZ,103000,3.16,325480.0,2.1277011188999997,0.27058341925457874
2025-09-24,159995.SZ,187700,1.852,347620.4,1.69835785455,0.28898954293549334
2025-09-24,588080.SH,250300,1.481,370694.30000000005,1.3831058073,0.3081717192828518
2025-09-25,159915.SZ,103000,3.211,330733.0,2.1277011188999997,0.272400529767438
2025-09-25,159995.SZ,187700,1.86,349122.0,1.69835785455,0.2875462011757747
2025-09-25,588080.SH,250300,1.499,375199.7,1.3831058073,0.30902449120161524
2025-09-26,159915.SZ,103000,3.129,322287.0,2.1277011188999997,0.2693866810704427
2025-09-26,159995.SZ,187700,1.837,344804.89999999997,1.69835785455,0.28820848382908987
2025-09-26,588080.SH,250300,1.479,370193.7,1.3831058073,0.3094299558970332
2025-09-29,159915.SZ,104300,3.213,335115.9,2.140211382039309,0.2762408307350282
2025-09-29,159995.SZ,183100,1.858,340199.80000000005,1.69835785455,0.28043156223828963
2025-09-29,588080.SH,246600,1.496,368913.6,1.3831058073,0.3041007583747888
2025-09-30,159915.SZ,104300,3.217,335533.10000000003,2.140211382039309,0.2735442975436963
2025-09-30,159995.SZ,183100,1.893,346608.3,1.69835785455,0.28257338529735143
2025-09-30,588080.SH,246600,1.523,375571.8,1.3831058073,0.3061859596213357
2025-10-09,159915.SZ,104300,3.235,337410.5,2.140211382039309,0.27025352648276446
2025-10-09,159995.SZ,183100,1.943,355763.3,1.69835785455,0.28495345111709824
2025-10-09,588080.SH,246600,1.567,386422.2,1.3831058073,0.3095101138264165
2025-10-10,159915.SZ,104300,3.095,322808.5,2.140211382039309,0.27068692196631466
2025-10-10,159995.SZ,183100,1.829,334889.89999999997,1.69835785455,0.28081762477941846
2025-10-10,588080.SH,246600,1.484,365954.4,1.3831058073,0.30686636230467756
2025-10-13,159915.SZ,104300,3.054,318532.19999999995,2.140211382039309,0.2662896360166585
2025-10-13,159995.SZ,183100,1.852,339101.2,1.69835785455,0.283485108007329
2025-10-13,588080.SH,246600,1.499,369653.4,1.3831058073,0.3090264322989019
2025-10-14,159915.SZ,104300,2.934,306016.2,2.140211382039309,0.26625398975946235
2025-10-14,159995.SZ,183100,1.748,320058.8,1.69835785455,0.2784719647444345
2025-10-14,588080.SH,246600,1.437,354364.2,1.3831058073,0.30831989312304403
2025-10-15,159915.SZ,104300,3.003,313212.9,2.140211382039309,0.268627527548595
2025-10-15,159995.SZ,183100,1.778,325551.8,1.69835785455,0.27921000419521247
2025-10-15,588080.SH,246600,1.453,358309.8,1.3831058073,0.307304953501058
2025-10-16,159915.SZ,104300,3.014,314360.19999999995,2.140211382039309,0.2704565089339975
2025-10-16,159995.SZ,183100,1.768,323720.8,1.69835785455,0.27850980320447954
2025-10-16,588080.SH,246600,1.441,355350.60000000003,1.3831058073,0.30572217069336827
2025-10-17,159915.SZ,104300,2.915,304034.5,2.140211382039309,0.26976496275784345
2025-10-17,159995.SZ,183100,1.703,311819.3,1.69835785455,0.27667229163689255
2025-10-17,588080.SH,246600,1.388,342280.8,1.3831058073,0.3037002947518287
2025-10-20,159915.SZ,104900,2.971,311657.9,2.145048045249761,0.27407019940661864
2025-10-20,159995.SZ,185100,1.72,318372.0,1.6988117783257968,0.27997454107687947
2025-10-20,588080.SH,247900,1.393,345324.7,1.3832602149260993,0.30367659343475895
2025-10-21,159915.SZ,104900,3.062,321203.8,2.145048045249761,0.2755518205136058
2025-10-21,159995.SZ,185100,1.773,328182.3,1.6988117783257968,0.2815384818776812
2025-10-21,588080.SH,247900,1.43,354497.0,1.3832602149260993,0.3041131322749349
2025-10-22,159915.SZ,104900,3.039,318791.10000000003,2.145048045249761,0.2742822846094524
2025-10-22,159995.SZ,185100,1.769,327441.89999999997,1.6988117783257968,0.28172528156796045
2025-10-22,588080.SH,247900,1.429,354249.10000000003,1.3832602149260993,0.3047897274072029
2025-10-23,159915.SZ,104900,3.038,318686.19999999995,2.145048045249761,0.2749918506215135
2025-10-23,159995.SZ,185100,1.758,325405.8,1.6988117783257968,0.2807901413521329
2025-10-23,588080.SH,247900,1.424,353009.6,1.3832602149260993,0.3046092463092542
2025-10-24,159915.SZ,104900,3.147,330120.3,2.145048045249761,0.27471597915331986
2025-10-24,159995.SZ,185100,1.843,341139.3,1.6988117783257968,0.283885652676246
2025-10-24,588080.SH,247900,1.487,368627.30000000005,1.3832602149260993,0.30676032241017775
2025-10-27,159915.SZ,104900,3.209,336624.10000000003,2.145048045249761,0.27522740261683903
2025-10-27,159995.SZ,185100,1.894,350579.39999999997,1.6988117783257968,0.2866374025893269
2025-10-27,588080.SH,247900,1.509,374081.1,1.3832602149260993,0.3058526395497233
2025-10-28,159915.SZ,104900,3.205,336204.5,2.145048045249761,0.27641866630406225
2025-10-28,159995.SZ,185100,1.877,347432.7,1.6988117783257968,0.2856502026725382
2025-10-28,588080.SH,247900,1.496,370858.4,1.3832602149260993,0.30491020886293446
2025-10-29,159915.SZ,104900,3.3,346170.0,2.145048045249761,0.281049838489142
2025-10-29,159995.SZ,185100,1.881,348173.1,1.6988117783257968,0.28267612306457485
2025-10-29,588080.SH,247900,1.515,375568.5,1.3832602149260993,0.3049180063743517
2025-10-30,159915.SZ,104900,3.239,339771.1,2.145048045249761,0.2806084894755799
2025-10-30,159995.SZ,185100,1.839,340398.89999999997,1.6988117783257968,0.2811269738601929
2025-10-30,588080.SH,247900,1.488,368875.2,1.3832602149260993,0.30464484082666965
2025-10-31,159915.SZ,104900,3.166,332113.39999999997,2.145048045249761,0.28191113050965994
2025-10-31,159995.SZ,185100,1.765,326701.5,1.6988117783257968,0.27731729344314826
2025-10-31,588080.SH,247900,1.442,357471.8,1.3832602149260993,0.30343635415891995
2025-11-03,159915.SZ,101300,3.176,321728.8,2.145048045249761,0.2747727236843011
2025-11-03,159995.SZ,187700,1.744,327348.8,1.6995734494837773,0.2795724889123621
2025-11-03,588080.SH,250000,1.425,356250.0,1.38366202672072,0.3042555805154288
2025-11-04,159915.SZ,101300,3.112,315245.60000000003,2.145048045249761,0.2717707339446871
2025-11-04,159995.SZ,187700,1.739,326410.30000000005,1.6995734494837773,0.2813957333523624
2025-11-04,588080.SH,250000,1.411,352750.0,1.38366202672072,0.3041029800225233
2025-11-05,159915.SZ,101300,3.142,318284.6,2.145048045249761,0.27407192010674
2025-11-05,159995.SZ,187700,1.726,323970.2,1.6995734494837773,0.2789677375888264
2025-11-05,588080.SH,250000,1.414,353500.0,1.38366202672072,0.3043955747709207
2025-11-06,159915.SZ,101300,3.201,324261.3,2.145048045249761,0.2719752078853951
2025-11-06,159995.SZ,187700,1.795,336921.5,1.6995734494837773,0.28259399133834084
2025-11-06,588080.SH,250000,1.462,365500.0,1.38366202672072,0.3065643000941275
2025-11-07,159915.SZ,101300,3.185,322640.5,2.145048045249761,0.27320824797551135
2025-11-07,159995.SZ,187700,1.77,332229.0,1.6995734494837773,0.28132767900079547
2025-11-07,588080.SH,250000,1.442,360500.0,1.38366202672072,0.3052672351895433
2025-11-10,159915.SZ,101300,3.158,319905.39999999997,2.145048045249761,0.2725335147558038
2025-11-10,159995.SZ,187700,1.76,330352.0,1.6995734494837773,0.2814331726398157
2025-11-10,588080.SH,250000,1.432,358000.0,1.38366202672072,0.3049870314242203
2025-11-11,159915.SZ,101300,3.113,315346.9,2.145048045249761,0.2722161080533548
2025-11-11,159995.SZ,187700,1.729,324533.3,1.6995734494837773,0.28014606092437183
2025-11-11,588080.SH,250000,1.412,353000.0,1.38366202672072,0.30471929847045975
2025-11-12,159915.SZ,101300,3.108,314840.4,2.145048045249761,0.272663429452525
2025-11-12,159995.SZ,187700,1.721,323031.7,1.6995734494837773,0.27975739817342127
2025-11-12,588080.SH,250000,1.405,351250.0,1.38366202672072,0.30419548950896835
2025-11-13,159915.SZ,101300,3.182,322336.6,2.145048045249761,0.27509009547225216
2025-11-13,159995.SZ,187700,1.748,328099.6,1.6995734494837773,0.280008383436469
2025-11-13,588080.SH,250000,1.423,355750.0,1.38366202672072,0.3036059245653572
2025-11-14,159915.SZ,101300,3.093,313320.9,2.145048045249761,0.2743384723049614
2025-11-14,159995.SZ,187700,1.686,316462.2,1.6995734494837773,0.2770889413705474
2025-11-14,588080.SH,250000,1.387,346750.0,1.38366202672072,0.3036084259675794
2025-11-17,159915.SZ,101100,3.084,311792.4,2.145048045249761,0.27435774473674
2025-11-17,159995.SZ,189900,1.673,317702.7,1.699429114629305,0.279558437822003
2025-11-17,588080.SH,251100,1.378,346015.8,1.3836820682205497,0.3044721889670142
2025-11-18,159915.SZ,101100,3.051,308456.10000000003,2.145048045249761,0.27128408176180646
2025-11-18,159995.SZ,189900,1.687,320361.3,1.699429114629305,0.2817545871276937
2025-11-18,588080.SH,251100,1.383,347271.3,1.3836820682205497,0.30542166532848214
2025-11-19,159915.SZ,101100,3.057,309062.7,2.145048045249761,0.27306341665808087
2025-11-19,159995.SZ,189900,1.675,318082.5,1.699429114629305,0.2810326002754263
2025-11-19,588080.SH,251100,1.369,343755.9,1.3836820682205497,0.3037155908829295
2025-11-20,159915.SZ,101100,3.026,305928.6,2.145048045249761,0.2730885343509119
2025-11-20,159995.SZ,189900,1.653,313904.7,1.699429114629305,0.2802084357227886
2025-11-20,588080.SH,251100,1.352,339487.2,1.3836820682205497,0.3030447688738317
2025-11-21,159915.SZ,101100,2.904,293594.39999999997,2.145048045249761,0.27085391631443007
2025-11-21,159995.SZ,189900,1.585,300991.5,1.699429114629305,0.2776780706728561
2025-11-21,588080.SH,251100,1.308,328438.8,1.3836820682205497,0.30299942795098217
2025-11-24,159915.SZ,101100,2.908,293998.8,2.145048045249761,0.2701370830299896
2025-11-24,159995.SZ,189900,1.594,302700.60000000003,1.699429114629305,0.27813262202236094
2025-11-24,588080.SH,251100,1.317,330698.7,1.3836820682205497,0.3038583224823014
2025-11-25,159915.SZ,101100,2.961,299357.1,2.145048045249761,0.27254976419124766
2025-11-25,159995.SZ,189900,1.608,305359.2,1.699429114629305,0.2780143779907944
2025-11-25,588080.SH,251100,1.325,332707.5,1.3836820682205497,0.3029136461759535
2025-11-26,159915.SZ,101100,3.027,306029.7,2.145048045249761,0.27482492829506183
2025-11-26,159995.SZ,189900,1.633,310106.7,1.699429114629305,0.2784862109505001
2025-11-26,588080.SH,251100,1.34,336474.0,1.3836820682205497,0.30216493014616763
2025-11-27,159915.SZ,101100,3.012,304513.2,2.145048045249761,0.2738027492740843
2025-11-27,159995.SZ,189900,1.639,311246.1,1.699429114629305,0.2798566297974491
2025-11-27,588080.SH,251100,1.336,335469.60000000003,1.3836820682205497,0.3016371663950113
2025-11-28,159915.SZ,101100,3.035,306838.5,2.145048045249761,0.27361565435937774
2025-11-28,159995.SZ,189900,1.657,314664.3,1.699429114629305,0.2805941182349527
2025-11-28,588080.SH,251100,1.35,338985.0,1.3836820682205497,0.3022815018096284
2025-12-01,159915.SZ,100700,3.073,309451.1,2.145048045249761,0.2730137718243777
2025-12-01,159995.SZ,189800,1.687,320192.60000000003,1.699429114629305,0.2824904789036273
2025-12-01,588080.SH,253700,1.36,345032.0,1.3833737628308238,0.3044050828066492
2025-12-02,159915.SZ,100700,3.052,307336.4,2.145048045249761,0.2739400570385194
2025-12-02,159995.SZ,189800,1.66,315068.0,1.699429114629305,0.28083151195566886
2025-12-02,588080.SH,253700,1.343,340719.1,1.3833737628308238,0.3036952658003184
2025-12-03,159915.SZ,100700,3.019,304013.3,2.145048045249761,0.2729114307914038
2025-12-03,159995.SZ,189800,1.649,312980.2,1.699429114629305,0.280960978323579
2025-12-03,588080.SH,253700,1.333,338182.1,1.3833737628308238,0.303584615472552
2025-12-04,159915.SZ,100700,3.051,307235.7,2.145048045249761,0.272353329930374
2025-12-04,159995.SZ,189800,1.685,319813.0,1.699429114629305,0.2835026512381949
2025-12-04,588080.SH,253700,1.349,342241.3,1.3833737628308238,0.3033845275620642
2025-12-05,159915.SZ,100700,3.089,311062.3,2.145048045249761,0.27487441434712345
2025-12-05,159995.SZ,189800,1.681,319053.8,1.699429114629305,0.2819362115570555
2025-12-05,588080.SH,253700,1.351,342748.7,1.3833737628308238,0.3028745308600172
2025-12-08,159915.SZ,100700,3.171,319319.69999999995,2.145048045249761,0.276789706649328
2025-12-08,159995.SZ,189800,1.72,326456.0,1.699429114629305,0.28297552726597525
2025-12-08,588080.SH,253700,1.376,349091.19999999995,1.3833737628308238,0.3025959589773568
2025-12-09,159915.SZ,100700,3.188,321031.60000000003,2.145048045249761,0.2781666880973109
2025-12-09,159995.SZ,189800,1.72,326456.0,1.699429114629305,0.28286680915366497
2025-12-09,588080.SH,253700,1.371,347822.7,1.3833737628308238,0.3013805759435038
2025-12-10,159915.SZ,100700,3.192,321434.4,2.145048045249761,0.27846431197434407
2025-12-10,159995.SZ,189800,1.719,326266.2,1.699429114629305,0.2826501858652457
2025-12-10,588080.SH,253700,1.371,347822.7,1.3833737628308238,0.30132496349040017
2025-12-11,159915.SZ,100700,3.146,316802.2,2.145048045249761,0.27827081059475106
2025-12-11,159995.SZ,189800,1.688,320382.39999999997,1.699429114629305,0.28141556513272875
2025-12-11,588080.SH,253700,1.35,342495.0,1.3833737628308238,0.300838697694174
2025-12-12,159915.SZ,100700,3.174,319621.8,2.145048045249761,0.2777257502671831
2025-12-12,159995.SZ,189800,1.709,324368.2,1.699429114629305,0.28184999179597797
2025-12-12,588080.SH,253700,1.372,348076.4,1.3833737628308238,0.3024505191457533
2025-12-15,159915.SZ,99200,3.12,309504.0,2.145048045249761,0.27378866212993114
2025-12-15,159995.SZ,189500,1.669,316275.5,1.699429114629305,0.2797787621790834
2025-12-15,588080.SH,255700,1.343,343405.1,1.3832236395392257,0.3037777311362541
2025-12-16,159915.SZ,99200,3.06,303552.0,2.145048045249761,0.27296858249203215
2025-12-16,159995.SZ,189500,1.637,310211.5,1.699429114629305,0.278957125723853
2025-12-16,588080.SH,255700,1.318,337012.60000000003,1.3832236395392257,0.3030579660287339
2025-12-17,159915.SZ,99200,3.164,313868.8,2.145048045249761,0.2756247704652451
2025-12-17,159995.SZ,189500,1.679,318170.5,1.699429114629305,0.2794023204323344
2025-12-17,588080.SH,255700,1.351,345450.7,1.3832236395392257,0.303358504873878
2025-12-18,159915.SZ,99200,3.092,306726.4,2.145048045249761,0.2730180699552075
2025-12-18,159995.SZ,189500,1.663,315138.5,1.699429114629305,0.2805057048841546
2025-12-18,588080.SH,255700,1.331,340336.7,1.3832236395392257,0.3029346967490391
2025-12-19,159915.SZ,99200,3.107,308214.4,2.145048045249761,0.2735765782824808
2025-12-19,159995.SZ,189500,1.665,315517.5,1.699429114629305,0.28005893961554884
2025-12-19,588080.SH,255700,1.336,341615.2,1.3832236395392257,0.3032237218808898
2025-12-22,159915.SZ,99200,3.175,314960.0,2.145048045249761,0.2741083535702598
2025-12-22,159995.SZ,189500,1.714,324803.0,1.699429114629305,0.28267467476721203
2025-12-22,588080.SH,255700,1.361,348007.7,1.3832236395392257,0.3028696268630077
2025-12-23,159915.SZ,99200,3.185,315952.0,2.145048045249761,0.2739491650056546
2025-12-23,159995.SZ,189500,1.726,327077.0,1.699429114629305,0.28359520130448446
2025-12-23,588080.SH,255700,1.365,349030.5,1.3832236395392257,0.30263019077741593
2025-12-24,159915.SZ,99200,3.212,318630.4,2.145048045249761,0.27381168160397223
2025-12-24,159995.SZ,189500,1.749,331435.5,1.699429114629305,0.2848156095534304
2025-12-24,588080.SH,255700,1.378,352354.6,1.3832236395392257,0.30279221802720324
2025-12-25,159915.SZ,99200,3.222,319622.4,2.145048045249761,0.27481916373090376
2025-12-25,159995.SZ,189500,1.743,330298.5,1.699429114629305,0.2839987358569735
2025-12-25,588080.SH,255700,1.376,351843.19999999995,1.3832236395392257,0.3025233963214252
2025-12-26,159915.SZ,99200,3.226,320019.2,2.145048045249761,0.2756366154947606
2025-12-26,159995.SZ,189500,1.733,328403.5,1.699429114629305,0.28285811993978366
2025-12-26,588080.SH,255700,1.374,351331.80000000005,1.3832236395392257,0.30260655694309013
2025-12-29,159915.SZ,98300,3.205,315051.5,2.145048045249761,0.2718201247596834
2025-12-29,159995.SZ,188200,1.735,326527.0,1.699429114629305,0.2817209563433444
2025-12-29,588080.SH,257500,1.373,353547.5,1.3831763896317668,0.30503370261203067
2025-12-30,159915.SZ,98300,3.229,317410.7,2.145048045249761,0.2715324528514173
2025-12-30,159995.SZ,188200,1.756,330479.2,1.699429114629305,0.2827120440248993
2025-12-30,588080.SH,257500,1.387,357152.5,1.3831763896317668,0.3055300100690236
2025-12-31,159915.SZ,98300,3.186,313183.8,2.145048045249761,0.27083724410509463
2025-12-31,159995.SZ,188200,1.732,325962.4,1.699429114629305,0.28188800984560025
2025-12-31,588080.SH,257500,1.372,353290.0,1.3831763896317668,0.3055205600349982
