date,symbol,quantity,close,market_value,avg_cost,weight
2023-07-10,159915.SZ,55200,2.145,118404.0,2.1287019190499996,0.11798769097029904
2023-07-10,512660.SH,110100,1.106,121770.6,1.1028817653,0.12134245398861439
2023-07-10,516160.SH,36400,2.831,103048.4,2.7682132149,0.10268608133326376
2023-07-11,159915.SZ,55200,2.161,119287.2,2.1287019190499996,0.11872820260768761
2023-07-11,512660.SH,110100,1.112,122431.20000000001,1.1028817653,0.12185746936052087
2023-07-11,516160.SH,36400,2.821,102684.40000000001,2.7682132149,0.10220320577437343
2023-07-12,159915.SZ,55200,2.139,118072.79999999999,2.1287019190499996,0.11789475408249642
2023-07-12,512660.SH,110100,1.092,120229.20000000001,1.1028817653,0.12004790237493547
2023-07-12,516160.SH,36400,2.827,102902.8,2.7682132149,0.1027476294320141
2023-07-13,159915.SZ,55200,2.182,120446.4,2.1287019190499996,0.11978855590739695
2023-07-13,512660.SH,110100,1.099,120999.9,1.1028817653,0.12033903284730336
2023-07-13,516160.SH,36400,2.85,103740.0,2.7682132149,0.10317340152825955
2023-07-14,159915.SZ,55200,2.169,119728.8,2.1287019190499996,0.11942002630380082
2023-07-14,512660.SH,110100,1.094,120449.40000000001,1.1028817653,0.1201387679178028
2023-07-14,516160.SH,36400,2.805,102102.0,2.7682132149,0.10183868480825559
2023-07-17,159915.SZ,55200,2.152,118790.40000000001,2.1287019190499996,0.1186160686962406
2023-07-17,512660.SH,110100,1.099,120999.9,1.1028817653,0.12082232613610393
2023-07-17,516160.SH,36400,2.785,101374.0,2.7682132149,0.10122522820036546
2023-07-18,159915.SZ,55200,2.147,118514.4,2.1287019190499996,0.11842896407971584
2023-07-18,512660.SH,110100,1.1,121110.00000000001,1.1028817653,0.12102269293600093
2023-07-18,516160.SH,36400,2.769,100791.6,2.7682132149,0.10071894028014393
2023-07-19,159915.SZ,55200,2.125,117300.0,2.1287019190499996,0.11764157104434474
2023-07-19,512660.SH,110100,1.091,120119.09999999999,1.1028817653,0.12046888010599104
2023-07-19,516160.SH,36400,2.73,99372.0,2.7682132149,0.0996613657103037
2023-07-20,159915.SZ,55200,2.103,116085.6,2.1287019190499996,0.11684970232472164
2023-07-20,512660.SH,110100,1.07,117807.0,1.1028817653,0.11858243297849588
2023-07-20,516160.SH,36400,2.727,99262.79999999999,2.7682132149,0.09991617075604879
2023-07-21,159915.SZ,55200,2.11,116472.0,2.1287019190499996,0.11733089610489417
2023-07-21,512660.SH,110100,1.067,117476.7,1.1028817653,0.11834300503507986
2023-07-21,516160.SH,36400,2.704,98425.6,2.7682132149,0.0991514170587083
2023-07-24,510880.SH,44600,2.56,114176.0,2.5560435830999997,0.11505329236095727
2023-07-24,512010.SH,270900,0.431,116757.9,0.42834246419999994,0.11765503086595616
2023-07-24,512880.SH,119400,0.898,107221.2,0.89571613425,0.10804505387202801
2023-07-25,510880.SH,44600,2.602,116049.2,2.5560435830999997,0.11585317592424532
2023-07-25,512010.SH,270900,0.436,118112.4,0.42834246419999994,0.11791289087761771
2023-07-25,512880.SH,119400,0.949,113310.59999999999,0.89571613425,0.11311920182027788
2023-07-26,510880.SH,44600,2.609,116361.4,2.5560435830999997,0.11604464403671672
2023-07-26,512010.SH,270900,0.44,119196.0,0.42834246419999994,0.11887152776264712
2023-07-26,512880.SH,119400,0.946,112952.4,0.89571613425,0.11264492392746084
2023-07-27,510880.SH,44600,2.618,116762.79999999999,2.5560435830999997,0.11650556685402476
2023-07-27,512010.SH,270900,0.441,119466.9,0.42834246419999994,0.11920370961293401
2023-07-27,512880.SH,119400,0.936,111758.40000000001,0.89571613425,0.1115121917485607
2023-07-28,510880.SH,44600,2.67,119082.0,2.5560435830999997,0.11719575721880536
2023-07-28,512010.SH,270900,0.448,121363.2,0.42834246419999994,0.11944082331920289
2023-07-28,512880.SH,119400,1.017,121429.79999999999,0.89571613425,0.1195063683842066
2023-07-31,510880.SH,44600,2.69,119974.0,2.5560435830999997,0.1183725023904003
2023-07-31,512010.SH,270900,0.437,118383.3,0.42834246419999994,0.11680303617645053
2023-07-31,512880.SH,119400,1.013,120952.19999999998,0.89571613425,0.1193376446865502
2023-08-01,510880.SH,44600,2.694,120152.4,2.5560435830999997,0.11861899981343421
2023-08-01,512010.SH,270900,0.435,117841.5,0.42834246419999994,0.11633759181268795
2023-08-01,512880.SH,119400,1.011,120713.4,0.89571613425,0.11917284026019463
2023-08-02,510880.SH,44600,2.655,118412.99999999999,2.5560435830999997,0.11722583006571871
2023-08-02,512010.SH,270900,0.428,115945.2,0.42834246419999994,0.11478277141982528
2023-08-02,512880.SH,119400,1.018,121549.2,0.89571613425,0.1203305875522456
2023-08-03,510880.SH,44600,2.671,119126.59999999999,2.5560435830999997,0.11716241841251658
2023-08-03,512010.SH,270900,0.434,117570.6,0.42834246419999994,0.11563207403057439
2023-08-03,512880.SH,119400,1.054,125847.6,0.89571613425,0.1237726013116384
2023-08-04,510880.SH,44600,2.66,118636.0,2.5560435830999997,0.11670615813392567
2023-08-04,512010.SH,270900,0.431,116757.9,0.42834246419999994,0.11485860902917393
2023-08-04,512880.SH,119400,1.063,126922.2,0.89571613425,0.12485756721320458
2023-08-07,512880.SH,104900,1.066,111823.40000000001,0.89571613425,0.11028342584721443
2023-08-07,159928.SZ,131200,0.979,128444.8,0.9867889478999999,0.12667592450471266
2023-08-07,510300.SH,39000,3.783,147537.0,3.7990373693999993,0.14550519657978986
2023-08-08,512880.SH,104900,1.059,111089.09999999999,0.89571613425,0.10970197491902893
2023-08-08,159928.SZ,131200,0.979,128444.8,0.9867889478999999,0.12684096124714025
2023-08-08,510300.SH,39000,3.768,146952.0,3.7990373693999993,0.1451170692561299
2023-08-09,512880.SH,104900,1.053,110459.7,0.89571613425,0.10921025971565697
2023-08-09,159928.SZ,131200,0.977,128182.4,0.9867889478999999,0.12673249334351105
2023-08-09,510300.SH,39000,3.76,146640.0,3.7990373693999993,0.14498131431376274
2023-08-10,512880.SH,104900,1.074,112662.6,0.89571613425,0.11113917246838657
2023-08-10,159928.SZ,131200,0.976,128051.2,0.9867889478999999,0.1263196872927117
2023-08-10,510300.SH,39000,3.765,146835.0,3.7990373693999993,0.14484949210648024
2023-08-11,512880.SH,104900,1.027,107732.29999999999,0.89571613425,0.10745514246038512
2023-08-11,159928.SZ,131200,0.957,125558.4,0.9867889478999999,0.12523538213792912
2023-08-11,510300.SH,39000,3.67,143130.0,3.7990373693999993,0.14276177655498792
2023-08-14,512880.SH,104900,1.017,106683.29999999999,0.89571613425,0.1067864465286426
2023-08-14,159928.SZ,131200,0.946,124115.2,0.9867889478999999,0.12423520052521606
2023-08-14,510300.SH,39000,3.643,142077.0,3.7990373693999993,0.14221436685451197
2023-08-15,512880.SH,104900,1.036,108676.40000000001,0.89571613425,0.10863876905635753
2023-08-15,159928.SZ,131200,0.942,123590.4,0.9867889478999999,0.12354760484505235
2023-08-15,510300.SH,39000,3.639,141921.0,3.7990373693999993,0.1418718575812901
2023-08-16,512880.SH,104900,1.038,108886.2,0.89571613425,0.10901032068230639
2023-08-16,159928.SZ,131200,0.938,123065.59999999999,0.9867889478999999,0.12320588395003632
2023-08-16,510300.SH,39000,3.609,140751.0,3.7990373693999993,0.14091144374911885
2023-08-17,512880.SH,104900,1.038,108886.2,0.89571613425,0.10872663431866672
2023-08-17,159928.SZ,131200,0.954,125164.79999999999,0.9867889478999999,0.12498137908356666
2023-08-17,510300.SH,39000,3.622,141258.0,3.7990373693999993,0.1410509955401715
2023-08-18,512880.SH,104900,1.021,107102.9,0.89571613425,0.1076291758931424
2023-08-18,159928.SZ,131200,0.934,122540.8,0.9867889478999999,0.12314293373275965
2023-08-18,510300.SH,39000,3.572,139308.0,3.7990373693999993,0.1399925234080672
2023-08-21,512880.SH,106000,0.985,104410.0,0.896954509271934,0.10578674782229346
2023-08-21,159915.SZ,62700,2.035,127594.50000000001,2.0626491091499997,0.12927695809799467
2023-08-21,510880.SH,60100,2.588,155538.80000000002,2.6150907919499997,0.15758973098536672
2023-08-22,512880.SH,106000,1.004,106424.0,0.896954509271934,0.10746973093695313
2023-08-22,159915.SZ,62700,2.038,127782.59999999999,2.0626491091499997,0.12903820228918575
2023-08-22,510880.SH,60100,2.606,156620.6,2.6150907919499997,0.15815956683815832
2023-08-23,512880.SH,106000,0.977,103562.0,0.896954509271934,0.10518495862743926
2023-08-23,159915.SZ,62700,1.987,124584.90000000001,2.0626491091499997,0.12653731631393425
2023-08-23,510880.SH,60100,2.612,156981.2,2.6150907919499997,0.15944131078277526
2023-08-24,512880.SH,106000,0.992,105152.0,0.896954509271934,0.10654866866159834
2023-08-24,159915.SZ,62700,2.014,126277.79999999999,2.0626491091499997,0.12795506953282468
2023-08-24,510880.SH,60100,2.596,156019.6,2.6150907919499997,0.15809191137700765
2023-08-25,512880.SH,106000,0.998,105788.0,0.896954509271934,0.10726113183720276
2023-08-25,159915.SZ,62700,1.991,124835.70000000001,2.0626491091499997,0.1265740771702792
2023-08-25,510880.SH,60100,2.599,156199.90000000002,2.6150907919499997,0.15837503371703682
2023-08-28,512880.SH,106000,1.023,108437.99999999999,0.896954509271934,0.10924296437323339
2023-08-28,159915.SZ,62700,2.01,126026.99999999999,2.0626491091499997,0.1269625322402247
2023-08-28,510880.SH,60100,2.641,158724.1,2.6150907919499997,0.15990235158776017
2023-08-29,512880.SH,106000,1.016,107696.0,0.896954509271934,0.10818680778908296
2023-08-29,159915.SZ,62700,2.067,129600.90000000001,2.0626491091499997,0.1301915359678369
2023-08-29,510880.SH,60100,2.641,158724.1,2.6150907919499997,0.1594474604274549
2023-08-30,512880.SH,106000,0.987,104622.0,0.896954509271934,0.10562292183289211
2023-08-30,159915.SZ,62700,2.066,129538.19999999998,2.0626491091499997,0.13077749587059645
2023-08-30,510880.SH,60100,2.611,156921.1,2.6150907919499997,0.15842236890167888
2023-08-31,512880.SH,106000,0.968,102608.0,0.896954509271934,0.1041020169186604
2023-08-31,159915.SZ,62700,2.052,128660.40000000001,2.0626491091499997,0.13053375114573537
2023-08-31,510880.SH,60100,2.578,154937.8,2.6150907919499997,0.15719376147025593
2023-09-01,512880.SH,106000,0.969,102714.0,0.896954509271934,0.1040405976775942
2023-09-01,159915.SZ,62700,2.049,128472.3,2.0626491091499997,0.1301315777500164
2023-09-01,510880.SH,60100,2.606,156620.6,2.6150907919499997,0.15864342575134266
2023-09-04,512880.SH,109600,0.976,106969.59999999999,0.8995139542228558,0.10784633013456012
2023-09-04,510880.SH,59800,2.652,158589.6,2.6150907919499997,0.1598894111739021
2023-09-04,512010.SH,249700,0.42,104874.0,0.41733366255,0.10573355445408657
2023-09-05,512880.SH,109600,0.967,105983.2,0.8995139542228558,0.10716744731183654
2023-09-05,510880.SH,59800,2.628,157154.4,2.6150907919499997,0.15891042997213978
2023-09-05,512010.SH,249700,0.418,104374.59999999999,0.41733366255,0.10554087295150565
2023-09-06,512880.SH,109600,0.964,105654.4,0.8995139542228558,0.10705216282719741
2023-09-06,510880.SH,59800,2.625,156975.0,2.6150907919499997,0.15905171256283993
2023-09-06,512010.SH,249700,0.412,102876.4,0.41733366255,0.10423741106736578
2023-09-07,512880.SH,109600,0.959,105106.4,0.8995139542228558,0.10679712002453437
2023-09-07,510880.SH,59800,2.617,156496.6,2.6150907919499997,0.1590139722569848
2023-09-07,512010.SH,249700,0.405,101128.5,0.41733366255,0.10275523233981114
2023-09-08,512880.SH,109600,0.964,105654.4,0.8995139542228558,0.10741813474153608
2023-09-08,510880.SH,59800,2.598,155360.4,2.6150907919499997,0.15795389856644818
2023-09-08,512010.SH,249700,0.405,101128.5,0.41733366255,0.10281668192909554
2023-09-11,512880.SH,109600,0.979,107298.4,0.8995139542228558,0.10849428243157028
2023-09-11,510880.SH,59800,2.619,156616.2,2.6150907919499997,0.15836174850845214
2023-09-11,512010.SH,249700,0.415,103625.5,0.41733366255,0.10478044653147378
2023-09-12,512880.SH,109600,0.968,106092.8,0.8995139542228558,0.10749306254390555
2023-09-12,510880.SH,59800,2.614,156317.19999999998,2.6150907919499997,0.15838034773602158
2023-09-12,512010.SH,249700,0.413,103126.09999999999,0.41733366255,0.10448720664558817
2023-09-13,512880.SH,109600,0.957,104887.2,0.8995139542228558,0.10635862248347257
2023-09-13,510880.SH,59800,2.629,157214.2,2.6150907919499997,0.15941969798832606
2023-09-13,512010.SH,249700,0.411,102626.7,0.41733366255,0.10406641079201842
2023-09-14,512880.SH,109600,0.961,105325.59999999999,0.8995139542228558,0.10651039379405203
2023-09-14,510880.SH,59800,2.667,159486.59999999998,2.6150907919499997,0.16128064374543755
2023-09-14,512010.SH,249700,0.411,102626.7,0.41733366255,0.10378113422362692
2023-09-15,512880.SH,109600,0.957,104887.2,0.8995139542228558,0.10594071031006992
2023-09-15,510880.SH,59800,2.669,159606.2,2.6150907919499997,0.16120932008759015
2023-09-15,512010.SH,249700,0.417,104124.9,0.41733366255,0.10517075359972428
2023-09-18,512880.SH,112200,0.955,107151.0,0.9007626174939839,0.10832107992457211
2023-09-18,510880.SH,58600,2.671,156520.59999999998,2.6150907919499997,0.15822979181194743
2023-09-18,159995.SZ,86100,0.951,81881.09999999999,0.9587665436999997,0.08277523473800413
2023-09-19,512880.SH,112200,0.956,107263.2,0.9007626174939839,0.10832517227800603
2023-09-19,510880.SH,58600,2.692,157751.2,2.6150907919499997,0.15931303482519807
2023-09-19,159995.SZ,86100,0.947,81536.7,0.9587665436999997,0.08234396395483347
2023-09-20,512880.SH,112200,0.952,106814.4,0.9007626174939839,0.10799181964292785
2023-09-20,510880.SH,58600,2.7,158220.0,2.6150907919499997,0.1599640657430463
2023-09-20,159995.SZ,86100,0.934,80417.40000000001,0.9587665436999997,0.08130384439694636
2023-09-21,512880.SH,112200,0.945,106029.0,0.9007626174939839,0.10743205833706318
2023-09-21,510880.SH,58600,2.681,157106.6,2.6150907919499997,0.15918555693572184
2023-09-21,159995.SZ,86100,0.931,80159.1,0.9587665436999997,0.081219827664568
2023-09-22,512880.SH,112200,0.974,109282.8,0.9007626174939839,0.11008241217354042
2023-09-22,510880.SH,58600,2.695,157927.0,2.6150907919499997,0.1590825373007529
2023-09-22,159995.SZ,86100,0.951,81881.09999999999,0.9587665436999997,0.08248021646062216
2023-09-25,512880.SH,112200,0.95,106590.0,0.9007626174939839,0.10779396802824567
2023-09-25,510880.SH,58600,2.689,157575.4,2.6150907919499997,0.15935526437412537
2023-09-25,159995.SZ,86100,0.941,81020.09999999999,0.9587665436999997,0.08193524785669638
2023-09-26,512880.SH,112200,0.952,106814.4,0.9007626174939839,0.10815502036537976
2023-09-26,510880.SH,58600,2.676,156813.6,2.6150907919499997,0.15878175696880306
2023-09-26,159995.SZ,86100,0.933,80331.3,0.9587665436999997,0.08133953275473561
2023-09-27,512880.SH,112200,0.953,106926.59999999999,0.9007626174939839,0.1082986858201307
2023-09-27,510880.SH,58600,2.665,156169.0,2.6150907919499997,0.1581729659957765
2023-09-27,159995.SZ,86100,0.936,80589.6,0.9587665436999997,0.08162372852751333
2023-09-28,512880.SH,112200,0.947,106253.4,0.9007626174939839,0.10762192683128163
2023-09-28,510880.SH,58600,2.661,155934.6,2.6150907919499997,0.15794301275691103
2023-09-28,159995.SZ,86100,0.946,81450.59999999999,0.9587665436999997,0.0824996707264331
2023-10-09,512880.SH,112200,0.935,104907.0,0.9007626174939839,0.10637916634286496
2023-10-09,510880.SH,58600,2.656,155641.6,2.6150907919499997,0.1578257280855391
2023-10-09,159995.SZ,86100,0.952,81967.2,0.9587665436999997,0.0831174507273955
2023-10-10,512880.SH,112200,0.932,104570.40000000001,0.9007626174939839,0.10616433643728672
2023-10-10,510880.SH,58600,2.627,153942.19999999998,2.6150907919499997,0.15628869654028366
2023-10-10,159995.SZ,86100,0.962,82828.2,0.9587665436999997,0.0840907263555927
2023-10-11,512880.SH,112200,0.93,104346.0,0.9007626174939839,0.10591551537261451
2023-10-11,510880.SH,58600,2.618,153414.8,2.6150907919499997,0.15572238138296227
2023-10-11,159995.SZ,86100,0.973,83775.3,0.9587665436999997,0.08503540217157718
2023-10-12,512880.SH,112200,0.941,105580.2,0.9007626174939839,0.10684118881000747
2023-10-12,510880.SH,58600,2.644,154938.4,2.6150907919499997,0.15678889458743647
2023-10-12,159995.SZ,86100,0.976,84033.59999999999,0.9587665436999997,0.08503724868852913
2023-10-13,512880.SH,112200,0.931,104458.20000000001,0.9007626174939839,0.10586031559885313
2023-10-13,510880.SH,58600,2.64,154704.0,2.6150907919499997,0.15678055207159391
2023-10-13,159995.SZ,86100,0.975,83947.5,0.9587665436999997,0.08507430573889577
2023-10-16,510880.SH,59000,2.659,156881.0,2.615366928953729,0.15948344841674877
2023-10-16,159995.SZ,84500,0.949,80190.5,0.9587665436999997,0.08152075439513576
2023-10-16,512010.SH,191200,0.428,81833.59999999999,0.43734966554999993,0.08319111125220295
2023-10-17,510880.SH,59000,2.655,156645.0,2.615366928953729,0.1591895954362503
2023-10-17,159995.SZ,84500,0.958,80951.0,0.9587665436999997,0.08226599597918798
2023-10-17,512010.SH,191200,0.427,81642.4,0.43734966554999993,0.08296862731938154
2023-10-18,510880.SH,59000,2.632,155288.0,2.615366928953729,0.15839404131509643
2023-10-18,159995.SZ,84500,0.947,80021.5,0.9587665436999997,0.08162207496455612
2023-10-18,512010.SH,191200,0.42,80304.0,0.43734966554999993,0.08191022547632466
2023-10-19,510880.SH,59000,2.587,152633.0,2.615366928953729,0.15618041707850197
2023-10-19,159995.SZ,84500,0.953,80528.5,0.9587665436999997,0.0824001016602317
2023-10-19,512010.SH,191200,0.415,79348.0,0.43734966554999993,0.08119216509106796
2023-10-20,510880.SH,59000,2.564,151276.0,2.615366928953729,0.15543560992602784
2023-10-20,159995.SZ,84500,0.937,79176.5,0.9587665436999997,0.08135360248359384
2023-10-20,512010.SH,191200,0.408,78009.59999999999,0.43734966554999993,0.0801546164367478
2023-10-23,510880.SH,59000,2.534,149506.0,2.615366928953729,0.15416148958026266
2023-10-23,159995.SZ,84500,0.915,77317.5,0.9587665436999997,0.07972510113722497
2023-10-23,512010.SH,191200,0.409,78200.79999999999,0.43734966554999993,0.08063590634735865
2023-10-24,510880.SH,59000,2.555,150745.0,2.615366928953729,0.15500434651293724
2023-10-24,159995.SZ,84500,0.928,78416.0,0.9587665436999997,0.08063166828855674
2023-10-24,512010.SH,191200,0.411,78583.2,0.43734966554999993,0.08080359257617466
2023-10-25,510880.SH,59000,2.578,152102.0,2.615366928953729,0.15623311354467168
2023-10-25,159995.SZ,84500,0.931,78669.5,0.9587665436999997,0.08080617563215835
2023-10-25,512010.SH,191200,0.408,78009.59999999999,0.43734966554999993,0.08012835264739726
2023-10-26,510880.SH,59000,2.588,152692.0,2.615366928953729,0.15660761065745094
2023-10-26,159995.SZ,84500,0.932,78754.0,0.9587665436999997,0.0807735557181574
2023-10-26,512010.SH,191200,0.412,78774.4,0.43734966554999993,0.08079447885268581
2023-10-27,510880.SH,59000,2.599,153341.0,2.615366928953729,0.15644133631196347
2023-10-27,159995.SZ,84500,0.954,80613.0,0.9587665436999997,0.08224287988285137
2023-10-27,512010.SH,191200,0.426,81451.2,0.43734966554999993,0.0830980270913389
2023-10-30,159995.SZ,85500,0.996,85158.0,0.9587865548847949,0.08639701375436182
2023-10-30,512010.SH,195200,0.438,85497.6,0.43712656789528687,0.0867415547942052
2023-10-30,512880.SH,114700,0.943,108162.09999999999,0.9427537413,0.10973581391531809
2023-10-31,159995.SZ,85500,0.994,84987.0,0.9587865548847949,0.08621841735992605
2023-10-31,512010.SH,195200,0.438,85497.6,0.43712656789528687,0.08673641568795244
2023-10-31,512880.SH,114700,0.945,108391.5,0.9427537413,0.1099620363734268
2023-11-01,159995.SZ,85500,0.989,84559.5,0.9587865548847949,0.08590299995203825
2023-11-01,512010.SH,195200,0.435,84912.0,0.43712656789528687,0.08626110054964223
2023-11-01,512880.SH,114700,0.942,108047.4,0.9427537413,0.10976408087817285
2023-11-02,159995.SZ,85500,0.976,83448.0,0.9587865548847949,0.08497279713145392
2023-11-02,512010.SH,195200,0.433,84521.6,0.43712656789528687,0.08606601440449017
2023-11-02,512880.SH,114700,0.935,107244.5,0.9427537413,0.10920411683880034
2023-11-03,159995.SZ,85500,0.997,85243.5,0.9587865548847949,0.08649744767224968
2023-11-03,512010.SH,195200,0.435,84912.0,0.43712656789528687,0.08616107124585529
2023-11-03,512880.SH,114700,0.946,108506.2,0.9427537413,0.1101023462975436
2023-11-06,159995.SZ,85500,1.019,87124.49999999999,0.9587865548847949,0.08767733476046395
2023-11-06,512010.SH,195200,0.445,86864.0,0.43712656789528687,0.08741518179883893
2023-11-06,512880.SH,114700,0.984,112864.8,0.9427537413,0.11358096577051019
2023-11-07,159995.SZ,85500,1.021,87295.49999999999,0.9587865548847949,0.08785565293942994
2023-11-07,512010.SH,195200,0.442,86278.4,0.43712656789528687,0.0868320264683668
2023-11-07,512880.SH,114700,0.987,113208.9,0.9427537413,0.11393533261227247
2023-11-08,159995.SZ,85500,1.022,87381.0,0.9587865548847949,0.08796352371403084
2023-11-08,512010.SH,195200,0.445,86864.0,0.43712656789528687,0.08744307714372203
2023-11-08,512880.SH,114700,0.979,112291.3,0.9427537413,0.11303988773794475
2023-11-09,159995.SZ,85500,1.009,86269.49999999999,0.9587865548847949,0.08705064308177494
2023-11-09,512010.SH,195200,0.441,86083.2,0.43712656789528687,0.08686265619410162
2023-11-09,512880.SH,114700,0.975,111832.5,0.9427537413,0.11284510797492274
2023-11-10,159995.SZ,85500,1.005,85927.49999999999,0.9587865548847949,0.08675257184116916
2023-11-10,512010.SH,195200,0.44,85888.0,0.43712656789528687,0.08671269256401429
2023-11-10,512880.SH,114700,0.975,111832.5,0.9427537413,0.1129063104410992
2023-11-13,159995.SZ,81900,1.006,82391.4,0.9587865548847949,0.0833021792864523
2023-11-13,512010.SH,189900,0.435,82606.5,0.43712656789528687,0.08351965706646958
2023-11-13,512880.SH,112200,0.97,108834.0,0.9427537413,0.11003708373036203
2023-11-14,159995.SZ,81900,1.016,83210.4,0.9587865548847949,0.0839369446697993
2023-11-14,512010.SH,189900,0.435,82606.5,0.43712656789528687,0.08332777176730044
2023-11-14,512880.SH,112200,0.983,110292.59999999999,0.9427537413,0.11125561064107739
2023-11-15,159995.SZ,81900,1.012,82882.8,0.9587865548847949,0.08354461865446483
2023-11-15,512010.SH,189900,0.44,83556.0,0.43712656789528687,0.08422319415237495
2023-11-15,512880.SH,112200,0.984,110404.8,0.9427537413,0.11128638165726132
2023-11-16,159995.SZ,81900,0.995,81490.5,0.9587865548847949,0.08246716180421712
2023-11-16,512010.SH,189900,0.432,82036.8,0.43712656789528687,0.08302000919739355
2023-11-16,512880.SH,112200,0.975,109395.0,0.9427537413,0.1107060966072405
2023-11-17,159995.SZ,81900,0.998,81736.2,0.9587865548847949,0.08261011914089679
2023-11-17,512010.SH,189900,0.435,82606.5,0.43712656789528687,0.08348972434261064
2023-11-17,512880.SH,112200,0.979,109843.8,0.9427537413,0.11101824411813664
2023-11-20,159995.SZ,81900,0.992,81244.8,0.9587865548847949,0.08212845610440801
2023-11-20,512010.SH,189900,0.439,83366.1,0.43712656789528687,0.08427282834649959
2023-11-20,512880.SH,112200,0.975,109395.0,0.9427537413,0.11058483072814154
2023-11-21,159995.SZ,81900,0.983,80507.7,0.9587865548847949,0.08146251718558181
2023-11-21,512010.SH,189900,0.439,83366.1,0.43712656789528687,0.08435481766271961
2023-11-21,512880.SH,112200,0.973,109170.59999999999,0.9427537413,0.110465357706906
2023-11-22,159995.SZ,81900,0.969,79361.09999999999,0.9587865548847949,0.0805710138773243
2023-11-22,512010.SH,189900,0.433,82226.7,0.43712656789528687,0.08348030189584799
2023-11-22,512880.SH,112200,0.964,108160.8,0.9427537413,0.1098097848666727
2023-11-23,159995.SZ,81900,0.977,80016.3,0.9587865548847949,0.08112323784745985
2023-11-23,512010.SH,189900,0.435,82606.5,0.43712656789528687,0.08374927042672796
2023-11-23,512880.SH,112200,0.967,108497.4,0.9427537413,0.10999834266306978
2023-11-24,159995.SZ,81900,0.964,78951.59999999999,0.9587865548847949,0.08023713848186385
2023-11-24,512010.SH,189900,0.434,82416.6,0.43712656789528687,0.08375855774176055
2023-11-24,512880.SH,112200,0.957,107375.4,0.9427537413,0.10912375226525524
2023-11-27,512010.SH,191800,0.43,82474.0,0.43712381409444717,0.08395710326663915
2023-11-27,512100.SH,52800,2.382,125769.6,2.38490675745,0.12803127403792589
2023-11-27,512660.SH,99500,0.987,98206.5,0.9837865474499999,0.09997251572562502
2023-11-28,512010.SH,191800,0.436,83624.8,0.43712381409444717,0.08497073753247354
2023-11-28,512100.SH,52800,2.391,126244.8,2.38490675745,0.12827670458571638
2023-11-28,512660.SH,99500,0.989,98405.5,0.9837865474499999,0.09998933225851452
2023-11-29,512010.SH,191800,0.434,83241.2,0.43712381409444717,0.08468858830257554
2023-11-29,512100.SH,52800,2.384,125875.2,2.38490675745,0.12806390333517967
2023-11-29,512660.SH,99500,0.984,97908.0,0.9837865474499999,0.09961041291486147
2023-11-30,512010.SH,191800,0.436,83624.8,0.43712381409444717,0.0851705528999542
2023-11-30,512100.SH,52800,2.368,125030.4,2.38490675745,0.12734150990259388
2023-11-30,512660.SH,99500,0.978,97311.0,0.9837865474499999,0.09910973387377242
2023-12-01,512010.SH,191800,0.434,83241.2,0.43712381409444717,0.08468246268836797
2023-12-01,512100.SH,52800,2.391,126244.8,2.38490675745,0.12843063970246077
2023-12-01,512660.SH,99500,0.981,97609.5,0.9837865474499999,0.09929953967242489
2023-12-04,512010.SH,191800,0.422,80939.59999999999,0.43712381409444717,0.08253289862784605
2023-12-04,512100.SH,52800,2.38,125664.0,2.38490675745,0.12813769987953544
2023-12-04,512660.SH,99500,0.987,98206.5,0.9837865474499999,0.10013969810939964
2023-12-05,512010.SH,191800,0.416,79788.8,0.43712381409444717,0.08184033357312188
2023-12-05,512100.SH,52800,2.336,123340.79999999999,2.38490675745,0.12651214475184125
2023-12-05,512660.SH,99500,0.964,95918.0,0.9837865474499999,0.09838424836150819
2023-12-06,512010.SH,191800,0.417,79980.59999999999,0.43712381409444717,0.08196818188073793
2023-12-06,512100.SH,52800,2.346,123868.8,2.38490675745,0.12694703875375718
2023-12-06,512660.SH,99500,0.965,96017.5,0.9837865474499999,0.09840361167250253
2023-12-07,512010.SH,191800,0.412,79021.59999999999,0.43712381409444717,0.08113178185635886
2023-12-07,512100.SH,52800,2.344,123763.2,2.38490675745,0.12706815534290516
2023-12-07,512660.SH,99500,0.958,95321.0,0.9837865474499999,0.0978664387753473
2023-12-08,512010.SH,191800,0.416,79788.8,0.43712381409444717,0.08199437593078078
2023-12-08,512100.SH,52800,2.339,123499.2,2.38490675745,0.12691304834701964
2023-12-08,512660.SH,99500,0.944,93928.0,0.9837865474499999,0.09652442125243614
2023-12-11,512100.SH,53500,2.364,126474.0,2.38425778024972,0.1294073750550333
2023-12-11,510500.SH,18900,5.416,102362.40000000001,5.33326399935,0.10473654259637033
2023-12-11,510880.SH,58100,2.581,149956.1,2.54903798205,0.15343410720377373
2023-12-12,512100.SH,53500,2.37,126795.0,2.38425778024972,0.12957576828452724
2023-12-12,510500.SH,18900,5.426,102551.40000000001,5.33326399935,0.10480047670376488
2023-12-12,510880.SH,58100,2.593,150653.3,2.54903798205,0.15395730976851899
2023-12-13,512100.SH,53500,2.347,125564.5,2.38425778024972,0.12879524605463202
2023-12-13,510500.SH,18900,5.367,101436.3,5.33326399935,0.10404623295096521
2023-12-13,510880.SH,58100,2.571,149375.1,2.54903798205,0.15321848738246294
2023-12-14,512100.SH,53500,2.339,125136.5,2.38425778024972,0.1283986813793751
2023-12-14,510500.SH,18900,5.348,101077.2,5.33326399935,0.10371217987972632
2023-12-14,510880.SH,58100,2.579,149839.90000000002,2.54903798205,0.15374607391142817
2023-12-15,512100.SH,53500,2.322,124227.0,2.38425778024972,0.12782336902455446
2023-12-15,510500.SH,18900,5.304,100245.6,5.33326399935,0.10314770800138356
2023-12-15,510880.SH,58100,2.562,148852.19999999998,2.54903798205,0.1531614680441191
2023-12-18,512100.SH,53500,2.284,122193.99999999999,2.38425778024972,0.1261677358530872
2023-12-18,510500.SH,18900,5.243,99092.70000000001,5.33326399935,0.10231518403988096
2023-12-18,510880.SH,58100,2.559,148677.90000000002,2.54903798205,0.1535128894576797
2023-12-19,512100.SH,53500,2.286,122301.0,2.38425778024972,0.1263470831390497
2023-12-19,510500.SH,18900,5.234,98922.6,5.33326399935,0.10219525569317468
2023-12-19,510880.SH,58100,2.551,148213.1,2.54903798205,0.15311643296454067
2023-12-20,512100.SH,53500,2.244,120054.00000000001,2.38425778024972,0.1244803414348758
2023-12-20,510500.SH,18900,5.172,97750.79999999999,5.33326399935,0.10135483165519062
2023-12-20,510880.SH,58100,2.549,148096.9,2.54903798205,0.15355717158484228
2023-12-21,512100.SH,53500,2.256,120695.99999999999,2.38425778024972,0.12517916121634837
2023-12-21,510500.SH,18900,5.186,98015.4,5.33326399935,0.10165610756184855
2023-12-21,510880.SH,58100,2.529,146934.9,2.54903798205,0.15239268522078633
2023-12-22,512100.SH,53500,2.236,119626.00000000001,2.38425778024972,0.12427626342017749
2023-12-22,510500.SH,18900,5.17,97713.0,5.33326399935,0.10151143169190478
2023-12-22,510880.SH,58100,2.525,146702.5,2.54903798205,0.15240531769346619
2023-12-25,510880.SH,58100,2.523,146586.30000000002,2.54903798205,0.1525712424901518
2023-12-25,159995.SZ,80100,0.916,73371.6,0.9237385384500001,0.07636727426430999
2023-12-25,588080.SH,104500,0.844,88198.0,0.84967932735,0.09179901836083186
2023-12-26,510880.SH,58100,2.506,145598.59999999998,2.54903798205,0.152185158278926
2023-12-26,159995.SZ,80100,0.896,71769.6,0.9237385384500001,0.07501629779142939
2023-12-26,588080.SH,104500,0.83,86735.0,0.84967932735,0.0906586993509735
2023-12-27,510880.SH,58100,2.518,146295.8,2.54903798205,0.15251515431869894
2023-12-27,159995.SZ,80100,0.912,73051.2,0.9237385384500001,0.07615676623092489
2023-12-27,588080.SH,104500,0.835,87257.5,0.84967932735,0.09096700710453666
2023-12-28,510880.SH,58100,2.5,145250.0,2.54903798205,0.15133714294643028
2023-12-28,159995.SZ,80100,0.932,74653.2,0.9237385384500001,0.07778176936184818
2023-12-28,588080.SH,104500,0.835,87257.5,0.84967932735,0.09091429088225914
2023-12-29,510880.SH,58100,2.515,146121.5,2.54903798205,0.1521070491266878
2023-12-29,159995.SZ,80100,0.932,74653.2,0.9237385384500001,0.07771120581067432
2023-12-29,588080.SH,104500,0.835,87257.5,0.84967932735,0.09083181351937915
2024-01-02,510880.SH,58100,2.554,148387.4,2.54903798205,0.1540938815123175
2024-01-02,159995.SZ,80100,0.917,73451.7,0.9237385384500001,0.07627640592582856
2024-01-02,588080.SH,104500,0.847,88511.5,0.84967932735,0.09191535530292662
2024-01-03,510880.SH,58100,2.594,150711.4,2.54903798205,0.15653371846103556
2024-01-03,159995.SZ,80100,0.899,72009.90000000001,0.9237385384500001,0.07479180349334773
2024-01-03,588080.SH,104500,0.837,87466.5,0.84967932735,0.09084552652136578
2024-01-04,510880.SH,58100,2.618,152105.8,2.54903798205,0.15808357203410253
2024-01-04,159995.SZ,80100,0.883,70728.3,0.9237385384500001,0.07350792874367457
2024-01-04,588080.SH,104500,0.83,86735.0,0.84967932735,0.09014369353685318
2024-01-05,510880.SH,58100,2.628,152686.80000000002,2.54903798205,0.1590438956813509
2024-01-05,159995.SZ,80100,0.871,69767.1,0.9237385384500001,0.07267184441870796
2024-01-05,588080.SH,104500,0.813,84958.5,0.84967932735,0.08849573644377937
2024-01-08,510880.SH,55600,2.599,144504.40000000002,2.54903798205,0.15126566110296316
2024-01-08,510300.SH,37500,3.069,115087.5,3.1114876663499995,0.12047236466285643
2024-01-08,516160.SH,28600,1.96,56056.0,1.9815842969999997,0.05867882153614493
2024-01-09,510880.SH,55600,2.622,145783.19999999998,2.54903798205,0.1521887522186951
2024-01-09,510300.SH,37500,3.077,115387.5,3.1114876663499995,0.12045749885195745
2024-01-09,516160.SH,28600,1.996,57085.6,1.9815842969999997,0.059593877989065555
2024-01-10,510880.SH,55600,2.607,144949.2,2.54903798205,0.15148608584553538
2024-01-10,510300.SH,37500,3.061,114787.5,3.1114876663499995,0.11996416040236435
2024-01-10,516160.SH,28600,2.009,57457.399999999994,1.9815842969999997,0.06004860067431392
2024-01-11,510880.SH,55600,2.579,143392.40000000002,2.54903798205,0.14974503739360714
2024-01-11,510300.SH,37500,3.08,115500.0,3.1114876663499995,0.12061693519992428
2024-01-11,516160.SH,28600,2.064,59030.4,1.9815842969999997,0.06164559248160702
2024-01-12,510880.SH,55600,2.594,144226.4,2.54903798205,0.15058118571808213
2024-01-12,510300.SH,37500,3.069,115087.5,3.1114876663499995,0.12015839133008782
2024-01-12,516160.SH,28600,2.057,58830.2,1.9815842969999997,0.0614223281731494
2024-01-15,510880.SH,55600,2.608,145004.80000000002,2.54903798205,0.15143922941270732
2024-01-15,510300.SH,37500,3.065,114937.5,3.1114876663499995,0.12003772585888912
2024-01-15,516160.SH,28600,2.025,57915.0,1.9815842969999997,0.06048491478514465
2024-01-16,510880.SH,55600,2.618,145560.8,2.54903798205,0.15165621584315975
2024-01-16,510300.SH,37500,3.087,115762.5,3.1114876663499995,0.1206101002917254
2024-01-16,516160.SH,28600,2.057,58830.2,1.9815842969999997,0.06129373780094818
2024-01-17,510880.SH,55600,2.581,143503.6,2.54903798205,0.1505955391815777
2024-01-17,510300.SH,37500,3.012,112950.0,3.1114876663499995,0.11853198212838703
2024-01-17,516160.SH,28600,1.986,56799.6,1.9815842969999997,0.05960663277644561
2024-01-18,510880.SH,55600,2.556,142113.6,2.54903798205,0.148826840105152
2024-01-18,510300.SH,37500,3.057,114637.5,3.1114876663499995,0.12005280903836339
2024-01-18,516160.SH,28600,2.045,58487.0,1.9815842969999997,0.06124984095280131
2024-01-19,510880.SH,55600,2.534,140890.4,2.54903798205,0.1477963661903538
2024-01-19,510300.SH,37500,3.064,114900.0,3.1114876663499995,0.1205320055537613
2024-01-19,516160.SH,28600,2.022,57829.2,1.9815842969999997,0.06066378986570559
2024-01-22,510880.SH,57200,2.465,140998.0,2.548740192342308,0.14922740823500036
2024-01-22,510300.SH,37900,2.995,113510.5,3.1110289785784957,0.12013558860734909
2024-01-22,516160.SH,28200,1.957,55187.4,1.9815842969999997,0.058408436071634054
2024-01-23,510880.SH,57200,2.483,142027.6,2.548740192342308,0.14993191475805334
2024-01-23,510300.SH,37900,3.017,114344.3,3.1110289785784957,0.12070794578426501
2024-01-23,516160.SH,28200,1.977,55751.4,1.9815842969999997,0.05885415336485397
2024-01-24,510880.SH,57200,2.551,145917.2,2.548740192342308,0.15315587683039428
2024-01-24,510300.SH,37900,3.068,116277.2,3.1110289785784957,0.12204549238460662
2024-01-24,516160.SH,28200,1.964,55384.799999999996,1.9815842969999997,0.05813233537291026
2024-01-25,510880.SH,57200,2.623,150035.6,2.548740192342308,0.1563066641823231
2024-01-25,510300.SH,37900,3.124,118399.6,3.1110289785784957,0.12334836876395593
2024-01-25,516160.SH,28200,1.996,56287.2,1.9815842969999997,0.05863984593098743
2024-01-26,510880.SH,57200,2.664,152380.80000000002,2.548740192342308,0.15858170316661524
2024-01-26,510300.SH,37900,3.118,118172.2,3.1110289785784957,0.12298103660661899
2024-01-26,516160.SH,28200,1.957,55187.4,1.9815842969999997,0.05743316668069246
2024-01-29,510880.SH,57200,2.679,153238.8,2.548740192342308,0.1599623471529772
2024-01-29,510300.SH,37900,3.088,117035.2,3.1110289785784957,0.12217026817958714
2024-01-29,516160.SH,28200,1.863,52536.6,1.9815842969999997,0.05484171011151942
2024-01-30,510880.SH,57200,2.645,151294.0,2.548740192342308,0.1588168794149307
2024-01-30,510300.SH,37900,3.032,114912.8,3.1110289785784957,0.12062667588160832
2024-01-30,516160.SH,28200,1.818,51267.6,1.9815842969999997,0.053816808644710966
2024-01-31,510880.SH,57200,2.649,151522.8,2.548740192342308,0.15932168592516358
2024-01-31,510300.SH,37900,3.011,114116.90000000001,3.1110289785784957,0.11999050242308948
2024-01-31,516160.SH,28200,1.782,50252.4,1.9815842969999997,0.05283889348524243
2024-02-01,510880.SH,57200,2.619,149806.80000000002,2.548740192342308,0.15779447650157913
2024-02-01,510300.SH,37900,3.007,113965.3,3.1110289785784957,0.1200419130029172
2024-02-01,516160.SH,28200,1.789,50449.799999999996,1.9815842969999997,0.053139775902091
2024-02-02,510880.SH,57200,2.627,150264.4,2.548740192342308,0.15868226588077672
2024-02-02,510300.SH,37900,2.977,112828.29999999999,3.1110289785784957,0.11914898205746696
2024-02-02,516160.SH,28200,1.727,48701.4,1.9815842969999997,0.05142966999213427
2024-02-05,510880.SH,55000,2.633,144815.0,2.548740192342308,0.15303901198740746
2024-02-05,510300.SH,38900,2.997,116583.29999999999,3.106978709206298,0.12320403995602333
2024-02-05,512880.SH,107100,0.815,87286.5,0.8246593235999998,0.09224348112998544
2024-02-06,510880.SH,55000,2.675,147125.0,2.548740192342308,0.15362013780355993
2024-02-06,510300.SH,38900,3.1,120590.0,3.106978709206298,0.12591369527769783
2024-02-06,512880.SH,107100,0.863,92427.3,0.8246593235999998,0.09650769456456058
2024-02-07,510880.SH,55000,2.719,149545.0,2.548740192342308,0.15539748856097862
2024-02-07,510300.SH,38900,3.129,121718.1,3.106978709206298,0.12648157445861818
2024-02-07,512880.SH,107100,0.873,93498.3,0.8246593235999998,0.09715738409656591
2024-02-08,510880.SH,55000,2.72,149600.0,2.548740192342308,0.1551696292202702
2024-02-08,510300.SH,38900,3.151,122573.9,3.106978709206298,0.1271373436837064
2024-02-08,512880.SH,107100,0.881,94355.1,0.8246593235999998,0.09786795375696201
2024-02-19,510880.SH,55000,2.79,153450.0,2.548740192342308,0.1585332923704917
2024-02-19,510300.SH,38900,3.178,123624.2,3.106978709206298,0.12771946199197226
2024-02-19,512880.SH,107100,0.871,93284.1,0.8246593235999998,0.0963742945507865
2024-02-20,510880.SH,55000,2.834,155870.0,2.548740192342308,0.16036001799578833
2024-02-20,510300.SH,38900,3.19,124091.0,3.106978709206298,0.12766558666270206
2024-02-20,512880.SH,107100,0.882,94462.2,0.8246593235999998,0.0971832943601832
2024-02-21,510880.SH,55000,2.827,155485.0,2.548740192342308,0.15956237887639427
2024-02-21,510300.SH,38900,3.238,125958.2,3.106978709206298,0.12926127942237928
2024-02-21,512880.SH,107100,0.891,95426.1,0.8246593235999998,0.09792851736757043
2024-02-22,510880.SH,55000,2.885,158675.0,2.548740192342308,0.16195972299016875
2024-02-22,510300.SH,38900,3.264,126969.59999999999,3.106978709206298,0.12959799114020817
2024-02-22,512880.SH,107100,0.901,96497.1,0.8246593235999998,0.09849468148955169
2024-02-23,510880.SH,55000,2.867,157685.0,2.548740192342308,0.16107519969372308
2024-02-23,510300.SH,38900,3.267,127086.3,3.106978709206298,0.12981863303951802
2024-02-23,512880.SH,107100,0.902,96604.2,0.8246593235999998,0.09868117326475163
2024-02-26,510880.SH,55000,2.798,153890.0,2.548740192342308,0.15815277236329014
2024-02-26,510300.SH,38900,3.232,125724.8,3.106978709206298,0.12920739277938906
2024-02-26,512880.SH,107100,0.895,95854.5,0.8246593235999998,0.09850968171094286
2024-02-27,510880.SH,55000,2.815,154825.0,2.548740192342308,0.15845751334390332
2024-02-27,510300.SH,38900,3.273,127319.70000000001,3.106978709206298,0.1303068823619685
2024-02-27,512880.SH,107100,0.909,97353.90000000001,0.8246593235999998,0.09963802298292286
2024-02-28,510880.SH,55000,2.809,154495.0,2.548740192342308,0.15864418154247112
2024-02-28,510300.SH,38900,3.237,125919.3,3.106978709206298,0.12930104073854096
2024-02-28,512880.SH,107100,0.895,95854.5,0.8246593235999998,0.0984288080498579
2024-02-29,510880.SH,55000,2.827,155485.0,2.548740192342308,0.15883591527412902
2024-02-29,510300.SH,38900,3.292,128058.79999999999,3.106978709206298,0.13081864300033208
2024-02-29,512880.SH,107100,0.913,97782.3,0.8246593235999998,0.09988964284728087
2024-03-01,510880.SH,55000,2.822,155210.0,2.548740192342308,0.15830836545108246
2024-03-01,510300.SH,38900,3.319,129109.09999999999,3.106978709206298,0.13168642861839025
2024-03-01,512880.SH,107100,0.92,98532.0,0.8246593235999998,0.10049893605196866
2024-03-04,510880.SH,52800,2.849,150427.2,2.548740192342308,0.15327448974491747
2024-03-04,510300.SH,35900,3.316,119044.4,3.106978709206298,0.1212976753339147
2024-03-04,510500.SH,10600,5.225,55384.99999999999,5.22517758315,0.05643332864350498
2024-03-05,510880.SH,52800,2.87,151536.0,2.548740192342308,0.15411162284094065
2024-03-05,510300.SH,35900,3.345,120085.5,3.106978709206298,0.12212656586333134
2024-03-05,510500.SH,10600,5.198,55098.8,5.22517758315,0.05603530174076405
2024-03-06,510880.SH,52800,2.868,151430.4,2.548740192342308,0.15410785600122942
2024-03-06,510300.SH,35900,3.331,119582.9,3.106978709206298,0.1216972571782774
2024-03-06,510500.SH,10600,5.193,55045.799999999996,5.22517758315,0.056019070278309206
2024-03-07,510880.SH,52800,2.887,152433.6,2.548740192342308,0.15519527032903932
2024-03-07,510300.SH,35900,3.312,118900.79999999999,3.106978709206298,0.12105494981643836
2024-03-07,510500.SH,10600,5.123,54303.8,5.22517758315,0.055287632916194894
2024-03-08,510880.SH,52800,2.904,153331.19999999998,2.548740192342308,0.15579044722213534
2024-03-08,510300.SH,35900,3.322,119259.8,3.106978709206298,0.12117258312478099
2024-03-08,510500.SH,10600,5.194,55056.4,5.22517758315,0.05593943814723144
2024-03-11,510880.SH,52800,2.872,151641.6,2.548740192342308,0.153899429266677
2024-03-11,510300.SH,35900,3.37,120983.0,3.106978709206298,0.12278434579277969
2024-03-11,510500.SH,10600,5.296,56137.600000000006,5.22517758315,0.0569734466030496
2024-03-12,510880.SH,52800,2.801,147892.80000000002,2.548740192342308,0.15069093627654512
2024-03-12,510300.SH,35900,3.375,121162.5,3.106978709206298,0.12345489818711185
2024-03-12,510500.SH,10600,5.265,55809.0,5.22517758315,0.05686490797833096
2024-03-13,510880.SH,52800,2.783,146942.4,2.548740192342308,0.1499959898432755
2024-03-13,510300.SH,35900,3.354,120408.6,3.106978709206298,0.12291079458783186
2024-03-13,510500.SH,10600,5.257,55724.2,5.22517758315,0.056882196950809656
2024-03-14,510880.SH,52800,2.792,147417.59999999998,2.548740192342308,0.150517217600153
2024-03-14,510300.SH,35900,3.341,119941.90000000001,3.106978709206298,0.1224638107096832
2024-03-14,510500.SH,10600,5.234,55480.4,5.22517758315,0.05664693658927787
2024-03-15,510880.SH,52800,2.786,147100.8,2.548740192342308,0.15007097622932003
2024-03-15,510300.SH,35900,3.35,120265.0,3.106978709206298,0.12269332292019604
2024-03-15,510500.SH,10600,5.309,56275.4,5.22517758315,0.05741168107648277
2024-03-18,510500.SH,10400,5.38,55952.0,5.22517758315,0.056900824591384985
2024-03-18,159915.SZ,58200,1.875,109125.0,1.8514802774999999,0.11097552336886772
2024-03-18,516160.SH,45700,2.106,96244.2,2.0756595110999996,0.09787629293212352
2024-03-19,510500.SH,10400,5.321,55338.399999999994,5.22517758315,0.05646166869097442
2024-03-19,159915.SZ,58200,1.853,107844.6,1.8514802774999999,0.11003364888234321
2024-03-19,516160.SH,45700,2.077,94918.9,2.0756595110999996,0.09684558072354336
2024-03-20,510500.SH,10400,5.335,55484.0,5.22517758315,0.056583823092150855
2024-03-20,159915.SZ,58200,1.856,108019.20000000001,1.8514802774999999,0.11016039404793566
2024-03-20,516160.SH,45700,2.08,95056.0,2.0756595110999996,0.0969402330013606
2024-03-21,510500.SH,10400,5.308,55203.2,5.22517758315,0.056415458689134154
2024-03-21,159915.SZ,58200,1.846,107437.20000000001,1.8514802774999999,0.10979651393897899
2024-03-21,516160.SH,45700,2.054,93867.79999999999,2.0756595110999996,0.09592913079567682
2024-03-22,510500.SH,10400,5.225,54339.99999999999,5.22517758315,0.055822222850216485
2024-03-22,159915.SZ,58200,1.817,105749.4,1.8514802774999999,0.10863390822739571
2024-03-22,516160.SH,45700,1.999,91354.3,2.0756595110999996,0.0938461555562299
2024-03-25,510500.SH,10400,5.144,53497.6,5.22517758315,0.055206378677848694
2024-03-25,159915.SZ,58200,1.781,103654.2,1.8514802774999999,0.1069650417355071
2024-03-25,516160.SH,45700,1.967,89891.90000000001,2.0756595110999996,0.09276315706632275
2024-03-26,510500.SH,10400,5.12,53248.0,5.22517758315,0.05481039546547114
2024-03-26,159915.SZ,58200,1.792,104294.40000000001,1.8514802774999999,0.10735459188765839
2024-03-26,516160.SH,45700,2.012,91948.4,2.0756595110999996,0.09464633725994077
2024-03-27,510500.SH,10400,4.996,51958.4,5.22517758315,0.05388062126801882
2024-03-27,159915.SZ,58200,1.742,101384.4,1.8514802774999999,0.10513515541058475
2024-03-27,516160.SH,45700,1.947,88977.90000000001,2.0756595110999996,0.0922696721054469
2024-03-28,510500.SH,10400,5.063,52655.2,5.22517758315,0.0544776663629371
2024-03-28,159915.SZ,58200,1.758,102315.6,1.8514802774999999,0.10585687872278005
2024-03-28,516160.SH,45700,1.96,89572.0,2.0756595110999996,0.09267220581179071
2024-03-29,510500.SH,10400,5.131,53362.4,5.22517758315,0.05507598795500878
2024-03-29,159915.SZ,58200,1.768,102897.6,1.8514802774999999,0.10620187581891578
2024-03-29,516160.SH,45700,1.983,90623.1,2.0756595110999996,0.0935332137243744
2024-04-01,510300.SH,43000,3.373,145039.0,3.3316636993499995,0.14910216904246168
2024-04-01,510880.SH,43900,2.782,122129.8,2.7872284177499997,0.12555118336945262
2024-04-01,512100.SH,30300,2.155,65296.49999999999,2.1156915170999997,0.06712573708368852
2024-04-02,510300.SH,43000,3.361,144523.0,3.3316636993499995,0.1485652532921477
2024-04-02,510880.SH,43900,2.803,123051.7,2.7872284177499997,0.1264934092049665
2024-04-02,512100.SH,30300,2.143,64932.899999999994,2.1156915170999997,0.06674904849396772
2024-04-03,510300.SH,43000,3.347,143921.0,3.3316636993499995,0.14782329932255678
2024-04-03,510880.SH,43900,2.84,124676.0,2.7872284177499997,0.12805648700564262
2024-04-03,512100.SH,30300,2.136,64720.8,2.1156915170999997,0.06647565116136862
2024-04-08,510300.SH,43000,3.318,142674.0,3.3316636993499995,0.14687464495358749
2024-04-08,510880.SH,43900,2.85,125115.0,2.7872284177499997,0.12879866831635828
2024-04-08,512100.SH,30300,2.09,63326.99999999999,2.1156915170999997,0.06519148997698133
2024-04-09,510300.SH,43000,3.312,142416.0,3.3316636993499995,0.14661932760118065
2024-04-09,510880.SH,43900,2.835,124456.5,2.7872284177499997,0.12812976312771276
2024-04-09,512100.SH,30300,2.118,64175.399999999994,2.1156915170999997,0.06606950059359067
2024-04-10,510300.SH,43000,3.286,141298.0,3.3316636993499995,0.14574092747551173
2024-04-10,510880.SH,43900,2.846,124939.40000000001,2.7872284177499997,0.12886795307954785
2024-04-10,512100.SH,30300,2.079,62993.700000000004,2.1156915170999997,0.064974453022082
2024-04-11,510300.SH,43000,3.283,141169.0,3.3316636993499995,0.14534125396644662
2024-04-11,510880.SH,43900,2.886,126695.40000000001,2.7872284177499997,0.13043988629076173
2024-04-11,512100.SH,30300,2.084,63145.200000000004,2.1156915170999997,0.06501145825189712
2024-04-12,510300.SH,43000,3.255,139965.0,3.3316636993499995,0.1444074504408193
2024-04-12,510880.SH,43900,2.879,126388.1,2.7872284177499997,0.13039962338484132
2024-04-12,512100.SH,30300,2.066,62599.799999999996,2.1156915170999997,0.0645867003615561
2024-04-15,510300.SH,43000,3.328,143104.0,3.3316636993499995,0.14681890064825012
2024-04-15,510880.SH,43900,2.945,129285.5,2.7872284177499997,0.13264168003521454
2024-04-15,512100.SH,30300,2.047,62024.100000000006,2.1156915170999997,0.06363421131273152
2024-04-16,510300.SH,43000,3.296,141728.0,3.3316636993499995,0.14593400856947503
2024-04-16,510880.SH,43900,2.959,129900.1,2.7872284177499997,0.13375509642819813
2024-04-16,512100.SH,30300,1.956,59266.799999999996,2.1156915170999997,0.061025638540622616
2024-04-17,510300.SH,43000,3.342,143706.0,3.3316636993499995,0.14702990581450937
2024-04-17,510880.SH,43900,2.992,131348.8,2.7872284177499997,0.13438688497939422
2024-04-17,512100.SH,30300,2.048,62054.4,2.1156915170999997,0.06348971224149227
2024-04-18,510300.SH,43000,3.348,143964.0,3.3316636993499995,0.14720919806413985
2024-04-18,510880.SH,43900,3.001,131743.9,2.7872284177499997,0.1347136358314734
2024-04-18,512100.SH,30300,2.045,61963.5,2.1156915170999997,0.06336026467899843
2024-04-19,510300.SH,43000,3.32,142760.0,3.3316636993499995,0.14605888674493595
2024-04-19,510880.SH,43900,3.023,132709.7,2.7872284177499997,0.13577634521052415
2024-04-19,512100.SH,30300,2.035,61660.50000000001,2.1156915170999997,0.06308534593819083
2024-04-22,510300.SH,43400,3.313,143784.2,3.3316774855311055,0.14782074680835847
2024-04-22,510880.SH,40700,2.936,119495.2,2.7872284177499997,0.12284986600762918
2024-04-22,510500.SH,13700,5.109,69993.3,5.1501175719,0.07195826716413539
2024-04-23,510300.SH,43400,3.288,142699.19999999998,3.3316774855311055,0.1472940433369367
2024-04-23,510880.SH,40700,2.888,117541.59999999999,2.7872284177499997,0.1213263811170131
2024-04-23,510500.SH,13700,5.047,69143.9,5.1501175719,0.07137029922441623
2024-04-24,510300.SH,43400,3.302,143306.8,3.3316774855311055,0.14769288560194013
2024-04-24,510880.SH,40700,2.889,117582.29999999999,2.7872284177499997,0.12118105479093111
2024-04-24,510500.SH,13700,5.109,69993.3,5.1501175719,0.0721355333438628
2024-04-25,510300.SH,43400,3.312,143740.8,3.3316774855311055,0.14797276764668732
2024-04-25,510880.SH,40700,2.908,118355.59999999999,2.7872284177499997,0.12184018523957196
2024-04-25,510500.SH,13700,5.101,69883.7,5.1501175719,0.07194119207901169
2024-04-26,510300.SH,43400,3.362,145910.80000000002,3.3316774855311055,0.14980051083557694
2024-04-26,510880.SH,40700,2.879,117175.3,2.7872284177499997,0.12029897579419739
2024-04-26,510500.SH,13700,5.221,71527.7,5.1501175719,0.07343449558835874
2024-04-29,510300.SH,43400,3.405,147777.0,3.3316774855311055,0.1514157224645463
2024-04-29,510880.SH,40700,2.845,115791.50000000001,2.7872284177499997,0.11864264146486607
2024-04-29,510500.SH,13700,5.327,72979.9,5.1501175719,0.07477688871671735
2024-04-30,510300.SH,43400,3.387,146995.8,3.3316774855311055,0.15073462748733057
2024-04-30,510880.SH,40700,2.858,116320.6,2.7872284177499997,0.11927920600522456
2024-04-30,510500.SH,13700,5.289,72459.3,5.1501175719,0.07430229702816499
2024-05-06,510300.SH,43400,3.437,149165.8,3.3316774855311055,0.15233087585457541
2024-05-06,510880.SH,40700,2.875,117012.5,2.7872284177499997,0.11949533077242576
2024-05-06,510500.SH,13700,5.374,73623.79999999999,5.1501175719,0.07518598725540364
2024-05-07,510300.SH,43400,3.439,149252.6,3.3316774855311055,0.1524081401899486
2024-05-07,510880.SH,40700,2.875,117012.5,2.7872284177499997,0.11948641098363687
2024-05-07,510500.SH,13700,5.373,73610.1,5.1501175719,0.07516638531051477
2024-05-08,510300.SH,43400,3.41,147994.0,3.3316774855311055,0.1513293655586269
2024-05-08,510880.SH,40700,2.897,117907.9,2.7872284177499997,0.12056521008520632
2024-05-08,510500.SH,13700,5.302,72637.4,5.1501175719,0.07427444124645732
2024-05-09,510300.SH,43400,3.445,149513.0,3.3316774855311055,0.1523606259485398
2024-05-09,510880.SH,40700,2.908,118355.59999999999,2.7872284177499997,0.12060980182669732
2024-05-09,510500.SH,13700,5.403,74021.09999999999,5.1501175719,0.07543090653922709
2024-05-10,510300.SH,43400,3.447,149599.8,3.3316774855311055,0.1523580813178338
2024-05-10,510880.SH,40700,2.927,119128.90000000001,2.7872284177499997,0.12132536696910086
2024-05-10,510500.SH,13700,5.383,73747.1,5.1501175719,0.0751068294125689
2024-05-13,159915.SZ,64700,1.817,117559.9,1.8204554728499998,0.11996064730659084
2024-05-13,512100.SH,48200,2.141,103196.2,2.15071952235,0.1053036192747732
2024-05-13,512880.SH,127800,0.878,112208.4,0.8726977308,0.11449986174909019
2024-05-14,159915.SZ,64700,1.813,117301.09999999999,1.8204554728499998,0.11959134487686915
2024-05-14,512100.SH,48200,2.151,103678.2,2.15071952235,0.10570246461808981
2024-05-14,512880.SH,127800,0.883,112847.4,0.8726977308,0.11505068862830786
2024-05-15,159915.SZ,64700,1.797,116265.9,1.8204554728499998,0.11915138803590124
2024-05-15,512100.SH,48200,2.131,102714.19999999998,2.15071952235,0.10526336183693728
2024-05-15,512880.SH,127800,0.859,109780.2,0.8726977308,0.11250472588143941
2024-05-16,159915.SZ,64700,1.801,116524.7,1.8204554728499998,0.11943007428636145
2024-05-16,512100.SH,48200,2.126,102473.2,2.15071952235,0.10502822052630192
2024-05-16,512880.SH,127800,0.858,109652.4,0.8726977308,0.11238642345938518
2024-05-17,159915.SZ,64700,1.824,118012.8,1.8204554728499998,0.12035273279732657
2024-05-17,512100.SH,48200,2.162,104208.4,2.15071952235,0.10627462207859593
2024-05-17,512880.SH,127800,0.871,111313.8,0.8726977308,0.11352090644451324
2024-05-20,159915.SZ,64700,1.831,118465.7,1.8204554728499998,0.12069567209483828
2024-05-20,512100.SH,48200,2.17,104594.0,2.15071952235,0.10656285428683167
2024-05-20,512880.SH,127800,0.872,111441.6,0.8726977308,0.1135393519923837
2024-05-21,159915.SZ,64700,1.818,117624.6,1.8204554728499998,0.12017132976829326
2024-05-21,512100.SH,48200,2.147,103485.4,2.15071952235,0.10572599719449616
2024-05-21,512880.SH,127800,0.866,110674.8,0.8726977308,0.11307105731147993
2024-05-22,159915.SZ,64700,1.839,118983.3,1.8204554728499998,0.12132558635632781
2024-05-22,512100.SH,48200,2.15,103630.0,2.15071952235,0.1056700437297188
2024-05-22,512880.SH,127800,0.869,111058.2,0.8726977308,0.11324447409576238
2024-05-23,159915.SZ,64700,1.811,117171.7,1.8204554728499998,0.12026631963842344
2024-05-23,512100.SH,48200,2.102,101316.4,2.15071952235,0.10399226559838565
2024-05-23,512880.SH,127800,0.851,108757.8,0.8726977308,0.11163020027849498
2024-05-24,159915.SZ,64700,1.781,115230.7,1.8204554728499998,0.11883513488508364
2024-05-24,512100.SH,48200,2.076,100063.2,2.15071952235,0.10319319303825371
2024-05-24,512880.SH,127800,0.84,107352.0,0.8726977308,0.11070998787808717
2024-05-27,510300.SH,37100,3.421,126919.09999999999,3.3967157091,0.1302987874017912
2024-05-27,510880.SH,50800,3.01,152908.0,2.95736444325,0.1569797373605162
2024-05-27,512660.SH,60300,0.89,53667.0,0.8857081327499999,0.05509608107441614
2024-05-28,510300.SH,37100,3.398,126065.8,3.3967157091,0.129637305226066
2024-05-28,510880.SH,50800,3.001,152450.8,2.95736444325,0.15676980506654417
2024-05-28,512660.SH,60300,0.885,53365.5,0.8857081327499999,0.054877370484632836
2024-05-29,510300.SH,37100,3.399,126102.9,3.3967157091,0.12968235080851928
2024-05-29,510880.SH,50800,3.004,152603.2,2.95736444325,0.15693486602530657
2024-05-29,512660.SH,60300,0.881,53124.3,0.8857081327499999,0.054632241677685614
2024-05-30,510300.SH,37100,3.385,125583.49999999999,3.3967157091,0.12925232471154707
2024-05-30,510880.SH,50800,2.981,151434.8,2.95736444325,0.15585885042404607
2024-05-30,512660.SH,60300,0.896,54028.8,0.8857081327499999,0.055607209556790785
2024-05-31,510300.SH,37100,3.371,125064.1,3.3967157091,0.12866757444263274
2024-05-31,510880.SH,50800,2.988,151790.4,2.95736444325,0.1561639398650532
2024-05-31,512660.SH,60300,0.905,54571.5,0.8857081327499999,0.05614386973316989
2024-06-03,510300.SH,37100,3.376,125249.59999999999,3.3967157091,0.12907493984014198
2024-06-03,510880.SH,50800,2.957,150215.6,2.95736444325,0.154803444745938
2024-06-03,512660.SH,60300,0.901,54330.3,0.8857081327499999,0.05598964151579619
2024-06-04,510300.SH,37100,3.401,126177.09999999999,3.3967157091,0.12974588785634292
2024-06-04,510880.SH,50800,2.97,150876.0,2.95736444325,0.15514337051821286
2024-06-04,512660.SH,60300,0.91,54873.0,0.8857081327499999,0.056425025653158184
2024-06-05,510300.SH,37100,3.388,125694.8,3.3967157091,0.1295230987466646
2024-06-05,510880.SH,50800,2.932,148945.6,2.95736444325,0.15348205062326528
2024-06-05,512660.SH,60300,0.916,55234.8,0.8857081327499999,0.056917091674852656
2024-06-06,510300.SH,37100,3.388,125694.8,3.3967157091,0.12955270871577523
2024-06-06,510880.SH,50800,2.949,149809.19999999998,2.95736444325,0.15440724397941133
2024-06-06,512660.SH,60300,0.898,54149.4,0.8857081327499999,0.055811389535080205
2024-06-07,510300.SH,37100,3.365,124841.50000000001,3.3967157091,0.12857257062950284
2024-06-07,510880.SH,50800,2.976,151180.8,2.95736444325,0.1556990590935285
2024-06-07,512660.SH,60300,0.902,54390.6,0.8857081327499999,0.056016142549400925
2024-06-11,510880.SH,50400,2.92,147168.0,2.95736444325,0.15160627155513076
2024-06-11,512660.SH,59300,0.911,54022.3,0.8857081327499999,0.05565149681882434
2024-06-11,159995.SZ,90800,0.87,78996.0,0.8426737262999999,0.08137835010171443
2024-06-12,510880.SH,50400,2.961,149234.4,2.95736444325,0.15346075310919696
2024-06-12,512660.SH,59300,0.91,53963.0,0.8857081327499999,0.05549124478023563
2024-06-12,159995.SZ,90800,0.867,78723.6,0.8426737262999999,0.08095307076295533
2024-06-13,510880.SH,50400,2.933,147823.19999999998,2.95736444325,0.1520937939612799
2024-06-13,512660.SH,59300,0.914,54200.200000000004,0.8857081327499999,0.055766037073072185
2024-06-13,159995.SZ,90800,0.874,79359.2,0.8426737262999999,0.08165187747073534
2024-06-14,510880.SH,50400,2.938,148075.2,2.95736444325,0.15247285038916145
2024-06-14,512660.SH,59300,0.903,53547.9,0.8857081327499999,0.05513820643398609
2024-06-14,159995.SZ,90800,0.87,78996.0,0.8426737262999999,0.08134208354499738
2024-06-17,510880.SH,50400,2.896,145958.4,2.95736444325,0.15027922628746887
2024-06-17,512660.SH,59300,0.905,53666.5,0.8857081327499999,0.05525519666943765
2024-06-17,159995.SZ,90800,0.893,81084.4,0.8426737262999999,0.08348475247730613
2024-06-18,510880.SH,50400,2.903,146311.2,2.95736444325,0.15054182985147707
2024-06-18,512660.SH,59300,0.91,53963.0,0.8857081327499999,0.05552335545245516
2024-06-18,159995.SZ,90800,0.893,81084.4,0.8426737262999999,0.08342897842686757
2024-06-19,510880.SH,50400,2.903,146311.2,2.95736444325,0.15068030914374342
2024-06-19,512660.SH,59300,0.898,53251.4,0.8857081327499999,0.05484158023676341
2024-06-19,159995.SZ,90800,0.891,80902.8,0.8426737262999999,0.08331869955679705
2024-06-20,510880.SH,50400,2.909,146613.59999999998,2.95736444325,0.15111079110503445
2024-06-20,512660.SH,59300,0.88,52184.0,0.8857081327499999,0.053784679750208154
2024-06-20,159995.SZ,90800,0.891,80902.8,0.8426737262999999,0.08338439347108578
2024-06-21,510880.SH,50400,2.914,146865.6,2.95736444325,0.15127027057135548
2024-06-21,512660.SH,59300,0.882,52302.6,0.8857081327499999,0.0538712159524448
2024-06-21,159995.SZ,90800,0.894,81175.2,0.8426737262999999,0.08360973888837069
2024-06-24,512660.SH,60600,0.86,52116.0,0.8856776282520626,0.053910619787026916
2024-06-24,159995.SZ,85900,0.871,74818.9,0.8426737262999999,0.07739529646909947
2024-06-24,510300.SH,54500,3.288,179196.0,3.2936332936499997,0.18536663257648467
2024-06-25,512660.SH,60600,0.847,51328.2,0.8856776282520626,0.05336357751198666
2024-06-25,159995.SZ,85900,0.837,71898.3,0.8426737262999999,0.07474936789192044
2024-06-25,510300.SH,54500,3.267,178051.5,3.2936332936499997,0.18511198564094383
2024-06-26,512660.SH,60600,0.865,52419.0,0.8856776282520626,0.0542649076026696
2024-06-26,159995.SZ,85900,0.859,73788.1,0.8426737262999999,0.07638650925573828
2024-06-26,510300.SH,54500,3.288,179196.0,3.2936332936499997,0.18550629319078923
2024-06-27,512660.SH,60600,0.852,51631.2,0.8856776282520626,0.05361253703348493
2024-06-27,159995.SZ,85900,0.846,72671.4,0.8426737262999999,0.0754601505247834
2024-06-27,510300.SH,54500,3.269,178160.5,3.2936332936499997,0.18499737376148903
2024-06-28,512660.SH,60600,0.879,53267.4,0.8856776282520626,0.05518605918406643
2024-06-28,159995.SZ,85900,0.848,72843.2,0.8426737262999999,0.07546696753280219
2024-06-28,510300.SH,54500,3.276,178542.0,3.2936332936499997,0.18497297369200652
2024-07-01,512660.SH,60600,0.879,53267.4,0.8856776282520626,0.055147373922876934
2024-07-01,159995.SZ,85900,0.847,72757.3,0.8426737262999999,0.07532513373505999
2024-07-01,510300.SH,54500,3.29,179305.0,3.2936332936499997,0.18563323686234826
2024-07-02,512660.SH,60600,0.872,52843.2,0.8856776282520626,0.054820873937641894
2024-07-02,159995.SZ,85900,0.832,71468.8,0.8426737262999999,0.07414354307223145
2024-07-02,510300.SH,54500,3.285,179032.5,3.2936332936499997,0.1857328495102657
2024-07-03,512660.SH,60600,0.857,51934.2,0.8856776282520626,0.05390854655613444
2024-07-03,159995.SZ,85900,0.84,72156.0,0.8426737262999999,0.0748991047383889
2024-07-03,510300.SH,54500,3.279,178705.5,3.2936332936499997,0.18549922337471805
2024-07-04,512660.SH,60600,0.847,51328.2,0.8856776282520626,0.053401269261035667
2024-07-04,159995.SZ,85900,0.831,71382.9,0.8426737262999999,0.07426594861174915
2024-07-04,510300.SH,54500,3.264,177888.0,3.2936332936499997,0.18507263037291613
2024-07-05,512660.SH,60600,0.849,51449.4,0.8856776282520626,0.05356745720529488
2024-07-05,159995.SZ,85900,0.832,71468.8,0.8426737262999999,0.07441101131429674
2024-07-05,510300.SH,54500,3.247,176961.5,3.2936332936499997,0.1842466108105204
2024-07-08,159995.SZ,90300,0.832,75129.59999999999,0.8425217795035438,0.07837993488215372
2024-07-08,510300.SH,54800,3.223,176620.4,3.2934397902176094,0.184261535411608
2024-07-08,510880.SH,28700,2.922,83861.40000000001,2.9343460398,0.08748949909391569
2024-07-09,159995.SZ,90300,0.865,78109.5,0.8425217795035438,0.08100252682042537
2024-07-09,510300.SH,54800,3.26,178648.0,3.2934397902176094,0.18526478099866667
2024-07-09,510880.SH,28700,2.948,84607.6,2.9343460398,0.08774130404383362
2024-07-10,159995.SZ,90300,0.864,78019.2,0.8425217795035438,0.08111268923515716
2024-07-10,510300.SH,54800,3.252,178209.59999999998,3.2934397902176094,0.18527567449450472
2024-07-10,510880.SH,28700,2.882,82713.40000000001,2.9343460398,0.08599301594714184
2024-07-11,159995.SZ,90300,0.872,78741.6,0.8425217795035438,0.08160076568251187
2024-07-11,510300.SH,54800,3.298,180730.4,3.2934397902176094,0.1872928543756622
2024-07-11,510880.SH,28700,2.877,82569.9,2.9343460398,0.08556807408445391
2024-07-12,159995.SZ,90300,0.878,79283.4,0.8425217795035438,0.08207930566661718
2024-07-12,510300.SH,54800,3.308,181278.4,3.2934397902176094,0.18767112919419823
2024-07-12,510880.SH,28700,2.873,82455.1,2.9343460398,0.08536285472963429
2024-07-15,159995.SZ,90300,0.883,79734.9,0.8425217795035438,0.08238493214768663
2024-07-15,510300.SH,54800,3.315,181662.0,3.2934397902176094,0.18769963395969708
2024-07-15,510880.SH,28700,2.91,83517.0,2.9343460398,0.086292732268785
2024-07-16,159995.SZ,90300,0.914,82534.2,0.8425217795035438,0.08494408635475315
2024-07-16,510300.SH,54800,3.34,183032.0,3.2934397902176094,0.18837628539057963
2024-07-16,510880.SH,28700,2.897,83143.9,2.9343460398,0.085571588765275
2024-07-17,159995.SZ,90300,0.903,81540.90000000001,0.8425217795035438,0.08401624252139997
2024-07-17,510300.SH,54800,3.345,183306.0,3.2934397902176094,0.18887063242652144
2024-07-17,510880.SH,28700,2.884,82770.8,2.9343460398,0.08528347867745258
2024-07-18,159995.SZ,90300,0.905,81721.5,0.8425217795035438,0.08407704160700138
2024-07-18,510300.SH,54800,3.366,184456.80000000002,3.2934397902176094,0.18977358526574198
2024-07-18,510880.SH,28700,2.888,82885.59999999999,2.9343460398,0.08527469564094238
2024-07-19,159995.SZ,90300,0.929,83888.7,0.8425217795035438,0.08606166816349654
2024-07-19,510300.SH,54800,3.389,185717.19999999998,3.2934397902176094,0.19052783078833882
2024-07-19,510880.SH,28700,2.865,82225.5,2.9343460398,0.08435538631040396
2024-07-22,159995.SZ,82300,0.93,76539.0,0.8425217795035438,0.07863828974352514
2024-07-22,510300.SH,53300,3.36,179088.0,3.2934397902176094,0.1839999743083713
2024-07-22,512660.SH,83700,0.895,74911.5,0.8917129336499999,0.07696615114023027
2024-07-23,159995.SZ,82300,0.887,73000.1,0.8425217795035438,0.07573079465287735
2024-07-23,510300.SH,53300,3.29,175357.0,3.2934397902176094,0.18191653104508915
2024-07-23,512660.SH,83700,0.87,72819.0,0.8917129336499999,0.07554292029501158
2024-07-24,159995.SZ,82300,0.879,72341.7,0.8425217795035438,0.07517097120320539
2024-07-24,510300.SH,53300,3.268,174184.4,3.2934397902176094,0.18099672134394973
2024-07-24,512660.SH,83700,0.873,73070.1,0.8917129336499999,0.07592785879949376
2024-07-25,159995.SZ,82300,0.871,71683.3,0.8425217795035438,0.07466606879798594
2024-07-25,510300.SH,53300,3.248,173118.40000000002,3.2934397902176094,0.18032192106944367
2024-07-25,512660.SH,83700,0.866,72484.2,0.8917129336499999,0.07550029454513077
2024-07-26,159995.SZ,82300,0.878,72259.4,0.8425217795035438,0.0749691771208377
2024-07-26,510300.SH,53300,3.263,173917.9,3.2934397902176094,0.18043994068016256
2024-07-26,512660.SH,83700,0.895,74911.5,0.8917129336499999,0.07772073269204606
2024-07-29,159995.SZ,82300,0.862,70942.6,0.8425217795035438,0.07374046946652058
2024-07-29,510300.SH,53300,3.243,172851.9,3.2934397902176094,0.17966891901593773
2024-07-29,512660.SH,83700,0.902,75497.40000000001,0.8917129336499999,0.07847490392939771
2024-07-30,159995.SZ,82300,0.871,71683.3,0.8425217795035438,0.07451554776445742
2024-07-30,510300.SH,53300,3.22,171626.0,3.2934397902176094,0.17840704042116876
2024-07-30,512660.SH,83700,0.907,75915.90000000001,0.8917129336499999,0.07891538018662328
2024-07-31,159995.SZ,82300,0.904,74399.2,0.8425217795035438,0.07670817088770777
2024-07-31,510300.SH,53300,3.297,175730.1,3.2934397902176094,0.18118386408609202
2024-07-31,512660.SH,83700,0.92,77004.0,0.8917129336499999,0.07939381056566536
2024-08-01,159995.SZ,82300,0.908,74728.40000000001,0.8425217795035438,0.07711404770304292
2024-08-01,510300.SH,53300,3.272,174397.59999999998,3.2934397902176094,0.1799651116000904
2024-08-01,512660.SH,83700,0.922,77171.40000000001,0.8917129336499999,0.07963503863204092
2024-08-02,159995.SZ,82300,0.884,72753.2,0.8425217795035438,0.07543756395978005
2024-08-02,510300.SH,53300,3.236,172478.80000000002,3.2934397902176094,0.178842724535912
2024-08-02,512660.SH,83700,0.913,76418.1,0.8917129336499999,0.07923768722798266
2024-08-05,159995.SZ,86800,0.844,73259.2,0.8441821048749039,0.07652851886469154
2024-08-05,512660.SH,81100,0.884,71692.4,0.8917129336499999,0.07489179769714946
2024-08-05,512880.SH,130400,0.812,105884.8,0.8146513220999999,0.11061009285228465
2024-08-06,159995.SZ,86800,0.849,73693.2,0.8441821048749039,0.07677261630798611
2024-08-06,512660.SH,81100,0.906,73476.6,0.8917129336499999,0.0765469652480198
2024-08-06,512880.SH,130400,0.815,106276.0,0.8146513220999999,0.11071695313471978
2024-08-07,159995.SZ,86800,0.838,72738.4,0.8441821048749039,0.07586645499365918
2024-08-07,512660.SH,81100,0.912,73963.2,0.8917129336499999,0.07714392650906554
2024-08-07,512880.SH,130400,0.81,105624.0,0.8146513220999999,0.11016627314115046
2024-08-08,159995.SZ,86800,0.841,72998.8,0.8441821048749039,0.07627331790877423
2024-08-08,512660.SH,81100,0.883,71611.3,0.8917129336499999,0.07482357861719102
2024-08-08,512880.SH,130400,0.813,106015.2,0.8146513220999999,0.11077073941985734
2024-08-09,159995.SZ,86800,0.844,73259.2,0.8441821048749039,0.07666261922391812
2024-08-09,512660.SH,81100,0.873,70800.3,0.8917129336499999,0.07408948555047244
2024-08-09,512880.SH,130400,0.806,105102.40000000001,0.8146513220999999,0.10998516596850542
2024-08-12,159995.SZ,86800,0.84,72912.0,0.8441821048749039,0.07639976929212351
2024-08-12,512660.SH,81100,0.865,70151.5,0.8917129336499999,0.07350721987459406
2024-08-12,512880.SH,130400,0.804,104841.6,0.8146513220999999,0.10985673211840434
2024-08-13,159995.SZ,86800,0.848,73606.4,0.8441821048749039,0.0768905305307114
2024-08-13,512660.SH,81100,0.875,70962.5,0.8917129336499999,0.07412866643098437
2024-08-13,512880.SH,130400,0.815,106276.0,0.8146513220999999,0.11101776506773713
2024-08-14,159995.SZ,86800,0.836,72564.8,0.8441821048749039,0.07602852808720063
2024-08-14,512660.SH,81100,0.864,70070.4,0.8917129336499999,0.07341506315019655
2024-08-14,512880.SH,130400,0.808,105363.20000000001,0.8146513220999999,0.11039249071943061
2024-08-15,159995.SZ,86800,0.84,72912.0,0.8441821048749039,0.07625136512349079
2024-08-15,512660.SH,81100,0.867,70313.7,0.8917129336499999,0.07353406314301617
2024-08-15,512880.SH,130400,0.817,106536.79999999999,0.8146513220999999,0.11141617889906069
2024-08-16,159995.SZ,86800,0.837,72651.59999999999,0.8441821048749039,0.07612269345512007
2024-08-16,512660.SH,81100,0.856,69421.6,0.8917129336499999,0.0727383729465554
2024-08-16,512880.SH,130400,0.812,105884.8,0.8146513220999999,0.11094368426788534
2024-08-19,512880.SH,129900,0.811,105348.90000000001,0.8146513220999999,0.11057431118108911
2024-08-19,512010.SH,344400,0.326,112274.40000000001,0.3302640495,0.11784332293237111
2024-08-19,512100.SH,59300,1.815,107629.5,1.8114482714999998,0.11296803123017923
2024-08-20,512880.SH,129900,0.805,104569.5,0.8146513220999999,0.1102322298089336
2024-08-20,512010.SH,344400,0.322,110896.8,0.3302640495,0.11690217073501688
2024-08-20,512100.SH,59300,1.782,105672.6,1.8114482714999998,0.11139506574773253
2024-08-21,512880.SH,129900,0.8,103920.0,0.8146513220999999,0.10977103881581621
2024-08-21,512010.SH,344400,0.32,110208.0,0.3302640495,0.11641307395894412
2024-08-21,512100.SH,59300,1.772,105079.6,1.8114482714999998,0.11099592812115514
2024-08-22,512880.SH,129900,0.788,102361.20000000001,0.8146513220999999,0.1085385302914208
2024-08-22,512010.SH,344400,0.318,109519.2,0.3302640495,0.11612850383438422
2024-08-22,512100.SH,59300,1.749,103715.70000000001,1.8114482714999998,0.10997477214165047
2024-08-23,512880.SH,129900,0.795,103270.5,0.8146513220999999,0.10943027649654923
2024-08-23,512010.SH,344400,0.317,109174.8,0.3302640495,0.11568675033485326
2024-08-23,512100.SH,59300,1.75,103775.0,1.8114482714999998,0.10996486841285165
2024-08-26,512880.SH,129900,0.795,103270.5,0.8146513220999999,0.1094620232621535
2024-08-26,512010.SH,344400,0.315,108486.0,0.3302640495,0.11499021555640754
2024-08-26,512100.SH,59300,1.757,104190.09999999999,1.8114482714999998,0.1104367573497378
2024-08-27,512880.SH,129900,0.788,102361.20000000001,0.8146513220999999,0.10873970917219332
2024-08-27,512010.SH,344400,0.315,108486.0,0.3302640495,0.11524616836510869
2024-08-27,512100.SH,59300,1.737,103004.1,1.8114482714999998,0.10942267067544653
2024-08-28,512880.SH,129900,0.789,102491.1,0.8146513220999999,0.10888879686981523
2024-08-28,512010.SH,344400,0.314,108141.6,0.3302640495,0.11489201223888523
2024-08-28,512100.SH,59300,1.739,103122.70000000001,1.8114482714999998,0.10955982258915062
2024-08-29,512880.SH,129900,0.794,103140.6,0.8146513220999999,0.10917730914697701
2024-08-29,512010.SH,344400,0.317,109174.8,0.3302640495,0.1155646844274649
2024-08-29,512100.SH,59300,1.769,104901.7,1.8114482714999998,0.11104148444883429
2024-08-30,512880.SH,129900,0.814,105738.59999999999,0.8146513220999999,0.11113449171163223
2024-08-30,512010.SH,344400,0.323,111241.2,0.3302640495,0.11691789204124155
2024-08-30,512100.SH,59300,1.804,106977.2,1.8114482714999998,0.1124362980664925
2024-09-02,512880.SH,129600,0.793,102772.8,0.8146513220999999,0.10893033123971936
2024-09-02,512100.SH,59400,1.764,104781.6,1.8115130042079124,0.11105948651615777
2024-09-02,510300.SH,47200,3.121,147311.2,3.1725364755,0.15613720567426934
2024-09-03,512880.SH,129600,0.799,103550.40000000001,0.8146513220999999,0.10948825952446532
2024-09-03,512100.SH,59400,1.78,105732.0,1.8115130042079124,0.11179495835883556
2024-09-03,510300.SH,47200,3.133,147877.6,3.1725364755,0.1563573008569264
2024-09-04,512880.SH,129600,0.798,103420.8,0.8146513220999999,0.10952918137270955
2024-09-04,512100.SH,59400,1.773,105316.2,1.8115130042079124,0.1115365300914763
2024-09-04,510300.SH,47200,3.112,146886.4,3.1725364755,0.1555620063544699
2024-09-05,512880.SH,129600,0.806,104457.6,0.8146513220999999,0.11036327601598221
2024-09-05,512100.SH,59400,1.788,106207.2,1.8115130042079124,0.11221179242567918
2024-09-05,510300.SH,47200,3.119,147216.80000000002,3.1725364755,0.15553993517551284
2024-09-06,512880.SH,129600,0.809,104846.40000000001,0.8146513220999999,0.11109969551352375
2024-09-06,512100.SH,59400,1.757,104365.79999999999,1.8115130042079124,0.11059043135506144
2024-09-06,510300.SH,47200,3.091,145895.2,3.1725364755,0.1545967462581896
2024-09-09,512880.SH,129600,0.808,104716.8,0.8146513220999999,0.11131100205560472
2024-09-09,512100.SH,59400,1.742,103474.8,1.8115130042079124,0.10999079111950792
2024-09-09,510300.SH,47200,3.05,143960.0,3.1725364755,0.15302541574919074
2024-09-10,512880.SH,129600,0.805,104328.0,0.8146513220999999,0.11090153811274259
2024-09-10,512100.SH,59400,1.748,103831.2,1.8115130042079124,0.11037343555030095
2024-09-10,510300.SH,47200,3.05,143960.0,3.1725364755,0.15303068616968046
2024-09-11,512880.SH,129600,0.804,104198.40000000001,0.8146513220999999,0.11082496163080638
2024-09-11,512100.SH,59400,1.747,103771.8,1.8115130042079124,0.1103712317402159
2024-09-11,510300.SH,47200,3.043,143629.6,3.1725364755,0.15276381315882073
2024-09-12,512880.SH,129600,0.803,104068.8,0.8146513220999999,0.11080558480530363
2024-09-12,512100.SH,59400,1.741,103415.40000000001,1.8115130042079124,0.11010988764043014
2024-09-12,510300.SH,47200,3.032,143110.4,3.1725364755,0.15237450190374946
2024-09-13,512880.SH,129600,0.805,104328.0,0.8146513220999999,0.11128959157306331
2024-09-13,512100.SH,59400,1.719,102108.6,1.8115130042079124,0.10892209560326367
2024-09-13,510300.SH,47200,3.017,142402.4,3.1725364755,0.15190461750463913
2024-09-18,512880.SH,128700,0.806,103732.20000000001,0.8146513220999999,0.11073430951540224
2024-09-18,512100.SH,61400,1.711,105055.40000000001,1.8085438021164495,0.11214682788820046
2024-09-18,159915.SZ,66300,1.504,99715.2,1.50620422575,0.10644615481200857
2024-09-19,512880.SH,128700,0.816,105019.2,0.8146513220999999,0.11158045710953941
2024-09-19,512100.SH,61400,1.746,107204.4,1.8085438021164495,0.11390218127879385
2024-09-19,159915.SZ,66300,1.519,100709.7,1.50620422575,0.10700171360441312
2024-09-20,512880.SH,128700,0.816,105019.2,0.8146513220999999,0.1117399351388033
2024-09-20,512100.SH,61400,1.736,106590.4,1.8085438021164495,0.11341168455310172
2024-09-20,159915.SZ,66300,1.508,99980.4,1.50620422575,0.10637867562456779
2024-09-23,512880.SH,128700,0.816,105019.2,0.8146513220999999,0.1117805272978499
2024-09-23,512100.SH,61400,1.738,106713.2,1.8085438021164495,0.11358359010200912
2024-09-23,159915.SZ,66300,1.501,99516.29999999999,1.50620422575,0.1059233405770661
2024-09-24,512880.SH,128700,0.866,111454.2,0.8146513220999999,0.1165454073022199
2024-09-24,512100.SH,61400,1.814,111379.6,1.8085438021164495,0.11646739958797725
2024-09-24,159915.SZ,66300,1.587,105218.09999999999,1.50620422575,0.1100244434042477
2024-09-25,512880.SH,128700,0.882,113513.4,0.8146513220999999,0.11815721777734639
2024-09-25,512100.SH,61400,1.827,112177.8,1.8085438021164495,0.11676697856273893
2024-09-25,159915.SZ,66300,1.61,106743.0,1.50620422575,0.1111098416328582
2024-09-26,512880.SH,128700,0.938,120720.59999999999,0.8146513220999999,0.12338465026608043
2024-09-26,512100.SH,61400,1.916,117642.4,1.8085438021164495,0.12023852085279844
2024-09-26,159915.SZ,66300,1.686,111781.8,1.50620422575,0.11424858971139101
2024-09-27,512880.SH,128700,1.006,129472.2,0.8146513220999999,0.1282378369204461
2024-09-27,512100.SH,61400,2.094,128571.59999999999,1.8085438021164495,0.12734582306781553
2024-09-27,159915.SZ,66300,1.86,123318.0,1.50620422575,0.12214230988085142
2024-09-30,512880.SH,104000,1.107,115128.0,0.8146513220999999,0.10915485732465229
2024-09-30,159915.SZ,55200,2.232,123206.40000000001,1.50620422575,0.11681412873917761
2024-09-30,510500.SH,21400,5.842,125018.79999999999,5.6405096454,0.1185324966723928
2024-10-08,512880.SH,104000,1.218,126672.0,0.8146513220999999,0.11554961780950015
2024-10-08,159915.SZ,55200,2.678,147825.6,1.50620422575,0.13484583477374673
2024-10-08,510500.SH,21400,6.093,130390.2,5.6405096454,0.11894134280744194
2024-10-09,512880.SH,104000,1.179,122616.0,0.8146513220999999,0.1156823547535899
2024-10-09,159915.SZ,55200,2.242,123758.4,1.50620422575,0.11676015473132935
2024-10-09,510500.SH,21400,5.71,122194.0,5.6405096454,0.11528421785705098
2024-10-10,512880.SH,104000,1.113,115752.0,0.8146513220999999,0.1104782404956441
2024-10-10,159915.SZ,55200,2.174,120004.8,1.50620422575,0.11453727931294207
2024-10-10,510500.SH,21400,5.636,120610.40000000001,5.6405096454,0.11511528766220742
2024-10-11,512880.SH,104000,1.116,116064.00000000001,0.8146513220999999,0.11194782075865488
2024-10-11,159915.SZ,55200,2.06,113712.0,1.50620422575,0.10967923382020403
2024-10-11,510500.SH,21400,5.403,115624.2,5.6405096454,0.11152361815001086
2024-10-14,512880.SH,104000,1.124,116896.00000000001,0.8146513220999999,0.11200971824796753
2024-10-14,159915.SZ,55200,2.116,116803.20000000001,1.50620422575,0.11192079731095161
2024-10-14,510500.SH,21400,5.54,118556.0,5.6405096454,0.11360032983682963
2024-10-15,512880.SH,104000,1.087,113048.0,0.8146513220999999,0.10945590559840343
2024-10-15,159915.SZ,55200,2.045,112884.0,1.50620422575,0.10929711668999162
2024-10-15,510500.SH,21400,5.398,115517.2,5.6405096454,0.11184664689505244
2024-10-16,512880.SH,104000,1.094,113776.00000000001,0.8146513220999999,0.11035984087765684
2024-10-16,159915.SZ,55200,2.0,110400.0,1.50620422575,0.10708520630794995
2024-10-16,510500.SH,21400,5.393,115410.2,5.6405096454,0.11194497352392903
2024-10-17,512880.SH,104000,1.088,113152.00000000001,0.8146513220999999,0.1099509827020037
2024-10-17,159915.SZ,55200,1.995,110124.0,1.50620422575,0.10700864340953278
2024-10-17,510500.SH,21400,5.349,114468.6,5.6405096454,0.11123033670215797
2024-10-18,512880.SH,104000,1.169,121576.0,0.8146513220999999,0.11562662505687607
2024-10-18,159915.SZ,55200,2.156,119011.20000000001,1.50620422575,0.11318733467106082
2024-10-18,510500.SH,21400,5.584,119497.59999999999,5.6405096454,0.11364993247348615
2024-10-21,512880.SH,101100,1.137,114950.7,0.8146513220999999,0.10954146804948237
2024-10-21,159995.SZ,104100,1.208,125752.8,1.2049633806,0.11983525392479513
2024-10-21,588080.SH,84300,1.01,85143.0,1.0068049508999999,0.08113642817431367
2024-10-22,512880.SH,101100,1.146,115860.59999999999,0.8146513220999999,0.1106346000941439
2024-10-22,159995.SZ,104100,1.19,123879.0,1.2049633806,0.11829132271939256
2024-10-22,588080.SH,84300,0.996,83962.8,1.0068049508999999,0.08017557997097018
2024-10-23,512880.SH,101100,1.14,115253.99999999999,0.8146513220999999,0.11035908059845782
2024-10-23,159995.SZ,104100,1.173,122109.3,1.2049633806,0.11692323112882215
2024-10-23,588080.SH,84300,0.99,83457.0,1.0068049508999999,0.07991252181707789
2024-10-24,512880.SH,101100,1.138,115051.79999999999,0.8146513220999999,0.11023548194727587
2024-10-24,159995.SZ,104100,1.171,121901.1,1.2049633806,0.11679805538377558
2024-10-24,588080.SH,84300,0.987,83204.1,1.0068049508999999,0.07972099579049904
2024-10-25,512880.SH,101100,1.147,115961.7,0.8146513220999999,0.11077023389594699
2024-10-25,159995.SZ,104100,1.179,122733.90000000001,1.2049633806,0.11723925063156
2024-10-25,588080.SH,84300,1.004,84637.2,1.0068049508999999,0.08084809415779559
2024-10-28,512880.SH,101100,1.149,116163.90000000001,0.8146513220999999,0.11102239961609967
2024-10-28,159995.SZ,104100,1.179,122733.90000000001,1.2049633806,0.11730160654250085
2024-10-28,588080.SH,84300,0.995,83878.5,1.0068049508999999,0.08016597536927579
2024-10-29,512880.SH,101100,1.136,114849.59999999999,0.8146513220999999,0.10999305698701421
2024-10-29,159995.SZ,104100,1.179,122733.90000000001,1.2049633806,0.11754396059662817
2024-10-29,588080.SH,84300,0.985,83035.5,1.0068049508999999,0.07952425157288506
2024-10-30,512880.SH,101100,1.133,114546.3,0.8146513220999999,0.11009211844060937
2024-10-30,159995.SZ,104100,1.161,120860.1,1.2049633806,0.11616040364414995
2024-10-30,588080.SH,84300,0.967,81518.09999999999,1.0068049508999999,0.07834823403508832
2024-10-31,512880.SH,101100,1.166,117882.59999999999,0.8146513220999999,0.11254685727593025
2024-10-31,159995.SZ,104100,1.186,123462.59999999999,1.2049633806,0.11787428866614127
2024-10-31,588080.SH,84300,0.979,82529.7,1.0068049508999999,0.07879414236643356
2024-11-01,512880.SH,101100,1.153,116568.3,0.8146513220999999,0.11217401985978774
2024-11-01,159995.SZ,104100,1.143,118986.3,1.2049633806,0.1145008684114177
2024-11-01,588080.SH,84300,0.95,80085.0,1.0068049508999999,0.07706603236446874
2024-11-04,159995.SZ,108600,1.162,126193.2,1.2024655586598527,0.12047719699138225
2024-11-04,512100.SH,56900,2.388,135877.19999999998,2.3238579483,0.12972255391762347
2024-11-04,512660.SH,112000,1.079,120848.0,1.0578457585499998,0.11537411129929792
2024-11-05,159995.SZ,108600,1.22,132492.0,1.2024655586598527,0.1242271447211778
2024-11-05,512100.SH,56900,2.471,140599.9,2.3238579483,0.13182927365488578
2024-11-05,512660.SH,112000,1.151,128912.0,1.0578457585499998,0.12087046523787454
2024-11-06,159995.SZ,108600,1.233,133903.80000000002,1.2024655586598527,0.12520023195203858
2024-11-06,512100.SH,56900,2.479,141055.1,2.3238579483,0.13188670700919614
2024-11-06,512660.SH,112000,1.161,130032.0,1.0578457585499998,0.1215800937776783
2024-11-07,159995.SZ,108600,1.273,138247.8,1.2024655586598527,0.12851934947156388
2024-11-07,512100.SH,56900,2.527,143786.30000000002,2.3238579483,0.13366810711579588
2024-11-07,512660.SH,112000,1.153,129136.0,1.0578457585499998,0.12004874372944721
2024-11-08,159995.SZ,108600,1.274,138356.4,1.2024655586598527,0.12816678340494542
2024-11-08,512100.SH,56900,2.529,143900.1,2.3238579483,0.13330220321322314
2024-11-08,512660.SH,112000,1.185,132720.0,1.0578457585499998,0.12294549072904727
2024-11-11,159995.SZ,108600,1.355,147153.0,1.2024655586598527,0.13434283466769587
2024-11-11,512100.SH,56900,2.59,147371.0,2.3238579483,0.13454185703188523
2024-11-11,512660.SH,112000,1.217,136304.0,1.0578457585499998,0.12443827673608841
2024-11-12,159995.SZ,108600,1.319,143243.4,1.2024655586598527,0.1320921310593054
2024-11-12,512100.SH,56900,2.563,145834.7,2.3238579483,0.13448170251051347
2024-11-12,512660.SH,112000,1.168,130815.99999999999,1.0578457585499998,0.12063218421689302
2024-11-13,159995.SZ,108600,1.323,143677.8,1.2024655586598527,0.13251655500505835
2024-11-13,512100.SH,56900,2.548,144981.2,2.3238579483,0.13371870368629926
2024-11-13,512660.SH,112000,1.17,131039.99999999999,1.0578457585499998,0.1208604904018773
2024-11-14,159995.SZ,108600,1.277,138682.19999999998,1.2024655586598527,0.12965989553579868
2024-11-14,512100.SH,56900,2.471,140599.9,2.3238579483,0.13145283494452598
2024-11-14,512660.SH,112000,1.123,125776.0,1.0578457585499998,0.11759333945459918
2024-11-15,159995.SZ,108600,1.221,132600.6,1.2024655586598527,0.1256019598378297
2024-11-15,512100.SH,56900,2.411,137185.9,2.3238579483,0.12994524837833707
2024-11-15,512660.SH,112000,1.084,121408.00000000001,1.0578457585499998,0.1150001036193745
2024-11-18,512100.SH,55500,2.352,130535.99999999999,2.3238579483,0.12438441652952072
2024-11-18,512880.SH,77000,1.199,92323.0,1.21597218225,0.08797222595494686
2024-11-18,516160.SH,53300,2.138,113955.4,2.1617283240000003,0.10858518676371381
2024-11-19,512100.SH,55500,2.413,133921.5,2.3238579483,0.12646020581287692
2024-11-19,512880.SH,77000,1.225,94325.0,1.21597218225,0.08906978277050076
2024-11-19,516160.SH,53300,2.216,118112.80000000002,2.1617283240000003,0.11153227074917152
2024-11-20,512100.SH,55500,2.459,136474.5,2.3238579483,0.12859977953252757
2024-11-20,512880.SH,77000,1.225,94325.0,1.21597218225,0.0888823494821792
2024-11-20,516160.SH,53300,2.21,117793.0,2.1617283240000003,0.11099622149540772
2024-11-21,512100.SH,55500,2.465,136807.5,2.3238579483,0.1287675111474359
2024-11-21,512880.SH,77000,1.237,95249.00000000001,1.21597218225,0.08965134710657034
2024-11-21,516160.SH,53300,2.209,117739.7,2.1617283240000003,0.11082029956139654
2024-11-22,512100.SH,55500,2.369,131479.5,2.3238579483,0.12541489671626696
2024-11-22,512880.SH,77000,1.178,90706.0,1.21597218225,0.08652210893367948
2024-11-22,516160.SH,53300,2.13,113529.0,2.1617283240000003,0.10829237873053268
2024-11-25,512100.SH,55500,2.38,132090.0,2.3238579483,0.1258848316021637
2024-11-25,512880.SH,77000,1.167,89859.0,1.21597218225,0.08563770976560549
2024-11-25,516160.SH,53300,2.152,114701.6,2.1617283240000003,0.1093132833711768
2024-11-26,512100.SH,55500,2.348,130313.99999999999,2.3238579483,0.12465653505444133
2024-11-26,512880.SH,77000,1.167,89859.0,1.21597218225,0.08595785244453431
2024-11-26,516160.SH,53300,2.112,112569.6,2.1617283240000003,0.1076824921993373
2024-11-27,512100.SH,55500,2.408,133644.0,2.3238579483,0.1269013838919004
2024-11-27,512880.SH,77000,1.196,92092.0,1.21597218225,0.08744576820038977
2024-11-27,516160.SH,53300,2.153,114754.9,2.1617283240000003,0.1089652780399916
2024-11-28,512100.SH,55500,2.394,132867.0,2.3238579483,0.12648310389672443
2024-11-28,512880.SH,77000,1.184,91168.0,1.21597218225,0.08678762684531578
2024-11-28,516160.SH,53300,2.135,113795.49999999999,2.1617283240000003,0.10832793733191615
2024-11-29,512100.SH,55500,2.435,135142.5,2.3238579483,0.127909920131492
2024-11-29,512880.SH,77000,1.216,93632.0,1.21597218225,0.08862098630521012
2024-11-29,516160.SH,53300,2.16,115128.00000000001,2.1617283240000003,0.10896655963074837
2024-12-02,510880.SH,51000,2.924,149124.0,2.9263396385999996,0.141117490236739
2024-12-02,512010.SH,327500,0.381,124777.5,0.3783024567,0.11807816071198934
2024-12-02,588080.SH,84200,1.027,86473.4,1.0188145526999999,0.08183061868134991
2024-12-03,510880.SH,51000,2.956,150756.0,2.9263396385999996,0.14265500990710991
2024-12-03,512010.SH,327500,0.379,124122.5,0.3783024567,0.11745268159937415
2024-12-03,588080.SH,84200,1.016,85547.2,1.0188145526999999,0.08095025513760987
2024-12-04,510880.SH,51000,2.981,152031.0,2.9263396385999996,0.14399119671207966
2024-12-04,512010.SH,327500,0.374,122485.0,0.3783024567,0.11600766770776405
2024-12-04,588080.SH,84200,1.009,84957.79999999999,1.0188145526999999,0.08046500576872821
2024-12-05,510880.SH,51000,2.974,151674.0,2.9263396385999996,0.14370039818689412
2024-12-05,512010.SH,327500,0.373,122157.5,0.3783024567,0.11573559998098236
2024-12-05,588080.SH,84200,1.013,85294.59999999999,1.0188145526999999,0.08081060684884593
2024-12-06,510880.SH,51000,3.017,153867.0,2.9263396385999996,0.14492201052377204
2024-12-06,512010.SH,327500,0.382,125105.0,0.3783024567,0.11783207657637117
2024-12-06,588080.SH,84200,1.026,86389.2,1.0188145526999999,0.08136700235619235
2024-12-09,510880.SH,51000,3.025,154275.0,2.9263396385999996,0.14535545431155034
2024-12-09,512010.SH,327500,0.383,125432.5,0.3783024567,0.11818050898028545
2024-12-09,588080.SH,84200,1.013,85294.59999999999,1.0188145526999999,0.0803632171986515
2024-12-10,510880.SH,51000,3.021,154071.0,2.9263396385999996,0.14517709124730985
2024-12-10,512010.SH,327500,0.381,124777.5,0.3783024567,0.11757458900838706
2024-12-10,588080.SH,84200,1.022,86052.40000000001,1.0188145526999999,0.08108493569101263
2024-12-11,510880.SH,51000,3.034,154734.0,2.9263396385999996,0.1457570175822637
2024-12-11,512010.SH,327500,0.381,124777.5,0.3783024567,0.11753846123910007
2024-12-11,588080.SH,84200,1.018,85715.6,1.0188145526999999,0.08074275993817961
2024-12-12,510880.SH,51000,3.04,155040.0,2.9263396385999996,0.1457886487888536
2024-12-12,512010.SH,327500,0.385,126087.5,0.3783024567,0.11856376582923488
2024-12-12,588080.SH,84200,1.021,85968.2,1.0188145526999999,0.08083841406611146
2024-12-13,510880.SH,51000,3.003,153153.0,2.9263396385999996,0.1449922859711415
2024-12-13,512010.SH,327500,0.374,122485.0,0.3783024567,0.1159584216252719
2024-12-13,588080.SH,84200,1.001,84284.2,1.0188145526999999,0.0797931403841184
2024-12-16,510880.SH,49700,3.032,150690.4,2.9263396385999996,0.1428927644621652
2024-12-16,510500.SH,17900,5.852,104750.8,5.94175049055,0.09933035808268727
2024-12-16,512100.SH,34400,2.474,85105.6,2.50900597605,0.08070171991852997
2024-12-17,510880.SH,49700,3.027,150441.9,2.9263396385999996,0.14310304062694268
2024-12-17,510500.SH,17900,5.788,103605.20000000001,5.94175049055,0.09855112933805359
2024-12-17,512100.SH,34400,2.419,83213.6,2.50900597605,0.07915427272265345
2024-12-18,510880.SH,49700,3.047,151435.9,2.9263396385999996,0.14372560459408334
2024-12-18,510500.SH,17900,5.826,104285.4,5.94175049055,0.09897575254834434
2024-12-18,512100.SH,34400,2.439,83901.6,2.50900597605,0.07962978518575149
2024-12-19,510880.SH,49700,3.007,149447.9,2.9263396385999996,0.14203091202261647
2024-12-19,510500.SH,17900,5.844,104607.6,5.94175049055,0.09941600271731524
2024-12-19,512100.SH,34400,2.446,84142.40000000001,2.50900597605,0.07996647535209131
2024-12-20,510880.SH,49700,2.979,148056.30000000002,2.9263396385999996,0.14075075297230086
2024-12-20,510500.SH,17900,5.856,104822.4,5.94175049055,0.09965014476495566
2024-12-20,512100.SH,34400,2.471,85002.40000000001,2.50900597605,0.08080812369654453
2024-12-23,510880.SH,49700,2.993,148752.1,2.9263396385999996,0.14187938569959677
2024-12-23,510500.SH,17900,5.762,103139.79999999999,5.94175049055,0.09837448657988203
2024-12-23,512100.SH,34400,2.399,82525.6,2.50900597605,0.07871271351793113
2024-12-24,510880.SH,49700,3.026,150392.19999999998,2.9263396385999996,0.14293000432210787
2024-12-24,510500.SH,17900,5.829,104339.09999999999,5.94175049055,0.099161977908195
2024-12-24,512100.SH,34400,2.426,83454.40000000001,2.50900597605,0.07931353988238034
2024-12-25,510880.SH,49700,3.041,151137.69999999998,2.9263396385999996,0.14377645455157903
2024-12-25,510500.SH,17900,5.779,103444.09999999999,5.94175049055,0.09840579777434087
2024-12-25,512100.SH,34400,2.401,82594.4,2.50900597605,0.07857159396904241
2024-12-26,510880.SH,49700,3.031,150640.7,2.9263396385999996,0.14314922280765655
2024-12-26,510500.SH,17900,5.824,104249.59999999999,5.94175049055,0.09906518768174251
2024-12-26,512100.SH,34400,2.425,83420.0,2.50900597605,0.07927145961625714
2024-12-27,510880.SH,49700,3.03,150591.0,2.9263396385999996,0.14305597816290458
2024-12-27,510500.SH,17900,5.838,104500.2,5.94175049055,0.09927139290674185
2024-12-27,512100.SH,34400,2.429,83557.59999999999,2.50900597605,0.07937668387184303
2024-12-30,510880.SH,49100,3.077,151080.7,2.9263396385999996,0.14313013298427318
2024-12-30,159995.SZ,60500,1.276,77198.0,1.2700153903499996,0.07313548326238838
2024-12-30,510300.SH,34800,3.875,134850.0,3.8580845782499993,0.12775356768223364
2024-12-31,510880.SH,49100,3.066,150540.6,2.9263396385999996,0.1434053900927018
2024-12-31,159995.SZ,60500,1.226,74173.0,1.2700153903499996,0.07065740404479569
2024-12-31,510300.SH,34800,3.811,132622.8,3.8580845782499993,0.12633684447375904
2025-01-02,510880.SH,49100,2.994,147005.40000000002,2.9263396385999996,0.14150102143581963
2025-01-02,159995.SZ,60500,1.17,70785.0,1.2700153903499996,0.06813457058267582
2025-01-02,510300.SH,34800,3.698,128690.4,3.8580845782499993,0.12387179687946293
2025-01-03,510880.SH,49100,2.963,145483.30000000002,2.9263396385999996,0.14061869182746836
2025-01-03,159995.SZ,60500,1.147,69393.5,1.2700153903499996,0.06707314991706556
2025-01-03,510300.SH,34800,3.658,127298.4,3.8580845782499993,0.12304185071227966
2025-01-06,510880.SH,49100,2.963,145483.30000000002,2.9263396385999996,0.1407438192927462
2025-01-06,159995.SZ,60500,1.141,69030.5,1.2700153903499996,0.06678165959727278
2025-01-06,510300.SH,34800,3.642,126741.59999999999,3.8580845782499993,0.12261267683145433
2025-01-07,510880.SH,49100,2.949,144795.9,2.9263396385999996,0.13961981359570516
2025-01-07,159995.SZ,60500,1.193,72176.5,1.2700153903499996,0.06959637307403327
2025-01-07,510300.SH,34800,3.669,127681.2,3.8580845782499993,0.12311692073930235
2025-01-08,510880.SH,49100,2.943,144501.30000000002,2.9263396385999996,0.13938714104308245
2025-01-08,159995.SZ,60500,1.195,72297.5,1.2700153903499996,0.06973876241640907
2025-01-08,510300.SH,34800,3.663,127472.4,3.8580845782499993,0.12296092421244804
2025-01-09,510880.SH,49100,2.899,142340.9,2.9263396385999996,0.1376028192272274
2025-01-09,159995.SZ,60500,1.198,72479.0,1.2700153903499996,0.07006640210066266
2025-01-09,510300.SH,34800,3.655,127194.0,3.8580845782499993,0.12296011187780856
2025-01-10,510880.SH,49100,2.866,140720.6,2.9263396385999996,0.13647158172288018
2025-01-10,159995.SZ,60500,1.195,72297.5,1.2700153903499996,0.07011449766139378
2025-01-10,510300.SH,34800,3.612,125697.6,3.8580845782499993,0.1219021969119653
2025-01-13,510880.SH,50900,2.839,144505.1,2.9239655354667975,0.14034394073177034
2025-01-13,159995.SZ,63600,1.186,75429.59999999999,1.2657352219524367,0.07325753424495843
2025-01-13,588080.SH,96300,0.961,92544.3,0.94775774205,0.08987940047972821
2025-01-14,510880.SH,50900,2.889,147050.09999999998,2.9239655354667975,0.1416915351165951
2025-01-14,159995.SZ,63600,1.229,78164.40000000001,1.2657352219524367,0.07531605777532685
2025-01-14,588080.SH,96300,0.991,95433.3,0.94775774205,0.09195567210251852
2025-01-15,510880.SH,50900,2.898,147508.2,2.9239655354667975,0.14214461116937294
2025-01-15,159995.SZ,63600,1.225,77910.0,1.2657352219524367,0.0750770916885017
2025-01-15,588080.SH,96300,0.988,95144.4,0.94775774205,0.09168482662620306
2025-01-16,510880.SH,50900,2.928,149035.19999999998,2.9239655354667975,0.14394946189198637
2025-01-16,159995.SZ,63600,1.195,76002.0,1.2657352219524367,0.07340847667339494
2025-01-16,588080.SH,96300,0.967,93122.09999999999,0.94775774205,0.08994436338027355
2025-01-17,510880.SH,50900,2.911,148169.9,2.9239655354667975,0.14290732005507312
2025-01-17,159995.SZ,63600,1.22,77592.0,1.2657352219524367,0.07483614943192397
2025-01-17,588080.SH,96300,0.975,93892.5,0.94775774205,0.09055770131633316
2025-01-20,510880.SH,50900,2.9,147610.0,2.9239655354667975,0.14245297094528422
2025-01-20,159995.SZ,63600,1.219,77528.40000000001,1.2657352219524367,0.07481980158955609
2025-01-20,588080.SH,96300,0.975,93892.5,0.94775774205,0.09061219141304858
2025-01-21,510880.SH,50900,2.884,146795.6,2.9239655354667975,0.14153801131900529
2025-01-21,159995.SZ,63600,1.23,78228.0,1.2657352219524367,0.07542620861567476
2025-01-21,588080.SH,96300,0.986,94951.8,0.94775774205,0.09155103383997834
2025-01-22,510880.SH,50900,2.86,145574.0,2.9239655354667975,0.14056020007321599
2025-01-22,159995.SZ,63600,1.226,77973.6,1.2657352219524367,0.07528806528932992
2025-01-22,588080.SH,96300,0.986,94951.8,0.94775774205,0.09168150909717387
2025-01-23,510880.SH,50900,2.909,148068.09999999998,2.9239655354667975,0.14289303923050836
2025-01-23,159995.SZ,63600,1.209,76892.40000000001,1.2657352219524367,0.07420496872539017
2025-01-23,588080.SH,96300,0.977,94085.09999999999,0.94775774205,0.09079677449299547
2025-01-24,510880.SH,50900,2.924,148831.6,2.9239655354667975,0.14335605454960645
2025-01-24,159995.SZ,63600,1.216,77337.59999999999,1.2657352219524367,0.0744923336464544
2025-01-24,588080.SH,96300,0.985,94855.5,0.94775774205,0.09136574647003859
2025-01-27,159915.SZ,51700,2.028,104847.6,2.0876691128999996,0.1017405598263594
2025-01-27,510500.SH,24100,5.523,133104.3,5.601478439550002,0.1291599044450773
2025-01-27,512100.SH,46700,2.295,107176.5,2.34487475145,0.10400044550595157
2025-02-05,159915.SZ,51700,2.024,104640.8,2.0876691128999996,0.10143214082487159
2025-02-05,510500.SH,24100,5.546,133658.6,5.601478439550002,0.12956015184951933
2025-02-05,512100.SH,46700,2.311,107923.7,2.34487475145,0.10461437543234756
2025-02-06,159915.SZ,51700,2.08,107536.0,2.0876691128999996,0.10333521133631328
2025-02-06,510500.SH,24100,5.678,136839.8,5.601478439550002,0.13149428705009336
2025-02-06,512100.SH,46700,2.374,110865.8,2.34487475145,0.10653493595604673
2025-02-07,159915.SZ,51700,2.131,110172.69999999998,2.0876691128999996,0.10519187977693524
2025-02-07,510500.SH,24100,5.769,139032.9,5.601478439550002,0.1327473330674356
2025-02-07,512100.SH,46700,2.414,112733.8,2.34487475145,0.10763719448100179
2025-02-10,159915.SZ,51700,2.142,110741.4,2.0876691128999996,0.10542229143460251
2025-02-10,510500.SH,24100,5.82,140262.0,5.601478439550002,0.13352496393580196
2025-02-10,512100.SH,46700,2.442,114041.40000000001,2.34487475145,0.1085637865008938
2025-02-11,159915.SZ,51700,2.113,109242.1,2.0876691128999996,0.10422192232243468
2025-02-11,510500.SH,24100,5.797,139707.69999999998,5.601478439550002,0.13328748767412935
2025-02-11,512100.SH,46700,2.437,113807.9,2.34487475145,0.1085779027817976
2025-02-12,159915.SZ,51700,2.15,111155.0,2.0876691128999996,0.10549371614979446
2025-02-12,510500.SH,24100,5.874,141563.4,5.601478439550002,0.13435337264900196
2025-02-12,512100.SH,46700,2.474,115535.8,2.34487475145,0.10965139571174867
2025-02-13,159915.SZ,51700,2.135,110379.49999999999,2.0876691128999996,0.10501637118880783
2025-02-13,510500.SH,24100,5.845,140864.5,5.601478439550002,0.13402016333944095
2025-02-13,512100.SH,46700,2.45,114415.00000000001,2.34487475145,0.10885579396144619
2025-02-14,159915.SZ,51700,2.174,112395.8,2.0876691128999996,0.10657523058217458
2025-02-14,510500.SH,24100,5.891,141973.1,5.601478439550002,0.1346208298616686
2025-02-14,512100.SH,46700,2.459,114835.3,2.34487475145,0.10888839775572746
2025-02-17,159915.SZ,50000,2.182,109100.0,2.0876691128999996,0.1033777836887527
2025-02-17,510500.SH,23200,5.882,136462.4,5.601478439550002,0.12930504554397843
2025-02-17,512100.SH,45200,2.47,111644.00000000001,2.34487475145,0.10578835272362151
2025-02-18,159915.SZ,50000,2.14,107000.0,2.0876691128999996,0.10203376404778117
2025-02-18,510500.SH,23200,5.782,134142.4,5.601478439550002,0.12791639243367364
2025-02-18,512100.SH,45200,2.42,109384.0,2.34487475145,0.10430711445422892
2025-02-19,159915.SZ,50000,2.185,109250.0,2.0876691128999996,0.10349896843340135
2025-02-19,510500.SH,23200,5.875,136300.0,5.601478439550002,0.12912502880981788
2025-02-19,512100.SH,45200,2.475,111870.0,2.34487475145,0.1059810489578454
2025-02-20,159915.SZ,50000,2.184,109200.00000000001,2.0876691128999996,0.10334719257609086
2025-02-20,510500.SH,23200,5.89,136648.0,5.601478439550002,0.1293240583437515
2025-02-20,512100.SH,45200,2.492,112638.4,2.34487475145,0.10660130417823031
2025-02-21,159915.SZ,50000,2.239,111950.0,2.0876691128999996,0.10522422770572146
2025-02-21,510500.SH,23200,5.992,139014.4,5.601478439550002,0.1306626429653796
2025-02-21,512100.SH,45200,2.54,114808.0,2.34487475145,0.10791052375559151
2025-02-24,159915.SZ,50000,2.221,111050.0,2.0876691128999996,0.10448994604146249
2025-02-24,510500.SH,23200,5.974,138596.80000000002,5.601478439550002,0.1304094745927003
2025-02-24,512100.SH,45200,2.544,114988.8,2.34487475145,0.10819606940452518
2025-02-25,159915.SZ,50000,2.197,109850.0,2.0876691128999996,0.10366895852035128
2025-02-25,510500.SH,23200,5.911,137135.19999999998,5.601478439550002,0.12941887446955005
2025-02-25,512100.SH,45200,2.533,114491.59999999999,2.34487475145,0.10804938490057941
2025-02-26,159915.SZ,50000,2.223,111150.0,2.0876691128999996,0.10442490298095819
2025-02-26,510500.SH,23200,5.983,138805.6,5.601478439550002,0.13040720929566973
2025-02-26,512100.SH,45200,2.573,116299.59999999999,2.34487475145,0.10926292799571968
2025-02-27,159915.SZ,50000,2.212,110600.00000000001,2.0876691128999996,0.10406010579000731
2025-02-27,510500.SH,23200,5.967,138434.4,5.601478439550002,0.13024862847175575
2025-02-27,512100.SH,45200,2.559,115666.8,2.34487475145,0.10882730058220268
2025-02-28,159915.SZ,50000,2.128,106400.0,2.0876691128999996,0.10124981899191436
2025-02-28,510500.SH,23200,5.805,134676.0,5.601478439550002,0.12815714870822423
2025-02-28,512100.SH,45200,2.47,111644.00000000001,2.34487475145,0.10623998864223015
2025-03-03,512100.SH,44800,2.467,110521.6,2.34487475145,0.10551101734582169
2025-03-03,159995.SZ,71500,1.305,93307.5,1.3280617990499999,0.08907733195135843
2025-03-03,588080.SH,97600,1.074,104822.40000000001,1.0908721635,0.10007019500831203
2025-03-04,512100.SH,44800,2.5,112000.0,2.34487475145,0.10640228079153485
2025-03-04,159995.SZ,71500,1.33,95095.0,1.3280617990499999,0.09034218653456257
2025-03-04,588080.SH,97600,1.093,106676.8,1.0908721635,0.10134513238877148
2025-03-05,512100.SH,44800,2.517,112761.59999999999,2.34487475145,0.10697241189963501
2025-03-05,159995.SZ,71500,1.335,95452.5,1.3280617990499999,0.09055196225355007
2025-03-05,588080.SH,97600,1.097,107067.2,1.0908721635,0.10157036277722738
2025-03-06,512100.SH,44800,2.573,115270.4,2.34487475145,0.10837965255600712
2025-03-06,159995.SZ,71500,1.379,98598.5,1.3280617990499999,0.09270438180611387
2025-03-06,588080.SH,97600,1.136,110873.59999999999,1.0908721635,0.10424568879464034
2025-03-07,512100.SH,44800,2.562,114777.59999999999,2.34487475145,0.1082583865724597
2025-03-07,159995.SZ,71500,1.358,97097.0,1.3280617990499999,0.09158202089106342
2025-03-07,588080.SH,97600,1.122,109507.20000000001,1.0908721635,0.10328733820943861
2025-03-10,512100.SH,44800,2.565,114912.0,2.34487475145,0.10840866038262197
2025-03-10,159995.SZ,71500,1.357,97025.5,1.3280617990499999,0.09153443050294215
2025-03-10,588080.SH,97600,1.119,109214.4,1.0908721635,0.10303351084735995
2025-03-11,512100.SH,44800,2.583,115718.40000000001,2.34487475145,0.10923777966945654
2025-03-11,159995.SZ,71500,1.346,96239.0,1.3280617990499999,0.09084929170822295
2025-03-11,588080.SH,97600,1.112,108531.20000000001,1.0908721635,0.10245308708780732
2025-03-12,512100.SH,44800,2.587,115897.6,2.34487475145,0.10948859578934983
2025-03-12,159995.SZ,71500,1.342,95953.0,1.3280617990499999,0.0906469092696957
2025-03-12,588080.SH,97600,1.105,107848.0,1.0908721635,0.10188412942709599
2025-03-13,512100.SH,44800,2.547,114105.6,2.34487475145,0.10851270178197332
2025-03-13,159995.SZ,71500,1.302,93093.0,1.3280617990499999,0.0885300366238751
2025-03-13,588080.SH,97600,1.081,105505.59999999999,1.0908721635,0.10033423170403699
2025-03-14,512100.SH,44800,2.59,116032.0,2.34487475145,0.10974588569338839
2025-03-14,159995.SZ,71500,1.328,94952.0,1.3280617990499999,0.08980790935568304
2025-03-14,588080.SH,97600,1.101,107457.59999999999,1.0908721635,0.10163600977735324
2025-03-17,512100.SH,43100,2.593,111758.3,2.34487475145,0.10586321272967664
2025-03-17,159928.SZ,152000,0.846,128592.0,0.8576857285499999,0.12180895961494204
2025-03-17,512660.SH,105500,1.091,115100.5,1.0968769644,0.109029116555926
2025-03-18,512100.SH,43100,2.604,112232.40000000001,2.34487475145,0.10640366163028689
2025-03-18,159928.SZ,152000,0.839,127528.0,0.8576857285499999,0.1209048916390207
2025-03-18,512660.SH,105500,1.088,114784.00000000001,1.0968769644,0.10882274545114291
2025-03-19,512100.SH,43100,2.586,111456.59999999999,2.34487475145,0.10594958525094406
2025-03-19,159928.SZ,152000,0.834,126768.0,0.8576857285499999,0.1205044566503166
2025-03-19,512660.SH,105500,1.076,113518.0,1.0968769644,0.10790913251002335
2025-03-20,512100.SH,43100,2.575,110982.50000000001,2.34487475145,0.10563558676424302
2025-03-20,159928.SZ,152000,0.824,125248.0,0.8576857285499999,0.11921380371723388
2025-03-20,512660.SH,105500,1.082,114151.00000000001,1.0968769644,0.10865143481832816
2025-03-21,512100.SH,43100,2.521,108655.09999999999,2.34487475145,0.10383768651143899
2025-03-21,159928.SZ,152000,0.815,123879.99999999999,0.8576857285499999,0.1183875639987176
2025-03-21,512660.SH,105500,1.077,113623.5,1.0968769644,0.10858580382635043
2025-03-24,512100.SH,43100,2.501,107793.09999999999,2.34487475145,0.10324132516947038
2025-03-24,159928.SZ,152000,0.818,124335.99999999999,0.8576857285499999,0.11908566880692056
2025-03-24,512660.SH,105500,1.059,111724.5,1.0968769644,0.10700671410226159
2025-03-25,512100.SH,43100,2.484,107060.4,2.34487475145,0.10267844434694089
2025-03-25,159928.SZ,152000,0.817,124183.99999999999,0.8576857285499999,0.11910117964046936
2025-03-25,512660.SH,105500,1.054,111197.0,1.0968769644,0.1066457343335798
2025-03-26,512100.SH,43100,2.492,107405.2,2.34487475145,0.10293589922619059
2025-03-26,159928.SZ,152000,0.821,124791.99999999999,0.8576857285499999,0.11959920689347234
2025-03-26,512660.SH,105500,1.052,110986.0,1.0968769644,0.10636769645713606
2025-03-27,512100.SH,43100,2.492,107405.2,2.34487475145,0.10287718512820843
2025-03-27,159928.SZ,152000,0.827,125704.0,0.8576857285499999,0.12040453981144593
2025-03-27,512660.SH,105500,1.049,110669.5,1.0968769644,0.10600386796492407
2025-03-28,512100.SH,43100,2.466,106284.6,2.34487475145,0.10209545105260984
2025-03-28,159928.SZ,152000,0.821,124791.99999999999,0.8576857285499999,0.11987339207897743
2025-03-28,512660.SH,105500,1.04,109720.0,1.0968769644,0.10539544665447628
2025-03-31,159928.SZ,156500,0.812,127078.00000000001,0.8565883146300318,0.12254511511270472
2025-03-31,510880.SH,67300,2.93,197189.0,2.9383492404,0.19015524877602044
2025-03-31,512010.SH,223900,0.362,81051.8,0.36529205475,0.07816067424016682
2025-04-01,159928.SZ,156500,0.818,128016.99999999999,0.8565883146300318,0.12282983240530947
2025-04-01,510880.SH,67300,2.954,198804.2,2.9383492404,0.1907487799860302
2025-04-01,512010.SH,223900,0.374,83738.6,0.36529205475,0.08034556507225797
2025-04-02,159928.SZ,156500,0.815,127547.49999999999,0.8565883146300318,0.12244743935352688
2025-04-02,510880.SH,67300,2.969,199813.69999999998,2.9383492404,0.19182403349931448
2025-04-02,512010.SH,223900,0.369,82619.1,0.36529205475,0.07931552744423039
2025-04-03,159928.SZ,156500,0.826,129269.0,0.8565883146300318,0.12393516283788593
2025-04-03,510880.SH,67300,2.974,200150.2,2.9383492404,0.19189169583608937
2025-04-03,512010.SH,223900,0.366,81947.4,0.36529205475,0.07856612461720422
2025-04-07,159928.SZ,156500,0.8,125200.0,0.8565883146300318,0.12255909428426057
2025-04-07,510880.SH,67300,2.795,188103.5,2.9383492404,0.18413573955031476
2025-04-07,512010.SH,223900,0.342,76573.8,0.36529205475,0.07495859084587948
2025-04-08,159928.SZ,156500,0.83,129895.0,0.8565883146300318,0.12598134917567233
2025-04-08,510880.SH,67300,2.86,192478.0,2.9383492404,0.18667876459167063
2025-04-08,512010.SH,223900,0.344,77021.59999999999,0.36529205475,0.07470098990468427
2025-04-09,159928.SZ,156500,0.842,131773.0,0.8565883146300318,0.12756481296292152
2025-04-09,510880.SH,67300,2.864,192747.19999999998,2.9383492404,0.18659179435185377
2025-04-09,512010.SH,223900,0.343,76797.70000000001,0.36529205475,0.0743451559612558
2025-04-10,159928.SZ,156500,0.843,131929.5,0.8565883146300318,0.12730195685348927
2025-04-10,510880.SH,67300,2.895,194833.5,2.9383492404,0.1879995437761403
2025-04-10,512010.SH,223900,0.348,77917.2,0.36529205475,0.07518418573969199
2025-04-11,159928.SZ,156500,0.834,130521.0,0.8565883146300318,0.12621006560884182
2025-04-11,510880.SH,67300,2.88,193824.0,2.9383492404,0.1874222520251006
2025-04-11,512010.SH,223900,0.349,78141.09999999999,0.36529205475,0.07556020378136137
2025-04-14,159928.SZ,156500,0.83,129895.0,0.8565883146300318,0.1254249647323061
2025-04-14,510880.SH,67300,2.908,195708.4,2.9383492404,0.18897354915751993
2025-04-14,512010.SH,223900,0.35,78365.0,0.36529205475,0.07566825021168765
2025-04-15,159928.SZ,156500,0.831,130051.5,0.8565883146300318,0.1255161715577809
2025-04-15,510880.SH,67300,2.923,196717.9,2.9383492404,0.1898576924132854
2025-04-15,512010.SH,223900,0.347,77693.29999999999,0.36529205475,0.07498387616974919
2025-04-16,159928.SZ,156500,0.834,130521.0,0.8565883146300318,0.12575445117116257
2025-04-16,510880.SH,67300,2.939,197794.7,2.9383492404,0.19057135589724836
2025-04-16,512010.SH,223900,0.348,77917.2,0.36529205475,0.07507171047412838
2025-04-17,159928.SZ,156500,0.838,131147.0,0.8565883146300318,0.12633873483561914
2025-04-17,510880.SH,67300,2.932,197323.6,2.9383492404,0.19008909069372365
2025-04-17,512010.SH,223900,0.348,77917.2,0.36529205475,0.07506050820784237
2025-04-18,159928.SZ,156500,0.832,130208.0,0.8565883146300318,0.12555853975162315
2025-04-18,510880.SH,67300,2.934,197458.2,2.9383492404,0.19040737323347226
2025-04-18,512010.SH,223900,0.347,77693.29999999999,0.36529205475,0.0749190318297246
2025-04-21,159928.SZ,153600,0.827,127027.2,0.8565883146300318,0.12288000130267171
2025-04-21,510880.SH,67100,2.924,196200.4,2.9383492404,0.1897948266795199
2025-04-21,515300.SH,109400,1.285,140579.0,1.2970369944000002,0.13598936057102956
2025-04-22,159928.SZ,153600,0.829,127334.4,0.8565883146300318,0.12298270743814657
2025-04-22,510880.SH,67100,2.934,196871.40000000002,2.9383492404,0.1901432589240483
2025-04-22,515300.SH,109400,1.291,141235.4,1.2970369944000002,0.1364086364573093
2025-04-23,159928.SZ,153600,0.823,126412.79999999999,0.8565883146300318,0.1224320220891175
2025-04-23,510880.SH,67100,2.918,195797.80000000002,2.9383492404,0.18963206712137232
2025-04-23,515300.SH,109400,1.283,140360.19999999998,1.2970369944000002,0.13594021417793886
2025-04-24,159928.SZ,153600,0.822,126259.2,0.8565883146300318,0.12208186511820786
2025-04-24,510880.SH,67100,2.931,196670.1,2.9383492404,0.19016319302660284
2025-04-24,515300.SH,109400,1.292,141344.80000000002,1.2970369944000002,0.1366683521577839
2025-04-25,159928.SZ,153600,0.82,125951.99999999999,0.8565883146300318,0.12187053281741245
2025-04-25,510880.SH,67100,2.928,196468.8,2.9383492404,0.19010224004380752
2025-04-25,515300.SH,109400,1.29,141126.0,1.2970369944000002,0.1365528202362023
2025-04-28,159928.SZ,153600,0.817,125491.2,0.8565883146300318,0.12133953281270829
2025-04-28,510880.SH,67100,2.931,196670.1,2.9383492404,0.19016359754491646
2025-04-28,515300.SH,109400,1.299,142110.6,1.2970369944000002,0.13740910766439132
2025-04-29,159928.SZ,153600,0.815,125183.99999999999,0.8565883146300318,0.1212241772125884
2025-04-29,510880.SH,67100,2.919,195864.9,2.9383492404,0.18966929757258041
2025-04-29,515300.SH,109400,1.295,141673.0,1.2970369944000002,0.13719159683537063
2025-04-30,159928.SZ,153600,0.817,125491.2,0.8565883146300318,0.12183028650680418
2025-04-30,510880.SH,67100,2.895,194254.5,2.9383492404,0.18858757737782406
2025-04-30,515300.SH,109400,1.283,140360.19999999998,1.2970369944000002,0.13626551806144444
2025-05-06,159928.SZ,153600,0.819,125798.4,0.8565883146300318,0.12212980518535521
2025-05-06,510880.SH,67100,2.887,193717.7,2.9383492404,0.18806840915270057
2025-05-06,515300.SH,109400,1.285,140579.0,1.2970369944000002,0.13647936605832867
2025-05-07,159928.SZ,153600,0.82,125951.99999999999,0.8565883146300318,0.1219931291083453
2025-05-07,510880.SH,67100,2.906,194992.6,2.9383492404,0.18886367367705106
2025-05-07,515300.SH,109400,1.294,141563.6,1.2970369944000002,0.137114031788635
2025-05-08,159928.SZ,153600,0.822,126259.2,0.8565883146300318,0.12215784927557483
2025-05-08,510880.SH,67100,2.91,195261.0,2.9383492404,0.1889182238395144
2025-05-08,515300.SH,109400,1.299,142110.6,1.2970369944000002,0.13749433906805608
2025-05-09,159928.SZ,153600,0.823,126412.79999999999,0.8565883146300318,0.12205027299470314
2025-05-09,510880.SH,67100,2.927,196401.7,2.9383492404,0.18962384427545148
2025-05-09,515300.SH,109400,1.307,142985.8,1.2970369944000002,0.13805133597520208
2025-05-12,159928.SZ,154700,0.823,127318.09999999999,0.8563989584820483,0.1226879065095382
2025-05-12,512010.SH,411300,0.357,146834.1,0.35728565354999997,0.14149416566232284
2025-05-12,512660.SH,45500,1.096,49868.00000000001,1.04783775705,0.04805444411923876
2025-05-13,159928.SZ,154700,0.823,127318.09999999999,0.8563989584820483,0.12271955197421652
2025-05-13,512010.SH,411300,0.36,148068.0,0.35728565354999997,0.14271999520663828
2025-05-13,512660.SH,45500,1.063,48366.5,1.04783775705,0.04661957106303773
2025-05-14,159928.SZ,154700,0.833,128865.09999999999,0.8563989584820483,0.12391114387531427
2025-05-14,512010.SH,411300,0.363,149301.9,0.35728565354999997,0.14356229275232615
2025-05-14,512660.SH,45500,1.057,48093.5,1.04783775705,0.04624464341367389
2025-05-15,159928.SZ,154700,0.831,128555.7,0.8563989584820483,0.12375874806323955
2025-05-15,512010.SH,411300,0.363,149301.9,0.35728565354999997,0.14373082039507376
2025-05-15,512660.SH,45500,1.037,47183.5,1.04783775705,0.04542288587158612
2025-05-16,159928.SZ,154700,0.823,127318.09999999999,0.8563989584820483,0.12270815015750756
2025-05-16,512010.SH,411300,0.363,149301.9,0.35728565354999997,0.14389595795099974
2025-05-16,512660.SH,45500,1.038,47229.0,1.04783775705,0.0455189264039357
2025-05-19,159928.SZ,154700,0.818,126544.59999999999,0.8563989584820483,0.12200545912788566
2025-05-19,512010.SH,411300,0.363,149301.9,0.35728565354999997,0.14394645728198338
2025-05-19,512660.SH,45500,1.047,47638.5,1.04783775705,0.04592971224899191
2025-05-20,159928.SZ,154700,0.824,127472.79999999999,0.8563989584820483,0.12255843850409241
2025-05-20,512010.SH,411300,0.368,151358.4,0.35728565354999997,0.1455231952108828
2025-05-20,512660.SH,45500,1.045,47547.5,1.04783775705,0.04571443754882088
2025-05-21,159928.SZ,154700,0.826,127782.2,0.8563989584820483,0.12266852835165674
2025-05-21,512010.SH,411300,0.371,152592.3,0.35728565354999997,0.14648576154420967
2025-05-21,512660.SH,45500,1.046,47593.0,1.04783775705,0.04568839220048175
2025-05-22,159928.SZ,154700,0.822,127163.4,0.8563989584820483,0.12227573231918884
2025-05-22,512010.SH,411300,0.369,151769.7,0.35728565354999997,0.1459362616237345
2025-05-22,512660.SH,45500,1.04,47320.0,1.04783775705,0.045501202809487766
2025-05-23,159928.SZ,154700,0.818,126544.59999999999,0.8563989584820483,0.12176361170172086
2025-05-23,512010.SH,411300,0.37,152181.0,0.35728565354999997,0.1464314415026764
2025-05-23,512660.SH,45500,1.029,46819.49999999999,1.04783775705,0.04505060996730575
2025-05-26,512010.SH,398900,0.365,145598.5,0.35728565354999997,0.14041570462175956
2025-05-26,512660.SH,46400,1.039,48209.6,1.0475901076675644,0.0464935075123245
2025-05-26,510300.SH,38700,3.756,145357.19999999998,3.77401736565,0.1401829940545131
2025-05-27,512010.SH,398900,0.367,146396.3,0.35728565354999997,0.1412124109848422
2025-05-27,512660.SH,46400,1.035,48023.99999999999,1.0475901076675644,0.04632347146161522
2025-05-27,510300.SH,38700,3.735,144544.5,3.77401736565,0.13942618317265207
2025-05-28,512010.SH,398900,0.367,146396.3,0.35728565354999997,0.14129042185359042
2025-05-28,512660.SH,46400,1.026,47606.4,1.0475901076675644,0.045946026907310956
2025-05-28,510300.SH,38700,3.731,144389.69999999998,3.77401736565,0.13935380623904678
2025-05-29,512010.SH,398900,0.372,148390.8,0.35728565354999997,0.14267863675890594
2025-05-29,512660.SH,46400,1.047,48580.799999999996,1.0475901076675644,0.04671072813582148
2025-05-29,510300.SH,38700,3.755,145318.5,3.77401736565,0.139724602036306
2025-05-30,512010.SH,398900,0.373,148789.7,0.35728565354999997,0.14303819588730957
2025-05-30,512660.SH,46400,1.048,48627.200000000004,1.0475901076675644,0.0467475030801956
2025-05-30,510300.SH,38700,3.748,145047.6,3.77401736565,0.13944074772503826
2025-06-03,512010.SH,398900,0.375,149587.5,0.35728565354999997,0.1437056329914512
2025-06-03,512660.SH,46400,1.048,48627.200000000004,1.0475901076675644,0.04671515037420838
2025-06-03,510300.SH,38700,3.746,144970.2,3.77401736565,0.13926988789770056
2025-06-04,512010.SH,398900,0.379,151183.1,0.35728565354999997,0.14493119321380973
2025-06-04,512660.SH,46400,1.047,48580.799999999996,1.0475901076675644,0.046571827878125575
2025-06-04,510300.SH,38700,3.763,145628.1,3.77401736565,0.13960591030650915
2025-06-05,512010.SH,398900,0.376,149986.4,0.35728565354999997,0.14386365376859517
2025-06-05,512660.SH,46400,1.052,48812.8,1.0475901076675644,0.046820163419321235
2025-06-05,510300.SH,38700,3.773,146015.1,3.77401736565,0.14005447021454479
2025-06-06,512010.SH,398900,0.373,148789.7,0.35728565354999997,0.1429010248040877
2025-06-06,512660.SH,46400,1.047,48580.799999999996,1.0475901076675644,0.04665810943769913
2025-06-06,510300.SH,38700,3.775,146092.5,3.77401736565,0.14031057234601038
2025-06-09,512010.SH,395700,0.378,149574.6,0.35728565354999997,0.14334841720661765
2025-06-09,510880.SH,41500,2.985,123877.5,2.9833852471499993,0.11872098305803777
2025-06-09,515300.SH,105500,1.324,139682.0,1.32405859845,0.13386760594549318
2025-06-10,512010.SH,395700,0.379,149970.3,0.35728565354999997,0.14365912289698554
2025-06-10,510880.SH,41500,2.99,124085.00000000001,2.9833852471499993,0.11886315000151666
2025-06-10,515300.SH,105500,1.323,139576.5,1.32405859845,0.13370272358614407
2025-06-11,512010.SH,395700,0.378,149574.6,0.35728565354999997,0.14319629153093677
2025-06-11,510880.SH,41500,2.999,124458.5,2.9833852471499993,0.11915121718194863
2025-06-11,515300.SH,105500,1.329,140209.5,1.32405859845,0.13423054741518198
2025-06-12,512010.SH,395700,0.383,151553.1,0.35728565354999997,0.144827608025613
2025-06-12,510880.SH,41500,2.997,124375.5,2.9833852471499993,0.1188560719773441
2025-06-12,515300.SH,105500,1.329,140209.5,1.32405859845,0.13398740446396137
2025-06-13,512010.SH,395700,0.377,149178.9,0.35728565354999997,0.14304050088609543
2025-06-13,510880.SH,41500,2.982,123753.00000000001,2.9833852471499993,0.11866082338827388
2025-06-13,515300.SH,105500,1.324,139682.0,1.32405859845,0.1339343784192777
2025-06-16,512010.SH,395700,0.374,147991.8,0.35728565354999997,0.1420300034308819
2025-06-16,510880.SH,41500,2.988,124002.0,2.9833852471499993,0.11900662391724554
2025-06-16,515300.SH,105500,1.324,139682.0,1.32405859845,0.13405496074263876
2025-06-17,512010.SH,395700,0.367,145221.9,0.35728565354999997,0.13971224778486324
2025-06-17,510880.SH,41500,2.991,124126.5,2.9833852471499993,0.11941719757603936
2025-06-17,515300.SH,105500,1.325,139787.5,1.32405859845,0.13448402642594934
2025-06-18,512010.SH,395700,0.365,144430.5,0.35728565354999997,0.13896396155816118
2025-06-18,510880.SH,41500,2.995,124292.5,2.9833852471499993,0.1195881631093692
2025-06-18,515300.SH,105500,1.33,140315.0,1.32405859845,0.13500422878847188
2025-06-19,512010.SH,395700,0.361,142847.69999999998,0.35728565354999997,0.13776984600255882
2025-06-19,510880.SH,41500,2.981,123711.5,2.9833852471499993,0.11931388677413468
2025-06-19,515300.SH,105500,1.327,139998.5,1.32405859845,0.13502192744852898
2025-06-20,512010.SH,395700,0.363,143639.1,0.35728565354999997,0.13825464645937566
2025-06-20,510880.SH,41500,2.997,124375.5,2.9833852471499993,0.11971316153267512
2025-06-20,515300.SH,105500,1.333,140631.5,1.32405859845,0.13535978931608236
2025-06-23,510880.SH,41200,3.01,124011.99999999999,2.9833852471499993,0.11924785330605868
2025-06-23,515300.SH,104400,1.335,139374.0,1.32405859845,0.13401969411571965
2025-06-23,512660.SH,55400,1.051,58225.399999999994,1.0368289554,0.05598856528309026
2025-06-24,510880.SH,41200,3.014,124176.79999999999,2.9833852471499993,0.11927745069824836
2025-06-24,515300.SH,104400,1.341,140000.4,1.32405859845,0.13447673646554792
2025-06-24,512660.SH,55400,1.057,58557.799999999996,1.0368289554,0.056247423854519425
2025-06-25,510880.SH,41200,3.03,124835.99999999999,2.9833852471499993,0.11954672280912436
2025-06-25,515300.SH,104400,1.347,140626.8,1.32405859845,0.1346684696652742
2025-06-25,512660.SH,55400,1.091,60441.4,1.0368289554,0.05788050956451192
2025-06-26,510880.SH,41200,3.037,125124.4,2.9833852471499993,0.1197419473928844
2025-06-26,515300.SH,104400,1.351,141044.4,1.32405859845,0.13497711976929316
2025-06-26,512660.SH,55400,1.091,60441.4,1.0368289554,0.05784140374820806
2025-06-27,510880.SH,41200,3.011,124053.20000000001,2.9833852471499993,0.11901427429387183
2025-06-27,515300.SH,104400,1.332,139060.80000000002,1.32405859845,0.13341227952785784
2025-06-27,512660.SH,55400,1.099,60884.6,1.0368289554,0.05841152412571919
2025-06-30,510880.SH,41200,3.009,123970.8,2.9833852471499993,0.11864192271923965
2025-06-30,515300.SH,104400,1.332,139060.80000000002,1.32405859845,0.1330832799891236
2025-06-30,512660.SH,55400,1.147,63543.8,1.0368289554,0.060812373630619636
2025-07-01,510880.SH,41200,3.032,124918.4,2.9833852471499993,0.11934662695154791
2025-07-01,515300.SH,104400,1.342,140104.80000000002,1.32405859845,0.13385566337482094
2025-07-01,512660.SH,55400,1.143,63322.200000000004,1.0368289554,0.0604978208266461
2025-07-02,510880.SH,41200,3.056,125907.2,2.9833852471499993,0.12022817010198515
2025-07-02,515300.SH,104400,1.35,140940.0,1.32405859845,0.13458291737226932
2025-07-02,512660.SH,55400,1.12,62048.00000000001,1.0368289554,0.05924933203572135
2025-07-03,510880.SH,41200,3.055,125866.0,2.9833852471499993,0.12019208791507173
2025-07-03,515300.SH,104400,1.348,140731.2,1.32405859845,0.13438717972123962
2025-07-03,512660.SH,55400,1.124,62269.600000000006,1.0368289554,0.059462549359130756
2025-07-04,510880.SH,41200,3.079,126854.8,2.9833852471499993,0.12091660547257958
2025-07-04,515300.SH,104400,1.361,142088.4,1.32405859845,0.13543710608530443
2025-07-04,512660.SH,55400,1.116,61826.40000000001,1.0368289554,0.05893224707768169
2025-07-07,512660.SH,52000,1.118,58136.00000000001,1.0368289554,0.05546382598595856
2025-07-07,159915.SZ,66200,2.11,139682.0,2.1277011188999997,0.1332616303387
2025-07-07,512880.SH,92200,1.132,104370.4,1.12790176905,0.09957309934782042
2025-07-08,512660.SH,52000,1.125,58500.0,1.0368289554,0.055551478529257646
2025-07-08,159915.SZ,66200,2.159,142925.8,2.1277011188999997,0.13572204290558926
2025-07-08,512880.SH,92200,1.146,105661.2,1.12790176905,0.1003356561226598
2025-07-09,512660.SH,52000,1.116,58032.00000000001,1.0368289554,0.05514184592825081
2025-07-09,159915.SZ,66200,2.163,143190.59999999998,2.1277011188999997,0.13605931216525
2025-07-09,512880.SH,92200,1.141,105200.2,1.12790176905,0.09996093913739264
2025-07-10,512660.SH,52000,1.113,57876.0,1.0368289554,0.05491367720091005
2025-07-10,159915.SZ,66200,2.169,143587.8,2.1277011188999997,0.13623840796165648
2025-07-10,512880.SH,92200,1.155,106491.0,1.12790176905,0.10104036904419987
2025-07-11,512660.SH,52000,1.128,58655.99999999999,1.0368289554,0.055430945464822586
2025-07-11,159915.SZ,66200,2.185,144647.0,2.1277011188999997,0.13669394381904995
2025-07-11,512880.SH,92200,1.181,108888.20000000001,1.12790176905,0.10290125265893849
2025-07-14,512660.SH,52000,1.123,58396.0,1.0368289554,0.05527947155226892
2025-07-14,159915.SZ,66200,2.177,144117.4,2.1277011188999997,0.13642601742391536
2025-07-14,512880.SH,92200,1.17,107874.0,1.12790176905,0.10211688667424923
2025-07-15,512660.SH,52000,1.119,58188.0,1.0368289554,0.05500156768879668
2025-07-15,159915.SZ,66200,2.212,146434.40000000002,2.1277011188999997,0.13841550772613478
2025-07-15,512880.SH,92200,1.164,107320.79999999999,1.12790176905,0.10144380706702087
2025-07-16,512660.SH,52000,1.118,58136.00000000001,1.0368289554,0.054994937649077875
2025-07-16,159915.SZ,66200,2.206,146037.2,2.1277011188999997,0.13814687471525244
2025-07-16,512880.SH,92200,1.16,106951.99999999999,1.12790176905,0.10117343077343084
2025-07-17,512660.SH,52000,1.145,59540.0,1.0368289554,0.056075283119637304
2025-07-17,159915.SZ,66200,2.247,148751.4,2.1277011188999997,0.14009534547266403
2025-07-17,512880.SH,92200,1.166,107505.2,1.12790176905,0.10124932023569419
2025-07-18,512660.SH,52000,1.155,60060.0,1.0368289554,0.056495215109278234
2025-07-18,159915.SZ,66200,2.252,149082.4,2.1277011188999997,0.14023380381297804
2025-07-18,512880.SH,92200,1.171,107966.2,1.12790176905,0.10155800355530062
2025-07-21,512660.SH,288400,1.168,336851.19999999995,1.1352710450504853,0.31359779151977935
2025-07-21,159915.SZ,177300,2.275,403357.5,2.210481346535533,0.3755130490642142
2025-07-21,512880.SH,272200,1.187,323101.4,1.1556976879846068,0.30079716348627783
2025-07-22,512660.SH,288400,1.168,336851.19999999995,1.1352710450504853,0.3127166595825883
2025-07-22,159915.SZ,177300,2.289,405839.7,2.210481346535533,0.3767623072442663
2025-07-22,512880.SH,272200,1.189,323645.8,1.1556976879846068,0.30045739324643783
2025-07-23,512660.SH,288400,1.153,332525.2,1.1352710450504853,0.30926293048378156
2025-07-23,159915.SZ,177300,2.287,405485.1,2.210481346535533,0.37711881774226197
2025-07-23,512880.SH,272200,1.199,326367.80000000005,1.1556976879846068,0.30353628008807976
2025-07-24,512660.SH,288400,1.174,338581.6,1.1352710450504853,0.3086446656880133
2025-07-24,159915.SZ,177300,2.325,412222.50000000006,2.210481346535533,0.37577433534952015
2025-07-24,512880.SH,272200,1.232,335350.4,1.1556976879846068,0.3056991640902564
2025-07-25,512660.SH,288400,1.174,338581.6,1.1352710450504853,0.309378519512764
2025-07-25,159915.SZ,177300,2.318,410981.4,2.210481346535533,0.375533747490363
2025-07-25,512880.SH,272200,1.227,333989.4,1.1556976879846068,0.3051824024251653
2025-07-28,512660.SH,288400,1.192,343772.8,1.1352710450504853,0.3105912997605684
2025-07-28,159915.SZ,177300,2.342,415236.60000000003,2.210481346535533,0.3751572995366685
2025-07-28,512880.SH,272200,1.238,336983.6,1.1556976879846068,0.30445740419834105
2025-07-29,512660.SH,288400,1.205,347522.0,1.1352710450504853,0.3105057351623699
2025-07-29,159915.SZ,177300,2.383,422505.9,2.210481346535533,0.3775027338986848
2025-07-29,512880.SH,272200,1.243,338344.60000000003,1.1556976879846068,0.3023058648408388
2025-07-30,512660.SH,288400,1.188,342619.2,1.1352710450504853,0.31071695168246116
2025-07-30,159915.SZ,177300,2.345,415768.50000000006,2.210481346535533,0.3770551122808919
2025-07-30,512880.SH,272200,1.225,333445.0,1.1556976879846068,0.30239698754114847
2025-07-31,512660.SH,288400,1.186,342042.39999999997,1.1352710450504853,0.31468216364882906
2025-07-31,159915.SZ,177300,2.301,407967.30000000005,2.210481346535533,0.37533367986533533
2025-07-31,512880.SH,272200,1.198,326095.6,1.1556976879846068,0.3000109605252539
2025-08-01,512660.SH,288400,1.167,336562.8,1.1352710450504853,0.31165668678631225
2025-08-01,159915.SZ,177300,2.303,408321.89999999997,2.210481346535533,0.37810551402677867
2025-08-01,512880.SH,272200,1.191,324190.2,1.1556976879846068,0.30019967631773903
2025-08-04,159915.SZ,177000,2.313,409401.00000000006,2.210481346535533,0.3781079647712244
2025-08-04,512880.SH,271000,1.193,323303.0,1.1556976879846068,0.29859096419996806
2025-08-04,512010.SH,847600,0.409,346668.39999999997,0.4063248609,0.3201704030388218
2025-08-05,159915.SZ,177000,2.32,410640.0,2.210481346535533,0.3770977685827525
2025-08-05,512880.SH,271000,1.205,326555.0,1.1556976879846068,0.299881068136423
2025-08-05,512010.SH,847600,0.411,348363.6,0.4063248609,0.31990828028310575
2025-08-06,159915.SZ,177000,2.336,413472.0,2.210481346535533,0.37853760866558356
2025-08-06,512880.SH,271000,1.21,327910.0,1.1556976879846068,0.3002047714416732
2025-08-06,512010.SH,847600,0.41,347516.0,0.4063248609,0.31815425376574213
2025-08-07,159915.SZ,177000,2.32,410640.0,2.210481346535533,0.37789815943676075
2025-08-07,512880.SH,271000,1.209,327639.0,1.1556976879846068,0.30151513505674277
2025-08-07,512010.SH,847600,0.407,344973.19999999995,0.4063248609,0.3174672154076796
2025-08-08,159915.SZ,177000,2.312,409223.99999999994,2.210481346535533,0.3783266773625108
2025-08-08,512880.SH,271000,1.199,324929.0,1.1556976879846068,0.3003961374423868
2025-08-08,512010.SH,847600,0.406,344125.60000000003,0.4063248609,0.31814335142459993
2025-08-11,159915.SZ,177000,2.357,417189.00000000006,2.210481346535533,0.3810582150853301
2025-08-11,512880.SH,271000,1.215,329265.0,1.1556976879846068,0.30074890083408523
2025-08-11,512010.SH,847600,0.407,344973.19999999995,0.4063248609,0.315096687219161
2025-08-12,159915.SZ,177000,2.385,422144.99999999994,2.210481346535533,0.38298599598774113
2025-08-12,512880.SH,271000,1.221,330891.0,1.1556976879846068,0.3001968972707948
2025-08-12,512010.SH,847600,0.408,345820.8,0.4063248609,0.31374177953375604
2025-08-13,159915.SZ,177000,2.473,437721.0,2.210481346535533,0.3866828918218085
2025-08-13,512880.SH,271000,1.242,336582.0,1.1556976879846068,0.29733666215504384
2025-08-13,512010.SH,847600,0.418,354296.8,0.4063248609,0.31298592296739913
2025-08-14,159915.SZ,177000,2.446,432942.00000000006,2.210481346535533,0.38504379591722027
2025-08-14,512880.SH,271000,1.241,336311.0,1.1556976879846068,0.2991034920352293
2025-08-14,512010.SH,847600,0.415,351754.0,0.4063248609,0.3128379676470887
2025-08-15,159915.SZ,177000,2.509,444093.0,2.210481346535533,0.38508557860905396
2025-08-15,512880.SH,271000,1.3,352300.0,1.1556976879846068,0.3054892766694582
2025-08-15,512010.SH,847600,0.417,353449.2,0.4063248609,0.3064857804354206
2025-08-18,159915.SZ,173100,2.582,446944.19999999995,2.210481346535533,0.380972994947537
2025-08-18,512010.SH,888100,0.418,371225.8,0.4068725344422812,0.3164310104657257
2025-08-18,512100.SH,123100,2.882,354774.2,2.84727642675,0.3024077491197257
2025-08-19,159915.SZ,173100,2.575,445732.50000000006,2.210481346535533,0.382280496385884
2025-08-19,512010.SH,888100,0.411,365009.1,0.4068725344422812,0.3130484313649212
2025-08-19,512100.SH,123100,2.884,355020.39999999997,2.84727642675,0.3044816672311646
2025-08-20,159915.SZ,173100,2.588,447982.8,2.210481346535533,0.3809870491886985
2025-08-20,512010.SH,888100,0.415,368561.5,0.4068725344422812,0.3134431909652793
2025-08-20,512100.SH,123100,2.917,359082.69999999995,2.84727642675,0.30538194387755657
2025-08-21,159915.SZ,173100,2.572,445213.2,2.210481346535533,0.3791646052788426
2025-08-21,512010.SH,888100,0.42,373002.0,0.4068725344422812,0.3176661341088244
2025-08-21,512100.SH,123100,2.89,355759.0,2.84727642675,0.3029811802736212
2025-08-22,159915.SZ,173100,2.662,460792.2,2.210481346535533,0.384120085813531
2025-08-22,512010.SH,888100,0.424,376554.39999999997,0.4068725344422812,0.31389877789047355
2025-08-22,512100.SH,123100,2.941,362037.1,2.84727642675,0.301797039792952
2025-08-25,159915.SZ,173100,2.737,473774.7,2.210481346535533,0.3863546432484823
2025-08-25,512010.SH,888100,0.434,385435.4,0.4068725344422812,0.31431555222838214
2025-08-25,512100.SH,123100,2.98,366838.0,2.84727642675,0.29914971107572175
2025-08-26,159915.SZ,173100,2.716,470139.60000000003,2.210481346535533,0.3859318413624422
2025-08-26,512010.SH,888100,0.429,380994.89999999997,0.4068725344422812,0.31275404859896827
2025-08-26,512100.SH,123100,2.98,366838.0,2.84727642675,0.30113282272268826
2025-08-27,159915.SZ,173100,2.696,466677.60000000003,2.210481346535533,0.38882861256156276
2025-08-27,512010.SH,888100,0.42,373002.0,0.4068725344422812,0.31077954061366564
2025-08-27,512100.SH,123100,2.927,360313.7,2.84727642675,0.3002078438260657
2025-08-28,159915.SZ,173100,2.806,485718.60000000003,2.210481346535533,0.3970189512509531
2025-08-28,512010.SH,888100,0.419,372113.89999999997,0.4068725344422812,0.3041602078320699
2025-08-28,512100.SH,123100,2.968,365360.8,2.84727642675,0.29864032722693595
2025-08-29,159915.SZ,173100,2.865,495931.50000000006,2.210481346535533,0.3986860217334339
2025-08-29,512010.SH,888100,0.431,382771.1,0.4068725344422812,0.3077148499208669
2025-08-29,512100.SH,123100,2.965,364991.5,2.84727642675,0.2934215896782492
2025-09-01,159915.SZ,68300,2.927,199914.1,2.210481346535533,0.1595704893665681
2025-09-01,159995.SZ,66600,1.681,111954.6,1.6763402512499999,0.08936163236529282
2025-09-01,588080.SH,84500,1.384,116947.99999999999,1.3750994061,0.09334734063500975
2025-09-02,159915.SZ,68300,2.848,194518.4,2.210481346535533,0.15669997844937852
2025-09-02,159995.SZ,66600,1.634,108824.4,1.6763402512499999,0.08766667387129726
2025-09-02,588080.SH,84500,1.349,113990.5,1.3750994061,0.09182837661338919
2025-09-03,159915.SZ,68300,2.87,196021.0,2.210481346535533,0.15837748163569618
2025-09-03,159995.SZ,66600,1.592,106027.20000000001,1.6763402512499999,0.08566592824689338
2025-09-03,588080.SH,84500,1.321,111624.5,1.3750994061,0.09018833287680282
2025-09-04,159915.SZ,68300,2.751,187893.3,2.210481346535533,0.1546766624814155
2025-09-04,159995.SZ,66600,1.475,98235.0,1.6763402512499999,0.08086856710091235
2025-09-04,588080.SH,84500,1.238,104611.0,1.3750994061,0.0861173886394212
2025-09-05,159915.SZ,68300,2.944,201075.19999999998,2.210481346535533,0.16279038990716432
2025-09-05,159995.SZ,66600,1.528,101764.8,1.6763402512499999,0.08238873551201042
2025-09-05,588080.SH,84500,1.282,108329.0,1.3750994061,0.0877031088282056
2025-09-08,159915.SZ,68300,2.908,198616.4,2.210481346535533,0.16110943629745061
2025-09-08,159995.SZ,66600,1.528,101764.8,1.6763402512499999,0.08254741080254603
2025-09-08,588080.SH,84500,1.283,108413.5,1.3750994061,0.08794056216925522
2025-09-09,159915.SZ,68300,2.845,194313.5,2.210481346535533,0.1586560632362306
2025-09-09,159995.SZ,66600,1.497,99700.20000000001,1.6763402512499999,0.08140474663811233
2025-09-09,588080.SH,84500,1.263,106723.49999999999,1.3750994061,0.08713923821449283
2025-09-10,159915.SZ,68300,2.875,196362.5,2.210481346535533,0.15968423470617948
2025-09-10,159995.SZ,66600,1.524,101498.4,1.6763402512499999,0.0825396617373566
2025-09-10,588080.SH,84500,1.276,107822.0,1.3750994061,0.08768208570623048
2025-09-11,159915.SZ,68300,3.025,206607.5,2.210481346535533,0.16495208896911265
2025-09-11,159995.SZ,66600,1.623,108091.8,1.6763402512499999,0.08629874622378922
2025-09-11,588080.SH,84500,1.347,113821.5,1.3750994061,0.09087324610480188
2025-09-12,159915.SZ,68300,2.995,204558.5,2.210481346535533,0.1632537810499708
2025-09-12,159995.SZ,66600,1.647,109690.2,1.6763402512499999,0.08754141184124593
2025-09-12,588080.SH,84500,1.358,114751.00000000001,1.3750994061,0.09158032850878942
2025-09-15,159915.SZ,66000,3.037,200442.0,2.210481346535533,0.15884780899816578
2025-09-15,588080.SH,84600,1.363,115309.8,1.3751674812700947,0.09138159211151703
2025-09-15,516160.SH,66600,2.566,170895.59999999998,2.5300227792000003,0.13543265197626714
2025-09-16,159915.SZ,66000,3.059,201894.0,2.210481346535533,0.1596244646307453
2025-09-16,588080.SH,84600,1.38,116747.99999999999,1.3751674812700947,0.09230505610226282
2025-09-16,516160.SH,66600,2.567,170962.2,2.5300227792000003,0.13516870064040737
2025-09-17,159915.SZ,66000,3.119,205854.0,2.210481346535533,0.1617867357633345
2025-09-17,588080.SH,84600,1.392,117763.2,1.3751674812700947,0.09255357545175082
2025-09-17,516160.SH,66600,2.606,173559.6,2.5300227792000003,0.1364056134172279
2025-09-18,159915.SZ,66000,3.067,202422.0,2.210481346535533,0.1597340469122393
2025-09-18,588080.SH,84600,1.401,118524.6,1.3751674812700947,0.09352942870169448
2025-09-18,516160.SH,66600,2.569,171095.4,2.5300227792000003,0.13501378629826968
2025-09-19,159915.SZ,66000,3.062,202092.0,2.210481346535533,0.1596880614522612
2025-09-19,588080.SH,84600,1.384,117086.4,1.3751674812700947,0.09251875501466676
2025-09-19,516160.SH,66600,2.57,171162.0,2.5300227792000003,0.13524794635261134
2025-09-22,159915.SZ,66000,3.082,203412.0,2.210481346535533,0.16014903261040583
2025-09-22,588080.SH,84600,1.433,121231.8,1.3751674812700947,0.09544744406238667
2025-09-22,516160.SH,66600,2.557,170296.19999999998,2.5300227792000003,0.13407651312227495
2025-09-23,159915.SZ,66000,3.093,204138.0,2.210481346535533,0.16053922059037457
2025-09-23,588080.SH,84600,1.428,120808.79999999999,1.3751674812700947,0.09500705695391568
2025-09-23,516160.SH,66600,2.574,171428.4,2.5300227792000003,0.13481557438132521
2025-09-24,159915.SZ,66000,3.16,208560.0,2.210481346535533,0.16211717172745455
2025-09-24,588080.SH,84600,1.481,125292.6,1.3751674812700947,0.09739203083227499
2025-09-24,516160.SH,66600,2.664,177422.40000000002,2.5300227792000003,0.13791339513376072
2025-09-25,159915.SZ,66000,3.211,211926.0,2.210481346535533,0.16372999352197773
2025-09-25,588080.SH,84600,1.499,126815.40000000001,1.3751674812700947,0.09797516406900057
2025-09-25,516160.SH,66600,2.709,180419.4,2.5300227792000003,0.13938859410001184
2025-09-26,159915.SZ,66000,3.129,206514.0,2.210481346535533,0.16058714812397556
2025-09-26,588080.SH,84600,1.479,125123.40000000001,1.3751674812700947,0.0972970838276119
2025-09-26,516160.SH,66600,2.69,179154.0,2.5300227792000003,0.13931176547354038
2025-09-29,588080.SH,80900,1.496,121026.4,1.3751674812700947,0.09350578553286785
2025-09-29,516160.SH,63500,2.779,176466.5,2.5300227792000003,0.13633916817104225
2025-09-29,159995.SZ,68900,1.858,128016.20000000001,1.83446667495,0.09890615057485573
2025-09-30,588080.SH,80900,1.523,123210.7,1.3751674812700947,0.09456993792830028
2025-09-30,516160.SH,63500,2.841,180403.5,2.5300227792000003,0.13846806971349176
2025-09-30,159995.SZ,68900,1.893,130427.7,1.83446667495,0.1001093208068047
2025-10-09,588080.SH,80900,1.567,126770.3,1.3751674812700947,0.09627768352816705
2025-10-09,516160.SH,63500,2.949,187261.5,2.5300227792000003,0.14221866978314207
2025-10-09,159995.SZ,68900,1.943,133872.7,1.83446667495,0.10167171209393092
2025-10-10,588080.SH,80900,1.484,120055.6,1.3751674812700947,0.09301015315607959
2025-10-10,516160.SH,63500,2.77,175895.0,2.5300227792000003,0.13627036880735777
2025-10-10,159995.SZ,68900,1.829,126018.09999999999,1.83446667495,0.09762945486456402
2025-10-13,588080.SH,80900,1.499,121269.1,1.3751674812700947,0.09365969941450056
2025-10-13,516160.SH,63500,2.789,177101.5,2.5300227792000003,0.13678070716989876
2025-10-13,159995.SZ,68900,1.852,127602.8,1.83446667495,0.09855140256214182
2025-10-14,588080.SH,80900,1.437,116253.3,1.3751674812700947,0.09090411409686461
2025-10-14,516160.SH,63500,2.73,173355.0,2.5300227792000003,0.1355547128491145
2025-10-14,159995.SZ,68900,1.748,120437.2,1.83446667495,0.09417570916530457
2025-10-15,588080.SH,80900,1.453,117547.70000000001,1.3751674812700947,0.09145337941649843
2025-10-15,516160.SH,63500,2.779,176466.5,2.5300227792000003,0.1372928417893461
2025-10-15,159995.SZ,68900,1.778,122504.2,1.83446667495,0.09530958991723874
2025-10-16,588080.SH,80900,1.441,116576.90000000001,1.3751674812700947,0.09076148326041351
2025-10-16,516160.SH,63500,2.791,177228.5,2.5300227792000003,0.13798206622425366
2025-10-16,159995.SZ,68900,1.768,121815.2,1.83446667495,0.09483978588951948
2025-10-17,588080.SH,80900,1.388,112289.2,1.3751674812700947,0.08861067976902814
2025-10-17,516160.SH,63500,2.658,168783.0,2.5300227792000003,0.13319158354904903
2025-10-17,159995.SZ,68900,1.703,117336.70000000001,1.83446667495,0.09259380910055932
2025-10-20,516160.SH,63400,2.667,169087.8,2.5300227792000003,0.13287458500208152
2025-10-20,159995.SZ,71900,1.72,123668.0,1.8305056940758693,0.09718225784496232
2025-10-20,510880.SH,86000,3.113,267718.0,3.0884692628999995,0.21038134121791913
2025-10-21,516160.SH,63400,2.711,171877.4,2.5300227792000003,0.13444211364413158
2025-10-21,159995.SZ,71900,1.773,127478.7,1.8305056940758693,0.09971355089503424
2025-10-21,510880.SH,86000,3.105,267030.0,3.0884692628999995,0.20887026221244015
2025-10-22,516160.SH,63400,2.671,169341.4,2.5300227792000003,0.13270692317135613
2025-10-22,159995.SZ,71900,1.769,127191.09999999999,1.8305056940758693,0.0996752095812381
2025-10-22,510880.SH,86000,3.11,267460.0,3.0884692628999995,0.20959903290873294
2025-10-23,516160.SH,63400,2.712,171940.80000000002,2.5300227792000003,0.13432728016344292
2025-10-23,159995.SZ,71900,1.758,126400.2,1.8305056940758693,0.09874907571742843
2025-10-23,510880.SH,86000,3.135,269610.0,3.0884692628999995,0.21063050773792982
2025-10-24,516160.SH,63400,2.763,175174.19999999998,2.5300227792000003,0.13603386808848125
2025-10-24,159995.SZ,71900,1.843,132511.7,1.8305056940758693,0.10290373307245249
2025-10-24,510880.SH,86000,3.116,267976.0,3.0884692628999995,0.2081003471680125
2025-10-27,516160.SH,63400,2.789,176822.6,2.5300227792000003,0.1366313632887037
2025-10-27,159995.SZ,71900,1.894,136178.6,1.8305056940758693,0.10522562030389253
2025-10-27,510880.SH,86000,3.129,269094.0,3.0884692628999995,0.20792975599731275
2025-10-28,516160.SH,63400,2.767,175427.8,2.5300227792000003,0.1358735117232114
2025-10-28,159995.SZ,71900,1.877,134956.3,1.8305056940758693,0.10452725514525768
2025-10-28,510880.SH,86000,3.124,268664.0,3.0884692628999995,0.20808743627637621
2025-10-29,516160.SH,63400,2.94,186396.0,2.5300227792000003,0.14329127531676486
2025-10-29,159995.SZ,71900,1.881,135243.9,1.8305056940758693,0.10396827673240314
2025-10-29,510880.SH,86000,3.106,267116.0,3.0884692628999995,0.20534449396721477
2025-10-30,516160.SH,63400,2.966,188044.40000000002,2.5300227792000003,0.1447206178792771
2025-10-30,159995.SZ,71900,1.839,132224.1,1.8305056940758693,0.10176082590351704
2025-10-30,510880.SH,86000,3.105,267030.0,3.0884692628999995,0.20550862770868664
2025-10-31,516160.SH,63400,2.927,185571.80000000002,2.5300227792000003,0.14375600831026147
2025-10-31,159995.SZ,71900,1.765,126903.5,1.8305056940758693,0.09830772024952748
2025-10-31,510880.SH,86000,3.097,266342.0,3.0884692628999995,0.2063258682912579
2025-11-03,516160.SH,59000,2.963,174817.0,2.5300227792000003,0.1349091982102873
2025-11-03,510880.SH,86800,3.14,272552.0,3.088619762781106,0.21033292981008841
2025-11-03,510300.SH,29300,4.64,135952.0,4.632703894349999,0.10491642869449183
2025-11-04,516160.SH,59000,2.877,169743.0,2.5300227792000003,0.13134484521264544
2025-11-04,510880.SH,86800,3.17,275156.0,3.088619762781106,0.21291200361328994
2025-11-04,510300.SH,29300,4.606,134955.8,4.632703894349999,0.10442697879469984
2025-11-05,516160.SH,59000,2.979,175761.0,2.5300227792000003,0.13527141090820197
2025-11-05,510880.SH,86800,3.179,275937.2,3.088619762781106,0.21237028900642752
2025-11-05,510300.SH,29300,4.612,135131.6,4.632703894349999,0.104001696566831
2025-11-06,516160.SH,59000,3.027,178593.0,2.5300227792000003,0.13689994283917617
2025-11-06,510880.SH,86800,3.183,276284.39999999997,3.088619762781106,0.21178500034915185
2025-11-06,510300.SH,29300,4.682,137182.6,4.632703894349999,0.10515692159563683
2025-11-07,516160.SH,59000,3.083,181897.0,2.5300227792000003,0.13906537684814319
2025-11-07,510880.SH,86800,3.188,276718.4,3.088619762781106,0.21155900634323396
2025-11-07,510300.SH,29300,4.672,136889.6,4.632703894349999,0.10465595260280039
2025-11-10,516160.SH,59000,3.063,180717.0,2.5300227792000003,0.13802166605554553
2025-11-10,510880.SH,86800,3.213,278888.4,3.088619762781106,0.21299956070300752
2025-11-10,510300.SH,29300,4.684,137241.2,4.632703894349999,0.10481725059326094
2025-11-11,516160.SH,59000,3.039,179301.0,2.5300227792000003,0.13730581034369657
2025-11-11,510880.SH,86800,3.204,278107.2,3.088619762781106,0.21297000272400318
2025-11-11,510300.SH,29300,4.64,135952.0,4.632703894349999,0.10410984616843318
2025-11-12,516160.SH,59000,2.961,174699.0,2.5300227792000003,0.13413244978400252
2025-11-12,510880.SH,86800,3.217,279235.60000000003,3.088619762781106,0.21439478814936447
2025-11-12,510300.SH,29300,4.642,136010.6,4.632703894349999,0.10442781569781198
2025-11-13,516160.SH,59000,3.099,182841.0,2.5300227792000003,0.13935601347340743
2025-11-13,510880.SH,86800,3.218,279322.4,3.088619762781106,0.21289128881281824
2025-11-13,510300.SH,29300,4.689,137387.7,4.632703894349999,0.10471284981093112
2025-11-14,516160.SH,59000,3.051,180009.0,2.5300227792000003,0.13783213175747272
2025-11-14,510880.SH,86800,3.205,278194.0,3.088619762781106,0.21301197196883692
2025-11-14,510300.SH,29300,4.618,135307.40000000002,4.632703894349999,0.10360430525452098
2025-11-17,516160.SH,57300,3.064,175567.2,2.5300227792000003,0.13468924306578167
2025-11-17,510880.SH,84900,3.186,270491.4,3.088619762781106,0.20751189243664864
2025-11-17,515300.SH,166300,1.331,221345.3,1.33806980055,0.1698086596651787
2025-11-18,516160.SH,57300,2.972,170295.6,2.5300227792000003,0.13171501901607627
2025-11-18,510880.SH,84900,3.141,266670.9,3.088619762781106,0.2062564309620106
2025-11-18,515300.SH,166300,1.322,219848.6,1.33806980055,0.17004175404213465
2025-11-19,516160.SH,57300,2.988,171212.4,2.5300227792000003,0.1320558467671974
2025-11-19,510880.SH,84900,3.157,268029.3,3.088619762781106,0.20673056490020103
2025-11-19,515300.SH,166300,1.33,221179.0,1.33806980055,0.17059500440459893
2025-11-20,516160.SH,57300,2.941,168519.3,2.5300227792000003,0.13013212990165202
2025-11-20,510880.SH,84900,3.157,268029.3,3.088619762781106,0.20697465325959022
2025-11-20,515300.SH,166300,1.337,222343.1,1.33806980055,0.1716953557956626
2025-11-21,516160.SH,57300,2.76,158148.0,2.5300227792000003,0.12368527452960693
2025-11-21,510880.SH,84900,3.112,264208.8,3.088619762781106,0.20663389964550932
2025-11-21,515300.SH,166300,1.324,220181.2,1.33806980055,0.17220054738762608
2025-11-24,516160.SH,57300,2.73,156429.0,2.5300227792000003,0.1227981478663347
2025-11-24,510880.SH,84900,3.084,261831.6,3.088619762781106,0.205540120648211
2025-11-24,515300.SH,166300,1.32,219516.0,1.33806980055,0.1723220005691165
2025-11-25,516160.SH,57300,2.783,159465.9,2.5300227792000003,0.12470303337285712
2025-11-25,510880.SH,84900,3.1,263190.0,3.088619762781106,0.20581573460785202
2025-11-25,515300.SH,166300,1.323,220014.9,1.33806980055,0.1720526169997838
2025-11-26,516160.SH,57300,2.789,159809.7,2.5300227792000003,0.12516088573558587
2025-11-26,510880.SH,84900,3.083,261746.7,3.088619762781106,0.20499662292318094
2025-11-26,515300.SH,166300,1.318,219183.40000000002,1.33806980055,0.17166159802901332
2025-11-27,516160.SH,57300,2.785,159580.5,2.5300227792000003,0.1249217671158187
2025-11-27,510880.SH,84900,3.087,262086.30000000002,3.088619762781106,0.20516468950057556
2025-11-27,515300.SH,166300,1.321,219682.3,1.33806980055,0.17197026654301384
2025-11-28,516160.SH,57300,2.829,162101.7,2.5300227792000003,0.1267112973953115
2025-11-28,510880.SH,84900,3.087,262086.30000000002,3.088619762781106,0.20486703780735693
2025-11-28,515300.SH,166300,1.317,219017.1,1.33806980055,0.17120080105735277
2025-12-01,510880.SH,86400,3.102,268012.8,3.08867630914486,0.2090153974167479
2025-12-01,510300.SH,32200,4.564,146960.8,4.526619078449999,0.11461045896570315
2025-12-01,512100.SH,36800,2.946,108412.8,2.93734844025,0.08454799351770666
2025-12-02,510880.SH,86400,3.106,268358.39999999997,3.08867630914486,0.2094892370557692
2025-12-02,510300.SH,32200,4.543,146284.6,4.526619078449999,0.11419448486430228
2025-12-02,512100.SH,36800,2.921,107492.79999999999,2.93734844025,0.08391235251435537
2025-12-03,510880.SH,86400,3.098,267667.2,3.08867630914486,0.20933548455880047
2025-12-03,510300.SH,32200,4.522,145608.4,4.526619078449999,0.11387650399388359
2025-12-03,512100.SH,36800,2.894,106499.20000000001,2.93734844025,0.08329022621047556
2025-12-04,510880.SH,86400,3.085,266544.0,3.08867630914486,0.20855923063558124
2025-12-04,510300.SH,32200,4.534,145994.8,4.526619078449999,0.11423465981149662
2025-12-04,512100.SH,36800,2.897,106609.59999999999,2.93734844025,0.0834174325978715
2025-12-05,510880.SH,86400,3.083,266371.2,3.08867630914486,0.20799771659750077
2025-12-05,510300.SH,32200,4.575,147315.0,4.526619078449999,0.11503189391556154
2025-12-05,512100.SH,36800,2.937,108081.59999999999,2.93734844025,0.08439623355004008
2025-12-08,510880.SH,86400,3.067,264988.8,3.08867630914486,0.20681019188562233
2025-12-08,510300.SH,32200,4.609,148409.8,4.526619078449999,0.11582625082911743
2025-12-08,512100.SH,36800,2.963,109038.40000000001,2.93734844025,0.08509888880926758
2025-12-09,510880.SH,86400,3.041,262742.39999999997,3.08867630914486,0.20564195664923685
2025-12-09,510300.SH,32200,4.585,147637.0,4.526619078449999,0.11555181635633754
2025-12-09,512100.SH,36800,2.946,108412.8,2.93734844025,0.08485200834666345
2025-12-10,510880.SH,86400,3.028,261619.2,3.08867630914486,0.20490314984085495
2025-12-10,510300.SH,32200,4.579,147443.8,4.526619078449999,0.11547967062243537
2025-12-10,512100.SH,36800,2.958,108854.40000000001,2.93734844025,0.0852560111568125
2025-12-11,510880.SH,86400,3.012,260236.8,3.08867630914486,0.20439963721702
2025-12-11,510300.SH,32200,4.545,146349.0,4.526619078449999,0.11494793398579163
2025-12-11,512100.SH,36800,2.927,107713.6,2.93734844025,0.08460225749524744
2025-12-12,510880.SH,86400,2.999,259113.6,3.08867630914486,0.20344552711847302
2025-12-12,510300.SH,32200,4.571,147186.19999999998,4.526619078449999,0.11556465597932716
2025-12-12,512100.SH,36800,2.947,108449.6,2.93734844025,0.08515024312806256
2025-12-15,510300.SH,122800,4.544,558003.2,4.5472935883890875,0.4385175578681888
2025-12-15,512100.SH,130600,2.926,382135.60000000003,2.938786036790122,0.30030861845683876
2025-12-15,512660.SH,256900,1.245,319840.5,1.2339865849500002,0.25135281476403804
2025-12-16,510300.SH,122800,4.497,552231.6,4.5472935883890875,0.4399680356412394
2025-12-16,512100.SH,130600,2.875,375475.0,2.938786036790122,0.29914441365252253
2025-12-16,512660.SH,256900,1.226,314959.4,1.2339865849500002,0.2509310740724424
2025-12-17,510300.SH,122800,4.576,561932.7999999999,4.5472935883890875,0.44248154388526056
2025-12-17,512100.SH,130600,2.914,380568.4,2.938786036790122,0.299670161958767
2025-12-17,512660.SH,256900,1.226,314959.4,1.2339865849500002,0.24800780729150418
2025-12-18,510300.SH,122800,4.545,558126.0,4.5472935883890875,0.4399172098138825
2025-12-18,512100.SH,130600,2.908,379784.8,2.938786036790122,0.29934794212368426
2025-12-18,512660.SH,256900,1.239,318299.10000000003,1.2339865849500002,0.25088466037824786
2025-12-19,510300.SH,122800,4.565,560582.0,4.5472935883890875,0.4384553826203069
2025-12-19,512100.SH,130600,2.933,383049.8,2.938786036790122,0.2995997849050309
2025-12-19,512660.SH,256900,1.255,322409.5,1.2339865849500002,0.2521703884229637
2025-12-22,510300.SH,122800,4.607,565739.6,4.5472935883890875,0.4388911141520654
2025-12-22,512100.SH,130600,2.96,386576.0,2.938786036790122,0.29989905487338847
2025-12-22,512660.SH,256900,1.262,324207.8,1.2339865849500002,0.25151487107989257
2025-12-23,510300.SH,122800,4.617,566967.6,4.5472935883890875,0.44122833432870023
2025-12-23,512100.SH,130600,2.957,386184.19999999995,2.938786036790122,0.3005381812118746
2025-12-23,512660.SH,256900,1.243,319326.7,1.2339865849500002,0.24850800636170492
2025-12-24,510300.SH,122800,4.634,569055.2000000001,4.5472935883890875,0.4369976546658902
2025-12-24,512100.SH,130600,3.004,392322.4,2.938786036790122,0.30127827436229954
2025-12-24,512660.SH,256900,1.278,328318.2,1.2339865849500002,0.25212718095560266
2025-12-25,510300.SH,122800,4.643,570160.4,4.5472935883890875,0.433018075641827
2025-12-25,512100.SH,130600,3.03,395718.0,2.938786036790122,0.3005348089008505
2025-12-25,512660.SH,256900,1.317,338337.3,1.2339865849500002,0.25695605405750993
2025-12-26,510300.SH,122800,4.661,572370.7999999999,4.5472935883890875,0.43223462772309595
2025-12-26,512100.SH,130600,3.041,397154.6,2.938786036790122,0.29991741486378254
2025-12-26,512660.SH,256900,1.332,342190.80000000005,1.2339865849500002,0.2584106545062544
2025-12-29,510300.SH,124800,4.64,579072.0,4.549129083767467,0.4369112679669146
2025-12-29,512100.SH,131200,3.036,398323.2,2.9392985419572404,0.30053584765389957
2025-12-29,512660.SH,247200,1.35,333720.0,1.2339865849500002,0.2517925721601437
2025-12-30,510300.SH,124800,4.65,580320.0,4.549129083767467,0.438127390919631
2025-12-30,512100.SH,131200,3.039,398716.80000000005,2.9392985419572404,0.3010214214568244
2025-12-30,512660.SH,247200,1.34,331248.0,1.2339865849500002,0.25008412942401764
2025-12-31,510300.SH,124800,4.63,577824.0,4.549129083767467,0.4344290930352007
2025-12-31,512100.SH,131200,3.038,398585.6,2.9392985419572404,0.29967114675903267
2025-12-31,512660.SH,247200,1.373,339405.6,1.2339865849500002,0.25517747095840276
