date,symbol,close,ma60,r20,r60,r120,bias_factor,slope_factor,efficiency_factor,bias_factor_z,slope_factor_z,efficiency_factor_z,volatility_20,avg_turnover,listed_days,score,rank,eligible,hold_signal,buy_signal,passed_listing,passed_liquidity,passed_trend,passed_score,primary_candidate,secondary_candidate,market_regime_on,risk_off,regime_signal,510300_sh_strong,510300_sh_weak,512100_sh_strong,512100_sh_weak
2023-01-06,159915.SZ,2.35,,,,,,,,0.0,0.0,0.0,,,4,0.0,,False,False,False,False,False,False,False,False,False,False,True,confirmed_risk_off,False,True,False,True
2023-01-06,159928.SZ,1.058,,,,,,,,0.0,0.0,0.0,,,4,0.0,,False,False,False,False,False,False,False,False,False,False,True,confirmed_risk_off,False,True,False,True
2023-01-06,159995.SZ,1.012,,,,,,,,0.0,0.0,0.0,,,4,0.0,,False,False,False,False,False,False,False,False,False,False,True,confirmed_risk_off,False,True,False,True
2023-01-06,510300.SH,3.701,,,,,,,,0.0,0.0,0.0,,,4,0.0,,False,False,False,False,False,False,False,False,False,False,True,confirmed_risk_off,False,True,False,True
2023-01-06,510500.SH,5.8,,,,,,,,0.0,0.0,0.0,,,4,0.0,,False,False,False,False,False,False,False,False,False,False,True,confirmed_risk_off,False,True,False,True
2023-01-06,510880.SH,2.343,,,,,,,,0.0,0.0,0.0,,,4,0.0,,False,False,False,False,False,False,False,False,False,False,True,confirmed_risk_off,False,True,False,True
2023-01-06,512010.SH,0.491,,,,,,,,0.0,0.0,0.0,,,4,0.0,,False,False,False,False,False,False,False,False,False,False,True,confirmed_risk_off,False,True,False,True
2023-01-06,512100.SH,2.517,,,,,,,,0.0,0.0,0.0,,,4,0.0,,False,False,False,False,False,False,False,False,False,False,True,confirmed_risk_off,False,True,False,True
2023-01-06,512660.SH,1.096,,,,,,,,0.0,0.0,0.0,,,4,0.0,,False,False,False,False,False,False,False,False,False,False,True,confirmed_risk_off,False,True,False,True
2023-01-06,512880.SH,0.884,,,,,,,,0.0,0.0,0.0,,,4,0.0,,False,False,False,False,False,False,False,False,False,False,True,confirmed_risk_off,False,True,False,True
2023-01-06,515300.SH,0.85,,,,,,,,0.0,0.0,0.0,,,4,0.0,,False,False,False,False,False,False,False,False,False,False,True,confirmed_risk_off,False,True,False,True
2023-01-06,516160.SH,3.351,,,,,,,,0.0,0.0,0.0,,,4,0.0,,False,False,False,False,False,False,False,False,False,False,True,confirmed_risk_off,False,True,False,True
2023-01-06,588080.SH,1.0,,,,,,,,0.0,0.0,0.0,,,4,0.0,,False,False,False,False,False,False,False,False,False,False,True,confirmed_risk_off,False,True,False,True
2023-01-13,159915.SZ,2.417,,,,,,,,0.0,0.0,0.0,,,9,0.0,,False,False,False,False,False,False,False,False,False,False,True,confirmed_risk_off,False,True,False,True
2023-01-13,159928.SZ,1.097,,,,,,,,0.0,0.0,0.0,,,9,0.0,,False,False,False,False,False,False,False,False,False,False,True,confirmed_risk_off,False,True,False,True
2023-01-13,159995.SZ,1.014,,,,,,,,0.0,0.0,0.0,,,9,0.0,,False,False,False,False,False,False,False,False,False,False,True,confirmed_risk_off,False,True,False,True
2023-01-13,510300.SH,3.8,,,,,,,,0.0,0.0,0.0,,,9,0.0,,False,False,False,False,False,False,False,False,False,False,True,confirmed_risk_off,False,True,False,True
2023-01-13,510500.SH,5.844,,,,,,,,0.0,0.0,0.0,,,9,0.0,,False,False,False,False,False,False,False,False,False,False,True,confirmed_risk_off,False,True,False,True
2023-01-13,510880.SH,2.353,,,,,,,,0.0,0.0,0.0,,,9,0.0,,False,False,False,False,False,False,False,False,False,False,True,confirmed_risk_off,False,True,False,True
2023-01-13,512010.SH,0.511,,,,,,,,0.0,0.0,0.0,,,9,0.0,,False,False,False,False,False,False,False,False,False,False,True,confirmed_risk_off,False,True,False,True
2023-01-13,512100.SH,2.53,,,,,,,,0.0,0.0,0.0,,,9,0.0,,False,False,False,False,False,False,False,False,False,False,True,confirmed_risk_off,False,True,False,True
2023-01-13,512660.SH,1.062,,,,,,,,0.0,0.0,0.0,,,9,0.0,,False,False,False,False,False,False,False,False,False,False,True,confirmed_risk_off,False,True,False,True
2023-01-13,512880.SH,0.918,,,,,,,,0.0,0.0,0.0,,,9,0.0,,False,False,False,False,False,False,False,False,False,False,True,confirmed_risk_off,False,True,False,True
2023-01-13,515300.SH,0.862,,,,,,,,0.0,0.0,0.0,,,9,0.0,,False,False,False,False,False,False,False,False,False,False,True,confirmed_risk_off,False,True,False,True
2023-01-13,516160.SH,3.381,,,,,,,,0.0,0.0,0.0,,,9,0.0,,False,False,False,False,False,False,False,False,False,False,True,confirmed_risk_off,False,True,False,True
2023-01-13,588080.SH,0.986,,,,,,,,0.0,0.0,0.0,,,9,0.0,,False,False,False,False,False,False,False,False,False,False,True,confirmed_risk_off,False,True,False,True
2023-01-20,159915.SZ,2.507,,,,,,,,0.0,0.0,0.0,,,14,0.0,,False,False,False,False,False,False,False,False,False,False,True,confirmed_risk_off,False,True,False,True
2023-01-20,159928.SZ,1.091,,,,,,,,0.0,0.0,0.0,,,14,0.0,,False,False,False,False,False,False,False,False,False,False,True,confirmed_risk_off,False,True,False,True
2023-01-20,159995.SZ,1.094,,,,,,,,0.0,0.0,0.0,,,14,0.0,,False,False,False,False,False,False,False,False,False,False,True,confirmed_risk_off,False,True,False,True
2023-01-20,510300.SH,3.901,,,,,,,,0.0,0.0,0.0,,,14,0.0,,False,False,False,False,False,False,False,False,False,False,True,confirmed_risk_off,False,True,False,True
2023-01-20,510500.SH,6.037,,,,,,,,0.0,0.0,0.0,,,14,0.0,,False,False,False,False,False,False,False,False,False,False,True,confirmed_risk_off,False,True,False,True
2023-01-20,510880.SH,2.401,,,,,,,,0.0,0.0,0.0,,,14,0.0,,False,False,False,False,False,False,False,False,False,False,True,confirmed_risk_off,False,True,False,True
2023-01-20,512010.SH,0.532,,,,,,,,0.0,0.0,0.0,,,14,0.0,,False,False,False,False,False,False,False,False,False,False,True,confirmed_risk_off,False,True,False,True
2023-01-20,512100.SH,2.619,,,,,,,,0.0,0.0,0.0,,,14,0.0,,False,False,False,False,False,False,False,False,False,False,True,confirmed_risk_off,False,True,False,True
2023-01-20,512660.SH,1.118,,,,,,,,0.0,0.0,0.0,,,14,0.0,,False,False,False,False,False,False,False,False,False,False,True,confirmed_risk_off,False,True,False,True
2023-01-20,512880.SH,0.969,,,,,,,,0.0,0.0,0.0,,,14,0.0,,False,False,False,False,False,False,False,False,False,False,True,confirmed_risk_off,False,True,False,True
2023-01-20,515300.SH,0.877,,,,,,,,0.0,0.0,0.0,,,14,0.0,,False,False,False,False,False,False,False,False,False,False,True,confirmed_risk_off,False,True,False,True
2023-01-20,516160.SH,3.497,,,,,,,,0.0,0.0,0.0,,,14,0.0,,False,False,False,False,False,False,False,False,False,False,True,confirmed_risk_off,False,True,False,True
2023-01-20,588080.SH,1.04,,,,,,,,0.0,0.0,0.0,,,14,0.0,,False,False,False,False,False,False,False,False,False,False,True,confirmed_risk_off,False,True,False,True
2023-02-03,159915.SZ,2.5,,,,,,,,0.0,0.0,0.0,,,19,0.0,,False,False,False,False,False,False,False,False,False,False,True,confirmed_risk_off,False,True,False,True
2023-02-03,159928.SZ,1.086,,,,,,,,0.0,0.0,0.0,,,19,0.0,,False,False,False,False,False,False,False,False,False,False,True,confirmed_risk_off,False,True,False,True
2023-02-03,159995.SZ,1.098,,,,,,,,0.0,0.0,0.0,,,19,0.0,,False,False,False,False,False,False,False,False,False,False,True,confirmed_risk_off,False,True,False,True
2023-02-03,510300.SH,3.857,,,,,,,,0.0,0.0,0.0,,,19,0.0,,False,False,False,False,False,False,False,False,False,False,True,confirmed_risk_off,False,True,False,True
2023-02-03,510500.SH,6.117,,,,,,,,0.0,0.0,0.0,,,19,0.0,,False,False,False,False,False,False,False,False,False,False,True,confirmed_risk_off,False,True,False,True
2023-02-03,510880.SH,2.383,,,,,,,,0.0,0.0,0.0,,,19,0.0,,False,False,False,False,False,False,False,False,False,False,True,confirmed_risk_off,False,True,False,True
2023-02-03,512010.SH,0.515,,,,,,,,0.0,0.0,0.0,,,19,0.0,,False,False,False,False,False,False,False,False,False,False,True,confirmed_risk_off,False,True,False,True
2023-02-03,512100.SH,2.684,,,,,,,,0.0,0.0,0.0,,,19,0.0,,False,False,False,False,False,False,False,False,False,False,True,confirmed_risk_off,False,True,False,True
2023-02-03,512660.SH,1.157,,,,,,,,0.0,0.0,0.0,,,19,0.0,,False,False,False,False,False,False,False,False,False,False,True,confirmed_risk_off,False,True,False,True
2023-02-03,512880.SH,0.953,,,,,,,,0.0,0.0,0.0,,,19,0.0,,False,False,False,False,False,False,False,False,False,False,True,confirmed_risk_off,False,True,False,True
2023-02-03,515300.SH,0.864,,,,,,,,0.0,0.0,0.0,,,19,0.0,,False,False,False,False,False,False,False,False,False,False,True,confirmed_risk_off,False,True,False,True
2023-02-03,516160.SH,3.494,,,,,,,,0.0,0.0,0.0,,,19,0.0,,False,False,False,False,False,False,False,False,False,False,True,confirmed_risk_off,False,True,False,True
2023-02-10,159915.SZ,2.465,,0.04893617021276575,,,,8.882558637848698,1.5264431585714255,0.0,-0.31284887956224094,0.05733427441557178,0.010414118655247285,955131303.6215999,24,-0.11367269694178203,,False,False,False,False,True,False,False,False,False,False,True,confirmed_risk_off,False,True,False,True
2023-02-10,159928.SZ,1.08,,0.020793950850661602,,,,-0.3890823382690602,0.12071040989920413,0.0,-0.9357505693649882,-0.9424520945989929,0.01209198579865514,283292464.9867,24,-0.5627906466657939,,False,False,False,False,True,False,False,False,False,False,True,confirmed_risk_off,False,True,False,True
2023-02-10,159995.SZ,1.103,,0.08992094861660083,,,,29.520816751293502,3.361632117538971,0.0,1.0737024209641688,1.3625588325507014,0.015937762184003397,584379287.53085,24,0.7019927348958078,,False,False,False,False,True,False,True,False,False,False,True,confirmed_risk_off,False,True,False,True
2023-02-10,510300.SH,3.823,,0.03296406376654959,,,,2.405194713327698,0.6934376828133826,0.0,-0.7480211370347181,-0.5351165458161027,0.008643622805013762,2995797591.15,24,-0.4062317639771078,,False,False,False,False,True,False,False,False,False,False,True,confirmed_risk_off,False,True,False,True
2023-02-10,510500.SH,6.116,,0.05448275862068952,,,,28.27383030446275,2.719636373458446,0.0,0.9899254534464681,0.9059581063434357,0.006052577785420747,2003894435.25,24,0.5771618026472745,,False,False,False,False,True,False,True,False,False,False,True,confirmed_risk_off,False,True,False,True
2023-02-10,510880.SH,2.384,,0.017498932991890648,,,,4.919874455761439,0.33502349774120127,0.0,-0.579076042535319,-0.7900281689785399,0.005566729007646487,241002704.05,24,-0.38963605080983554,,False,False,False,False,True,False,False,False,False,False,True,confirmed_risk_off,False,True,False,True
2023-02-10,512010.SH,0.51,,0.0386965376782078,,,,0.037931279925566205,0.5409230911770853,0.0,-0.9070622816037,-0.6435880955739204,0.015867002840265133,585098094.75,24,-0.49154253175626406,,False,False,False,False,True,False,False,False,False,False,True,confirmed_risk_off,False,True,False,True
2023-02-10,512100.SH,2.708,,0.07588398887564574,,,,42.698497264169525,4.799615162263668,0.0,1.9590256857772383,2.3852822828991145,0.007242378973012589,2014490890.2,24,1.2606667308907182,,False,False,False,False,True,False,True,False,False,False,True,confirmed_risk_off,False,True,False,True
2023-02-10,512660.SH,1.137,,0.037408759124087476,,,,34.51701292302793,1.4961349782747235,0.0,1.4093645810904891,0.03577846620174179,0.011893638842491212,499606636.4,24,0.5709015256765441,,False,False,False,False,True,False,True,False,False,False,True,confirmed_risk_off,False,True,False,True
2023-02-10,512880.SH,0.936,,0.05882352941176472,,,,5.334314715273018,1.1963987212444909,0.0,-0.5512324775572295,-0.17740019408153515,0.014740851259414703,1198999324.45,24,-0.25597302983919884,,False,False,False,False,True,False,False,False,False,False,True,confirmed_risk_off,False,True,False,True
2023-02-10,515300.SH,0.866,,0.018823529411764683,,,,0.3322829233680551,0.18503187581340821,0.0,-0.8872866953219589,-0.8967053302038419,0.006765642704641764,3324718.35,24,-0.5342557441695519,,False,False,False,False,False,False,False,False,False,False,True,confirmed_risk_off,False,True,False,True
2023-02-10,516160.SH,3.423,,0.0214861235452104,,,,5.937028080431746,0.3749641685591248,0.0,-0.5107400582982092,-0.7616215331576305,0.010390749235497357,152593254.2,24,-0.35662032995080983,,False,False,False,False,True,False,False,False,False,False,True,confirmed_risk_off,False,True,False,True
2023-02-17,159915.SZ,2.378,,-0.016135705419941915,,,,-2.4055524570395987,-0.20591506239178126,0.0,-0.16461158187709982,-0.4565998276690199,0.011438043198658689,993758367.93225,29,-0.1571645982846439,,False,False,False,False,True,False,False,False,False,False,True,confirmed_risk_off,False,True,False,True
2023-02-17,159928.SZ,1.085,,-0.010938924339106704,,,,-1.2284796740834032,-0.21779472844820613,0.0,-0.04751388107084693,-0.4712693489312743,0.011145704660674672,271907737.98585,29,-0.11325942221459365,,False,False,False,False,True,False,False,False,False,False,True,confirmed_risk_off,False,True,False,True
2023-02-17,159995.SZ,1.047,,0.032544378698224685,,,,1.0226168037257806,0.6353176685955417,0.0,0.17642997835854846,0.582190435887989,0.01863013921601755,641633788.8209001,29,0.1870100785210172,,False,False,False,False,True,False,True,False,False,False,True,confirmed_risk_off,False,True,False,True
2023-02-17,510300.SH,3.749,,-0.01342105263157889,,,,-4.29888875117092,-0.2511397611672141,0.0,-0.3529646982740319,-0.5124452257731578,0.009035176036986246,3054351045.85,29,-0.24367492446424432,,False,False,False,False,True,False,False,False,False,False,True,confirmed_risk_off,False,True,False,True
2023-02-17,510500.SH,6.02,,0.03011635865845297,,,,7.161673615791558,0.6786261419048321,0.0,0.7871563907104171,0.6356695965839931,0.007200644080276587,2210695957.45,29,0.4419964756009655,,False,False,False,False,True,False,True,False,False,False,True,confirmed_risk_off,False,True,False,True
2023-02-17,510880.SH,2.383,,0.012749681257968382,,,,0.24437328136049763,0.0004252251164824256,0.0,0.09900865959569191,-0.2018019890357436,0.0052282114559686595,254836962.65,29,-0.0007569339688719562,,False,False,False,False,True,False,False,False,False,False,True,confirmed_risk_off,False,True,False,True
2023-02-17,512010.SH,0.502,,-0.017612524461839585,,,,-18.25888726712669,-1.0354655111867768,0.0,-1.7417350047045708,-1.4809643080265658,0.014508033561337143,599933842.3,29,-0.9928868634871415,,False,False,False,False,True,False,False,False,False,False,True,confirmed_risk_off,False,True,False,True
2023-02-17,512100.SH,2.664,,0.052964426877470494,,,,24.034545221325057,2.0945753896128187,0.0,2.4657054996660777,2.3841444692671074,0.008884057480884841,2145355944.55,29,1.4631110937198526,,False,False,False,False,True,False,True,False,False,False,True,confirmed_risk_off,False,True,False,True
2023-02-17,512660.SH,1.112,,0.04708097928436916,,,,3.6158740659068203,1.1564280471435375,0.0,0.4344127194409397,1.2256798859939464,0.012128531443273242,474950118.6,29,0.4189010649751652,,False,False,False,False,True,False,True,False,False,False,True,confirmed_risk_off,False,True,False,True
2023-02-17,512880.SH,0.909,,-0.009803921568627416,,,,-14.05213896994385,-0.3570795747601519,0.0,-1.323238748055451,-0.6432642522204854,0.014505465741472112,1200057129.75,29,-0.6579483496662776,,False,False,False,False,True,False,False,False,False,False,True,confirmed_risk_off,False,True,False,True
2023-02-17,515300.SH,0.86,,-0.002320185614849146,,,,-0.44825927575854474,-0.03232803261218238,0.0,0.0301041015117813,-0.24224711673349492,0.005902188498892701,3626754.3,29,-0.036407782741986465,,False,False,False,False,False,False,False,False,False,False,True,confirmed_risk_off,False,True,False,True
2023-02-17,516160.SH,3.258,,-0.03637976929902387,,,,-4.397285695390687,-0.4994685923309015,0.0,-0.3627534353014555,-0.819092319343294,0.011808701551075815,156259338.9,29,-0.308919837989241,,False,False,False,False,True,False,False,False,False,False,True,confirmed_risk_off,False,True,False,True
2023-02-24,159915.SZ,2.357,,-0.059832469086557594,,,,-27.583559071379664,-4.421650653353625,0.0,-1.4993425500290547,-1.6025551484536134,0.010644707750040228,1033338239.7938,34,-0.9202480497023446,,False,False,False,False,True,False,False,False,False,False,True,confirmed_risk_off,False,True,False,True
2023-02-24,159928.SZ,1.079,,-0.010999083409715893,,,,0.18166811607590158,-0.3896770256466437,0.0,0.5336960964099912,0.49112274325074573,0.010987083481189222,243052831.83255,34,0.31170298721414563,,False,False,False,False,True,False,True,False,False,False,True,confirmed_risk_off,False,True,False,True
2023-02-24,159995.SZ,1.045,,-0.04478976234003673,,,,-5.20601924147857,-1.2784716656926334,0.0,0.13919629495372648,0.029599464590834547,0.016028623788351612,630124253.6974499,34,0.06159841089965751,,False,False,False,False,True,False,True,False,False,False,True,confirmed_risk_off,False,True,False,True
2023-02-24,510300.SH,3.78,,-0.03101768777236602,,,,-3.8891916678438854,-1.433281617284628,0.0,0.2356176687037466,-0.05078850492282334,0.010542739029342729,2920225854.45,34,0.08408936649693396,,False,False,False,False,True,False,True,False,False,False,True,confirmed_risk_off,False,True,False,True
2023-02-24,510500.SH,6.124,,0.014411131356633966,,,,0.3172224902810455,0.028003534769739644,0.0,0.5436217231513935,0.7080112043084134,0.0074619689002788665,2190917708.65,34,0.3590509301222401,,False,False,False,False,True,False,True,False,False,False,True,confirmed_risk_off,False,True,False,True
2023-02-24,510880.SH,2.47,,0.02873802582257401,,,,9.162622976922295,0.8462487129493027,0.0,1.1913038368672577,1.1329003523365277,0.006647034232789343,258055541.7,34,0.7031016052142087,,False,False,False,False,True,False,True,False,False,False,True,confirmed_risk_off,False,True,False,True
2023-02-24,512010.SH,0.494,,-0.07142857142857151,,,,-10.73591110717895,-3.6314291013705997,0.0,-0.2657160725084489,-1.1922177936738207,0.010664331876993026,556621616.95,34,-0.34472998773814373,,False,False,False,False,True,False,False,False,False,False,True,confirmed_risk_off,False,True,False,True
2023-02-24,512100.SH,2.694,,0.028636884306987298,,,,2.920970755402012,0.42030062964293546,0.0,0.7342746147287106,0.9117188250308641,0.008700762538644373,1972229239.1,34,0.4760536108976571,,False,False,False,False,True,False,True,False,False,False,True,confirmed_risk_off,False,True,False,True
2023-02-24,512660.SH,1.14,,0.019677996422182265,,,,-6.020562486917458,-0.023333635257453234,0.0,0.0795534227383199,0.6813534163779581,0.011740184679802005,440986444.7,34,0.1680920523709196,,False,False,False,False,True,False,True,False,False,False,True,confirmed_risk_off,False,True,False,True
2023-02-24,512880.SH,0.931,,-0.039215686274509776,,,,-4.57330009801324,-0.8839476188010137,0.0,0.1855255564548894,0.23446347189647632,0.015161202724792835,1127973237.55,34,0.12110291696125103,,False,False,False,False,True,False,True,False,False,False,True,confirmed_risk_off,False,True,False,True
2023-02-24,515300.SH,0.879,,0.0022805017103761926,,,,2.227399492275773,1.2058557542557182e-29,0.0,0.6834896104326803,0.693469843910101,0.008355178320043788,3474910.35,34,0.4120898129550923,,False,False,False,False,False,False,True,False,False,False,True,confirmed_risk_off,False,True,False,True
2023-02-24,516160.SH,3.274,,-0.06376894480983697,,,,-42.085631769903635,-5.258448032554913,0.0,-2.5612202019032115,-2.037077874651665,0.011931781157769938,149566947.95,34,-1.4319036556916176,,False,False,False,False,True,False,False,False,False,False,True,confirmed_risk_off,False,True,False,True
2023-03-03,159915.SZ,2.352,,-0.05920000000000003,,,,-26.294610031904938,-2.478603021486591,0.0,-1.328429209026713,-1.0746289161604767,0.010150794505663445,1074309527.78985,39,-0.7462974668427805,,False,False,False,False,True,False,False,False,False,False,True,confirmed_risk_off,False,True,False,True
2023-03-03,159928.SZ,1.089,,0.0027624309392264568,,,,2.516618395850395,0.6082815035475411,0.0,0.28937501856652303,0.22950269509794854,0.009952707874627199,218320386.6889,39,0.16165054644619892,,False,False,False,False,True,False,True,False,False,False,True,confirmed_risk_off,False,True,False,True
2023-03-03,159995.SZ,1.056,,-0.03825136612021862,,,,-18.894433151755653,-0.8293289672592064,0.0,-0.9128954711417305,-0.377851821875587,0.015961386330122663,595012052.8349501,39,-0.4407285528318097,,False,False,False,False,True,False,False,False,False,False,True,confirmed_risk_off,False,True,False,True
2023-03-03,510300.SH,3.844,,-0.0033704952035261693,,,,-0.00036568589205173026,0.07953259144069977,0.0,0.14804166659097673,0.006119486200813026,0.010342604033517357,2566651681.55,39,0.0604405638765533,,False,False,False,False,True,False,True,False,False,False,True,confirmed_risk_off,False,True,False,True
2023-03-03,510500.SH,6.161,,0.007193068497629573,,,,0.8464675342705495,0.18391302695061038,0.0,0.19559293178887605,0.050217613112084745,0.0072828856968366155,2024672925.35,39,0.08828069533796737,,False,False,False,False,True,False,True,False,False,False,True,confirmed_risk_off,False,True,False,True
2023-03-03,510880.SH,2.528,,0.06084767100293753,,,,32.39236535727402,4.560093459401177,0.0,1.9669539478333904,1.899044542738241,0.006150175230773328,251470507.3,39,1.1665904876810045,,False,False,False,False,True,False,True,False,False,False,True,confirmed_risk_off,False,True,False,True
2023-03-03,512010.SH,0.492,,-0.044660194174757306,,,,-11.660733716783495,-0.7340939677668166,0.0,-0.5067097523903934,-0.3376174132577809,0.009413740590793062,536176634.95,39,-0.27020738360771357,,False,False,False,False,True,False,False,False,False,False,True,confirmed_risk_off,False,True,False,True
2023-03-03,512100.SH,2.701,,0.006333830104321869,,,,0.0014023274124858823,0.11988577459347823,0.0,0.1481409438365025,0.023167698188547626,0.00847085734599794,1792727706.35,39,0.06388991717231053,,False,False,False,False,True,False,True,False,False,False,True,confirmed_risk_off,False,True,False,True
2023-03-03,512660.SH,1.168,,0.009507346585998278,,,,0.02820191275311529,0.017674204596480066,0.0,0.1496457905517522,-0.020014137214888678,0.010665312041036873,413041271.75,39,0.055855488777723145,,False,False,False,False,True,False,True,False,False,False,True,confirmed_risk_off,False,True,False,True
2023-03-03,512880.SH,0.944,,-0.009443861490031513,,,,1.0364235999300502e-07,0.0009164760474202188,0.0,0.14806220635576545,-0.02709385897204611,0.01397491167787081,940366235.7,39,0.05380611074789696,,False,False,False,False,True,False,True,False,False,False,True,confirmed_risk_off,False,True,False,True
2023-03-03,515300.SH,0.927,,0.07291666666666674,,,,22.93101203466182,4.008746427077925,0.0,1.4356813072912853,1.6661141924789216,0.01015619439700878,3367424.2,39,0.9074953614122985,,False,False,False,False,False,False,True,False,False,False,True,confirmed_risk_off,False,True,False,True
2023-03-03,516160.SH,3.225,,-0.07698912421293647,,,,-33.50773049752944,-4.756444577511999,0.0,-1.7334593802562346,-2.036960080335777,0.010519151875278398,139812326.35,39,-1.1007757681696493,,False,False,False,False,True,False,False,False,False,False,True,confirmed_risk_off,False,True,False,True
2023-03-10,159915.SZ,2.3,,-0.06693711967545646,,,,-30.6644628706666,-5.164681195573995,0.0,-1.4504502035317333,-1.756670307718425,0.009428991391113821,1291006497.977,44,-0.9315141429563782,,False,False,False,False,True,False,False,False,False,False,True,confirmed_risk_off,False,True,False,True
2023-03-10,159928.SZ,1.034,,-0.042592592592592626,,,,-13.225162097909884,-2.115298621778088,0.0,-0.3867707536269823,-0.2638102234882932,0.009885296171758944,191981472.41685,44,-0.20747034614845158,,False,False,False,False,True,False,False,False,False,False,True,confirmed_risk_off,False,True,False,True
2023-03-10,159995.SZ,1.04,,-0.05711695376246595,,,,-15.364165493492136,-2.0765308114951746,0.0,-0.5172355001672572,-0.24483099896536814,0.013918448974623411,606166734.04765,44,-0.2558603998599765,,False,False,False,False,True,False,False,False,False,False,True,confirmed_risk_off,False,True,False,True
2023-03-10,510300.SH,3.681,,-0.03714360449908449,,,,-5.074704771184221,-0.9884625208375787,0.0,0.11035204267841524,0.2878452660587493,0.010227912727140015,2576609728.4,44,0.10170987028311597,,False,False,False,False,True,False,True,False,False,False,True,confirmed_risk_off,False,True,False,True
2023-03-10,510500.SH,5.986,,-0.021255722694571544,,,,-0.6775874524350916,-0.4224740209257255,0.0,0.3785464727028245,0.564931403728875,0.0076365021426881,1735488332.0,44,0.2644048698269048,,False,False,False,False,True,False,True,False,False,False,True,confirmed_risk_off,False,True,False,True
2023-03-10,510880.SH,2.461,,0.03229865771812079,,,,20.5470374854009,1.5198194954034494,0.0,1.6731051062450633,1.5158033891935878,0.007392232022486041,268886676.6,44,0.9724027203367429,,False,False,False,False,True,False,True,False,False,False,True,confirmed_risk_off,False,True,False,True
2023-03-10,512010.SH,0.48,,-0.05882352941176472,,,,-31.955302806220477,-4.451652201508076,0.0,-1.5291827129629578,-1.4075988159066477,0.007858353986487846,536330000.45,44,-0.8931928483665127,,False,False,False,False,True,False,False,False,False,False,True,confirmed_risk_off,False,True,False,True
2023-03-10,512100.SH,2.635,,-0.026957163958641228,,,,-4.376493105585101,-0.621085667191866,0.0,0.15293823406641743,0.467698802768324,0.00859545600162599,1564770332.55,44,0.1547150541802318,,False,False,False,False,True,False,True,False,False,False,True,confirmed_risk_off,False,True,False,True
2023-03-10,512660.SH,1.138,,0.0008795074758134458,,,,5.414873780541039,-2.858021334999939e-29,0.0,0.750145420235265,0.7717583882745122,0.0108973376552223,430991869.65,44,0.45440984574900845,,False,False,False,False,True,False,True,False,False,False,True,confirmed_risk_off,False,True,False,True
2023-03-10,512880.SH,0.896,,-0.042735042735042805,,,,-3.8983707067845743,-1.0269318886128944,0.0,0.18210046807856078,0.26901214747571467,0.013696220116440632,939780034.15,44,0.12664261672656724,,False,False,False,False,True,False,True,False,False,False,True,confirmed_risk_off,False,True,False,True
2023-03-10,515300.SH,0.892,,0.03002309468822184,,,,19.59711805460662,0.7972356156179133,0.0,1.6151664428337682,1.162054193894301,0.011359900265550638,3708481.2,44,0.8784774159123676,,False,False,False,False,False,False,True,False,False,False,True,confirmed_risk_off,False,True,False,True
2023-03-10,516160.SH,3.174,,-0.07274320771253284,,,,-22.930241990889694,-4.367075336768366,0.0,-0.978715016551384,-1.3661932453153287,0.01051763717109564,153878254.9,44,-0.6647246556836195,,False,False,False,False,True,False,False,False,False,False,True,confirmed_risk_off,False,True,False,True
2023-03-17,159915.SZ,2.228,,-0.06307821698906635,,,,-31.436312101408102,-4.17984409298113,0.0,-0.9946961566129858,-1.2591242295955956,0.007578607976543357,1741598363.6405997,49,-0.6497033085643135,,False,False,False,False,True,False,False,False,False,False,True,confirmed_risk_off,False,True,False,True
2023-03-17,159928.SZ,1.028,,-0.052534562211981495,,,,-29.248264441419174,-2.392288682713019,0.0,-0.8564282730617304,-0.4934983829643163,0.009744403615063188,173732382.58025,49,-0.44127098581755547,,False,False,False,False,True,False,False,False,False,False,True,confirmed_risk_off,False,True,False,True
2023-03-17,159995.SZ,1.075,,0.026743075453677267,,,,0.7133603856760314,0.2785513867887796,0.0,1.0369173465762642,0.6504461222985197,0.013069275760717423,618127883.1652,49,0.5448561630902097,,False,False,False,False,True,False,True,False,False,False,True,confirmed_risk_off,False,True,False,True
2023-03-17,510300.SH,3.674,,-0.02000533475593491,,,,-18.461572006200246,-0.888122283937838,0.0,-0.17479178003232132,0.15074943498938898,0.010246677471355107,2461532792.75,49,-0.03976682501505073,,False,False,False,False,True,False,False,False,False,False,True,confirmed_risk_off,False,True,False,True
2023-03-17,510500.SH,5.961,,-0.009800664451827146,,,,-12.227286941169766,-0.31023257040808694,0.0,0.2191673723022886,0.3982647280198644,0.007747624064720259,1622190563.75,49,0.16731989452488832,,False,False,False,False,True,False,True,False,False,False,True,confirmed_risk_off,False,True,False,True
2023-03-17,510880.SH,2.501,,0.04951741502308016,,,,1.836647287433988,1.5559884634354062,0.0,1.1079004907586472,1.1975837593796923,0.008172182834626169,258545349.4,49,0.6826769481793973,,False,False,False,False,True,False,True,False,False,False,True,confirmed_risk_off,False,True,False,True
2023-03-17,512010.SH,0.463,,-0.07768924302788838,,,,-35.75916261264846,-5.265715840244745,0.0,-1.2678672588826185,-1.7242127359748172,0.007930368138500723,570374203.6,49,-0.8519894507480109,,False,False,False,False,True,False,False,False,False,False,True,confirmed_risk_off,False,True,False,True
2023-03-17,512100.SH,2.615,,-0.01839339339339341,,,,-14.473322244031303,-0.579701745201476,0.0,0.07723511306181159,0.2828486889381576,0.008424841989685827,1412624751.25,49,0.08746378301235616,,False,False,False,False,True,False,True,False,False,False,True,confirmed_risk_off,False,True,False,True
2023-03-17,512660.SH,1.121,,0.008093525179855954,,,,0.19551188832542607,0.08421465108018798,0.0,1.004193280716918,0.5672099736713099,0.011708437994828567,416764873.3,49,0.5151193070210291,,False,False,False,False,True,False,True,False,False,False,True,confirmed_risk_off,False,True,False,True
2023-03-17,512880.SH,0.905,,-0.004400440044004417,,,,-25.1679577634725,-0.6608412081803257,0.0,-0.5985840867049328,0.2480959368379743,0.013812708880369076,876522426.45,49,-0.18981444731437827,,False,False,False,False,True,False,False,False,False,False,True,confirmed_risk_off,False,True,False,True
2023-03-17,515300.SH,0.929,,0.08023255813953489,,,,12.39684440252492,2.3161077281029168,0.0,1.7752242112095467,1.523149586435381,0.012392779495605582,3879791.55,49,1.0147196017708948,,False,False,False,False,False,False,True,False,False,False,True,confirmed_risk_off,False,True,False,True
2023-03-17,516160.SH,2.979,,-0.08563535911602205,,,,-36.715021922798066,-4.839154859053634,0.0,-1.3282702593308893,-1.5415128820355597,0.011158508081371818,169135294.5,49,-0.8396106801394676,,False,False,False,False,True,False,False,False,False,False,True,confirmed_risk_off,False,True,False,True
2023-03-24,159915.SZ,2.297,,-0.025456088247772568,,,,-16.449017320655432,-0.5067195289059728,0.0,-0.44277614447820945,-0.31520698768571814,0.008333204444277204,2207070882.7226,54,-0.24015185532842742,,False,False,False,False,True,False,False,False,False,False,True,confirmed_risk_off,False,True,False,True
2023-03-24,159928.SZ,1.038,,-0.03799814643188126,,,,-27.144225915816104,-1.1005268982264087,0.0,-1.0073653213739602,-0.6250462153826298,0.010149667904554361,162649521.89935002,54,-0.5279553716261101,,False,False,False,False,True,False,False,False,False,False,True,confirmed_risk_off,False,True,False,True
2023-03-24,159995.SZ,1.134,,0.08516746411483256,,,,36.37282148440777,4.885987121877329,0.0,2.345634967630879,2.4986214526498642,0.015918601862428203,707914067.96975,54,1.4379782775823244,,False,False,False,False,True,False,True,False,False,False,True,confirmed_risk_off,False,True,False,True
2023-03-24,510300.SH,3.746,,-0.008994708994709,,,,-8.55110637937117,-0.026615082491742055,0.0,-0.025853463834724887,-0.06469613420628634,0.00843113389745812,2276720225.2,54,-0.023280612375147225,,False,False,False,False,True,False,False,False,False,False,True,confirmed_risk_off,False,True,False,True
2023-03-24,510500.SH,6.084,,-0.006531678641410799,,,,-5.228840203219051,-0.006472169584155907,0.0,0.14952558643186215,-0.054185883068791976,0.007379730237801829,1445799027.15,54,0.04897305795898647,,False,False,False,False,True,False,True,False,False,False,True,confirmed_risk_off,False,True,False,True
2023-03-24,510880.SH,2.478,,0.0032388663967610754,,,,-0.22361694493738368,0.052147483576869956,0.0,0.41374622826687635,-0.02359908168897958,0.007011801370066321,225144815.7,54,0.16077867496895462,,False,False,False,False,True,False,True,False,False,False,True,confirmed_risk_off,False,True,False,True
2023-03-24,512010.SH,0.469,,-0.0506072874493928,,,,-25.165610113513672,-1.271435805404622,0.0,-0.9029162068685804,-0.714223761069243,0.010903875153501346,586583135.55,54,-0.5040112349612808,,False,False,False,False,True,False,False,False,False,False,True,confirmed_risk_off,False,True,False,True
2023-03-24,512100.SH,2.661,,-0.012249443207126953,,,,-7.387631645114495,-0.05718019117838865,0.0,0.035565183282658425,-0.08064452110620086,0.008474369865667618,1311354067.6,54,-0.001902830908176804,,False,False,False,False,True,False,False,False,False,False,True,confirmed_risk_off,False,True,False,True
2023-03-24,512660.SH,1.126,,-0.012280701754386003,,,,-4.719864067001965,-0.07618989629372835,0.0,0.17639391866209175,-0.0905634824663865,0.012326117951773337,403365461.9,54,0.05244487097155939,,False,False,False,False,True,False,True,False,False,False,True,confirmed_risk_off,False,True,False,True
2023-03-24,512880.SH,0.911,,-0.02148227712137485,,,,-10.229413854577313,-0.12008881417021977,0.0,-0.11444960738571344,-0.11346923863298339,0.010180518203021056,795356808.4,54,-0.06847369068088206,,False,False,False,False,True,False,False,False,False,False,True,confirmed_risk_off,False,True,False,True
2023-03-24,515300.SH,0.93,,0.058020477815699634,,,,12.903114346262967,2.6152078153240956,0.0,1.1066930136511182,1.3137649773626539,0.011975126071121372,4207014.7,54,0.705430200932978,,False,False,False,False,False,False,True,False,False,False,True,confirmed_risk_off,False,True,False,True
2023-03-24,516160.SH,3.051,,-0.06811240073304825,,,,-40.91287235236376,-3.219612103576375,0.0,-1.7341981539842966,-1.7307511247052987,0.010625945026592892,189689921.15,54,-1.0398294865347784,,False,False,False,False,True,False,False,False,False,False,True,confirmed_risk_off,False,True,False,True
2023-03-31,159915.SZ,2.327,,-0.010629251700680187,,,,-0.0019069535524108743,-0.1314894500806159,0.0,0.036064601274218185,0.3299242028946546,0.008604308223149192,2309449515.53375,59,0.0804106810886182,,False,False,False,False,True,False,True,False,False,False,True,confirmed_risk_off,False,True,False,True
2023-03-31,159928.SZ,1.066,,-0.02112029384756653,,,,-0.21153826357900646,-0.16205181759107984,0.0,0.022495333311373007,0.31154798506196796,0.010671019067380851,159447230.95859998,59,0.07130773033694279,,False,False,False,False,True,False,True,False,False,False,True,confirmed_risk_off,False,True,False,True
2023-03-31,159995.SZ,1.143,,0.08238636363636354,,,,42.871101734731305,2.493762371006361,0.0,2.8112003536143853,1.9084079153699542,0.017834764653548076,803366344.68045,59,1.506161724519745,,False,False,False,False,True,False,True,False,False,False,True,confirmed_risk_off,False,True,False,True
2023-03-31,510300.SH,3.77,,-0.019250780437044757,,,,-0.0019809466481997113,-0.239647100858058,0.0,0.036059811759979916,0.26489231194977164,0.008206077494978098,2237231463.65,59,0.0674023870939463,,False,False,False,False,True,False,True,False,False,False,True,confirmed_risk_off,False,True,False,True
2023-03-31,510500.SH,6.119,,-0.006817075150137963,,,,0.0253878986082074,-0.13387628032945673,0.0,0.03783137534497453,0.3284890747892378,0.007375733020326206,1529309033.65,59,0.08083036509583737,,False,False,False,False,True,False,True,False,False,False,True,confirmed_risk_off,False,True,False,True
2023-03-31,510880.SH,2.478,,-0.01977848101265811,,,,-3.495830494881284,-0.4916852467437329,0.0,-0.1900942905820108,0.11334947517981646,0.006868824636639781,208368052.0,59,-0.053367821196841025,,False,False,False,False,True,False,False,False,False,False,True,confirmed_risk_off,False,True,False,True
2023-03-31,512010.SH,0.47,,-0.04471544715447162,,,,-4.885805780793007,-1.2903719156020486,0.0,-0.2800662852896508,-0.3668764170707829,0.010782571236079907,573361163.6,59,-0.1854017975300169,,False,False,False,False,True,False,False,False,False,False,True,confirmed_risk_off,False,True,False,True
2023-03-31,512100.SH,2.664,,-0.013698630136986245,,,,-0.09172227247116396,-0.394706763213199,0.0,0.03025092711732654,0.17165967440867366,0.00824708191180885,1261808041.4,59,0.04643230572866535,,False,False,False,False,True,False,True,False,False,False,True,confirmed_risk_off,False,True,False,True
2023-03-31,512660.SH,1.091,,-0.06592465753424659,,,,-26.78857372874829,-5.1720749029628665,0.0,-1.6978150336808906,-2.700825828323383,0.011865434352522068,383648544.7,59,-1.2192911791370329,,False,False,False,False,True,False,False,False,False,False,True,confirmed_risk_off,False,True,False,True
2023-03-31,512880.SH,0.905,,-0.041313559322033844,,,,-0.0649283741395185,-1.0920049432677754,0.0,0.031985274845178845,-0.2476044171782002,0.009263317954406705,797578323.4,59,-0.036726773497568505,,False,False,False,False,True,False,False,False,False,False,True,confirmed_risk_off,False,True,False,True
2023-03-31,515300.SH,0.924,,-0.003236245954692518,,,,2.3814628568047285,0.0014399145222473192,0.0,0.19033823342958905,0.4098505685293357,0.01066567519206593,4297243.35,59,0.15810540707770276,,False,False,False,False,False,False,True,False,False,False,True,confirmed_risk_off,False,True,False,True
2023-03-31,516160.SH,3.083,,-0.04403100775193791,,,,-16.444483508586885,-1.54972008162478,0.0,-1.028250301144473,-0.5228145456110462,0.011136709001867804,206555999.85,59,-0.5158630295799985,,False,False,False,False,True,False,False,False,False,False,True,confirmed_risk_off,False,True,False,True
2023-04-07,159915.SZ,2.369,,0.0286582718193662,0.016738197424892798,,,14.612877346861282,0.6336825381653063,0.0,0.03263844335254654,-0.2944419214357543,0.00824855976224212,2299379051.2613997,63,-0.04583300694613225,,False,False,False,False,True,False,False,False,False,False,True,confirmed_risk_off,False,True,False,True
2023-04-07,159928.SZ,1.052,,0.0019047619047618536,-0.005671077504725952,,,4.720346693575842,0.1602799910113643,0.0,-0.42181688792016414,-0.42145279359589427,0.010269670405995383,167644804.06735,63,-0.2530173138872445,,False,False,False,False,True,False,False,False,False,False,True,confirmed_risk_off,False,True,False,True
2023-04-07,159995.SZ,1.282,,0.22562141491395793,0.26429980276134124,,,81.31281824040938,13.660994067214684,0.0,3.0967829779545757,3.2007023467009352,0.020299631391823576,1021580638.0771,63,1.8788536605220174,,False,False,False,False,True,False,True,False,False,False,True,confirmed_risk_off,False,True,False,True
2023-04-07,510300.SH,3.837,,0.02703426124197006,0.04124830393487122,,,14.590998587921336,1.3915615606882887,0.0,0.03163334981375755,-0.09110783246386546,0.007732239469715437,2095500797.25,63,-0.00556822656727007,,False,False,False,False,True,False,False,False,False,False,True,confirmed_risk_off,False,True,False,True
2023-04-07,510500.SH,6.235,,0.027860204418068024,0.07741489545533109,,,16.882449771419505,1.435099384835492,0.0,0.1369008736850185,-0.07942691302197467,0.0069138429500062775,1474144282.95,63,0.03887496686961246,,False,False,False,False,True,False,True,False,False,False,True,confirmed_risk_off,False,True,False,True
2023-04-07,510880.SH,2.496,,-0.0019992003198719965,0.06303236797274292,,,0.014597195585508677,0.09712423982597135,0.0,-0.6379954393897365,-0.43839707724668997,0.007299798071274692,195986979.1,63,-0.3428775912052326,,False,False,False,False,True,False,False,False,False,False,True,confirmed_risk_off,False,True,False,True
2023-04-07,512010.SH,0.483,,0.006250000000000089,-0.022267206477732837,,,-0.004597524303277051,-0.01368153176641888,0.0,-0.6388772302167225,-0.4681255562650977,0.01187260583313383,652070634.05,63,-0.34917600333970855,,False,False,False,False,True,False,False,False,False,False,True,confirmed_risk_off,False,True,False,True
2023-04-07,512100.SH,2.73,,0.020560747663551426,0.08635097493036215,,,10.812572135677243,0.8047392767971794,0.0,-0.14194468650740175,-0.24854849375329102,0.007950738128587905,1230866712.7,63,-0.10648757335361891,,False,False,False,False,True,False,False,False,False,False,True,confirmed_risk_off,False,True,False,True
2023-04-07,512660.SH,1.125,,-0.026816608996539704,0.020871143375680523,,,-6.368251584804517,-0.33337673647931304,0.0,-0.9312186558366221,-0.5538977326509491,0.011651600771250489,382094485.75,63,-0.4832670088648387,,False,False,False,False,True,False,False,False,False,False,True,confirmed_risk_off,False,True,False,True
2023-04-07,512880.SH,0.949,,0.04515418502202628,0.07474518686296716,,,18.588972759137665,1.9143174983089777,0.0,0.21529724129701933,0.049144238344078016,0.012262913739613775,938931616.55,63,0.09594774418762334,,False,False,False,False,True,False,True,False,False,False,True,confirmed_risk_off,False,True,False,True
2023-04-07,515300.SH,0.946,,0.03841931942919863,0.10772833723653386,,,12.497888427942774,2.337657590178373,0.0,-0.06452253834893609,0.162723674306008,0.011036144730873556,3963543.75,63,0.006735719521627163,,False,False,False,False,False,False,False,False,False,False,True,confirmed_risk_off,False,True,False,True
2023-04-07,516160.SH,3.038,,-0.05240174672489084,-0.06263498920086397,,,-0.8317818309450897,-1.3146681623769003,0.0,-0.6768774478833359,-0.8171719389175052,0.011216759765043802,237969492.55,63,-0.43418536693683546,,False,False,False,False,True,False,False,False,False,False,True,confirmed_risk_off,False,True,False,True
2023-04-14,159915.SZ,2.355,,0.054635020152261404,-0.01133501259445846,,,23.7273126493509,2.315696257560256,0.0,0.24835120825744136,0.3528228441031384,0.007578020025127522,2010824845.3882499,68,0.16990505212360424,,False,False,False,False,True,False,True,False,False,False,True,confirmed_risk_off,False,True,False,True
2023-04-14,159928.SZ,1.003,,-0.030917874396135248,-0.06086142322097399,,,-0.02787189956274367,-0.5300566338673649,0.0,-0.8765819594634551,-1.1439492163948908,0.009869822071464645,169958449.62594998,68,-0.5794226270643602,,False,False,False,False,True,False,False,False,False,False,True,confirmed_risk_off,False,True,False,True
2023-04-14,159995.SZ,1.274,,0.20075400565504253,0.25765054294175727,,,82.41977961952904,7.241120617675878,0.0,3.0277488026716677,2.9434334310325734,0.02526579810215971,1129384723.2318,68,1.799786207275182,,False,False,False,False,True,False,True,False,False,False,True,confirmed_risk_off,False,True,False,True
2023-04-14,510300.SH,3.804,,0.04133588831097712,0.017656500802568198,,,16.65931033186261,1.294690720552469,0.0,-0.08635594672588418,-0.18419235704469858,0.00586162498632248,2097356714.5,68,-0.07138085009929339,,False,False,False,False,True,False,False,False,False,False,True,confirmed_risk_off,False,True,False,True
2023-04-14,510500.SH,6.2,,0.04641350210970474,0.070257206973934,,,19.33239235664638,2.190603777780587,0.0,0.0402285731091895,0.2870283300128113,0.005020425388296632,1652368740.2,68,0.07349709524623807,,False,False,False,False,True,False,True,False,False,False,True,confirmed_risk_off,False,True,False,True
2023-04-14,510880.SH,2.549,,0.02699435938759054,0.09024807527801526,,,5.292393034177923,0.6547694041361831,0.0,-0.6246393794046109,-0.5207698407096665,0.005831045779059449,200297950.0,68,-0.35400971990377766,,False,False,False,False,True,False,False,False,False,False,True,confirmed_risk_off,False,True,False,True
2023-04-14,512010.SH,0.488,,0.031712473572938826,-0.016129032258064502,,,16.77733228003654,1.4856333963368755,0.0,-0.0807669855563124,-0.08376281408200721,0.01250640917108873,735678614.45,68,-0.0490593570389264,,False,False,False,False,True,False,False,False,False,False,True,confirmed_risk_off,False,True,False,True
2023-04-14,512100.SH,2.721,,0.04855491329479755,0.08233890214797146,,,17.680018899889888,1.8827650014640813,0.0,-0.03802001734648916,0.12511529781791209,0.006170788229016145,1163706873.25,68,0.009815052624986753,,False,False,False,False,True,False,False,False,False,False,True,confirmed_risk_off,False,True,False,True
2023-04-14,512660.SH,1.109,,-0.0026978417266187993,0.04131455399061035,,,-0.29238490986577886,-0.1617617929641571,0.0,-0.8891080443680318,-0.9502382903513641,0.009475348954217516,380403739.75,68,-0.5456908758174855,,False,False,False,False,True,False,False,False,False,False,True,confirmed_risk_off,False,True,False,True
2023-04-14,512880.SH,0.941,,0.057303370786516705,0.04555555555555557,,,24.676219594442404,1.5682904681154597,0.0,0.29328695242798963,-0.040287923478030965,0.012189269455777417,1066132744.9,68,0.10925719627558966,,False,False,False,False,True,False,True,False,False,False,True,confirmed_risk_off,False,True,False,True
2023-04-14,515300.SH,0.967,,0.057986870897155374,0.13764705882352946,,,14.530363577759543,1.6099261991375722,0.0,-0.18717279414169627,-0.018388903679075225,0.008954378444403279,3562292.85,68,-0.07854689839249356,,False,False,False,False,False,False,False,False,False,False,True,confirmed_risk_off,False,True,False,True
2023-04-14,516160.SH,3.064,,0.020652898067954784,-0.09536462946560376,,,1.0197739161277706,0.18698202427000024,0.0,-0.8269704094598088,-0.7668105572267032,0.010461145733048977,296659787.55,68,-0.48415027522926424,,False,False,False,False,True,False,False,False,False,False,True,confirmed_risk_off,False,True,False,True
2023-04-21,159915.SZ,2.269,,-0.008304195804195613,-0.09094551282051277,,,0.16062935877869944,0.0011776412173119678,0.0,-0.5424825172838357,-0.3629553729407324,0.00858941534009928,1488394405.17705,73,-0.2895840815016808,,False,False,False,False,True,False,False,False,False,False,True,confirmed_risk_off,False,True,False,True
2023-04-21,159928.SZ,0.994,,-0.04331087584215587,-0.09057639524245198,,,-18.76148402992149,-1.2833982482342519,0.0,-1.6193037011436324,-1.2283725119423214,0.008854326906744352,169075495.4438,73,-0.8933959828459174,,False,False,False,False,True,False,False,False,False,False,True,confirmed_risk_off,False,True,False,True
2023-04-21,159995.SZ,1.196,,0.04728546409807355,0.09825528007346196,,,37.76019291808831,1.9379026458236683,0.0,1.5972365359127203,0.9418137935075457,0.02830701825201496,1158054809.7476,73,0.8272573730665973,,False,False,False,False,True,False,True,False,False,False,True,confirmed_risk_off,False,True,False,True
2023-04-21,510300.SH,3.75,,-0.00026659557451347293,-0.03300670448684895,,,5.9768395415473545,0.13414523205317666,0.0,-0.21149315019091544,-0.2733752765166614,0.007582209063024187,1992506581.4,73,-0.13927231537969847,,False,False,False,False,True,False,False,False,False,False,True,confirmed_risk_off,False,True,False,True
2023-04-21,510500.SH,6.029,,-0.007735352205398227,0.006174899866488559,,,2.2541952092116233,0.021625557982206573,0.0,-0.42334169980528213,-0.34917963748552877,0.007216268455104199,1528375430.6,73,-0.23917260741921864,,False,False,False,False,True,False,False,False,False,False,True,confirmed_risk_off,False,True,False,True
2023-04-21,510880.SH,2.576,,0.03205128205128216,0.08554572271386429,,,28.386718909740452,1.9751129874381739,0.0,1.0638101066759211,0.9668823532133064,0.006394990896591452,224008471.95,73,0.6189005133130298,,False,False,False,False,True,False,True,False,False,False,True,confirmed_risk_off,False,True,False,True
2023-04-21,512010.SH,0.464,,-0.016949152542372725,-0.13108614232209737,,,1.8391412913096403,-0.04537604840579314,0.0,-0.4469616222769317,-0.39431853428793495,0.01060465273147277,792630963.5,73,-0.2576483557683597,,False,False,False,False,True,False,False,False,False,False,True,confirmed_risk_off,False,True,False,True
2023-04-21,512100.SH,2.63,,-0.010906355772846932,0.013878180416345476,,,1.9006938319086888,0.003293526406630753,0.0,-0.44345878523775467,-0.361529903786257,0.00806260957360085,1085521147.8,73,-0.2496894948523533,,False,False,False,False,True,False,False,False,False,False,True,confirmed_risk_off,False,True,False,True
2023-04-21,512660.SH,1.091,,-0.03876651982378854,-0.017117117117117275,,,-0.0388674922240031,-0.7907285787974186,0.0,-0.5538355004765756,-0.8964615837534742,0.007595547281075931,389110125.7,73,-0.4008265169413251,,False,False,False,False,True,False,False,False,False,False,True,confirmed_risk_off,False,True,False,True
2023-04-21,512880.SH,0.916,,0.007700770077007757,-0.060512820512820475,,,11.703490791536552,0.37997211640827167,0.0,0.11439958979488757,-0.10776201793441509,0.015603361216767074,1190517641.5,73,0.02420743233107201,,False,False,False,False,True,False,True,False,False,False,True,confirmed_risk_off,False,True,False,True
2023-04-21,515300.SH,0.987,,0.047770700636942776,0.13318025258323773,,,45.43537592313898,4.444574489319683,0.0,2.034016481157884,2.6305554186834064,0.011583741859911772,3333327.65,73,1.339717676199835,,False,False,False,False,False,False,True,False,False,False,True,confirmed_risk_off,False,True,False,True
2023-04-21,516160.SH,2.957,,-0.028580814717477088,-0.13840326340326348,,,-0.29806154838041776,-0.29916633492712486,0.0,-0.5685857371264863,-0.5652967267569335,0.012115930034797962,366167212.5,73,-0.34049364020198125,,False,False,False,False,True,False,False,False,False,False,True,confirmed_risk_off,False,True,False,True
2023-04-28,159915.SZ,2.255,,-0.025075659316904586,-0.10657686212361339,,,-20.629830206556992,-0.7441386649276179,0.0,-0.810964379131899,-0.44118690972761226,0.010065392464384964,1503364248.0629501,78,-0.41262313359828207,,False,False,False,False,True,False,False,False,False,False,True,confirmed_risk_off,False,True,False,True
2023-04-28,159928.SZ,1.002,,-0.05649717514124297,-0.08659981768459435,,,-36.182783637197076,-3.500342208022571,0.0,-1.6583056638520421,-1.6887011294659586,0.009569734085584428,190746064.36385,78,-1.0010624914340087,,False,False,False,False,True,False,False,False,False,False,True,confirmed_risk_off,False,True,False,True
2023-04-28,159995.SZ,1.119,,-0.013227513227513144,0.0191256830601092,,,-13.459713657099849,-0.1828010303248312,0.0,-0.4203288772830303,-0.18711399011481736,0.028268281322740424,1201638958.07045,78,-0.2055543489361756,,False,False,False,False,True,False,False,False,False,False,True,confirmed_risk_off,False,True,False,True
2023-04-28,510300.SH,3.745,,-0.003989361702127603,-0.03974358974358971,,,-4.891578379553018,-0.08925114769023401,0.0,0.04647215739567497,-0.14477139566677996,0.008356382459486769,2177932924.6,78,-0.010365416175086004,,False,False,False,False,True,False,False,False,False,False,True,confirmed_risk_off,False,True,False,True
2023-04-28,510500.SH,6.037,,-0.00576416337285901,-0.01757526444263624,,,-10.58110202525781,-0.2923454306158786,0.0,-0.26349908355844404,-0.23669603110673082,0.00882895468641645,1510864604.4,78,-0.1527388396447238,,False,False,False,False,True,False,False,False,False,False,True,confirmed_risk_off,False,True,False,True
2023-04-28,510880.SH,2.643,,0.06960744637798455,0.10079133694294051,,,26.345476226611638,3.6216350848998613,0.0,1.7482997941142853,1.5348517782404163,0.006217591525061489,283967375.7,78,1.0062902732937973,,False,False,False,False,True,False,True,False,False,False,True,confirmed_risk_off,False,True,False,True
2023-04-28,512010.SH,0.461,,-0.025369978858350906,-0.1134615384615385,,,-4.460095470391205,-0.31374839062600623,0.0,0.06997980076479093,-0.2463834495210992,0.010790803612579421,859711054.0,78,-0.021284769598303468,,False,False,False,False,True,False,False,False,False,False,True,confirmed_risk_off,False,True,False,True
2023-04-28,512100.SH,2.614,,-0.010598031794095353,-0.02716784518049864,,,-12.79551963791179,-0.45795638503602104,0.0,-0.38414288752667297,-0.31165494373898606,0.009789906855189635,1213569957.25,78,-0.21598814375846642,,False,False,False,False,True,False,False,False,False,False,True,confirmed_risk_off,False,True,False,True
2023-04-28,512660.SH,1.091,,0.0027573529411764053,-0.045494313210848736,,,-8.98376847004851,-4.217767727873474e-05,0.0,-0.17647466901019457,-0.10439358725049513,0.00944385054694329,385566422.9,78,-0.09146858505417686,,False,False,False,False,True,False,False,False,False,False,True,confirmed_risk_off,False,True,False,True
2023-04-28,512880.SH,0.928,,0.02428256070640189,-0.03433922996878247,,,-2.6350516502098373,0.14941935134564333,0.0,0.1694101103943745,-0.03674423558085781,0.016556588228516047,1259720051.85,78,0.060415197041578245,,False,False,False,False,True,False,True,False,False,False,True,confirmed_risk_off,False,True,False,True
2023-04-28,515300.SH,1.011,,0.0941558441558441,0.1594036697247705,,,34.51594195964218,5.632041337543896,0.0,2.1934353731451472,2.444802857110324,0.012038173307436487,3359356.6,78,1.3663347206801237,,False,False,False,False,False,False,True,False,False,False,True,confirmed_risk_off,False,True,False,True
2023-04-28,516160.SH,2.934,,-0.04429967426710091,-0.1746835443037975,,,-15.176875725638098,-1.0552647719676072,0.0,-0.5138816754519898,-0.5820089631774035,0.018977680914815824,451795502.95,78,-0.3219544628162766,,False,False,False,False,True,False,False,False,False,False,True,confirmed_risk_off,False,True,False,True
2023-05-05,159915.SZ,2.202,,-0.0693153000845309,-0.10777957860615883,,,-30.828735396153686,-2.744989591446019,0.0,-0.7476837737089813,-0.7033896779782672,0.009402643126430396,1394912971.15525,80,-0.43975144507924596,,False,False,False,False,True,False,False,False,False,False,True,confirmed_risk_off,False,True,False,True
2023-05-05,159928.SZ,0.995,,-0.06484962406015038,-0.0674789128397375,,,-26.297819934589505,-4.346082145844687,0.0,-0.5643024954102465,-1.1247819694146985,0.009911786162340118,189545177.33635002,80,-0.4506773920470383,,False,False,False,False,True,False,False,False,False,False,True,confirmed_risk_off,False,True,False,True
2023-05-05,159995.SZ,1.083,,-0.09825145711906758,0.0009242144177448175,,,-59.05538518644514,-4.1033129612770605,0.0,-1.8901105447543638,-1.0608874352142519,0.02610613314351227,1167571969.9311001,80,-0.968221704944596,,False,False,False,False,True,False,False,False,False,False,True,confirmed_risk_off,False,True,False,True
2023-05-05,510300.SH,3.729,,-0.018684210526315748,-0.018684210526315748,,,-8.719881628445808,-0.3435959146957807,0.0,0.14713536384394343,-0.07136576324162308,0.008149983757172618,2065504122.4,80,0.044580992889252755,,False,False,False,False,True,False,True,False,False,False,True,confirmed_risk_off,False,True,False,True
2023-05-05,510500.SH,5.982,,-0.032508491023774844,-0.017411300919842332,,,-15.858607971059172,-0.9287555690766311,0.0,-0.14179272877629617,-0.22537420387690346,0.008440417602320982,1413941259.85,80,-0.10179193228589917,,False,False,False,False,True,False,False,False,False,False,True,confirmed_risk_off,False,True,False,True
2023-05-05,510880.SH,2.742,,0.09723889555822329,0.15793918918918926,,,32.00392394284369,6.370441588735658,0.0,1.7953637596732674,1.6957048789822464,0.008101061025189326,298453212.05,80,1.0572864796657564,,False,False,False,False,True,False,True,False,False,False,True,confirmed_risk_off,False,True,False,True
2023-05-05,512010.SH,0.455,,-0.023605150214592308,-0.09542743538767395,,,-16.89737366468147,-0.16658353855798558,0.0,-0.1838350450289961,-0.024777793927551924,0.011078935661644501,854705771.15,80,-0.07848957679710883,,False,False,False,False,True,False,False,False,False,False,True,confirmed_risk_off,False,True,False,True
2023-05-05,512100.SH,2.578,,-0.04553868937430594,-0.03734129947722187,,,-22.286336380543037,-1.6855473277245603,0.0,-0.40194436088847896,-0.42455457757905396,0.009180848978768781,1200478718.75,80,-0.24568865987120242,,False,False,False,False,True,False,False,False,False,False,True,confirmed_risk_off,False,True,False,True
2023-05-05,512660.SH,1.077,,-0.028854824165915227,-0.061846689895470375,,,-14.636655340348174,-0.49325840437135626,0.0,-0.09233622548437073,-0.11075550326209199,0.00896432295762324,365720917.6,80,-0.0590855908461667,,False,False,False,False,True,False,False,False,False,False,True,confirmed_risk_off,False,True,False,True
2023-05-05,512880.SH,0.953,,0.011677282377919429,0.019251336898395532,,,-3.0932945388515787,0.022719930393540328,0.0,0.37486213158035636,0.025045073800609424,0.014489351545076936,1252310405.45,80,0.15495386739226444,,False,False,False,False,True,False,True,False,False,False,True,confirmed_risk_off,False,True,False,True
2023-05-05,515300.SH,1.055,,0.14177489177489155,0.22106481481481466,,,36.259089434526686,9.107048511088912,0.0,1.9675845159104868,2.415953723187475,0.014661085547101252,3446815.25,79,1.2702245510016898,,False,False,False,False,False,False,True,False,False,False,True,confirmed_risk_off,False,True,False,True
2023-05-05,516160.SH,2.869,,-0.07421748951274598,-0.1688876013904982,,,-18.851883806873865,-1.5573594532116168,0.0,-0.2629405969563207,-0.39081675147588874,0.01901869026372556,457510776.15,80,-0.18333958907770603,,False,False,False,False,True,False,False,False,False,False,True,confirmed_risk_off,False,True,False,True
2023-05-05,588080.SH,1.058,,,,,,,,0.0,0.0,0.0,,,17,0.0,,False,False,False,False,False,False,False,False,False,False,True,confirmed_risk_off,False,True,False,True
2023-05-12,159915.SZ,2.185,,-0.07493649449618967,-0.12424849699398799,,,-34.606851200404186,-3.290980526937829,0.0,-0.6462813502850865,-0.44071117933653087,0.010296835147323853,1475317733.57225,85,-0.3466547759813408,,False,False,False,False,True,False,False,False,False,False,True,confirmed_risk_off,False,True,False,True
2023-05-12,159928.SZ,0.971,,-0.05636540330417872,-0.12047101449275377,,,-11.573947543071679,-1.8547286293596195,0.0,0.04456666547288613,-0.0351124254723323,0.008934985277722726,172218990.06635,85,0.010804181094687993,,False,False,False,False,True,False,True,False,False,False,True,confirmed_risk_off,False,True,False,True
2023-05-12,159995.SZ,1.044,,-0.16077170418006426,-0.05520361990950218,,,-95.35415551561039,-11.51688214764148,0.0,-2.468333631368011,-2.763712772854155,0.02275169491245665,986378952.9794499,85,-1.5400760071180355,,False,False,False,False,True,False,False,False,False,False,True,confirmed_risk_off,False,True,False,True
2023-05-12,510300.SH,3.652,,-0.04197271773347322,-0.052658884565499275,,,-9.511718097427572,-0.9616071852508511,0.0,0.10642109519466143,0.217105827739886,0.00903021076394016,2218790907.75,85,0.08598960362584178,,False,False,False,False,True,False,True,False,False,False,True,confirmed_risk_off,False,True,False,True
2023-05-12,510500.SH,5.874,,-0.051203359715716434,-0.04549886252843682,,,-19.103629077060898,-2.4654037405737417,0.0,-0.18127830936987058,-0.20756759475146716,0.008603127869513151,1280591961.9,85,-0.11402484269824167,,False,False,False,False,True,False,False,False,False,False,True,confirmed_risk_off,False,True,False,True
2023-05-12,510880.SH,2.707,,0.07591414944356112,0.13311008790288836,,,34.109423622323554,2.8876680135943045,0.0,1.4147919220136995,1.3041444082037585,0.012676249541144397,372999365.8,85,0.8267456504462316,,False,False,False,False,True,False,True,False,False,False,True,confirmed_risk_off,False,True,False,True
2023-05-12,512010.SH,0.449,,-0.0742268041237113,-0.1264591439688716,,,-36.2875066327138,-3.3386326590216235,0.0,-0.6966908639034151,-0.45416818184754526,0.009066033861225044,770146195.3,85,-0.36950998193087514,,False,False,False,False,True,False,False,False,False,False,True,confirmed_risk_off,False,True,False,True
2023-05-12,512100.SH,2.532,,-0.06430155210643018,-0.0738844184345282,,,-30.0273960259854,-3.784572812250573,0.0,-0.5089253500357374,-0.5801020592910892,0.009382348667677724,1224579746.25,85,-0.3195905518725128,,False,False,False,False,True,False,False,False,False,False,True,confirmed_risk_off,False,True,False,True
2023-05-12,512660.SH,1.057,,-0.04688908926961233,-0.07604895104895104,,,-5.692159151030582,-1.1438070993936151,0.0,0.220984797559167,0.16565241747454296,0.012245220238255838,364972599.75,85,0.12152440251857541,,False,False,False,False,True,False,True,False,False,False,True,confirmed_risk_off,False,True,False,True
2023-05-12,512880.SH,0.941,,-0.008429926238145424,-0.0010615711252653925,,,0.06060393135552721,-0.004831629862429502,0.0,0.3935329495298783,0.4873000559582257,0.016308907720441905,1343303198.85,85,0.25487319100359646,,False,False,False,False,True,False,True,False,False,False,True,confirmed_risk_off,False,True,False,True
2023-05-12,515300.SH,1.029,,0.08773784355179703,0.18822170900692825,,,38.29782395252765,3.182989752353626,0.0,1.5404186384872163,1.3875435176717874,0.02127535169790939,4273891.95,84,0.8936761589292441,,False,False,False,False,False,False,True,False,False,False,True,confirmed_risk_off,False,True,False,True
2023-05-12,516160.SH,2.879,,-0.06918849013902362,-0.16210710128055883,,,-21.340463845444333,-1.2755229307261235,0.0,-0.24836984434549625,0.12845575500695292,0.019389791243659915,431085809.15,85,-0.07365678673680792,,False,False,False,False,True,False,False,False,False,False,True,confirmed_risk_off,False,True,False,True
2023-05-12,588080.SH,1.022,,0.03967446592065116,,,,21.252547533481735,1.0711997548057228,0.0,1.029163281050107,0.7911722314979659,0.012517607465630862,454301234.0,22,0.569899758719636,,False,False,False,False,True,False,True,False,False,False,True,confirmed_risk_off,False,True,False,True
2023-05-19,159915.SZ,2.215,,-0.059048428207306825,-0.07823553890969626,,,-5.8583984266223235,-2.2975685630590106,0.0,-0.15713185300343963,-0.2579484036479762,0.011321113659897795,1543003450.4456499,90,-0.1144424219309711,,False,False,False,False,True,False,False,False,False,False,True,confirmed_risk_off,False,True,False,True
2023-05-19,159928.SZ,0.96,,-0.057899901864573056,-0.1304347826086958,,,-14.072174586831165,-3.916063738542122,0.0,-0.6959826167444879,-0.9375558920264584,0.008466693688762371,161078846.83555,90,-0.4659042251030869,,False,False,False,False,True,False,False,False,False,False,True,confirmed_risk_off,False,True,False,True
2023-05-19,159995.SZ,1.097,,-0.11532258064516132,0.03588290840415498,,,-42.919796473077774,-7.720257114625193,0.0,-2.588481606529684,-2.53493989711264,0.018792252329710362,921028677.6896,90,-1.5423806220344014,,False,False,False,False,True,False,False,False,False,False,True,confirmed_risk_off,False,True,False,True
2023-05-19,510300.SH,3.664,,-0.05371900826446274,-0.04929942916450436,,,-5.408206851549797,-2.3101223930993444,0.0,-0.12759780321610667,-0.26321976746325293,0.008974123462538727,2332501607.45,90,-0.10368307477909325,,False,False,False,False,True,False,False,False,False,False,True,confirmed_risk_off,False,True,False,True
2023-05-19,510500.SH,5.918,,-0.04840006431902233,-0.03269042170643999,,,-7.434652292956855,-2.283692218194374,0.0,-0.2605392971749578,-0.2521217147432568,0.008974691532343967,1127032922.65,90,-0.1546400618186345,,False,False,False,False,True,False,False,False,False,False,True,confirmed_risk_off,False,True,False,True
2023-05-19,510880.SH,2.652,,0.01921598770176791,0.09270704573547595,,,8.30065361517525,0.3703679164305833,0.0,0.7717485861218799,0.8623203728332625,0.013210981539359503,380764124.05,90,0.4811635090154045,,False,False,False,False,True,False,True,False,False,False,True,confirmed_risk_off,False,True,False,True
2023-05-19,512010.SH,0.459,,-0.05360824742268033,-0.0982318271119843,,,-4.012480465281557,-1.9861931516087734,0.0,-0.036033556206598254,-0.12720160592870164,0.010291543239000401,673383997.65,90,-0.039853743668379626,,False,False,False,False,True,False,False,False,False,False,True,confirmed_risk_off,False,True,False,True
2023-05-19,512100.SH,2.562,,-0.05530973451327448,-0.049703264094955624,,,-14.271720641284219,-2.9785013537708838,0.0,-0.7090734950136622,-0.5438726564108017,0.009744798453228492,1250497739.65,90,-0.39240392928762524,,False,False,False,False,True,False,False,False,False,False,True,confirmed_risk_off,False,True,False,True
2023-05-19,512660.SH,1.107,,0.0,-0.008064516129032362,,,0.34472008537926824,0.002408653728006476,0.0,0.24981314800122678,0.707813968279877,0.015147779853684004,389075333.6,90,0.24148805285646613,,False,False,False,False,True,False,True,False,False,False,True,confirmed_risk_off,False,True,False,True
2023-05-19,512880.SH,0.928,,-0.03534303534303529,-0.019027484143763096,,,2.3923031667378156,-0.19910482379069053,0.0,0.3841413407462856,0.6231982892186053,0.01552499165802718,1262712613.4,90,0.27829619414223533,,False,False,False,False,True,False,True,False,False,False,True,confirmed_risk_off,False,True,False,True
2023-05-19,515300.SH,1.029,,0.07187499999999991,0.18411967779056382,,,20.12286278959496,1.7732208026076401,0.0,1.5473244380185447,1.4513794821721044,0.02186705114688471,4872468.55,87,0.9092056716418389,,False,False,False,False,False,False,True,False,False,False,True,confirmed_risk_off,False,True,False,True
2023-05-19,516160.SH,2.911,,-0.06368607269218396,-0.11600364409353181,,,-0.03965081558778455,-1.5104073735531396,0.0,0.22459715118001988,0.07258124330597335,0.020816120469853223,395058654.1,90,0.10435510913320262,,False,False,False,False,True,False,True,False,False,False,True,confirmed_risk_off,False,True,False,True
2023-05-19,588080.SH,1.051,,0.050999999999999934,,,,17.834732614628265,1.1735246959667711,0.0,1.3972155638209802,1.1995665815232646,0.012905468627545026,416715027.0,24,0.798799541833045,,False,False,False,False,True,False,True,False,False,False,True,confirmed_risk_off,False,True,False,True
2023-05-26,159915.SZ,2.167,,-0.011855905152758917,-0.073931623931624,,,-3.5189185611668417,-0.27688573468071176,0.0,0.2023779389564802,-0.14036508893249652,0.009590434205698873,1535549138.6665998,95,0.052878157796092784,,False,False,False,False,True,False,True,False,False,False,True,confirmed_risk_off,False,True,False,True
2023-05-26,159928.SZ,0.945,,-0.042553191489361764,-0.12983425414364647,,,-19.81791134803619,-1.2862621071472031,0.0,-2.451982889645385,-2.0568459525114933,0.008858425739296313,156668003.85635,95,-1.3921623463604527,,False,False,False,False,True,False,False,False,False,False,True,confirmed_risk_off,False,True,False,True
2023-05-26,159995.SZ,1.088,,-0.04056437389770706,0.05939629990262918,,,-1.4298868287435091,-0.45290716820747456,0.0,0.5425857096303796,-0.47457313871026385,0.013629180353026354,828651041.6070501,95,0.12211965611009906,,False,False,False,False,True,False,True,False,False,False,True,confirmed_risk_off,False,True,False,True
2023-05-26,510300.SH,3.57,,-0.029891304347826164,-0.05179282868525903,,,-13.302722925711437,-0.9450800038680834,0.0,-1.3909565326602358,-1.4090509478272795,0.008774089393992449,2223191210.6,95,-0.8381928026295502,,False,False,False,False,True,False,False,False,False,False,True,confirmed_risk_off,False,True,False,True
2023-05-26,510500.SH,5.833,,-0.010181571355845853,-0.04235757675258578,,,-10.629876261512335,-0.4146438674932623,0.0,-0.9556719982671148,-0.40192344569539123,0.00732071075326034,1081793513.45,95,-0.4626534884459242,,False,False,False,False,True,False,False,False,False,False,True,confirmed_risk_off,False,True,False,True
2023-05-26,510880.SH,2.575,,-0.006941766293868001,0.04040404040404044,,,-5.060929732140388,-0.06461467033644545,0.0,-0.04874518889692221,0.26266934282584886,0.014179710044989285,362588971.45,95,0.03303579300640089,,False,False,False,False,True,False,True,False,False,False,True,confirmed_risk_off,False,True,False,True
2023-05-26,512010.SH,0.453,,-0.00439560439560438,-0.0736196319018404,,,-0.006803426423254037,-0.0038298461327755198,0.0,0.7743409406649899,0.37808016039599573,0.008985144346688062,579975711.2,95,0.38535240834519513,,False,False,False,False,True,False,True,False,False,False,True,confirmed_risk_off,False,True,False,True
2023-05-26,512100.SH,2.544,,-0.006249999999999978,-0.04932735426008972,,,-7.540420267902753,-0.28376980555864306,0.0,-0.4525408490998505,-0.15343572389182114,0.007567527693678374,1197901209.75,95,-0.21170348441830444,,False,False,False,False,True,False,False,False,False,False,True,confirmed_risk_off,False,True,False,True
2023-05-26,512660.SH,1.078,,0.02083333333333326,-0.05022026431718052,,,0.014787803023359416,0.14832755620673604,0.0,0.7778571649147862,0.6669780955864142,0.01462121205612761,351443131.85,95,0.4445384850831974,,False,False,False,False,True,False,True,False,False,False,True,confirmed_risk_off,False,True,False,True
2023-05-26,512880.SH,0.903,,-0.0011061946902655162,-0.017410228509249226,,,-1.9607008872258571,-0.00032589674963295586,0.0,0.4561403652750027,0.3847330325286502,0.013005987043299843,1217488995.75,95,0.2594027526157311,,False,False,False,False,True,False,True,False,False,False,True,confirmed_risk_off,False,True,False,True
2023-05-26,515300.SH,0.991,,-0.01491053677932408,0.12104072398190047,,,1.2019593026551314,-0.09303283799122326,0.0,0.9711931315392844,0.20871238883526066,0.024067948237761386,5416423.5,90,0.43021973038276595,,False,False,False,False,False,False,True,False,False,False,True,confirmed_risk_off,False,True,False,True
2023-05-26,516160.SH,2.866,,0.027608461814270235,-0.12381534698868846,,,0.0008333768383011279,0.022456153268767935,0.0,0.7755846268054943,0.4279888131119373,0.01828873847012912,330009906.25,95,0.3958316133445853,,False,False,False,False,True,False,True,False,False,False,True,confirmed_risk_off,False,True,False,True
2023-05-26,588080.SH,1.052,,0.06693711967545646,,,,0.14963482757904875,1.0121150120506426,0.0,0.7998175807830901,2.3070324642846383,0.013847212034129022,470116349.15,29,0.7813335251701637,,False,False,False,False,True,False,True,False,False,False,True,confirmed_risk_off,False,True,False,True
2023-06-02,159915.SZ,2.175,2.32472,-0.012261580381471404,-0.07878017789072445,,,-7.618258929507288,-0.3708862716174577,0.0,0.34326864779353455,0.62753082922108,0.009346932145571177,1639098491.0814,100,0.26281362496162985,,False,False,False,False,True,False,True,False,False,False,True,confirmed_risk_off,False,True,False,True
2023-06-02,159928.SZ,0.933,1.03638,-0.062311557788944705,-0.1400921658986174,,,-29.993984386920392,-3.477573300591914,0.0,-1.0288783011737572,-1.4653006848499635,0.009675124690781113,143275743.10635,100,-0.7046114574394957,,False,False,False,False,True,False,False,False,False,False,True,confirmed_risk_off,False,True,False,True
2023-06-02,159995.SZ,1.097,1.09663,0.012927054478301114,0.03588290840415498,,,10.83560092801629,0.13149591422464804,0.0,1.4749149735568832,0.9659624964062137,0.010627581183025727,709273811.97515,100,0.783158488703996,,False,False,False,False,True,True,True,False,False,False,True,confirmed_risk_off,False,True,False,True
2023-06-02,510300.SH,3.583,3.75161,-0.039152587825154184,-0.061796281749148974,,,-27.116109801395503,-2.6233703186233526,0.0,-0.8523983546551864,-0.8898636023874277,0.00904275010009759,2314332445.5,100,-0.5189320623395601,,False,False,False,False,True,False,False,False,False,False,True,confirmed_risk_off,False,True,False,True
2023-06-02,510500.SH,5.914,6.018529999999999,-0.01136743564025422,-0.0404024014278761,,,-5.712933351503722,-0.43460701484513214,0.0,0.4601089568875481,0.5846051085793943,0.0064138895762034746,1089724673.2,100,0.3009646044708981,,False,False,False,False,True,False,True,False,False,False,True,confirmed_risk_off,False,True,False,True
2023-06-02,510880.SH,2.568,2.50367,-0.06345733041575485,0.02147971360381873,,,-37.35839535260074,-4.092333956644366,0.0,-1.480486185652503,-1.8794365352263296,0.01243328563911245,337526351.2,100,-0.9680817813062671,,False,False,False,False,True,True,False,False,False,False,True,confirmed_risk_off,False,True,False,True
2023-06-02,512010.SH,0.443,0.48199,-0.02637362637362639,-0.0959183673469387,,,-4.501420535160806,-0.8597644945490817,0.0,0.5344025755567455,0.2981961579291029,0.009959312228737234,586400058.3,100,0.2734002618085188,,False,False,False,False,True,False,True,False,False,False,True,confirmed_risk_off,False,True,False,True
2023-06-02,512100.SH,2.575,2.62781,-0.001163692785104642,-0.04981549815498143,,,-0.18119260383481575,-0.05406767266354728,0.0,0.7993319780065008,0.8409568814595823,0.0064698834644502995,1110795284.4,100,0.48792416749451684,,False,False,False,False,True,False,True,False,False,False,True,confirmed_risk_off,False,True,False,True
2023-06-02,512660.SH,1.08,1.1103,0.002785515320334442,-0.08085106382978724,,,-0.48159426257434274,-0.08908413823147969,0.0,0.7809104425667374,0.817367906461948,0.01382610652336457,352774736.8,100,0.4758377583190846,,False,False,False,False,True,False,True,False,False,False,True,confirmed_risk_off,False,True,False,True
2023-06-02,512880.SH,0.899,0.92631,-0.05666316894018886,-0.033333333333333326,,,-44.043699727237325,-3.0746081640666265,0.0,-1.8904492064284923,-1.1938416904528177,0.011245502727288054,1118260201.7,100,-0.9949480206619605,,False,False,False,False,True,False,False,False,False,False,True,confirmed_risk_off,False,True,False,True
2023-06-02,515300.SH,1.001,,0.0030060120240480437,0.14793577981651373,,,-3.881690963323921,0.041614458367515324,0.0,0.5724062614170877,0.9054135123617898,0.023268051445685296,5927968.3,95,0.41004520703919306,,False,False,False,False,False,False,True,False,False,False,True,confirmed_risk_off,False,True,False,True
2023-06-02,516160.SH,2.808,3.1433400000000002,-0.021261763680725076,-0.14390243902439026,,,-8.537985978530436,-0.7258478404297536,0.0,0.2868682121249024,0.3884096204974259,0.015430089965062295,277339412.3,100,0.19242920894944615,,False,False,False,False,True,False,True,False,False,False,True,confirmed_risk_off,False,True,False,True
2023-06-09,159915.SZ,2.086,2.31352,-0.04530892448512591,-0.0878880629645824,,,-33.19415643095035,-3.6195968813527517,0.0,-0.8833675251342245,-1.2420042589656284,0.009866978258816026,1652084059.7324,105,-0.6017478618468155,,False,False,False,False,True,False,False,False,False,False,True,confirmed_risk_off,False,True,False,True
2023-06-09,159928.SZ,0.917,1.0298399999999999,-0.05561277033985579,-0.1299810246679317,,,-29.759371260808827,-2.413751590156445,0.0,-0.678743559184291,-0.47244609404675597,0.010265421511831926,141623303.64785,105,-0.36598664248306756,,False,False,False,False,True,False,False,False,False,False,True,confirmed_risk_off,False,True,False,True
2023-06-09,159995.SZ,1.061,1.0995,0.016283524904214364,0.02215799614643532,,,0.017715384145167185,0.026640479099007502,0.0,1.0951972440695643,1.0849872319445308,0.012107674680931206,657554541.82485,105,0.655076344016732,,False,False,False,False,True,False,True,False,False,False,True,confirmed_risk_off,False,True,False,True
2023-06-09,510300.SH,3.564,3.74555,-0.02409638554216864,-0.043221476510067136,,,-18.950679593863672,-1.2981123173912517,0.0,-0.03482632824749109,0.239543510033258,0.008484200455087723,2104307987.5,105,0.033978170707655166,,False,False,False,False,True,False,True,False,False,False,True,confirmed_risk_off,False,True,False,True
2023-06-09,510500.SH,5.829,6.02082,-0.00766087844739527,-0.03188839063278526,,,-3.146430615661027,-0.2831374820331961,0.0,0.9066963419015597,0.8872900969623956,0.007210344569379165,1074825433.4,105,0.5401365561531031,,False,False,False,False,True,False,True,False,False,False,True,confirmed_risk_off,False,True,False,True
2023-06-09,510880.SH,2.625,2.51704,-0.030291835980790438,0.05252606255012027,,,-5.090466325880212,-0.34280060951217084,0.0,0.7908823164913608,0.8492136975840895,0.009515261845385679,279125266.65,105,0.4861956661133623,,False,False,False,False,True,True,True,False,False,False,True,confirmed_risk_off,False,True,False,True
2023-06-09,512010.SH,0.428,0.47912,-0.04677060133630295,-0.10272536687631029,,,-38.08474252600379,-2.5734264511097846,0.0,-1.1747194068439617,-0.5743489615837856,0.011166092521224935,545918841.5,105,-0.5847575550543418,,False,False,False,False,True,False,False,False,False,False,True,confirmed_risk_off,False,True,False,True
2023-06-09,512100.SH,2.526,2.6289999999999996,-0.0023696682464455776,-0.04607250755287018,,,-0.06896703332357237,-0.08211152821673882,0.0,1.0900332238581196,1.01558281017321,0.007153085558726615,1090504260.45,105,0.6391298515778898,,False,False,False,False,True,False,True,False,False,False,True,confirmed_risk_off,False,True,False,True
2023-06-09,512660.SH,1.042,1.10784,-0.014191106906338624,-0.0939130434782608,,,-19.480700374467464,-0.8041571900290574,0.0,-0.06640179768465497,0.5547806338503588,0.01166883207694294,318967461.85,105,0.08439540769620979,,False,False,False,False,True,False,True,False,False,False,True,confirmed_risk_off,False,True,False,True
2023-06-09,512880.SH,0.892,0.9268,-0.05207226354941541,-0.008888888888888946,,,-29.05921709467018,-2.972138047339757,0.0,-0.6370325597607797,-0.828802635340066,0.008371244402746414,911628921.4,105,-0.42057355097232507,,False,False,False,False,True,False,False,False,False,False,True,confirmed_risk_off,False,True,False,True
2023-06-09,515300.SH,1.035,0.93389,-0.066726780883679,0.12622415669205655,,,-7.476680923966558,-2.2943102885910256,0.0,0.6487259164601074,-0.3962198737187602,0.01740915709744648,6429479.5,100,0.1802463918402909,,False,False,False,False,False,True,True,False,False,False,True,confirmed_risk_off,False,True,False,True
2023-06-09,516160.SH,2.698,3.115,-0.0628690517540813,-0.14021669853409813,,,-54.17771494110893,-5.112722245299563,0.0,-2.133442493262205,-2.1949016359855062,0.01460122695169442,272855037.6,105,-1.2923573245019833,,False,False,False,False,True,False,False,False,False,False,True,confirmed_risk_off,False,True,False,True
2023-06-09,588080.SH,1.042,,0.024582104228122015,,,,-0.28776368611077874,0.01463503361105625,0.0,1.0769986273368928,1.0773254790926576,0.014455487440846373,507494238.45,32,0.6462645467532887,,False,False,False,False,True,False,True,False,False,False,True,confirmed_risk_off,False,True,False,True
2023-06-16,159915.SZ,2.208,2.30015,-0.0031602708803609714,-0.008086253369272156,,,-3.5663337991604966,-0.04506262893415088,0.0,0.15731129710880268,0.6945350967779204,0.01216801933032025,1849008089.0518997,110,0.20183153819910515,,False,False,False,False,True,False,True,False,False,False,True,confirmed_risk_off,False,True,False,True
2023-06-16,159928.SZ,0.974,1.02324,0.014583333333333393,-0.038499506416584284,,,-0.026469160882667098,0.03375308463145352,0.0,0.6023424734709502,0.8539340850577337,0.011940215642721014,170959008.62685,110,0.4117238063999268,,False,False,False,False,True,False,True,False,False,False,True,confirmed_risk_off,False,True,False,True
2023-06-16,159995.SZ,1.102,1.1028499999999999,0.004557885141294626,0.004557885141294626,,,0.06711614595233237,-2.4837490977341926e-29,0.0,0.614108002226099,0.7856709520075171,0.012527965139754788,615375262.6391001,110,0.402777391291943,,False,False,False,False,True,False,True,False,False,False,True,confirmed_risk_off,False,True,False,True
2023-06-16,510300.SH,3.699,3.73813,0.009552401746724781,0.012869660460021803,,,0.06070878601963749,0.007750880037420663,0.0,0.6133024700321871,0.801346537247441,0.008898538093264801,1991957538.45,110,0.405590295462363,,False,False,False,False,True,False,True,False,False,False,True,confirmed_risk_off,False,True,False,True
2023-06-16,510500.SH,5.969,6.02395,0.008617776275768874,0.004543924604510252,,,0.5073862539506604,0.05612944468608852,0.0,0.6694586848372026,0.8991886287614425,0.0071082818887121665,1096940611.25,110,0.44762119968716957,,False,False,False,False,True,False,True,False,False,False,True,confirmed_risk_off,False,True,False,True
2023-06-16,510880.SH,2.573,2.52862,-0.02978883861236814,0.03416398713826374,,,-0.0014606496467114856,-0.5961150271383927,0.0,0.6054865392225202,-0.4199278800725944,0.008869310715167382,246927589.3,110,0.15820903967448918,,False,False,False,False,True,True,True,False,False,False,True,confirmed_risk_off,False,True,False,True
2023-06-16,512010.SH,0.443,0.47545000000000004,-0.034858387799564294,-0.028508771929824595,,,-21.385588505908093,-1.1720555029015511,0.0,-2.0829223542826467,-1.5847251646854652,0.010792743425404568,533859398.0,110,-1.1501139746501519,,False,False,False,False,True,False,False,False,False,False,True,confirmed_risk_off,False,True,False,True
2023-06-16,512100.SH,2.596,2.63065,0.013270882123341154,-0.003072196620583667,,,0.4062063677377868,0.12981988481055953,0.0,0.656738366862725,1.0482221281785047,0.006984708957652805,1089634160.3,110,0.472339772380791,,False,False,False,False,True,False,True,False,False,False,True,confirmed_risk_off,False,True,False,True
2023-06-16,512660.SH,1.064,1.1067200000000001,-0.038843721770550954,-0.038843721770550954,,,-16.904744601163436,-1.3839700726542805,0.0,-1.5195914256192773,-2.0133068077637857,0.008570281308825397,312720849.0,110,-1.010497931800468,,False,False,False,False,True,False,False,False,False,False,True,confirmed_risk_off,False,True,False,True
2023-06-16,512880.SH,0.906,0.92593,-0.0237068965517242,0.012290502793296021,,,-2.630239775832431,-0.5938691221340374,0.0,0.27499687747888685,-0.4153857022596788,0.008265467668832405,925564817.65,110,0.026921610539618987,,False,False,False,False,True,False,True,False,False,False,True,confirmed_risk_off,False,True,False,True
2023-06-16,515300.SH,1.007,0.94183,-0.03728489483747621,0.10659340659340644,,,-0.03238293436322436,-0.7673316926296876,0.0,0.6015989948813077,-0.766201002794989,0.015113115986531677,5734294.4,105,0.08739939739352529,,False,False,False,False,False,True,True,False,False,False,True,confirmed_risk_off,False,True,False,True
2023-06-16,516160.SH,2.831,3.0831,-0.02748196496049471,-0.05601867289096374,,,-19.000644820182625,-0.728691535717745,0.0,-1.7830876423733668,-0.6880541252232965,0.016241973532324674,268320046.95,110,-0.850845881994006,,False,False,False,False,True,False,False,False,False,False,True,confirmed_risk_off,False,True,False,True
2023-06-16,588080.SH,1.061,,0.02019230769230762,,,,-0.12259367385717948,0.009410627627883366,0.0,0.5902577161546089,0.8047032547692509,0.014310572851238847,532632972.15,34,0.39704373741569376,,False,False,False,False,True,False,True,False,False,False,True,confirmed_risk_off,False,True,False,True
2023-06-30,159915.SZ,2.164,2.27236,0.01548568747067125,-0.06441850410722005,,,0.8948288471057323,0.000991747271371656,0.0,0.37216411807184463,0.30304711741677726,0.013186658027791202,1780404323.2912498,118,0.20947507071209331,,False,False,False,False,True,False,True,False,False,False,True,confirmed_risk_off,False,True,False,True
2023-06-30,159928.SZ,0.926,1.01062,0.015350877192982448,-0.128060263653484,,,1.0315218773588621,0.08964460313710233,0.0,0.39849385506353674,0.4577622274360744,0.011009495668967298,189882727.38765,118,0.2509499875126296,,False,False,False,False,True,False,True,False,False,False,True,confirmed_risk_off,False,True,False,True
2023-06-30,159995.SZ,1.051,1.10124,-0.044545454545454666,-0.07319223985890655,,,-4.704153749012894,-1.6249586673978602,0.0,-0.7063088582303949,-2.534527542021959,0.01413774563157491,615832291.389,118,-0.7894290516965499,,False,False,False,False,True,False,False,False,False,False,True,confirmed_risk_off,False,True,False,True
2023-06-30,510300.SH,3.602,3.71579,0.022714366837024436,-0.04202127659574462,,,2.4023989569029296,0.2947036590814386,0.0,0.6625514510177228,0.8156270033766427,0.00870517894102556,1812264081.45,118,0.4281459810824177,,False,False,False,False,True,False,True,False,False,False,True,confirmed_risk_off,False,True,False,True
2023-06-30,510500.SH,5.855,6.00808,0.0005126452494874645,-0.03573781291172584,,,-0.07901607807237124,-0.05368160100687046,0.0,0.18458263931501925,0.2076323334102376,0.009143323653912034,1177342374.1,118,0.11535952240805522,,False,False,False,False,True,False,True,False,False,False,True,confirmed_risk_off,False,True,False,True
2023-06-30,510880.SH,2.522,2.53821,-0.019440124416796323,0.02063941723998375,,,-12.386712084105197,-0.3747136669250197,0.0,-2.186119057855996,-0.35262611414021977,0.009752341214002846,253568996.85,118,-0.9449728459704425,,False,False,False,False,True,False,False,False,False,False,True,confirmed_risk_off,False,True,False,True
2023-06-30,512010.SH,0.425,0.46763,-0.027459954233409634,-0.10147991543340373,,,-4.613384728116321,-0.9034732444756901,0.0,-0.6888249788930615,-1.275406270691636,0.010856780838933567,488551732.6,118,-0.5306112456955518,,False,False,False,False,True,False,False,False,False,False,True,confirmed_risk_off,False,True,False,True
2023-06-30,512100.SH,2.581,2.6255400000000004,0.011760094080752515,-0.023088569265707792,,,0.01922293231982585,0.002799350512529581,0.0,0.20350538395796663,0.3062017087900157,0.00976771657225363,1257431048.4,118,0.14264249534118978,,False,False,False,False,True,False,True,False,False,False,True,confirmed_risk_off,False,True,False,True
2023-06-30,512660.SH,1.124,1.1042299999999998,0.04460966542750944,0.03308823529411775,,,9.013789680145083,0.730964433606107,0.0,1.9360339290191442,1.5769801833567016,0.012327579163792748,381869777.45,118,1.089809608278998,,False,False,False,False,True,True,True,False,False,False,True,confirmed_risk_off,False,True,False,True
2023-06-30,512880.SH,0.879,0.9188,-0.013468013468013518,-0.0298013245033113,,,-4.851118240763969,-0.5677375851330176,0.0,-0.7346170785380277,-0.6894874193996506,0.010501938872137632,867172444.15,118,-0.43174431529514123,,False,False,False,False,True,False,False,False,False,False,True,confirmed_risk_off,False,True,False,True
2023-06-30,515300.SH,0.997,0.9520000000000001,0.0,0.0583864118895967,,,-4.803784370585709,-0.022975938842885086,0.0,-0.7254996542605455,0.2612192128573187,0.010496677208298092,6456947.05,113,-0.2379560191327545,,False,False,False,False,False,True,False,False,False,False,True,confirmed_risk_off,False,True,False,True
2023-06-30,516160.SH,2.844,3.0263800000000005,0.03305484925535773,-0.07361563517915304,,,5.573399313716608,0.3003993851503053,0.0,1.273347811599204,0.8255670653947139,0.014817063137029192,255775555.5,118,0.6744525377186245,,False,False,False,False,True,False,True,False,False,False,True,confirmed_risk_off,False,True,False,True
2023-06-30,588080.SH,1.016,,-0.005870841487279899,,,,-0.9817919662503682,-0.11649569271841101,0.0,0.010690439733587659,0.09801049421498291,0.012821809349318881,618384698.25,42,0.02387827473643165,,False,False,False,False,True,False,True,False,False,False,True,confirmed_risk_off,False,True,False,True
2023-07-07,512660.SH,1.101,1.10301,0.06069364161849711,-0.021333333333333315,-0.0009074410163339985,52.90435244647889,41.38746680456883,2.8418263312747074,1.887771777917496,3.180931342807536,3.034900448182296,0.011365468561909517,386399658.8,123,2.634461337926472,1,True,True,True,True,True,False,True,False,True,False,True,confirmed_risk_off,False,True,False,True
2023-07-07,516160.SH,2.75,2.9936700000000003,0.028037383177570208,-0.0947992100065832,-0.15149645171243442,47.91256699540849,10.710606860765585,0.658564616201122,1.6623714408055705,0.6963913909170546,0.5194735603473037,0.01366904539192276,235930238.05,123,1.047399844758511,2,True,True,True,True,True,False,True,False,True,False,True,confirmed_risk_off,False,True,False,True
2023-07-07,159915.SZ,2.118,2.25623,0.020722891566264945,-0.10595187842971732,-0.09098712446351942,25.15760984557317,1.0477747198983918,0.40202638852668005,0.6348883763159937,-0.08620801939989196,0.2239051677929201,0.011732847390598955,1578681621.4053,123,0.26425317632502476,3,True,True,True,True,True,False,True,False,True,False,True,confirmed_risk_off,False,True,False,True
2023-07-07,510300.SH,3.588,3.70587,0.020477815699658786,-0.06489444878811579,-0.02632293080054271,9.567458044863232,0.08636829072902272,0.24774996806251087,-0.06907326345211595,-0.16407298627236266,0.04615686876161128,0.00845202453736343,1651814403.3,123,-0.0840271261374692,4,True,True,False,True,True,False,False,False,True,False,True,confirmed_risk_off,False,True,False,True
2023-07-07,512100.SH,2.547,2.61951,0.010714285714285676,-0.06703296703296702,0.013529645841623639,6.169684979812387,0.19901954201968033,0.21600906591597058,-0.22249716393807448,-0.1549492840755011,0.009586851455712673,0.008658832101291255,1267355401.45,123,-0.1490612089142877,5,True,True,False,True,True,False,False,False,True,False,True,confirmed_risk_off,False,True,False,True
2023-07-07,159928.SZ,0.926,1.00376,0.01758241758241752,-0.11977186311787069,-0.12476370510396972,8.010269632792188,-0.3401009498058602,0.07351581958175248,-0.13938694108670527,-0.19861302290917449,-0.1545855611732087,0.011481035800942136,190317911.61835,123,-0.16611709783299367,6,True,True,False,True,True,False,False,False,True,False,True,confirmed_risk_off,False,True,False,True
2023-07-07,512010.SH,0.421,0.46356,-0.011737089201877993,-0.12836438923395443,-0.14777327935222673,9.462774331761544,-1.2674116161533586,-0.01972625665035627,-0.07380017819124776,-0.2737165505379839,-0.26201364641488173,0.010362991204292614,489796482.2,123,-0.19140942077466902,7,True,False,False,True,True,False,False,False,True,False,True,confirmed_risk_off,False,True,False,True
2023-07-07,510500.SH,5.816,5.9962800000000005,0.0043170436884820695,-0.06720128307939066,0.005011232071885141,-0.025041459997002143,-0.03487340155349502,0.04372016025896868,-0.502215401337437,-0.17389243418399863,-0.18891438308395045,0.008098351401840575,1156787821.25,123,-0.3082260108253644,8,True,False,False,True,True,False,False,False,True,False,True,confirmed_risk_off,False,True,False,True
2023-07-07,512880.SH,0.89,0.9162299999999999,0.007927519818799578,-0.06217070600632235,0.007927519818799578,-0.37984674932000445,-0.6605310891896968,-0.003285136290050484,-0.5182363687060065,-0.22456487992933194,-0.2430711458731862,0.010513265287896211,811025882.95,123,-0.34573472862877264,9,True,False,False,True,True,False,False,False,True,False,True,confirmed_risk_off,False,True,False,True
2023-07-07,159995.SZ,1.051,1.10018,-0.01867413632119519,-0.18018720748829964,0.03648915187376711,-12.655453101415661,-1.5756522815931293,-0.002295515064999305,-1.0725321887361596,-0.29868117369320085,-0.24193096198177305,0.014142957676189725,610013135.8366001,123,-0.5968715373680988,10,True,False,False,True,True,False,False,False,True,False,True,confirmed_risk_off,False,True,False,True
2023-07-07,510880.SH,2.543,2.5462900000000004,-0.024549290372075205,0.018830128205128194,0.08304940374787062,-24.055440489350886,-6.798705451287258,-1.1816204253262934,-1.5872900895913138,-0.7216998364483054,-1.6006803818445516,0.010033345829346882,252037320.0,123,-1.2437320467847581,11,True,False,False,True,True,False,False,False,True,False,True,confirmed_risk_off,False,True,False,True
2023-07-07,515300.SH,1.0,0.95839,-0.011857707509881465,0.08225108225108224,,,-2.9982923938925863,-0.33626503981017636,0.0,-0.4139017732801529,-0.6267111816235479,0.010576031696046352,7338490.0,118,-0.29090294563677077,,False,False,False,False,False,True,False,False,False,False,True,confirmed_risk_off,False,True,False,True
2023-07-07,588080.SH,1.003,,-0.018590998043052975,,,,-12.297151690319081,-0.2402737689199337,0.0,-1.1670227729946867,-0.516115634544745,0.011755376909853368,632063264.65,47,-0.5700322361068237,,False,False,False,False,True,False,False,False,False,False,True,confirmed_risk_off,False,True,False,True
2023-07-14,510880.SH,2.576,2.55444,0.0027247956403271267,0.010592389172224381,0.10179640718562877,0.3999412389320856,0.4729850366957555,-0.0005785989082363537,-0.5810657708094308,0.31651676069841583,-0.1446853627802987,0.009579708420518673,238497668.6,128,-0.1347566766004657,1,True,True,True,True,True,True,False,False,True,False,True,confirmed_risk_off,False,True,False,True
2023-07-14,512660.SH,1.094,1.10118,0.05293551491819071,-0.013525698827772659,0.027230046948356845,22.416712911557152,5.7126074020084285,1.7079138869840056,1.6928889554979034,1.1832060017682606,2.4851452927927746,0.012253021366559667,381128903.55,128,1.6474670414650205,2,True,True,True,True,True,False,True,False,True,False,True,confirmed_risk_off,False,True,False,True
2023-07-14,516160.SH,2.805,2.96488,0.04977544910179632,-0.08453002610966054,-0.17183348095659867,26.88441127506395,0.23940125531254164,0.6895903726341968,2.154325534869057,0.27787952005423033,0.9176707984993641,0.01521828224608273,247117898.85,128,1.1564161816691878,3,True,True,True,True,True,False,True,False,True,False,True,confirmed_risk_off,False,True,False,True
2023-07-14,512880.SH,0.901,0.9142600000000001,0.013498312710911176,-0.04250797024442077,0.0011111111111110628,11.852507718857007,0.12226387864746148,0.04902003838843476,0.601787831099643,0.25850375267930187,-0.0683396849886186,0.010578634027771018,772884188.8,128,0.3304486965138542,4,True,True,False,True,True,False,True,False,True,False,True,confirmed_risk_off,False,True,False,True
2023-07-14,159915.SZ,2.169,2.2406500000000005,0.02991452991453003,-0.0789808917197452,-0.08942065491183881,7.132022493721889,-1.0260450260959055,0.1410289331927666,0.11424270651144297,0.06856125228950827,0.07328681564855853,0.012944648954810385,1439546700.68895,128,0.08777894665009221,5,True,True,False,True,True,False,True,False,True,False,True,confirmed_risk_off,False,True,False,True
2023-07-14,510300.SH,3.672,3.6959299999999997,0.020850708924103456,-0.034700315457413144,-0.017656500802568198,4.793392016029024,-0.016500182488545543,0.134481526960727,-0.12729769309438216,0.23555070178198614,0.06320859185437207,0.009113818172434236,1693819007.85,128,0.05594292184591601,6,True,True,False,True,True,False,True,False,True,False,True,confirmed_risk_off,False,True,False,True
2023-07-14,512010.SH,0.431,0.45943999999999996,0.0,-0.11680327868852458,-0.13104838709677424,7.766464022978486,-2.030949166592061,-0.06884241215614495,0.17976963005275787,-0.09766057557357377,-0.24976177969641505,0.011060270090917472,486587734.75,128,-0.01710873414760937,7,True,False,False,True,True,False,False,False,True,False,True,confirmed_risk_off,False,True,False,True
2023-07-14,510500.SH,5.886,5.983,0.0023841961852861804,-0.05064516129032259,0.01605385810460902,0.4419674259901497,-0.12462798215450978,-0.0006584746116372428,-0.5767251868169019,0.21766521422253024,-0.1448083130274749,0.009019861430461061,1081937172.65,128,-0.17258565164324363,8,True,False,False,True,True,False,False,False,True,False,True,confirmed_risk_off,False,True,False,True
2023-07-14,512100.SH,2.553,2.61098,-0.001954652071931129,-0.061742006615215006,0.015513126491646823,-1.3731924117963417,-0.5674027579942967,-0.020671356049198838,-0.7642000515932832,0.14442555920885147,-0.1756135343237003,0.009390894118020849,1259745417.7,128,-0.28303250381851275,9,True,False,False,True,True,False,False,False,True,False,True,confirmed_risk_off,False,True,False,True
2023-07-14,159928.SZ,0.946,0.9959100000000001,-0.009424083769633551,-0.05682951146560311,-0.11423220973782777,0.8521998189864028,-3.6131471019386643,-0.1383675119991367,-0.5343552198295042,-0.35937293425154365,-0.356779656806593,0.011191822173760694,174592817.69775,128,-0.4288471929937378,10,True,False,False,True,True,False,False,False,True,False,True,confirmed_risk_off,False,True,False,True
2023-07-14,159995.SZ,1.077,1.09859,-0.01553930530164549,-0.15463108320251184,0.06317867719644621,-7.47464069312234,-0.9152270570572504,-0.10726664903532256,-1.394374963834936,0.08689172246210097,-0.30890704190638657,0.01486507188878051,594734114.44345,128,-0.5847747049304114,11,True,False,False,True,True,False,False,False,True,False,True,confirmed_risk_off,False,True,False,True
2023-07-14,515300.SH,1.025,0.96607,0.02499999999999991,0.08350951374207183,0.20023419203747062,-1.380896696960941,3.8712253767332805,0.26456580243912037,-0.7649957720523659,0.8786218392586528,0.2634433709277103,0.009201374598609226,7127825.0,123,0.09813910106805684,,False,False,False,True,False,True,True,False,False,False,True,confirmed_risk_off,False,True,False,True
2023-07-14,588080.SH,1.001,,-0.03934740882917476,,,,-20.851554724297486,-1.435787896117195,0.0,-3.2107888145987213,-2.3538594961932926,0.010011781621299523,594524664.3,52,-1.7550874250781472,,False,False,False,False,True,False,False,False,False,False,True,confirmed_risk_off,False,True,False,True
2023-07-21,510880.SH,2.562,2.56032,0.028089887640449396,-0.005434782608695787,0.07964601769911495,10.257650200576416,10.487119397418194,1.956993675378595,-0.10299224715866154,0.8651691832901288,1.2095060988672597,0.008752543754967007,206219113.05,133,0.5467719942260388,1,True,True,True,True,True,True,True,True,False,False,True,confirmed_risk_off,False,True,False,True
2023-07-21,512880.SH,0.899,0.9123100000000001,0.022753128555176305,-0.018558951965065518,-0.07794871794871794,29.789993673232953,18.38418687193045,1.7345561498856426,1.8490464716987935,1.6912801044446457,1.0575643895873779,0.009331704548840272,672516297.0,133,1.6276435083748513,2,True,True,True,True,True,False,True,False,True,False,True,confirmed_risk_off,False,True,False,True
2023-07-21,512010.SH,0.429,0.45561999999999997,0.009411764705882453,-0.07543103448275867,-0.1966292134831461,24.76929491544245,1.1115778024135055,0.21498455295594665,1.3472839266848522,-0.11560467084870511,0.01958167826660714,0.008605327722387894,462809694.05,133,0.49658803798778023,3,True,True,True,True,True,False,True,False,True,False,True,confirmed_risk_off,False,True,False,True
2023-07-21,159928.SZ,0.952,0.9881099999999999,0.011689691817215797,-0.04225352112676062,-0.12900274473924978,22.61199834742843,1.2052060049989834,0.20352885753601288,1.1316863239334536,-0.10581024007632424,0.011756568994972126,0.010718853122547122,153260370.00985,133,0.41270174734184617,4,True,True,False,True,True,False,True,False,True,False,True,confirmed_risk_off,False,True,False,True
2023-07-21,510300.SH,3.61,3.68629,0.000831716107568603,-0.03733333333333333,-0.06910778751933988,13.066997751165099,1.8134595434151801,0.1586108046597871,0.17777054001807885,-0.042180938118570176,-0.018925869664659964,0.007353037687784654,1780074326.9,133,0.05045066682687147,5,True,True,False,True,True,False,True,False,True,False,True,confirmed_risk_off,False,True,False,True
2023-07-21,159915.SZ,2.11,2.22764,-0.02133580705009286,-0.07007492287351269,-0.1546474358974359,10.948748729132415,-0.10192213320981731,-0.183916467789334,-0.03392469834275674,-0.2425486982201626,-0.2528979889622387,0.009194400763966834,1201373906.7583,133,-0.16116895641761547,6,True,True,False,True,True,False,False,False,True,False,True,confirmed_risk_off,False,True,False,True
2023-07-21,510500.SH,5.79,5.9688300000000005,-0.007371849819989729,-0.039641731630452814,-0.03371161548731638,9.028748000808228,0.4757153853508324,0.02839459910191378,-0.2258072426554788,-0.18212213303103578,-0.10787341933981855,0.007695903851427401,1145298999.95,133,-0.18474643414256955,7,True,False,False,True,True,False,False,False,True,False,True,confirmed_risk_off,False,True,False,True
2023-07-21,159995.SZ,1.03,1.09851,-0.028301886792452824,-0.1387959866220735,-0.05417814508723595,4.25995999334754,0.017827494729702683,-0.16779289725284163,-0.7023941327855799,-0.23002170946587977,-0.2418843667706584,0.01285216493764738,593592692.68615,133,-0.42134321025471555,8,True,False,False,True,True,False,False,False,True,False,True,confirmed_risk_off,False,True,False,True
2023-07-21,516160.SH,2.704,2.9372,-0.023474178403755874,-0.08555968887385856,-0.21212121212121204,7.84829105441641,-3.1377602254272623,-0.29361702581242016,-0.34378067828171954,-0.5601272184660748,-0.32783179456920986,0.010919225874465375,218359497.8,133,-0.42712951761295975,9,True,False,False,True,True,False,False,False,True,False,True,confirmed_risk_off,False,True,False,True
2023-07-21,512100.SH,2.5,2.6023300000000003,-0.021526418786692814,-0.049429657794676785,-0.03623747108712405,1.135267861553953,-0.33729969917667707,-0.10992954591358207,-1.0146720749746,-0.267171506429358,-0.202359306924459,0.008337957325889728,1252448900.55,133,-0.5532092939464751,10,True,False,False,True,True,False,False,False,True,False,True,confirmed_risk_off,False,True,False,True
2023-07-21,512660.SH,1.067,1.09941,-0.0211009174311928,-0.021998166819431786,-0.0387387387387389,-8.02816948200204,-1.5267689028582445,-0.09095263216652107,-1.9304548901542673,-0.39160168291065994,-0.189396634798003,0.010573479653307998,305717962.4,133,-0.9667019561855715,11,True,False,False,True,True,False,False,False,True,False,True,confirmed_risk_off,False,True,False,True
2023-07-21,515300.SH,1.023,0.9738000000000001,0.03857868020304567,0.05791106514994815,0.20352941176470574,9.76966098073313,20.027846170470447,2.699902817214118,-0.151761297982115,1.8632230315582232,1.7169694173877492,0.008674167506676007,8145207.8,128,1.027978576907993,,False,False,False,True,False,True,True,False,False,False,True,confirmed_risk_off,False,True,False,True
2023-07-21,588080.SH,0.965,,-0.06128404669260701,,,,-19.602333678818106,-3.7286335938345925,0.0,-2.282483521726227,-2.674208772074919,0.006614445738725457,542037804.05,57,-1.4478351631054749,,False,False,False,False,True,False,False,False,False,False,True,confirmed_risk_off,False,True,False,True
2023-07-28,512880.SH,1.017,0.91323,0.15699658703071662,0.09590517241379293,0.0582726326742975,47.08637731807303,22.386336476981604,6.694997573046894,1.7401942683389213,1.4995751236950767,2.336795543037523,0.022855322596415407,979152793.4,138,1.7632668654211041,1,True,True,True,True,True,True,True,True,False,False,True,mixed,True,False,False,True
2023-07-28,159928.SZ,0.993,0.98208,0.07235421166306688,-0.008982035928143728,-0.09480401093892432,38.589000421335086,10.890704998687774,1.9625210066028524,1.3497451555804616,0.762170711649624,0.5350241941110532,0.013041074142674565,183718040.07665,138,0.9517711857142449,2,True,True,True,True,True,True,True,True,False,False,True,mixed,True,False,False,True
2023-07-28,510880.SH,2.67,2.5665199999999997,0.05868358445678035,0.010215664018161208,0.11203665139525198,12.939002081181776,11.690878970637037,2.0186202699655045,0.17114389828969892,0.8134990635051496,0.5563825767683298,0.007780604259568085,204031846.0,138,0.5051337000716054,3,True,True,True,True,True,True,True,True,False,False,True,mixed,True,False,False,True
2023-07-28,510300.SH,3.788,3.68092,0.051637978900610726,0.011481975967957192,-0.02871794871794875,16.73843158160423,3.182070657176753,0.7295208496682253,0.3457252891654831,0.2676888743526798,0.06559041566639004,0.010844627126371478,2183209106.5,138,0.2584837485405432,4,True,True,False,True,True,True,True,True,False,False,True,mixed,True,False,False,True
2023-07-28,512010.SH,0.448,0.45293999999999995,0.054117647058823604,-0.02819956616052066,-0.13846153846153852,34.8237236381328,7.645477050286116,1.4557638213046646,1.1767330605354913,0.5540007288380518,0.342089149528473,0.009143260908715417,498998551.05,138,0.7607113456551119,5,True,True,False,True,True,False,True,False,True,False,True,mixed,True,False,False,True
2023-07-28,510500.SH,5.917,5.95468,0.010589239965841157,-0.019877422560874658,-0.03710333604556548,2.549871875841965,-0.058299393153616375,-0.008729788342677921,-0.30623008668256496,0.05983050865216397,-0.21547993496700074,0.007893493317702973,941967487.2,138,-0.14165581820556056,6,True,True,False,True,True,False,False,False,True,False,True,mixed,True,False,False,True
2023-07-28,159915.SZ,2.163,2.21642,-0.0004621072088726308,-0.04079822616407991,-0.14302694136291605,3.8665946250704577,-1.6648287403678927,-0.16840224870600592,-0.2457275062471241,-0.04322271038614629,-0.27627120572260283,0.010311502518134893,1237286888.5708,138,-0.17083432779782873,7,True,False,False,True,True,False,False,False,True,False,True,mixed,True,False,False,True
2023-07-28,512100.SH,2.525,2.59322,-0.02169701666020929,-0.034047436878347326,-0.060290286564942286,-7.82570637054453,-9.592051750132,-1.1325719566287833,-0.782981367682325,-0.5517262435505444,-0.6433545564476537,0.007444989506667051,1162204988.8,138,-0.6625539557826785,8,True,False,False,True,True,False,False,False,True,False,True,mixed,True,False,False,True
2023-07-28,159995.SZ,1.033,1.09836,-0.01712654614652709,-0.0768543342269884,-0.059198542805100285,-20.30699028459753,-11.379427033580173,-0.41730703977747713,-1.3564884969470326,-0.6663800946664549,-0.3710354406568042,0.013245918998662207,562168493.3126,138,-0.8833545247767558,9,True,False,False,True,True,False,False,False,True,False,True,mixed,True,False,False,True
2023-07-28,516160.SH,2.737,2.90976,-0.03762306610407873,-0.06714383094751197,-0.23009845288326303,-7.9559298888882495,-17.245282678147834,-1.8936478758444841,-0.7889650562741667,-1.0426541463262862,-0.9331150584486393,0.011787556207231558,209970176.95,138,-0.919270692729909,10,True,False,False,True,True,False,False,False,True,False,True,mixed,True,False,False,True
2023-07-28,512660.SH,1.071,1.09619,-0.047153024911032126,-0.018331805682859748,-0.06299212598425208,-24.04772479474161,-23.096536200072933,-3.1664517390619835,-1.528372890013251,-1.4179915230690254,-1.4177030963079353,0.008206625979960863,284057194.4,138,-1.4620863844944976,11,True,False,False,True,True,False,False,False,True,False,True,mixed,True,False,False,True
2023-07-28,515300.SH,1.081,0.98218,0.08425275827482448,0.09523809523809512,0.24110218140068884,14.115946051581478,22.4381681268686,3.9419569260079155,0.2252237319364086,1.5028999421169646,1.2886446033294363,0.010277659410059503,8983268.95,133,0.9489783902872366,,False,False,False,True,False,True,True,False,False,False,True,mixed,True,False,False,True
2023-07-28,588080.SH,0.972,,-0.04330708661417326,-0.011190233977619535,,,-28.08042091006489,-2.772109438455772,0.0,-1.7376902348112533,-1.267567189890569,0.00818470198806187,513878431.15,62,-0.9485895319026152,,False,False,False,False,True,False,False,False,False,False,True,mixed,True,False,False,True
2023-08-04,512880.SH,1.063,0.91873,0.19438202247190994,0.11308900523560217,0.12605932203389836,103.02107910738754,83.17893367796786,14.845589445051697,2.601860735966655,2.734590672253684,3.1968141303064286,0.02348666610477447,1593421067.15,143,2.7739433893494216,1,True,True,True,True,True,True,True,True,False,False,True,mixed,True,False,False,True
2023-08-04,159928.SZ,0.987,0.97812,0.06587473002159827,0.006116207951070374,-0.0844155844155845,54.51649519498393,31.63346646884375,2.995542871421527,1.0047583887509328,0.6954333824085004,0.21203782462009046,0.012092899835486854,222174615.33325,143,0.7224842733877914,2,True,True,True,True,True,True,True,True,False,False,True,mixed,True,False,False,True
2023-08-04,510300.SH,3.814,3.68139,0.0629877369007803,0.02858683926645078,-0.008578112815180616,33.1352511736198,19.918996765689226,2.6477997034197456,0.30074173179780644,0.23200473222391704,0.12444866943265591,0.010557607947265396,3062080122.5,143,0.23798831949522056,3,True,True,True,True,True,True,True,True,False,False,True,mixed,True,False,False,True
2023-08-04,510880.SH,2.66,2.57467,0.04600865119937092,-0.02456912357902452,0.11717765644687117,26.394488698033193,25.249280822307252,2.2741507779574746,0.07878976966521248,0.44287269364719084,0.030334401405496904,0.007942330371503938,220419465.35,143,0.21473186560606072,4,True,True,False,True,True,True,True,True,False,False,True,mixed,True,False,False,True
2023-08-04,510500.SH,6.001,5.94759,0.03180880330123803,0.008063161431211219,-0.022001303780964765,14.725420116638343,3.2700449561902953,0.9037482325843976,-0.3054357059068225,-0.4266338113532263,-0.31484103915218187,0.007803867172978578,991137134.15,143,-0.35579601473445593,5,True,True,False,True,True,True,False,False,True,False,True,mixed,True,False,False,True
2023-08-04,512010.SH,0.431,0.45035,0.02375296912114022,-0.05066079295154191,-0.158203125,28.678668487809137,4.165220719136942,0.4788986578062841,0.15400057675721993,-0.39122033502756676,-0.4218516687222362,0.011150803816266446,593669639.65,143,-0.17925823705258598,6,True,True,False,True,True,False,False,False,True,False,True,mixed,True,False,False,True
2023-08-04,159915.SZ,2.204,2.20911,0.040604343720491265,0.002273760800364011,-0.11592458884877643,17.83316201789361,0.6377534525280999,0.820042627406968,-0.20310760648432233,-0.5307682134513446,-0.3359247121516366,0.01024806254072617,1288036114.0759,143,-0.3607352704045942,7,True,False,False,True,True,False,False,False,True,False,True,mixed,True,False,False,True
2023-08-04,512100.SH,2.55,2.58606,0.0011778563015309995,-0.006622516556291536,-0.06318883174136669,2.8397087658677815,-0.3072948886850909,-0.0001980597016387915,-0.6967945418248017,-0.568154666976396,-0.5425260071448303,0.007419201347903619,1161249893.8,143,-0.6144848849494451,8,True,False,False,True,True,False,False,False,True,False,True,mixed,True,False,False,True
2023-08-04,516160.SH,2.795,2.8861899999999996,0.016363636363636358,-0.033540802213001375,-0.19776119402985082,3.7684730477928565,-3.5765901644417406,-0.00851023011239405,-0.6662132751686137,-0.6974891682462872,-0.5446196672107797,0.011869193643026776,218188154.85,143,-0.6544049108081162,9,True,False,False,True,True,False,False,False,True,False,True,mixed,True,False,False,True
2023-08-04,159995.SZ,1.047,1.09851,-0.0038058991436726863,-0.0019065776930410339,-0.05590622182146088,-14.341830847740505,-4.5807127295475745,-0.02124253828508863,-1.2625282319690145,-0.7372126193933389,-0.5478266665684972,0.012011291191354743,553182188.5926,143,-0.9094616738586409,10,True,False,False,True,True,False,False,False,True,False,True,mixed,True,False,False,True
2023-08-04,512660.SH,1.071,1.09179,-0.027247956403269824,-0.011080332409972304,-0.06707317073170727,-12.057152843336274,-11.2186708867606,-1.0305703809970075,-1.1873010202470096,-0.9998126402846473,-0.8020550200924403,0.007631610463537502,272228025.15,143,-1.035256468231151,11,True,False,False,True,True,False,False,False,True,False,True,mixed,True,False,False,True
2023-08-04,515300.SH,1.088,0.99198,0.08800000000000008,0.07616221562809122,0.2477064220183487,29.50561111189771,41.07503143208109,4.546916364106708,0.1812291786627577,1.0689451006013337,0.6027960223592295,0.010970601486169053,10503504.25,138,0.6206289161774825,,False,False,False,True,False,True,True,False,False,False,True,mixed,True,False,False,True
2023-08-04,588080.SH,0.986,,-0.016949152542372836,0.00203252032520318,,,-6.7379859416027745,-0.4538298441615774,0.0,-0.8225551264018198,-0.6567862670812984,0.008057684934357736,543338922.4,67,-0.4603793039769877,,False,False,False,False,True,False,False,False,False,False,True,mixed,True,False,False,True
2023-08-11,512880.SH,1.027,0.92679,0.1398446170921197,0.08792372881355925,0.10907127429805596,112.59009014773659,105.04889125565838,8.540855653787446,2.954233797997949,3.299738699906996,3.225458862622939,0.02630005603836551,1959342840.15,148,3.1466807716865657,1,True,True,True,True,True,True,True,True,False,False,True,confirmed_risk_off,False,True,False,True
2023-08-11,510880.SH,2.596,2.58158,0.007763975155279601,-0.02662167229096357,0.0916736753574432,13.06373439720503,6.874029936926262,0.480707994519833,-0.23505681237606885,-0.15620260905091063,0.06609002810978788,0.008850055473515086,215245169.55,148,-0.14328576294883422,2,True,True,True,True,True,True,False,False,True,False,True,confirmed_risk_off,False,True,False,True
2023-08-11,159928.SZ,0.957,0.97458,0.011627906976744207,-0.004162330905306932,-0.12282309807516045,36.15494802470966,11.09115140638347,0.46997262565972553,0.5048938293306908,-0.0077519354729318575,0.06188204194905936,0.012056618047907907,237202499.37265,148,0.2112331659329155,3,True,True,True,True,True,False,True,False,True,False,True,confirmed_risk_off,False,True,False,True
2023-08-11,510300.SH,3.67,3.6842699999999997,-0.0005446623093682268,-0.0002724053391446324,-0.035986340950879936,25.526203145065722,11.79053534303786,0.2497291043913337,0.16429905934155367,0.01686770549257388,-0.024447706154093668,0.011712985814927085,3805518652.4,148,0.06757716470283229,4,True,True,False,True,True,False,True,False,True,False,True,confirmed_risk_off,False,True,False,True
2023-08-11,159915.SZ,2.129,2.20396,-0.018441678192715583,-0.04486316733961426,-0.1260262725779967,23.65352488287793,5.820173902253912,0.0013974962910391514,0.10428967637150402,-0.1933003401298934,-0.12178725580297621,0.01037361201556757,1308013924.3688,148,-0.059961716663951004,5,True,True,False,True,True,False,False,False,True,False,True,confirmed_risk_off,False,True,False,True
2023-08-11,516160.SH,2.711,2.86889,-0.033511586452762976,-0.08996307485733479,-0.1871064467766117,22.77964350088469,0.47778083265947896,-0.2120551881192242,0.07628642371390999,-0.3813627081322308,-0.20545517198482868,0.01060060289743475,199514972.65,148,-0.16312154816429406,6,True,True,False,True,True,False,False,False,True,False,True,confirmed_risk_off,False,True,False,True
2023-08-11,510500.SH,5.774,5.943199999999999,-0.01902820251444104,-0.021853294934778833,-0.04939084622983203,11.864786662411962,1.5284532628285872,-0.02779450374592805,-0.27347671355771447,-0.34437704596953006,-0.1332297626940077,0.008259106351320017,1303404116.05,148,-0.27378745634969937,7,True,False,False,True,True,False,False,False,True,False,True,confirmed_risk_off,False,True,False,True
2023-08-11,512010.SH,0.421,0.44765,-0.023201856148491906,-0.08278867102396525,-0.16633663366336637,4.632637730320242,-0.523292959431595,-0.07290228077582163,-0.5052286400500438,-0.4166024041698005,-0.1509108413748123,0.012891424216726975,709859233.5,148,-0.3989145859629002,8,True,False,False,True,True,False,False,False,True,False,True,confirmed_risk_off,False,True,False,True
2023-08-11,512100.SH,2.458,2.5800399999999994,-0.037211124167645826,-0.03190232374950763,-0.08590554109334325,2.2259985482717504,-0.24278888694660564,-0.630198806154739,-0.5823486319153589,-0.4067281288368866,-0.3693566252855014,0.007422150852456469,1162562600.4,148,-0.46950202935799845,9,True,False,False,True,True,False,False,False,True,False,True,confirmed_risk_off,False,True,False,True
2023-08-11,159995.SZ,1.006,1.09706,-0.06592386258124416,-0.06331471135940414,-0.07024029574861379,-11.990638781952407,-3.5689648180446016,-1.9528584087102643,-1.0379162813732212,-0.5238158297690374,-0.8878048849992921,0.009063254041439315,530287231.3838,148,-0.8022538214567618,10,True,False,False,True,True,False,False,False,True,False,True,confirmed_risk_off,False,True,False,True
2023-08-11,512660.SH,1.04,1.08754,-0.04936014625228524,-0.06137184115523475,-0.07390917186108636,-13.267657825624559,-13.807079174459032,-2.198292641810476,-1.0788379529700498,-0.8842168718983076,-0.984008738794435,0.0067379796535177545,296484664.55,148,-0.98202367770623,11,True,False,False,True,True,False,False,False,True,False,True,confirmed_risk_off,False,True,False,True
2023-08-11,515300.SH,1.059,0.99993,0.0331707317073171,0.013397129186602852,0.228538283062645,17.55493357032347,23.82985079121565,0.9589520210960544,-0.09113775451315005,0.44067444206490153,0.2535492827947431,0.011772007177752425,14652928.1,143,0.19052453157964921,,False,False,False,True,False,True,True,False,False,False,True,confirmed_risk_off,False,True,False,True
2023-08-11,588080.SH,0.948,,-0.05294705294705293,-0.06784660766961648,,,-1.2709961364625388,-1.5502152975854022,0.0,-0.44292297403494235,-0.7299792283865826,0.008129102505452736,558486883.55,72,-0.3231650352912935,,False,False,False,False,True,False,False,False,False,False,True,confirmed_risk_off,False,True,False,True
2023-08-18,512880.SH,1.021,0.9331900000000001,0.13570634037819795,0.13570634037819795,0.07814149947201687,45.77130059187631,27.72025937476949,6.250623172354523,2.9550729788568866,2.646097735393827,3.062788186861713,0.026863564473389098,2235964744.0,153,2.8530259230726283,1,True,True,True,True,True,True,True,True,False,False,True,confirmed_risk_off,False,True,False,True
2023-08-18,510880.SH,2.613,2.5874099999999998,0.019906323185011843,0.019906323185011843,0.05447941888619856,-9.34529534097676,-0.10177139296061961,0.39907211256450986,0.043621653989909595,0.49865605832333326,0.22263868162057968,0.008723684679045827,244938354.0,153,0.2614388212494131,2,True,True,True,True,True,True,True,True,False,False,True,confirmed_risk_off,False,True,False,True
2023-08-18,159915.SZ,2.065,2.1956900000000004,-0.02132701421800942,-0.05405405405405406,-0.1341719077568133,-5.642359111025331,-1.5168679328038974,-0.05881271479803346,0.23922369381334302,0.38943192180694525,0.00039651837133390243,0.010600702116081594,1341351040.85285,153,0.2515415499223821,3,True,True,True,True,True,False,True,False,True,False,True,confirmed_risk_off,False,True,False,True
2023-08-18,516160.SH,2.585,2.84891,-0.04400887573964507,-0.11411925976696369,-0.22349053769900873,-5.655309737103374,-5.01425438384961,-0.5264880528715838,0.23853959645909587,0.119486370797479,-0.22659763522505286,0.011172366840559151,196427843.9,153,0.09789085985761936,4,True,True,False,True,True,False,True,False,True,False,True,confirmed_risk_off,False,True,False,True
2023-08-18,159928.SZ,0.934,0.9702600000000001,-0.018907563025210017,-0.020964360587002018,-0.14311926605504588,-9.607332827836018,-4.319096930324184,4.422951454082413e-05,0.02977991766042673,0.17314205467941038,0.028963734065314627,0.012931445183807089,229177452.0828,153,0.08696153574899777,5,True,True,False,True,True,False,True,False,True,False,True,confirmed_risk_off,False,True,False,True
2023-08-18,510300.SH,3.572,3.6802699999999997,-0.010526315789473606,-0.0005595970900951208,-0.06467661691542281,-14.426086009391202,-2.1544551931781237,0.0009368100584328711,-0.22476347525407053,0.3402197896255345,0.029396963163757086,0.012136363037362515,4257109853.0,153,0.052061918381337016,6,True,True,False,True,True,False,True,False,True,False,True,confirmed_risk_off,False,True,False,True
2023-08-18,510500.SH,5.648,5.92916,-0.024525043177892947,-0.025870989996550575,-0.07983056370153152,-13.246395932010046,-4.531802743854942,-0.20083555118158103,-0.16244812031255565,0.1567243699767922,-0.06853667290840691,0.00896160798044222,1405633580.15,153,-0.015996834715986757,7,True,False,False,True,True,False,False,False,True,False,True,confirmed_risk_off,False,True,False,True
2023-08-18,512100.SH,2.385,2.5698000000000003,-0.04600000000000004,-0.0558194774346793,-0.11797337278106523,-18.605094280715786,-13.321380161113526,-1.2429326569788475,-0.44551330499683417,-0.521698604508282,-0.5743361693498742,0.008924430278226711,1123384897.15,153,-0.5017519976720214,8,True,False,False,True,True,False,False,False,True,False,True,confirmed_risk_off,False,True,False,True
2023-08-18,512010.SH,0.416,0.44531,-0.030303030303030276,-0.08571428571428574,-0.16465863453815266,-17.71015841914897,-19.33974367007405,-0.5554941005946238,-0.398239663442411,-0.9862256095568238,-0.24067621221221988,0.012776039244674221,755788454.05,153,-0.6019213516421379,9,True,False,False,True,True,False,False,False,True,False,True,confirmed_risk_off,False,True,False,True
2023-08-18,512660.SH,1.037,1.0830799999999998,-0.028116213683224034,-0.03714020427112352,-0.07575757575757591,-19.57047991352081,-21.31715229619119,-0.6487922654394807,-0.4965083498116825,-1.1388517687244673,-0.2859600581560567,0.009924138385067734,347785963.45,153,-0.7113360590456713,10,True,False,False,True,True,False,False,False,True,False,True,confirmed_risk_off,False,True,False,True
2023-08-18,159995.SZ,0.95,1.09034,-0.07766990291262144,-0.10377358490566047,-0.09523809523809534,-39.62313352803785,-25.052065689459887,-3.3626050153068148,-1.5557596323874365,-1.4271308216775938,-1.603155082192877,0.01050048546263144,528503863.1929,153,-1.5137871980645876,11,True,False,False,True,True,False,False,False,True,False,True,confirmed_risk_off,False,True,False,True
2023-08-18,515300.SH,1.053,1.00734,0.029325513196480912,0.021338506304558802,0.2159353348729791,-14.392801944754533,0.03148627852309986,0.5211378018050388,-0.22300529457467144,0.5089415432299713,0.2818853332110807,0.012376735563275055,16218289.05,148,0.1707515661043361,,False,False,False,True,False,True,True,False,False,False,True,confirmed_risk_off,False,True,False,True
2023-08-18,588080.SH,0.916,,-0.050777202072538774,-0.13421550094517964,,,-16.39315097189118,-1.3510393536338714,0.0,-0.7587930393661275,-0.6268075872492914,0.009484352580056574,594423406.1,77,-0.4288787331963093,,False,False,False,False,True,False,False,False,False,False,True,confirmed_risk_off,False,True,False,True
2023-08-25,510880.SH,2.599,2.5941400000000003,-0.0265917602996254,0.010497667185070059,0.03422204536410667,-21.817209994184655,-11.910384623415107,-1.2206058955148338,1.5565013362349895,1.560170941791613,1.5712846651333492,0.007101925175263275,235190314.3,158,1.560925844237311,1,True,True,True,True,True,True,True,True,False,False,True,confirmed_risk_off,False,True,False,True
2023-08-25,512880.SH,0.998,0.93735,-0.018682399213372558,0.12008978675645343,0.06510138740661686,-39.45953577043027,-7.696700163425406,-0.34790872700401015,0.17122055138990117,1.7999724371060952,1.902150976367517,0.018843748797246908,2136003763.9,158,1.168907390671902,2,True,True,True,True,True,True,True,True,False,False,True,confirmed_risk_off,False,True,False,True
2023-08-25,512010.SH,0.409,0.44214,-0.08705357142857151,-0.06407322654462244,-0.1670061099796334,-21.495729989551407,-26.24639001127237,-3.9289405491449783,1.5817440439583654,0.7443064503975303,0.544471781159657,0.013381218213955227,762498852.1,158,1.0393145539742896,3,True,True,True,True,True,False,True,False,True,False,True,confirmed_risk_off,False,True,False,True
2023-08-25,512660.SH,0.994,1.0786499999999999,-0.07189542483660127,-0.07620817843866179,-0.13187772925764196,-29.724355119902267,-33.12124895906395,-4.247356126774152,0.935629896462206,0.3530570648750563,0.42375065198556255,0.011745430018713962,350281531.85,158,0.6002249149320175,4,True,True,False,True,True,False,True,False,True,False,True,confirmed_risk_off,False,True,False,True
2023-08-25,159928.SZ,0.929,0.9641300000000002,-0.06445115810674718,0.018640350877193068,-0.15004574565416284,-35.13065044186521,-39.19950840834906,-4.669044412955667,0.5111259437692464,0.0071422915482670865,0.2638756658232742,0.010055823971297242,192624315.0702,158,0.26008242729166026,5,True,True,False,True,True,False,True,False,True,False,True,confirmed_risk_off,False,True,False,True
2023-08-25,159915.SZ,1.991,2.1810600000000004,-0.07951918631530275,-0.06569685593618002,-0.15168299957392406,-45.31855589789089,-45.21458432256746,-6.079032422408935,-0.2888314907008342,-0.3351766961111042,-0.2706941121081457,0.010613418435701277,1395070913.5558498,158,-0.3037420971464045,6,True,True,False,True,True,False,False,False,True,False,True,confirmed_risk_off,False,True,False,True
2023-08-25,510500.SH,5.446,5.90202,-0.07960114923102923,-0.0693779904306221,-0.11648280337443218,-45.42130298730937,-45.23571657712601,-6.686527192000477,-0.29689922340656527,-0.33637933629231015,-0.5010140452549338,0.008344373835150184,1630326120.15,158,-0.35351423293053696,7,True,False,False,True,True,False,False,False,True,False,True,confirmed_risk_off,False,True,False,True
2023-08-25,510300.SH,3.504,3.66928,-0.07497360084477289,-0.005110732538330387,-0.08631029986962191,-48.27805641347831,-45.193632873206134,-6.429474021661944,-0.521212371145886,-0.33398434558425333,-0.4035572901171936,0.008716154263195308,4475967944.95,158,-0.4227901447154945,8,True,False,False,True,True,False,False,False,True,False,True,confirmed_risk_off,False,True,False,True
2023-08-25,512100.SH,2.29,2.55399,-0.09306930693069304,-0.10231281850254803,-0.15341959334565625,-47.57291002537394,-50.26686657809666,-8.33113724508703,-0.4658440623223896,-0.6227029338089523,-1.1245362489672612,0.00899973867521994,1153331583.85,158,-0.6603260482459891,9,True,False,False,True,True,False,False,False,True,False,True,confirmed_risk_off,False,True,False,True
2023-08-25,516160.SH,2.442,2.8196600000000003,-0.10778224333211539,-0.11296767163094801,-0.2413793103448275,-58.37331028743442,-60.87936273978636,-9.01754968045431,-1.313894775217237,-1.226661885352897,-1.384776294048165,0.01178886887078918,196926936.85,158,-1.2931779230376867,10,True,False,False,True,True,False,False,False,True,False,True,confirmed_risk_off,False,True,False,True
2023-08-25,159995.SZ,0.923,1.0814,-0.10648596321393988,-0.1609090909090909,-0.103883495145631,-65.54365492201379,-67.72932192212768,-8.635934386350687,-1.8769124163705373,-1.616494221012087,-1.240094210472639,0.012301983694150432,525807161.2283,158,-1.6453814970475775,11,True,False,False,True,True,False,False,False,True,False,True,confirmed_risk_off,False,True,False,True
2023-08-25,515300.SH,1.043,1.01284,-0.03515263644773359,0.04613841524573714,0.1812004530011324,-41.54623151028245,-22.57412203911092,-3.0881343032809436,0.00737256734873575,0.9532958418153086,0.8632472637321454,0.010838501941813197,17080633.15,153,0.5569168164120468,,False,False,False,True,False,True,True,False,False,False,True,confirmed_risk_off,False,True,False,True
2023-08-25,588080.SH,0.878,,-0.0967078189300411,-0.14090019569471623,,,-55.95728501236486,-7.063955736026415,0.0,-0.9465456093722632,-0.6441088032331661,0.011054201073350213,640428926.15,82,-0.5074400043955385,,False,False,False,False,True,False,False,False,False,False,True,confirmed_risk_off,False,True,False,True
2023-09-01,510880.SH,2.606,2.6001100000000004,-0.020300751879699375,-0.0003835826620638416,0.04198320671731315,-7.620523263284554,-0.16699433436445466,-0.23591909400265393,1.1351610057301122,1.2523488894633719,0.9905357796393423,0.00827875092900958,241055144.0,163,1.1531111140052621,1,True,True,True,True,True,True,True,True,False,False,True,confirmed_risk_off,False,True,False,True
2023-09-01,512880.SH,0.969,0.9401700000000001,-0.08842897460018817,0.09739524348810868,0.06718061674008813,-53.197045379796734,-30.885774399695364,-2.2454972710866814,-1.6654997609519786,-0.8050628671412995,-0.2496370810977918,0.018959844266217024,1958444457.8,163,-1.0381524674568696,2,True,True,True,True,True,True,False,False,True,False,True,confirmed_risk_off,False,True,False,True
2023-09-01,512010.SH,0.416,0.4394600000000001,-0.03480278422273786,-0.023474178403755874,-0.1333333333333333,1.857940515063618,-1.8566815977985573,-0.13079634274824584,1.717609169821587,1.1391809044919268,1.0554102814817685,0.012829498219867654,692313256.15,163,1.3537980860217593,3,True,True,True,True,True,False,True,False,True,False,True,confirmed_risk_off,False,True,False,True
2023-09-01,512660.SH,1.029,1.07449,-0.03921568627450989,-0.008670520231213952,-0.10986159169550169,-9.869863365457624,-6.4074068010929945,-0.7971918592332762,0.99693987163444,0.8343929046292017,0.6441569928633366,0.013858404120294753,361309175.9,163,0.861364509078124,4,True,True,False,True,True,False,True,False,True,False,True,confirmed_risk_off,False,True,False,True
2023-09-01,159928.SZ,0.944,0.9578399999999999,-0.0435663627152989,0.03736263736263723,-0.10095238095238102,-14.563764285493278,-13.397702168207674,-1.1657625173712194,0.7085013612138723,0.36621298863467683,0.4167006377440956,0.010498750952675221,164194093.36545,163,0.5132258674882387,5,True,True,False,True,True,False,True,False,True,False,True,confirmed_risk_off,False,True,False,True
2023-09-01,159995.SZ,0.987,1.06895,-0.05730659025787965,-0.07843137254901955,-0.05640535372848954,-21.09488538253666,-12.023013119002472,-1.1537178960718049,0.3071663367427493,0.45828374813409095,0.4241337461564616,0.01609970414134327,573070954.72305,163,0.3910067831820284,6,True,True,False,True,True,False,True,False,True,False,True,confirmed_risk_off,False,True,False,True
2023-09-01,510300.SH,3.582,3.65748,-0.06082852648138448,0.018771331058020424,-0.0412205567451821,-29.73047358290078,-21.47561094661175,-2.063880911800895,-0.22348742854796247,-0.1748105954439571,-0.13755600735775833,0.009329641630369789,4760978883.7,163,-0.18683041106831952,7,True,False,False,True,True,False,False,False,True,False,True,confirmed_risk_off,False,True,False,True
2023-09-01,159915.SZ,2.049,2.16584,-0.07032667876588028,-0.012530120481927809,-0.11029092488059056,-29.801279272846088,-25.922057530035207,-2.3887746477448935,-0.22783841253442688,-0.4726144618863842,-0.3380579826160197,0.012205925799256723,1477108786.4487,163,-0.34779274629152834,8,True,False,False,True,True,False,False,False,True,False,True,confirmed_risk_off,False,True,False,True
2023-09-01,510500.SH,5.612,5.87288,-0.06482252957840362,-0.030910032809532084,-0.0748433893834487,-29.715444688400684,-25.222829780812734,-2.694135901725427,-0.22256390842755008,-0.4257831948655256,-0.5265058590041011,0.010176375817239243,2037662067.0,163,-0.3646400131180505,9,True,False,False,True,True,False,False,False,True,False,True,confirmed_risk_off,False,True,False,True
2023-09-01,512100.SH,2.38,2.53734,-0.06666666666666665,-0.05555555555555558,-0.11028037383177569,-30.84662688980424,-27.393498663389618,-2.787294232111001,-0.29207464475230027,-0.5711652598177035,-0.583996746600927,0.01188553613186317,1289753324.25,163,-0.46209531114818697,10,True,False,False,True,True,False,False,False,True,False,True,confirmed_risk_off,False,True,False,True
2023-09-01,516160.SH,2.472,2.79101,-0.11556350626118062,-0.07588785046728963,-0.2289457267623206,-53.65578287285106,-58.2500664479442,-6.568886777696787,-1.6936890136492109,-2.63780544518301,-2.9177344926021602,0.011794193930993778,184006084.9,163,-2.3161446820533205,11,True,False,False,True,True,False,False,False,True,False,True,confirmed_risk_off,False,True,False,True
2023-09-01,515300.SH,1.035,1.01883,-0.04871323529411775,0.022727272727272707,0.13986784140969144,-34.88489206529398,-15.708471306954154,-1.136250463003825,-0.5402245762793307,0.21144761114425256,0.4349134394695549,0.010498312905439533,18092484.3,158,-0.04452809816012028,,False,False,False,True,False,True,False,False,False,False,True,confirmed_risk_off,False,True,False,True
2023-09-01,588080.SH,0.945,,-0.04158215010141997,-0.07534246575342474,,,-6.542054546027099,-0.5646961427387094,0.0,0.8253747778403587,0.7876372919241977,0.01631693662242212,878918974.05,87,0.48767736952098306,,False,False,False,False,True,False,True,False,False,False,True,confirmed_risk_off,False,True,False,True
2023-09-08,512880.SH,0.964,0.9412600000000001,-0.06134371957156759,0.08436445444319451,0.08314606741573027,-44.52514897596627,-26.005451468633535,-1.332218775724245,-2.13449568296683,-2.418231425345751,-0.2311559818070166,0.016131775043654567,1679106340.3,168,-1.8673220396864358,1,True,True,True,True,True,True,False,False,True,False,True,confirmed_risk_off,False,True,False,True
2023-09-08,159995.SZ,0.985,1.05639,-0.020874751491053667,-0.09963436928702019,-0.07163053722902923,42.85316468070409,5.497315975573278,-0.11432069614911751,2.056382845363658,1.0232380580125446,0.5679141727138635,0.01847111497900284,625974750.17865,168,1.3454311958932537,2,True,True,True,True,True,False,True,False,True,False,True,confirmed_risk_off,False,True,False,True
2023-09-08,512660.SH,1.062,1.0712300000000001,0.02115384615384608,0.022136669874879722,-0.04496402877697847,16.86233029968646,0.9752438771451661,0.10601394936042946,0.8097985937060908,0.5292315185601438,0.7124770406469815,0.015339347845861953,356436282.55,168,0.6781074530358902,3,True,True,True,True,True,False,True,False,True,False,True,confirmed_risk_off,False,True,False,True
2023-09-08,159928.SZ,0.932,0.95426,-0.026123301985370828,-0.02408376963350778,-0.09951690821256032,15.864863852322737,0.17317795311920237,-0.10254107520456046,0.7619576530647786,0.4416111085099617,0.5756428518917207,0.011107612868841191,160041643.37395,168,0.5965560750082403,4,True,True,False,True,True,False,True,False,True,False,True,confirmed_risk_off,False,True,False,True
2023-09-08,510880.SH,2.598,2.6046599999999995,0.0007704160246533309,0.011288439081354573,0.04673650282030617,-1.4088694059450242,0.25491865930036484,0.05025710158896073,-0.06653301912452465,0.4505407413229785,0.6758946420772362,0.008367425343679138,258771750.15,168,0.2887820172948288,5,True,True,False,True,True,False,True,False,True,False,True,confirmed_risk_off,False,True,False,True
2023-09-08,512100.SH,2.375,2.52154,-0.033767290480065215,-0.0715402658326817,-0.08477842003853575,4.907516453576819,-0.36748186631350666,-0.7360968220060398,0.236416360046741,0.38254759059043236,0.15996316819367226,0.012529855048013286,1360456974.0,168,0.2795782138936038,6,True,True,False,True,True,False,True,False,True,False,True,confirmed_risk_off,False,True,False,True
2023-09-08,510300.SH,3.529,3.64654,-0.03841961852861031,-0.01890464275785375,-0.033944702983848885,2.0036665328047443,-0.09964654226708455,-0.5665053407938863,0.09714058585092189,0.41180683252540234,0.27123314502530993,0.009246426551223189,4388696021.6,168,0.25782559635559166,7,True,False,False,True,True,False,True,False,True,False,True,confirmed_risk_off,False,True,False,True
2023-09-08,512010.SH,0.405,0.43576,-0.03800475059382413,-0.0603248259860788,-0.14376321353065524,4.7610833708208125,-1.0123722239219048,-0.8628691641910363,0.22939306975104254,0.31209757410372363,0.0767870824787836,0.011289176247983783,574527061.2,168,0.2319536740376632,8,True,False,False,True,True,False,True,False,True,False,True,confirmed_risk_off,False,True,False,True
2023-09-08,510500.SH,5.567,5.844430000000001,-0.0358503636993418,-0.051941416893732884,-0.060421940928270024,-0.2662425576703427,-1.1156176204765402,-0.832234060844589,-0.011729829134570617,0.3008186957585342,0.09688695551031734,0.010456660305868904,2001509166.4,168,0.1350129377516489,9,True,False,False,True,True,False,True,False,True,False,True,confirmed_risk_off,False,True,False,True
2023-09-08,159915.SZ,1.998,2.14988,-0.06153123532174731,-0.05128205128205121,-0.10523958799820876,-1.1263369069377969,-3.1594972006602218,-1.69523245576514,-0.052982066558681054,0.07753833744338533,-0.46933141066118267,0.012089215853835976,1453160141.85605,168,-0.08404377377835483,10,True,False,False,True,True,False,False,False,True,False,True,confirmed_risk_off,False,True,False,True
2023-09-08,516160.SH,2.384,2.76072,-0.12061969752858726,-0.10778443113772462,-0.2058627581612258,-19.97927316458716,-23.609480527496785,-5.950111379986696,-0.9572151931971293,-2.1564874089973807,-3.2609827125759137,0.012379308160436794,187503135.25,168,-1.8976775833929869,11,True,False,False,True,True,False,False,False,True,False,True,confirmed_risk_off,False,True,False,True
2023-09-08,515300.SH,1.03,1.0238500000000001,-0.02738432483474973,0.030000000000000027,0.1306256860592756,-20.206912124388943,-2.4823768906847192,-0.201109016247728,-0.9681333168014975,0.15150926356820515,0.5109718410731096,0.010498620601339844,15249713.85,163,-0.22445525307869507,,False,False,False,True,False,True,False,False,False,False,True,confirmed_risk_off,False,True,False,True
2023-09-08,588080.SH,0.909,,-0.041139240506329,-0.1276391554702495,,,0.6507171413305346,-0.5017809444124411,0.0,0.4937791139478208,0.313699205433119,0.017950785760545478,993661406.2,92,0.26025148666575215,,False,False,False,False,True,False,True,False,False,False,True,confirmed_risk_off,False,True,False,True
2023-09-15,510880.SH,2.669,2.60713,0.02143130501339452,0.0710272873194222,0.06931089743589736,4.913518090176161,2.54141300852481,0.5117567454066501,-0.2664715278479047,0.5768534825598143,0.8264881215729118,0.008932820816984302,255041522.75,173,0.28945040619934626,1,True,True,True,True,True,True,True,True,False,False,True,confirmed_risk_off,False,True,False,True
2023-09-15,512880.SH,0.957,0.9420499999999999,-0.06268364348677757,0.0887372013651877,0.05280528052805278,-27.8022340045635,-12.168360606731486,-0.7665106666860213,-2.023776284969566,-1.9027966003201315,-0.2953820735220743,0.015830117878660815,1479355297.1,173,-1.629705568820294,2,True,True,True,True,True,True,False,False,True,False,True,confirmed_risk_off,False,True,False,True
2023-09-15,159995.SZ,0.963,1.04275,0.013684210526315743,-0.09150943396226419,-0.15674255691768824,46.67646523655644,4.826020173152094,0.1630347991417416,1.9767972644827145,0.9619733690576364,0.5204326325656136,0.017549546056065225,592084530.2411001,173,1.2795947799292633,3,True,True,True,True,True,False,True,False,True,False,True,confirmed_risk_off,False,True,False,True
2023-09-15,512660.SH,1.03,1.0681399999999999,-0.0067502410800385215,-0.05504587155963303,-0.09251101321585897,23.507274071736603,5.51512837359732,-0.0035160801429808884,0.7322796469541956,1.078137441397609,0.3742594096008659,0.013504867603476453,306063402.2,173,0.7990187172608951,4,True,True,False,True,True,False,True,False,True,False,True,confirmed_risk_off,False,True,False,True
2023-09-15,512100.SH,2.369,2.50623,-0.006708595387840521,-0.07279843444227008,-0.10906355772846921,25.893544887018376,3.3974374323833003,-0.003086889712614181,0.8604565888545929,0.7211548898477183,0.3746360881794586,0.012033038715198258,1331480530.8,173,0.7075718091168162,5,True,True,False,True,True,False,True,False,True,False,True,confirmed_risk_off,False,True,False,True
2023-09-15,159928.SZ,0.929,0.9508,-0.005353319057815886,-0.012752391073326153,-0.10587102983638097,19.219993565823085,1.739374160148505,0.007173093588001396,0.5019912401237691,0.441652510140594,0.38364075289847,0.009438878102967558,158483876.27159998,173,0.45418565068543926,6,True,True,False,True,True,False,True,False,True,False,True,confirmed_risk_off,False,True,False,True
2023-09-15,510500.SH,5.573,5.815840000000001,-0.013279036827195334,-0.04457397565575172,-0.08278472679394322,16.441716635572657,0.7907354249613726,-0.028160712623184415,0.3527579517679907,0.28173896015297134,0.3526300710234652,0.010259132104052592,2022824640.85,173,0.3243247789730779,7,True,False,False,True,True,False,True,False,True,False,True,confirmed_risk_off,False,True,False,True
2023-09-15,512010.SH,0.417,0.43251999999999996,0.0024038461538462563,-0.018823529411764683,-0.11652542372881358,16.483031815917563,0.006326886009250899,0.016918363137031694,0.35497716906585974,0.1495099572125698,0.39219367957624973,0.012540220679997023,576648555.1,173,0.2802335864266218,8,True,False,False,True,True,False,True,False,True,False,True,confirmed_risk_off,False,True,False,True
2023-09-15,510300.SH,3.507,3.6317199999999996,-0.018197088465845446,-0.027723870252287286,-0.06504932018128495,8.849326831714132,0.02886583638708842,-0.04395573689164643,-0.05506219192321474,0.15330938415374765,0.33876758279138247,0.008886526719416709,4256117520.95,173,0.10705239345048966,9,True,False,False,True,True,False,True,False,True,False,True,confirmed_risk_off,False,True,False,True
2023-09-15,159915.SZ,1.954,2.13245,-0.05375302663438253,-0.09369202226345086,-0.14597902097902093,0.946706235173358,-2.757647008869418,-1.179447331797339,-0.479546175290409,-0.3164175462811325,-0.6577955502858249,0.011974284143055151,1443939464.1127,173,-0.4499445986857816,10,True,False,False,True,True,False,False,False,True,False,True,confirmed_risk_off,False,True,False,True
2023-09-15,516160.SH,2.329,2.7271699999999996,-0.09903288201160532,-0.15890213073311665,-0.2348883048620236,-7.518421692831635,-15.379518481778316,-4.1219027656828136,-0.9342448639969564,-2.444106623116273,-3.2402388015513757,0.012526069383113464,175714538.2,173,-1.999388355155567,11,True,False,False,True,True,False,False,False,True,False,True,confirmed_risk_off,False,True,False,True
2023-09-15,515300.SH,1.044,1.02816,-0.008547008547008406,0.05989847715736052,0.1422319474835887,-9.117882221102807,0.012038340641499038,0.0001572456312823934,-1.020158817221073,0.15047274626171808,0.37748330052074286,0.010385517578030126,13682883.2,168,-0.27237776827959337,,False,False,False,True,False,True,False,False,False,False,True,confirmed_risk_off,False,True,False,True
2023-09-15,588080.SH,0.893,,-0.02510917030567683,-0.13132295719844356,,,0.00044257171286688965,-0.14181124644375792,0.0,0.14851802893315785,0.2528847866301144,0.01748162840146349,981031203.5,97,0.10998416889928603,,False,False,False,False,True,False,True,False,False,False,True,confirmed_risk_off,False,True,False,True
2023-09-22,510880.SH,2.695,2.6113899999999997,0.036937283570603885,0.06859635210150672,0.09065155807365421,13.231142089490113,8.463418842527718,-0.008760506018653079,1.3482252452930297,1.2785648509165393,0.7361037478290824,0.008704550266887951,253420539.05,178,1.197936788049644,1,True,True,True,True,True,True,True,True,False,False,True,confirmed_risk_off,False,True,False,True
2023-09-22,512880.SH,0.974,0.9444500000000001,-0.024048096192384794,0.1080773606370875,0.07505518763796903,-25.915423365310012,-12.083124038254917,-6.50490862372892,-1.5638839085164604,-0.20902416440496804,-2.3058428276337253,0.013392697966242997,1286391485.25,178,-1.1703317946953165,2,True,True,True,True,True,True,False,False,True,False,True,confirmed_risk_off,False,True,False,True
2023-09-22,512010.SH,0.419,0.43057,0.02444987775061125,-0.014117647058823568,-0.11416490486257924,14.58687832005981,-0.0,-0.27743495072149654,1.4490783301377712,0.6658053723385191,0.6102917601451775,0.010911482201068792,532233609.3,178,0.9680118330195517,3,True,True,True,True,True,False,True,False,True,False,True,confirmed_risk_off,False,True,False,True
2023-09-22,512100.SH,2.361,2.49428,0.03100436681222707,-0.08523827973653608,-0.10635881907645717,5.481871873063724,-0.6001799425005788,-0.1438735837112619,0.7717577960948416,0.6223517804198894,0.67283444476828,0.011526030803476939,1241915084.3,178,0.6922107195595484,4,True,True,False,True,True,False,True,False,True,False,True,confirmed_risk_off,False,True,False,True
2023-09-22,510500.SH,5.571,5.795109999999999,0.02295262578038937,-0.0485055508112725,-0.08250988142292492,1.2673657411193606,-1.951030563803887,-0.37064192923018313,0.4582410994693784,0.5245489258350168,0.5666457958065947,0.00965605224209255,2112307084.6,178,0.506445169283077,5,True,True,False,True,True,False,True,False,True,False,True,confirmed_risk_off,False,True,False,True
2023-09-22,159928.SZ,0.932,0.94785,0.0032292787944026013,0.00647948164146861,-0.12241054613935964,-0.7546068557486174,-1.831457516183832,-0.6961278042603043,0.3078267568653026,0.5332061268639294,0.4142307607783628,0.009869946668032132,154818088.2595,178,0.41925930564736535,6,True,True,False,True,True,False,True,False,True,False,True,confirmed_risk_off,False,True,False,True
2023-09-22,159995.SZ,0.951,1.03363,0.03033586132177679,-0.09514747859181727,-0.16137566137566128,-0.42383510564495586,-7.49355322521583,-0.19479725373605797,0.33243283482150665,0.12326507598606962,0.6489884546776896,0.016292985554284024,562825484.3820499,178,0.31207685525856843,7,True,False,False,True,True,False,True,False,True,False,True,confirmed_risk_off,False,True,False,True
2023-09-22,512660.SH,1.012,1.0647499999999999,0.01810865191146882,-0.09964412811387913,-0.06985294117647067,-6.1009861198809885,-1.9634113653111813,-0.2871637428753845,-0.08988987073498754,0.5236525441697414,0.6057360656875302,0.012116313145785448,273772931.25,178,0.2946522825114076,8,True,False,False,True,True,False,True,False,True,False,True,confirmed_risk_off,False,True,False,True
2023-09-22,510300.SH,3.537,3.62202,0.009417808219178037,-0.018045530260966114,-0.059308510638297784,-8.15506657549159,-8.019928237785603,-1.4955471299591139,-0.24269271379286628,0.08515503036029727,0.03988725196295308,0.009105078118340994,4033730997.9,178,-0.055037622980437,9,True,False,False,True,True,False,False,False,True,False,True,confirmed_risk_off,False,True,False,True
2023-09-22,159915.SZ,1.964,2.11834,-0.013561024610748484,-0.09242144177449174,-0.15088629485516658,-21.528015825292467,-28.48917756691933,-3.448177786582972,-1.2375050931506488,-1.3968378591771666,-0.8744696917876262,0.011687711242998446,1343964272.49515,178,-1.2286311192886514,10,True,False,False,True,True,False,False,False,True,False,True,confirmed_risk_off,False,True,False,True
2023-09-22,516160.SH,2.313,2.6977999999999995,-0.05282555282555279,-0.18670886075949356,-0.24657980456026052,-28.134465370410997,-43.18929323203689,-5.781128765288035,-1.728958225015661,-2.461140049295855,-1.9669189573834807,0.011644268494070402,163094664.75,178,-2.0694231012013025,11,True,False,False,True,True,False,False,False,True,False,True,confirmed_risk_off,False,True,False,True
2023-09-22,515300.SH,1.058,1.03093,0.014381591562799834,0.06118355065195602,0.12314225053078576,-2.266357857618887,1.0983511591439474,-0.38056002290342217,0.19536774852879313,0.7453270285503958,0.5620014572635468,0.00826701617615046,12913644.25,173,0.48867820228438497,,False,False,False,True,False,True,True,False,False,False,True,confirmed_risk_off,False,True,False,True
2023-09-22,588080.SH,0.89,0.9805499999999999,0.013667425968109326,-0.12401574803149606,,,-23.489750800580293,-0.9603326736595602,0.0,-1.0348746625624088,0.2905117378856169,0.016540391275393328,944095607.15,102,-0.35584751744784016,,False,False,False,False,True,False,False,False,False,False,True,confirmed_risk_off,False,True,False,True
2023-10-13,512010.SH,0.435,0.42827,0.07407407407407396,0.004618937644341736,-0.11042944785276076,44.83402874274035,30.14584025715478,3.8620124359353074,2.6403914809164735,2.7599316584607525,2.703524229114723,0.011600481535606895,542601513.75,187,2.700834101573835,1,True,True,True,True,True,True,True,True,False,False,True,confirmed_risk_off,False,True,False,True
2023-10-13,510880.SH,2.64,2.60397,0.008788689338937727,0.030847325263569036,0.032459913961673914,2.667412309546336,0.04918237467743295,0.18537854313412797,0.20760899181163672,0.3567366828037196,0.3487168703641288,0.006288091684512544,218991711.35,187,0.2954816439189683,2,True,True,True,True,True,True,True,True,False,False,True,confirmed_risk_off,False,True,False,True
2023-10-13,159995.SZ,0.975,1.02371,-0.0040858018386108474,-0.09133271202236715,-0.19686985172981875,11.031656999082953,-0.15990980929743864,-0.04120285526869521,0.6901800334680485,0.34004083278808966,0.2035962084022006,0.009940474779133443,406989084.6894,187,0.45280758818289535,3,True,True,True,True,True,False,True,False,True,False,True,confirmed_risk_off,False,True,False,True
2023-10-13,512100.SH,2.371,2.47576,0.00042194092826997043,-0.07237871674491392,-0.12315088757396453,3.646023853512942,-0.8374832438247821,-0.005159088960954244,0.2640695103256064,0.28593711536361005,0.22668148929044513,0.008082337012228947,1039040804.85,187,0.2653389481337756,4,True,True,False,True,True,False,True,False,True,False,True,confirmed_risk_off,False,True,False,True
2023-10-13,159915.SZ,1.945,2.09504,-0.02895656515227163,-0.10861594867094404,-0.165951972555746,1.5941131393313497,-4.170667135592148,-0.6533636422347175,0.14568551661398532,0.019784946145512832,-0.18848001346711046,0.008948229602638292,1202558324.3802,187,0.02849218241037716,5,True,True,False,True,True,False,True,False,True,False,True,confirmed_risk_off,False,True,False,True
2023-10-13,510500.SH,5.5,5.755839999999999,-0.012390016160890638,-0.0693739424703892,-0.11075181891673402,-2.261429933644315,-5.696646104323144,-0.19342092985139303,-0.07675817148190966,-0.1020633004250054,0.10610370503818206,0.006846752776167811,1707053137.0,187,-0.05030784775512962,6,True,True,False,True,True,False,False,False,True,False,True,confirmed_risk_off,False,True,False,True
2023-10-13,516160.SH,2.297,2.6435700000000004,-0.050826446280991644,-0.19403508771929823,-0.23965574313141336,1.3143515476556047,-10.77274669379229,-1.1529452812021317,0.12954480723477424,-0.5073860269608407,-0.5084516380666028,0.012600963259659747,153827696.5,187,-0.2528268155037472,7,True,False,False,True,True,False,False,False,True,False,True,confirmed_risk_off,False,True,False,True
2023-10-13,510300.SH,3.456,3.60041,-0.02647887323943654,-0.059335873707131226,-0.0864393338620143,-6.267913812023987,-8.575832649321898,-0.5856570730073667,-0.3079103161564829,-0.33196413080753134,-0.14511536740743708,0.0076037140593190585,3477630488.7,187,-0.2849728522670931,8,True,False,False,True,True,False,False,False,True,False,True,confirmed_risk_off,False,True,False,True
2023-10-13,512880.SH,0.931,0.9431800000000001,-0.029197080291970767,0.03100775193798455,-0.009574468085106314,-21.400719839279265,-13.649654362289894,-0.8089329224840088,-1.180990222210926,-0.737104890808109,-0.2881188941954438,0.01144297180364618,808711616.75,187,-0.8248618240467028,9,True,False,False,True,True,False,False,False,True,False,True,confirmed_risk_off,False,True,False,True
2023-10-13,159928.SZ,0.888,0.9412999999999999,-0.054313099041533475,-0.0672268907563025,-0.12166172106824913,-19.2342210399307,-21.20330965145443,-2.1734620269467535,-1.0559951244877719,-1.3402584538930733,-1.1620713382257444,0.008916957904182104,134196001.42074999,187,-1.190915698997487,10,True,False,False,True,True,False,False,False,True,False,True,confirmed_risk_off,False,True,False,True
2023-10-13,512660.SH,0.981,1.05696,-0.05491329479768792,-0.10737033666969975,-0.11382113821138207,-24.025456796479023,-22.536212042779848,-3.292395402040142,-1.332423148257969,-1.4466896843101704,-1.8787248377163002,0.01025843630910843,232439287.25,187,-1.4873901005705157,11,True,False,False,True,True,False,False,False,True,False,True,confirmed_risk_off,False,True,False,True
2023-10-13,515300.SH,1.05,1.03226,0.01449275362318847,0.027397260273972712,0.10410094637223977,-3.069915561810344,0.025904268929141903,0.24184496150435114,-0.12340335777546531,0.35487794396980815,0.38488243413180245,0.0067462565528487815,11348024.9,182,0.16956632130409766,,False,False,False,True,False,True,True,False,False,False,True,confirmed_risk_off,False,True,False,True
2023-10-13,588080.SH,0.899,0.9713299999999999,-0.008820286659316445,-0.10547263681592023,,,-0.058262306575265134,-0.05078795361825637,0.0,0.3481573076732375,0.19745715273715633,0.009382920930751102,576062603.5,111,0.17875435361672626,,False,False,False,False,True,False,True,False,False,False,True,confirmed_risk_off,False,True,False,True
2023-10-20,159995.SZ,0.937,1.01718,-0.015756302521008347,-0.09643201542912239,-0.25928853754940706,18.50222236048551,0.40993107306149545,-0.224729610822002,1.9459378761673665,1.020901385195063,1.0439550308279975,0.011854058715326694,414560013.12485,192,1.3955267107105713,1,True,True,True,True,True,False,True,False,True,False,True,confirmed_risk_off,False,True,False,True
2023-10-20,512010.SH,0.408,0.42628,-0.007299270072992692,-0.037735849056603765,-0.13375796178343946,10.692995871088092,0.04739349220289968,-0.10773212467884995,1.4120419374337765,0.9878499663089616,1.0991111756208871,0.012764700120272587,568117462.45,192,1.1797789966212726,2,True,True,True,True,True,False,True,False,True,False,True,confirmed_risk_off,False,True,False,True
2023-10-20,512100.SH,2.249,2.46343,-0.05025337837837829,-0.10147822612864565,-0.1670370370370371,-3.722993563132181,-3.198528100179493,-2.266249243676233,0.42645927797239835,0.6919294331405224,0.0815210830638513,0.008442347458767189,1034070065.3,192,0.4636597010579385,3,True,True,True,True,True,False,True,False,True,False,True,confirmed_risk_off,False,True,False,True
2023-10-20,516160.SH,2.219,2.60834,-0.05654761904761907,-0.1862852951961863,-0.25761124121779866,-0.6619051201653391,-12.550605061936748,-2.7320835977331046,0.6357377116333015,-0.16067021290461142,-0.13808728570422307,0.013971096688074733,164208107.7,192,0.16240954235063143,4,True,True,False,True,True,False,True,False,True,False,True,confirmed_risk_off,False,True,False,True
2023-10-20,512880.SH,0.938,0.94351,-0.02393340270551514,0.046875,-0.013669821240799185,-14.599631400150466,-7.5921874080758585,-0.703380627275139,-0.31714737451031705,0.291373237327152,0.8183045007264304,0.010822899384077402,785694132.95,192,0.15335124527202007,5,True,True,False,True,True,False,True,False,True,False,True,confirmed_risk_off,False,True,False,True
2023-10-20,159915.SZ,1.85,2.0786599999999997,-0.05612244897959173,-0.12030432715168815,-0.20051858254105448,-7.031630668248338,-9.318155853614563,-2.4242182887480195,0.20025660405032544,0.13402208508910807,0.00704970927627075,0.009936699721772467,1216358097.0753,192,0.13512141751102755,6,True,True,False,True,True,False,True,False,True,False,True,confirmed_risk_off,False,True,False,True
2023-10-20,510880.SH,2.564,2.60234,-0.038620172478440074,0.0007806401249024209,-0.01118395680678752,-16.272939000403536,-11.502523668683054,-1.5742192785636937,-0.4315469418989815,-0.0651199058905977,0.40776488722613136,0.006542845130333499,222169966.35,192,-0.11711376167060542,7,True,False,False,True,True,False,False,False,True,False,True,confirmed_risk_off,False,True,False,True
2023-10-20,510500.SH,5.283,5.729839999999999,-0.05186647523330934,-0.08709175738724717,-0.14542219346489804,-12.509923475916086,-13.053184887496931,-3.1745024402862816,-0.1742796301309085,-0.2064888458280002,-0.3466568759013022,0.007120643342962701,1572432468.7,192,-0.22163876556382395,8,True,False,False,True,True,False,False,False,True,False,True,confirmed_risk_off,False,True,False,True
2023-10-20,510300.SH,3.302,3.58582,-0.0629965947786606,-0.08481152993348118,-0.1362804080565001,-18.730661980428206,-17.389001194746374,-3.8730433411207468,-0.599574891830888,-0.6017716759409574,-0.6759701315984326,0.00897765701294954,3821105240.1,192,-0.6157326534284246,9,True,False,False,True,True,False,False,False,True,False,True,confirmed_risk_off,False,True,False,True
2023-10-20,512660.SH,0.937,1.04991,-0.08940719144800768,-0.1242990654205608,-0.141941391941392,-24.340104177984024,-23.55473803622799,-5.828095416743023,-0.9830774591980905,-1.1638826455310638,-1.597640664149214,0.008966755991961792,220418468.35,192,-1.1783121747215046,10,True,False,False,True,True,False,False,False,True,False,True,confirmed_risk_off,False,True,False,True
2023-10-20,159928.SZ,0.844,0.93639,-0.09925293489861264,-0.09635974304068529,-0.1551551551551552,-38.96800843923258,-39.97818150159514,-7.355937760746521,-1.983148168873077,-2.661156688791632,-2.31791164025768,0.010727210215521428,132275027.19235,192,-2.3213042711174197,11,True,False,False,True,True,False,False,False,True,False,True,confirmed_risk_off,False,True,False,True
2023-10-20,515300.SH,1.013,1.03216,-0.03615604186489063,-0.007835455435847183,0.055208333333333304,-11.886516193979476,-2.5678943191425057,-0.9748901104799442,-0.13165894081490628,0.749422345217158,0.690306738877396,0.008453388209078214,12225833.6,187,0.3851667095363799,,False,False,False,True,False,False,True,False,False,False,True,confirmed_risk_off,False,True,False,True
2023-10-20,588080.SH,0.87,0.96321,-0.020270270270270285,-0.1049382716049383,,,0.0006830655623849351,-0.47015632760033566,0.0,0.9835915226088964,0.928253471991884,0.01021981012717994,560928108.2,116,0.5790873034419354,,False,False,False,False,True,False,True,False,False,False,True,confirmed_risk_off,False,True,False,True
2023-10-27,512880.SH,0.947,0.9455000000000001,0.002116402116402183,0.01175213675213671,0.04295154185022021,-8.70422666514429,-1.4405601934090864,-0.218144244686301,1.0955161649674658,1.575174953796329,1.0753856819965044,0.014316563585977138,912653753.0,197,1.283353583904819,1,True,True,True,True,True,True,True,True,False,False,True,confirmed_risk_off,False,True,False,True
2023-10-27,512010.SH,0.426,0.42435,0.026506024096385472,-0.03401360544217691,-0.07189542483660138,-14.16184597933481,-6.80238463098236,0.021955083459152147,0.5786996588871709,1.0982493182846527,1.4313101336866048,0.01413948272077773,621281539.95,197,0.9570416176060506,2,True,True,True,True,True,True,True,True,False,False,True,confirmed_risk_off,False,True,False,True
2023-10-27,159995.SZ,0.954,1.00968,0.02470461868958096,-0.07017543859649134,-0.1382113821138211,3.9121926279979173,-0.5476018016938305,0.0008170429127510671,2.2902447385365243,1.6546021624661886,1.3999749960608838,0.013422261657139294,419442961.03185,197,1.8579337596132621,3,True,True,True,True,True,False,True,False,True,False,True,confirmed_risk_off,False,True,False,True
2023-10-27,588080.SH,0.87,0.9536,0.0023041474654377225,-0.09563409563409564,-0.12209889001009078,-8.606187334076209,-11.279048596900191,-0.32311658784568154,1.104800129572566,0.7000572790309602,0.9197741525090357,0.012596651119116438,600687582.95,121,0.9058977939432177,4,True,True,False,True,True,False,True,False,True,False,True,confirmed_risk_off,False,True,False,True
2023-10-27,512100.SH,2.305,2.4488299999999996,-0.0034587116299178433,-0.07910507391130639,-0.10450660450660443,-21.7506776043655,-17.646238772590614,-0.45273983862219513,-0.13993482620456343,0.1337059826913809,0.7276199935812375,0.01178765339899023,1027656790.05,197,0.14303246131097452,5,True,True,False,True,True,False,True,False,True,False,True,confirmed_risk_off,False,True,False,True
2023-10-27,510880.SH,2.599,2.6019300000000003,-0.030585602387168898,-0.007257448433918956,-0.0030686612965094007,-22.758336406999295,-17.673528430165465,-1.030197753281664,-0.23535641421165834,0.13127861166621685,-0.12840652359738813,0.007361535492660539,213316884.85,197,-0.06731242573765422,6,True,True,False,True,True,False,False,False,True,False,True,confirmed_risk_off,False,True,False,True
2023-10-27,516160.SH,2.213,2.57331,-0.026824978012313094,-0.18369605311693094,-0.24983050847457633,-18.1123487294809,-30.875682705797875,-1.7562431508589587,0.2046015565731359,-1.0430317170917527,-1.204699872816047,0.017838566605240587,189442256.75,197,-0.5763120387706562,7,True,False,False,True,True,False,False,False,True,False,True,confirmed_risk_off,False,True,False,True
2023-10-27,510500.SH,5.355,5.70057,-0.021560387356111765,-0.08068669527896988,-0.09924306139613115,-27.75485565369964,-27.26032066063142,-1.418649027324994,-0.7085084372793624,-0.7214510944751357,-0.7042486460644496,0.010846405948919516,1647881893.4,197,-0.7128335419146893,8,True,False,False,True,True,False,False,False,True,False,True,confirmed_risk_off,False,True,False,True
2023-10-27,512660.SH,0.964,1.04329,-0.03503503503503502,-0.10158434296365326,-0.11397058823529416,-28.38186430729955,-27.593141781414403,-1.4532070542032223,-0.7678838541013178,-0.7510549963539097,-0.7554776389280768,0.010404478360481655,238186735.05,197,-0.7586710679677064,9,True,False,False,True,True,False,False,False,True,False,True,confirmed_risk_off,False,True,False,True
2023-10-27,159915.SZ,1.881,2.06206,-0.018779342723004744,-0.11648661343353683,-0.16026785714285718,-27.019425016781632,-30.740199407092952,-1.5081363555399014,-0.6388658568142672,-1.0309806961960912,-0.8369051115119815,0.012707647371018668,1324562087.3862,197,-0.8353196435065398,10,True,False,False,True,True,False,False,False,True,False,True,confirmed_risk_off,False,True,False,True
2023-10-27,159928.SZ,0.89,0.93243,-0.026258205689277947,-0.08624229979466114,-0.10191725529767914,-35.52859266603787,-31.413810616444728,-1.3864473518413012,-1.4446527834886054,-1.0908973267848552,-0.6565127203600153,0.01284561303151463,131638528.77579999,197,-1.1455225881813873,11,True,False,False,True,True,False,False,False,True,False,True,confirmed_risk_off,False,True,False,True
2023-10-27,510300.SH,3.356,3.5724099999999996,-0.030618139803581856,-0.09100758396533049,-0.09444144630329199,-32.060808137629095,-32.27253580541562,-2.0440811280489846,-1.1162663240022221,-1.1672795472861268,-1.63139233796482,0.010155060205716814,4482662010.25,197,-1.2396968161083037,12,True,False,False,True,True,False,False,False,True,False,True,confirmed_risk_off,False,True,False,True
2023-10-27,515300.SH,1.024,1.03271,-0.031220435193945018,-0.021032504780114758,0.015873015873015817,-22.621449770361266,-13.397470470204068,-0.6983151657824522,-0.22239375243486462,0.5116270702521445,0.36357789340851043,0.00902347079561269,13155268.85,192,0.18840890580861402,,False,False,False,True,False,False,True,False,False,False,True,confirmed_risk_off,False,True,False,True
2023-11-03,512010.SH,0.435,0.42419999999999997,0.016355140186915973,0.0023041474654377225,-0.039735099337748325,7.4307353277756265,2.0294238851533046e-06,0.09252938755525707,0.8451302103642145,0.8840046789366882,0.7448713276588355,0.014223016906520771,662907066.0,202,0.8406282212521282,1,True,True,True,True,True,True,True,True,False,False,True,confirmed_risk_off,False,True,False,True
2023-11-03,159995.SZ,0.997,1.00457,0.05391120507399583,-0.051379638439581266,-0.06032045240339301,24.765865854760264,0.8651386850109799,0.9348562455827842,2.268073006295791,1.032951490101492,1.8033640449580597,0.01630879410911178,486770035.4802,202,1.6810826075505252,2,True,True,True,True,True,False,True,False,True,False,True,confirmed_risk_off,False,True,False,True
2023-11-03,159928.SZ,0.913,0.9318,0.002195389681668436,-0.07591093117408898,-0.07497467071935149,12.936579535689223,0.06087777087248673,0.008105228405977275,1.2970738134987114,0.8944853902873234,0.6387814448871015,0.012469929291403363,149512611.7019,202,1.0043799704918341,3,True,True,True,True,True,False,True,False,True,False,True,confirmed_risk_off,False,True,False,True
2023-11-03,512880.SH,0.946,0.9480200000000001,-0.001055966209081327,-0.10246679316888052,-0.03763987792472023,4.021740977012806,1.3455423704726697,0.037704652050101053,0.5653051496161331,1.1156605009372198,0.6759769516728245,0.011687822711688552,935553847.35,202,0.8075816505559061,4,True,True,False,True,True,False,True,False,True,False,True,confirmed_risk_off,False,True,False,True
2023-11-03,159915.SZ,1.918,2.0506100000000003,-0.017921146953405076,-0.12299954275262914,-0.12018348623853226,-1.9650835509092741,-2.612969970768804,-0.23791052094415388,0.07388059303421005,0.43414066661194445,0.32963081464622757,0.012993075512132378,1346448782.002,202,0.2691346667877073,5,True,True,False,True,True,False,True,False,True,False,True,confirmed_risk_off,False,True,False,True
2023-11-03,588080.SH,0.883,0.94581,-0.013407821229050265,-0.09897959183673466,-0.11611611611611616,0.917982181208098,-4.247956340428281,-0.2604235483184822,0.31053514878316,0.152652182121089,0.30134028194745205,0.01247745438486645,599073640.45,126,0.24554298875119002,6,True,True,False,True,True,False,True,False,True,False,True,confirmed_risk_off,False,True,False,True
2023-11-03,512100.SH,2.324,2.43701,-0.019822859552931282,-0.08323471400394489,-0.09289617486338797,-5.025225718190597,-2.4529797107344726,-0.2581307042841122,-0.17730916551310136,0.4616854930802785,0.3042215372335138,0.011604123960145499,945473221.75,202,0.17459483847357365,7,True,False,False,True,True,False,True,False,True,False,True,confirmed_risk_off,False,True,False,True
2023-11-03,510500.SH,5.365,5.67592,-0.033681556195965356,-0.09983221476510062,-0.1004359490274983,-10.065962711573642,-5.851723217547491,-0.8277572663581151,-0.5910747486308566,-0.12346137826959559,-0.41158796330579145,0.010391817743255745,1492395241.55,202,-0.3681320434213392,8,True,False,False,True,True,False,False,False,True,False,True,confirmed_risk_off,False,True,False,True
2023-11-03,512660.SH,0.969,1.0380800000000001,-0.03486055776892438,-0.09608208955223885,-0.11263736263736268,-10.026979913238947,-6.45455066242703,-1.5940382667722912,-0.5878748712506857,-0.22724755472804378,-1.3745192180950843,0.0109849122763861,241545144.8,202,-0.6009528140105087,9,True,False,False,True,True,False,False,False,True,False,True,confirmed_risk_off,False,True,False,True
2023-11-03,510300.SH,3.373,3.5632899999999994,-0.031859931113662365,-0.11073029264434486,-0.0978871355977533,-14.128543480527403,-8.141681371477027,-0.7225642200195652,-0.9245490209516929,-0.5177135030939475,-0.27939928571736283,0.008916709245487013,4400977221.4,202,-0.6327848667617287,10,True,False,False,True,True,False,False,False,True,False,True,confirmed_risk_off,False,True,False,True
2023-11-03,510880.SH,2.558,2.6013899999999994,-0.03870725291243904,-0.04230625233994756,-0.08479427549194996,-18.784358110380516,-11.694978853982489,-1.0305326052791208,-1.30671850484624,-1.129469259506737,-0.6664014213479333,0.00800723009389553,210614792.4,202,-1.1077553900107775,11,True,False,False,True,True,False,False,False,True,False,True,confirmed_risk_off,False,True,False,True
2023-11-03,516160.SH,2.171,2.54479,-0.06663800515907148,-0.21793948126801155,-0.2347550229115264,-10.025308743141013,-20.452979624642953,-2.347731555085056,-0.58773769435156,-2.637296119626927,-2.3216323834339185,0.01770004153698148,199707246.7,202,-1.7543400022781785,12,True,False,False,True,True,False,False,False,True,False,True,confirmed_risk_off,False,True,False,True
2023-11-03,515300.SH,1.018,1.03353,-0.025837320574162548,-0.06175115207373272,0.02208835341365467,-17.298269720079357,-7.111737707396092,-0.2970185953929254,-1.1847339160480836,-0.34039258685078455,0.2553538688960775,0.009363863961627509,14196524.55,197,-0.5589798273803317,,False,False,False,True,False,False,False,False,False,False,True,confirmed_risk_off,False,True,False,True
2023-11-10,159995.SZ,1.005,1.00187,0.03076923076923066,-0.02237354085603127,-0.05810684161199631,63.11859120925351,34.075777964060535,1.1370589769878177,1.7481095307330239,2.2456109705426686,1.6117829479709347,0.01702094413591651,523413134.67565,207,1.919844790104464,1,True,True,True,True,True,True,True,True,False,False,True,confirmed_risk_off,False,True,False,True
2023-11-10,512010.SH,0.44,0.42499,0.011494252873563315,0.030444964871194413,-0.049676025917926636,42.99464252257902,21.31664554631728,0.13592871067301035,0.7823538809890277,1.1041609399865315,0.11567552462786344,0.013916322292057482,669146935.3,207,0.7777410333157965,2,True,True,True,True,True,True,True,True,False,False,True,confirmed_risk_off,False,True,False,True
2023-11-10,512880.SH,0.975,0.95262,0.047261009667024734,-0.09217877094972071,0.030655391120507414,21.912356017651742,16.20771520596599,1.433986766559811,-0.22939275078096732,0.647108806489307,2.055517280178026,0.01395190296393101,1127465115.75,207,0.5781898783189412,3,True,True,True,True,True,True,True,True,False,False,True,confirmed_risk_off,False,True,False,True
2023-11-10,159928.SZ,0.899,0.9308700000000001,0.012387387387387427,-0.07889344262295073,-0.07415036045314105,41.74876211194435,20.46021271481298,0.28299516647899947,0.7225636249011389,1.027543247679301,0.33545433230093813,0.011691622730830334,146569614.1923,207,0.7671336154923636,4,True,True,False,True,True,False,True,False,True,False,True,confirmed_risk_off,False,True,False,True
2023-11-10,159915.SZ,1.955,2.04464,0.005141388174807249,-0.10485347985347993,-0.12253141831238779,44.41382450437786,14.055420475001208,0.14825568440965883,0.8504609427926919,0.4545614759976863,0.1340971801659007,0.014619591774944174,1431873256.85635,207,0.5488284035493315,5,True,True,False,True,True,False,True,False,True,False,True,confirmed_risk_off,False,True,False,True
2023-11-10,512100.SH,2.371,2.42951,0.0,-0.05349301397205586,-0.06136183689627861,34.32680513546835,8.421078749169787,0.013108098627755265,0.3663811979932983,-0.04949470310195174,-0.06786984963880983,0.01252016403638091,885110322.05,207,0.11318062802877668,6,True,True,False,True,True,False,True,False,True,False,True,confirmed_risk_off,False,True,False,True
2023-11-10,588080.SH,0.897,0.9388299999999999,-0.0022246941045606095,-0.07334710743801653,-0.11538461538461542,36.20096719578607,5.5965741990559,0.05022230610343135,0.45632291999173535,-0.30217887468010735,-0.01240569758570091,0.01258196312344908,643813847.9,131,0.05917647860751103,7,True,False,False,True,True,False,True,False,True,False,True,confirmed_risk_off,False,True,False,True
2023-11-10,512660.SH,0.976,1.03501,-0.0050968399592252744,-0.07047619047619058,-0.09713228492136905,24.613536451415577,3.2008829527543448,-0.010063884837381977,-0.09976211489027077,-0.5165008016546414,-0.10249848653277562,0.010663740169706082,230438771.0,207,-0.26700486392452005,8,True,False,False,True,True,False,False,False,True,False,True,confirmed_risk_off,False,True,False,True
2023-11-10,516160.SH,2.229,2.52222,-0.029603831084022647,-0.1970461095100864,-0.25276567214213874,28.24494139625619,0.07871843056167223,-0.0925805328784162,0.0745103351438708,-0.7958140552973566,-0.22581287811341985,0.018430436773484635,209117079.0,207,-0.3336840636840783,9,True,False,False,True,True,False,False,False,True,False,True,confirmed_risk_off,False,True,False,True
2023-11-10,510500.SH,5.433,5.6576200000000005,-0.012181818181818183,-0.07837150127226455,-0.07930859176410776,21.346889572512865,2.0832658175629,-0.03322534204644794,-0.2565296920759498,-0.6164844111467963,-0.13711139279669443,0.010938656709118123,1532199822.45,207,-0.37662791984843735,10,True,False,False,True,True,False,False,False,True,False,True,confirmed_risk_off,False,True,False,True
2023-11-10,510300.SH,3.375,3.5554299999999994,-0.0234375,-0.10358565737051795,-0.08734451054624115,13.831290332194708,0.7027764234332728,-0.2067360700666142,-0.6172060454377104,-0.7399849446878062,-0.3964090056599965,0.00899345907899828,4349479635.1,207,-0.622158197182206,11,True,False,False,True,True,False,False,False,True,False,True,confirmed_risk_off,False,True,False,True
2023-11-10,510880.SH,2.557,2.59824,-0.03143939393939399,-0.030705079605761965,-0.04589552238805983,-14.832229043861064,-7.42541268662479,-1.3131442071357875,-1.9927788124912549,-1.4671442376770112,-2.0498456090798505,0.007860432388370838,224108149.35,207,-1.7939383418832766,12,True,False,False,True,True,False,False,False,True,False,True,confirmed_risk_off,False,True,False,True
2023-11-10,515300.SH,1.016,1.0333700000000001,-0.0323809523809524,-0.06012950971322839,-0.034220532319391705,-10.920073046378688,-2.1073565249451165,-0.7849980742866548,-1.805033016868636,-0.991383412449822,-1.2605743458364163,0.008279479690768306,15829653.75,202,-1.3706814408946664,,False,False,False,True,False,False,False,False,False,False,True,confirmed_risk_off,False,True,False,True
2023-11-17,159995.SZ,0.998,0.9972,0.06510138740661686,0.03850156087408951,-0.06203007518796999,60.043625459897555,31.260324433688574,2.9917495318440848,1.2798549448926766,0.9617275582517909,0.7645802704427603,0.015469785044985572,500411587.47775,212,1.0495490553463391,1,True,True,True,True,True,True,True,True,False,False,True,confirmed_risk_off,False,True,False,True
2023-11-17,512010.SH,0.435,0.42486999999999997,0.06617647058823528,0.0308056872037914,-0.05844155844155852,34.17160925308559,16.066236808903785,2.528278341906693,-0.06393558987959143,-0.2138872080190409,0.44771468028953726,0.012934687802552348,644216853.7,212,-0.021586183101545475,2,True,True,True,True,True,True,False,False,True,False,True,confirmed_risk_off,False,True,False,True
2023-11-17,512880.SH,0.979,0.95663,0.04371002132196167,-0.05684007707129102,0.07228915662650603,24.960161353793044,22.875795607549115,2.1252350055038027,-0.5423774863158687,0.31298996112525024,0.17216235380322936,0.01407780116250437,1186512011.15,212,-0.057322539315601495,3,True,True,True,True,True,True,False,False,True,False,True,confirmed_risk_off,False,True,False,True
2023-11-17,512100.SH,2.42,2.42048,0.07603379279679845,-0.005751848808545734,-0.04423380726698267,57.92018444803333,42.31667988614042,5.229958423321148,1.1695635818198948,1.8171928584412467,2.294797027561741,0.011364967414253841,826568101.35,212,1.6536619816168048,4,True,True,False,True,True,False,True,False,True,False,True,confirmed_risk_off,False,True,False,True
2023-11-17,512660.SH,1.0,1.03205,0.06723585912486651,-0.04489016236867238,-0.07578558225508325,47.921444200604874,31.721589112919833,3.552738102576178,0.6502297812866684,0.9974170699523086,1.1481164608114653,0.011146089622441015,253165942.05,212,0.8886820326578839,5,True,True,False,True,True,False,True,False,True,False,True,confirmed_risk_off,False,True,False,True
2023-11-17,588080.SH,0.898,0.93125,0.03218390804597715,-0.02285092491838958,-0.16387337057728124,53.27040788883517,28.07290140777346,1.3077678639967294,0.9280545444449376,0.7151065259033258,-0.3867228883614408,0.0119276598836824,641482083.85,136,0.5799198504670172,6,True,True,False,True,True,False,True,False,True,False,True,confirmed_risk_off,False,True,False,True
2023-11-17,159915.SZ,1.934,2.03287,0.045405405405405386,-0.07640878701050613,-0.11568358481938723,50.98526842964962,25.395914264830626,1.8402705300774413,0.8093645764369688,0.5079795372957858,-0.02266191713122768,0.013826367097753627,1408233759.07235,212,0.5224052620668563,7,True,False,False,True,True,False,True,False,True,False,True,confirmed_risk_off,False,True,False,True
2023-11-17,510500.SH,5.486,5.635059999999999,0.03842513723263297,-0.044417348893920905,-0.06125941136208091,40.244279034060256,25.047901522775344,2.263823270898869,0.2514784121541096,0.48105268729241907,0.26691226157775855,0.010197988590631186,1529953776.95,212,0.3463948920941632,8,True,False,False,True,True,False,True,False,True,False,True,confirmed_risk_off,False,True,False,True
2023-11-17,516160.SH,2.206,2.49445,-0.005858494817485349,-0.1560826319816373,-0.2406196213425129,43.48661271208427,9.010983791041348,0.06567329878690076,0.41988497437460054,-0.759774518425638,-1.2359170475161658,0.01780623495844516,213266470.1,212,-0.38313922712364823,9,True,False,False,True,True,False,False,False,True,False,True,confirmed_risk_off,False,True,False,True
2023-11-17,159928.SZ,0.888,0.92745,0.05213270142180093,-0.0691823899371069,-0.08169596690796277,25.901238094906322,6.353505940353461,1.7314949446496501,-0.49349803265854647,-0.9653920111936911,-0.09702951714428439,0.008775879388503022,138913468.62554997,212,-0.6029619209697519,10,True,False,False,True,True,False,False,False,True,False,True,confirmed_risk_off,False,True,False,True
2023-11-17,510300.SH,3.354,3.5410199999999996,0.015748031496062964,-0.07399226946438431,-0.07526881720430101,20.990391453312238,6.5974680824397725,0.6096626464374066,-0.7485670300625752,-0.9465158862344084,-0.8640028715700209,0.0071606911667255625,4027950694.65,212,-0.8508337408327977,11,True,False,False,True,True,False,False,False,True,False,True,confirmed_risk_off,False,True,False,True
2023-11-17,510880.SH,2.553,2.5984999999999996,-0.00429017160686429,-0.022588055130168483,-0.019585253456221308,-1.5119205281672676,-0.15336795518189156,0.015157525602969037,-1.9173353861694002,-1.468849489046819,-1.2704536284935837,0.0064452257701720795,203694384.8,212,-1.6085646757852046,12,True,False,False,True,True,False,False,False,True,False,True,confirmed_risk_off,False,True,False,True
2023-11-17,515300.SH,1.013,1.03422,0.0,-0.037986704653371395,-0.01554907677356654,1.8500038855091365,0.23180952497905485,0.09261848673091849,-1.7427172903238717,-1.4390470853425283,-1.2174951842697708,0.005749914120596514,21383092.65,207,-1.5162047871205144,,False,False,False,True,False,False,False,False,False,False,True,confirmed_risk_off,False,True,False,True
2023-11-24,512010.SH,0.434,0.42552999999999996,0.018779342723004744,0.05339805825242716,-0.029082774049216997,-5.663614041985645,-0.3272666375620444,0.035449140444030726,-1.162735949388178,-0.45411707166530546,-0.09856926839410078,0.011196235043403219,573920588.25,217,-0.6664550621002135,1,True,True,True,True,True,True,False,False,True,False,True,confirmed_risk_off,False,True,False,True
2023-11-24,512100.SH,2.381,2.4142799999999998,0.03297180043383929,0.022327179046800927,-0.06627450980392158,30.188593851814474,14.720578080421284,1.0754209692871401,1.8695609645279625,2.51218868740954,2.1477485730852472,0.009785570258849097,762778944.65,217,2.1822495753920506,2,True,True,True,True,True,False,True,False,True,False,True,confirmed_risk_off,False,True,False,True
2023-11-24,512660.SH,0.983,1.0275400000000001,0.01970954356846466,-0.027695351137487556,-0.08302238805970152,29.216691636290093,11.060296145619624,0.5317153630398936,1.7873597205350513,1.7906557644877465,0.97335560401398,0.012602454725989807,250551783.0,217,1.6258773148119152,3,True,True,True,True,True,False,True,False,True,False,True,confirmed_risk_off,False,True,False,True
2023-11-24,510500.SH,5.433,5.6195,0.014565826330532161,-0.014689880304679104,-0.07270865335381471,17.889959020633864,4.335309532419317,0.24603519633528245,0.8293708441750239,0.46499306033999016,0.35629229746341967,0.007590921382214899,1311394145.65,217,0.5890040212986896,4,True,True,False,True,True,False,True,False,True,False,True,confirmed_risk_off,False,True,False,True
2023-11-24,588080.SH,0.872,0.9245,0.0022988505747125743,-0.02460850111856827,-0.15830115830115832,18.503156688427406,0.03797819083036761,6.0217557771270654e-05,0.8812336862398351,-0.3821182001832031,-0.1750086167162312,0.010500569772319801,598606407.65,141,0.16464447107940655,5,True,True,False,True,True,False,True,False,True,False,True,confirmed_risk_off,False,True,False,True
2023-11-24,512880.SH,0.957,0.96167,0.010559662090813049,-0.035282258064516125,0.06688963210702337,4.529226497726999,2.8876896647254697,0.32737330451320784,-0.30064904516840163,0.17963105461968482,0.5319809445256228,0.01107914778671641,1098730671.0,217,0.05798899268563784,6,True,True,False,True,True,False,True,False,True,False,True,confirmed_risk_off,False,True,False,True
2023-11-24,510880.SH,2.593,2.6025,-0.002308580223162826,-0.0011556240369799964,-0.004606525911708292,4.245325484133632,0.8252589095894222,0.05852571479931614,-0.3246607369985636,-0.2269255215085829,-0.048724340621232605,0.005627154190205555,196417307.15,217,-0.23037937152710514,7,True,False,False,True,True,False,False,False,True,False,True,confirmed_risk_off,False,True,False,True
2023-11-24,159915.SZ,1.888,2.02176,0.0037214247740562367,-0.06256206554121146,-0.12389791183294663,5.7626955656716,-0.08030096351616396,-0.0036144938379865633,-0.19632508109850036,-0.4054339735243065,-0.18294591803694188,0.012325690742722863,1268089192.9334,217,-0.27729280545651114,8,True,False,False,True,True,False,False,False,True,False,True,confirmed_risk_off,False,True,False,True
2023-11-24,510300.SH,3.325,3.5290799999999996,-0.009237187127532631,-0.05297636001139272,-0.0654862282180999,0.8101063212684627,-1.0324239111788867,-0.07081828517455828,-0.6152036373699232,-0.5931211696597113,-0.3281047303312414,0.006381382206265552,3266327581.25,217,-0.5489508688781021,9,True,False,False,True,True,False,False,False,True,False,True,confirmed_risk_off,False,True,False,True
2023-11-24,516160.SH,2.119,2.4631600000000002,-0.04247627654767283,-0.13686354378818733,-0.24104584527220618,9.775901861312997,-1.3860393813004093,-1.1197304492319096,0.1431026356331837,-0.6628276043802848,-2.5937335126876113,0.014257944247774386,193503804.95,217,-0.7266366900363628,10,True,False,False,True,True,False,False,False,True,False,True,confirmed_risk_off,False,True,False,True
2023-11-24,159995.SZ,0.964,0.9936799999999999,0.01048218029350112,0.019027484143763207,-0.11963470319634706,-4.235449634126944,-1.9329214906009689,-0.03672245562296546,-1.04194510327508,-0.7706317172453365,-0.2544584371167584,0.014556401793873717,490786999.0382,217,-0.7759224156315183,11,True,False,False,True,True,False,False,False,True,False,True,confirmed_risk_off,False,True,False,True
2023-11-24,159928.SZ,0.899,0.92577,0.010112359550561889,-0.0322927879440259,-0.03125,-4.36416185087217,-3.4136002410950854,0.003482897613575726,-1.0528312852021726,-1.0625104538514827,-0.16761569792574638,0.006860530867708542,132722688.19890001,217,-0.8796598352066115,12,True,False,False,True,True,False,False,False,True,False,True,confirmed_risk_off,False,True,False,True
2023-11-24,515300.SH,1.018,1.03589,-0.005859375,-0.013565891472868241,0.013944223107569709,-1.567274474767652,-0.0009040224144280673,0.006908300786348687,-0.8162770126102369,-0.3897828548387484,-0.16021689725840574,0.004518899116365834,21379183.55,212,-0.5144673264312754,,False,False,False,True,False,False,False,False,False,False,True,confirmed_risk_off,False,True,False,True
2023-12-01,512010.SH,0.434,0.42586999999999997,-0.0022988505747126853,0.03579952267303099,0.002309468822170979,-12.836760171662847,-5.789181687235518,-0.3347386260390041,-0.2313857570823368,0.4764293503868117,0.5309862035600081,0.009967033009858735,526767826.2,222,0.20421467803379162,1,True,True,True,True,True,True,True,True,False,False,True,confirmed_risk_off,False,True,False,True
2023-12-01,510880.SH,2.586,2.60467,0.01094605160281481,0.003103180760279267,0.0038819875776396895,7.215432609732284,5.601480714288008,0.34161022465086144,1.2547187931545158,1.2843792760876844,1.0117815367194982,0.004484928659448236,184313047.15,222,1.2179955350407798,2,True,True,True,True,True,False,True,False,True,False,True,confirmed_risk_off,False,True,False,True
2023-12-01,512660.SH,0.981,1.02052,0.01238390092879249,-0.05217391304347818,-0.0621414913957935,8.874385971741276,0.00013754295094892417,0.0014501730978622412,1.3776668500971823,0.887070968670764,0.7699723503105057,0.011010023440758255,231524253.8,222,1.0598895975692797,3,True,True,True,True,True,False,True,False,True,False,True,confirmed_risk_off,False,True,False,True
2023-12-01,512100.SH,2.391,2.40476,0.028829604130808928,0.0037783375314861534,-0.05119047619047623,7.388399222907643,0.0017609227435557457,0.08935550199878223,1.2675376640720875,0.8871861164590651,0.832461510826271,0.008889742730206533,724024248.05,222,1.0283818143777153,4,True,True,False,True,True,False,True,False,True,False,True,confirmed_risk_off,False,True,False,True
2023-12-01,510500.SH,5.424,5.59715,0.010997204100652302,-0.03246521584017115,-0.0627268014515292,2.0358975171377947,-1.0515430864629849,-0.027454009834898204,0.870854008233942,0.8124743160404143,0.7494252668805795,0.007147906593152689,1219992690.9,222,0.8232163830858584,5,True,True,False,True,True,False,True,False,True,False,True,confirmed_risk_off,False,True,False,True
2023-12-01,159928.SZ,0.879,0.92344,-0.03723986856516981,-0.05787781350482324,-0.042483660130719025,-6.598897682139076,-6.811850731296646,-1.268891140930623,0.2309135999253456,0.4038905155904038,-0.13307372521931837,0.006128366939585149,106562388.17750001,222,0.22730690116243607,6,True,True,False,True,True,False,True,False,True,False,True,confirmed_risk_off,False,True,False,True
2023-12-01,588080.SH,0.876,0.9173399999999999,-0.007927519818799578,-0.07886435331230279,-0.14619883040935677,-6.03399917975415,-14.809553294880528,-0.5042425368281277,0.27277925741070186,-0.16339371813080672,0.410491152557012,0.008877097934060175,563761047.25,146,0.12585244622336045,7,True,False,False,True,True,False,True,False,True,False,True,confirmed_risk_off,False,True,False,True
2023-12-01,510300.SH,3.268,3.5121300000000004,-0.031129558256744905,-0.08176454060129257,-0.07369614512471667,-14.245782664145228,-19.49509752602482,-2.331639086495074,-0.33581098180922825,-0.49574358330764146,-0.8885481405761982,0.006266284169471709,3076641681.2,222,-0.5103314541619877,8,True,False,False,True,True,False,False,False,True,False,True,confirmed_risk_off,False,True,False,True
2023-12-01,159995.SZ,0.976,0.98914,-0.02106318956870612,-0.017119838872104776,-0.08528584817244611,-22.312976090109608,-25.430007038688974,-1.6632233306408537,-0.9336853882975733,-0.9167120512307227,-0.41339219746017397,0.00939535117042114,417333993.009,222,-0.8228374153033533,9,True,False,False,True,True,False,False,False,True,False,True,confirmed_risk_off,False,True,False,True
2023-12-01,159915.SZ,1.881,2.0076400000000003,-0.01929092805005206,-0.08333333333333337,-0.10683760683760679,-20.034104713460938,-28.243857433409495,-1.858223444071867,-0.7647940775485409,-1.1163009897145582,-0.552011704845414,0.01082322875778186,1161103343.2323,222,-0.8628403678743224,10,True,False,False,True,True,False,False,False,True,False,True,confirmed_risk_off,False,True,False,True
2023-12-01,512880.SH,0.945,0.96446,-0.0010570824524313016,-0.023760330578512456,0.0714285714285714,-33.3012847899981,-19.477827013130916,-1.3431986765960553,-1.7480489711902438,-0.49451857029983076,-0.1858966380254561,0.011224883148408853,1037838091.65,222,-0.9342063442011211,11,True,False,False,True,True,False,False,False,True,False,True,confirmed_risk_off,False,True,False,True
2023-12-01,516160.SH,2.035,2.42482,-0.06264394288346364,-0.1777777777777777,-0.2521131936787945,-30.14304475183073,-45.5998174545296,-5.035700044415911,-1.5139860463705976,-2.3473748390857527,-2.810780857939489,0.013470338083361217,189516298.05,222,-2.1067005257704383,12,True,False,False,True,True,False,False,False,True,False,True,confirmed_risk_off,False,True,False,True
2023-12-01,515300.SH,1.012,1.03628,-0.005893909626719096,-0.014605647517039855,0.008973080757726848,-6.297630640593148,-1.4725317934601183,-0.12710674206113476,0.25324104940474607,0.7826132085341689,0.6785852432121771,0.004817345334362021,22031749.8,217,0.5500587518180015,,False,False,False,True,False,False,True,False,False,False,True,confirmed_risk_off,False,True,False,True
2023-12-08,510880.SH,2.555,2.6054499999999994,-0.0007821666014860007,-0.023691249522353797,-0.01236954000773094,-0.7982517716580696,0.013585751902733206,-0.003918876950525994,1.813291526173411,1.561188050163306,1.1328135467929787,0.004721473464424504,167165890.65,227,1.5763545398932828,1,True,True,True,True,True,False,True,False,True,False,True,confirmed_risk_off,False,True,False,True
2023-12-08,512100.SH,2.339,2.3947,-0.013496415014761731,-0.013080168776371415,-0.08238524911730094,-9.851730830712688,-11.248841138790354,-0.3123096726990802,1.0021389096623639,0.8028375438096095,0.9765282139218421,0.008603514073525293,682908609.0,227,0.9172962241731579,2,True,True,True,True,True,False,True,False,True,False,True,confirmed_risk_off,False,True,False,True
2023-12-08,510500.SH,5.354,5.572089999999999,-0.014540769372354045,-0.03860657209552876,-0.08712702472293266,-9.014801202656587,-12.459331885769785,-0.3397306437456115,1.0771241891560366,0.7213296876594486,0.962631899094239,0.006919603482298532,1160526711.0,227,0.9119079305450419,3,True,True,True,True,True,False,True,False,True,False,True,confirmed_risk_off,False,True,False,True
2023-12-08,159928.SZ,0.861,0.9199799999999999,-0.04226918798665191,-0.08306709265175716,-0.08501594048884165,-17.580341842712354,-14.960450767400877,-1.761009439357054,0.30968874730077434,0.5529179599968147,0.24236063050575732,0.007676849927207291,101655305.64140001,227,0.3935148090201871,4,True,True,False,True,True,False,True,False,True,False,True,confirmed_risk_off,False,True,False,True
2023-12-08,588080.SH,0.872,0.9102199999999999,-0.027870680044593144,-0.03858875413450935,-0.17345971563981033,-15.050907627068622,-25.21747952277074,-1.4190652255087446,0.5363151269420865,-0.13773451000918396,0.4156500607396449,0.009807790365417046,521305088.95,151,0.24256225892109,5,True,True,False,True,True,False,True,False,True,False,True,confirmed_risk_off,False,True,False,True
2023-12-08,512660.SH,0.944,1.0136,-0.032786885245901676,-0.09055876685934494,-0.09230769230769242,-19.19418190262076,-24.815004999791938,-1.3525894070652433,0.16509564903587995,-0.11063406698232095,0.44933847024002,0.012286970845474946,233220348.2,227,0.11165232686942761,6,True,True,False,True,True,False,True,False,True,False,True,confirmed_risk_off,False,True,False,True
2023-12-08,512010.SH,0.416,0.42540999999999995,-0.054545454545454564,0.027160493827160348,-0.030303030303030276,-27.248264682551085,-15.547032749290867,-2.4619595681009394,-0.5565153778326408,0.5134207230956077,-0.11286470600566098,0.010819258823192996,536104689.05,227,-0.03981080309594544,7,True,False,False,True,True,False,False,False,True,False,True,confirmed_risk_off,False,True,False,True
2023-12-08,510300.SH,3.181,3.4906599999999997,-0.05748148148148147,-0.10394366197183091,-0.11565193216569358,-26.268942553026136,-31.085608935956266,-3.5933727030398375,-0.4687723452824243,-0.532862394525414,-0.6862387523337959,0.0065498992426345735,2991499545.45,227,-0.5379016463898945,8,True,False,False,True,True,False,False,False,True,False,True,confirmed_risk_off,False,True,False,True
2023-12-08,159915.SZ,1.843,1.99206,-0.057289002557544766,-0.07988017973040451,-0.1269540502131692,-24.36590172660011,-33.97363360596127,-3.9093521479721987,-0.29826810756190236,-0.7273262513936097,-0.8463698373482635,0.009009273182932582,1081529876.06375,227,-0.5795117110518576,9,True,False,False,True,True,False,False,False,True,False,True,confirmed_risk_off,False,True,False,True
2023-12-08,512880.SH,0.925,0.96635,-0.05128205128205121,-0.035453597497393075,0.04166666666666674,-40.33675834366712,-30.053338130190866,-1.9590473856747752,-1.7291878731408865,-0.46335489886360154,0.1419995730810191,0.006882073092033071,894359687.4,227,-0.8486171941855915,10,True,False,False,True,True,False,False,False,True,False,True,confirmed_risk_off,False,True,False,True
2023-12-08,159995.SZ,0.939,0.98297,-0.06567164179104468,-0.04085801838610836,-0.1432481751824819,-31.531967323487446,-33.88126857714332,-4.5734375725326455,-0.9403166306864417,-0.7211068932523063,-1.1829129931852553,0.010794510057063413,369613645.5144,227,-0.9011520082125504,11,True,False,False,True,True,False,False,False,True,False,True,confirmed_risk_off,False,True,False,True
2023-12-08,516160.SH,2.015,2.3849299999999998,-0.09600717810677428,-0.1673553719008264,-0.2548076923076923,-37.90251783927945,-60.12178891240089,-7.034439029546783,-1.5110904388317583,-2.488000661030845,-2.4300916937435058,0.011144887557752637,174016880.7,227,-2.0856547786937427,12,True,False,False,True,True,False,False,False,True,False,True,confirmed_risk_off,False,True,False,True
2023-12-08,515300.SH,0.995,1.03576,-0.02066929133858264,-0.03864734299516903,-0.017769002961500413,-14.33456172937747,-7.885216525946968,-0.39000189845926664,0.6004966250655062,1.029325711332494,0.9371555882409826,0.0057489715193453006,23136560.35,222,0.8393600522073966,,False,False,False,True,False,False,True,False,False,False,True,confirmed_risk_off,False,True,False,True
2023-12-15,510880.SH,2.562,2.6061099999999997,0.003525264394829586,-0.03937007874015752,0.021123953766440717,-2.0848924233268136,-0.006591465955163229,0.0674783637331081,1.396146774693098,1.5968211040739593,1.3069861924816037,0.005692458897948652,186025846.85,232,1.4585843900031439,1,True,True,True,True,True,False,True,False,True,False,True,confirmed_risk_off,False,True,False,True
2023-12-15,588080.SH,0.856,0.90427,-0.04677060133630295,-0.03603603603603611,-0.1947318908748824,0.02642509114955024,-5.849588698320868,-1.501070503737231,1.5710857335853288,1.1691180392062113,0.6411391994795782,0.009775145312592631,525943367.65,156,1.2243093490125316,2,True,True,True,True,True,False,True,False,True,False,True,confirmed_risk_off,False,True,False,True
2023-12-15,510500.SH,5.304,5.548109999999999,-0.033175355450236865,-0.04809763101220388,-0.10976837865055389,-6.21395716467897,-8.940181294520585,-1.129543959094726,1.0540218777517143,0.9428889528171018,0.7988517436667439,0.007172634839317964,1256362093.8,232,0.9585346809608754,3,True,True,True,True,True,False,True,False,True,False,True,confirmed_risk_off,False,True,False,True
2023-12-15,512100.SH,2.322,2.3853400000000002,-0.04049586776859504,-0.019425675675675547,-0.10966257668711654,-11.096142464490566,-14.027932797035527,-1.8012953887732366,0.6494951272218118,0.5704693153650239,0.5136941188248735,0.00801453315690243,728325461.3,232,0.590724600799709,4,True,True,False,True,True,False,True,False,True,False,True,confirmed_risk_off,False,True,False,True
2023-12-15,159995.SZ,0.936,0.97732,-0.06212424849699394,-0.01680672268907557,-0.15140525838621932,-16.12975810887974,-16.57602952505597,-2.3465337763255865,0.23242120335419184,0.3839505242697602,0.2822411189534045,0.011243739911563695,351655131.72515,232,0.3029969148402617,5,True,True,False,True,True,False,True,False,True,False,True,confirmed_risk_off,False,True,False,True
2023-12-15,512660.SH,0.951,1.0070999999999999,-0.049000000000000044,-0.07580174927113703,-0.13780598368087038,-16.51602070454347,-23.483298957864985,-2.6628493006685074,0.20041636472565305,-0.12165647652007429,0.14796558244221847,0.010944351012878885,199361929.15,232,0.06109707177067521,6,True,True,False,True,True,False,True,False,True,False,True,confirmed_risk_off,False,True,False,True
2023-12-15,159915.SZ,1.802,1.9767,-0.06825232678386761,-0.08061224489795915,-0.18461538461538463,-16.718520023413188,-24.771241012353666,-3.9644079254002524,0.18363773253198232,-0.21593287990865553,-0.4045443931578067,0.009324556475152559,1130446253.41945,232,-0.09382693758223064,7,True,False,False,True,True,False,False,False,True,False,True,confirmed_risk_off,False,True,False,True
2023-12-15,512880.SH,0.921,0.96782,-0.0592441266598569,-0.04162330905306966,0.02905027932960902,-31.4246906840087,-21.646189994525315,-2.927905737444401,-1.0348820623431665,0.012818537392992366,0.03544946320413066,0.007178582398610554,829456005.0,232,-0.4017355173392435,8,True,False,False,True,True,False,False,False,True,False,True,confirmed_risk_off,False,True,False,True
2023-12-15,510300.SH,3.132,3.46712,-0.0661896243291592,-0.11123723041997724,-0.14472965592572362,-27.49163784297932,-34.834342407645224,-4.386185044517998,-0.7089982648753779,-0.9525444403249702,-0.5835882420973227,0.007238521068411574,2858056482.05,232,-0.7813347304996038,9,True,False,False,True,True,False,False,False,True,False,True,confirmed_risk_off,False,True,False,True
2023-12-15,512010.SH,0.407,0.42471,-0.06436781609195408,-0.009732360097323589,-0.06651376146789001,-37.59323785677215,-31.79119020884104,-3.4718750822556435,-1.54599382686073,-0.7297879558484922,-0.19546482964285128,0.009892544460532919,538196499.7,232,-0.9494056790122593,10,True,False,False,True,True,False,False,False,True,False,True,confirmed_risk_off,False,True,False,True
2023-12-15,159928.SZ,0.826,0.9150400000000001,-0.06981981981981988,-0.1184631803628603,-0.13235294117647056,-38.31149663521741,-39.63350446275412,-4.560518456969641,-1.605507112785222,-1.3038395442139743,-0.657592553259087,0.009769113188732489,107454245.522,232,-1.2952571734514962,11,True,False,False,True,True,False,False,False,True,False,True,confirmed_risk_off,False,True,False,True
2023-12-15,516160.SH,1.954,2.34557,-0.11423390752493201,-0.16921768707482987,-0.3033868092691623,-26.001354199307816,-49.401187027220466,-9.67789553937851,-0.5855167575746286,-2.0188266652648728,-2.8299125957163276,0.01061507092166145,162454263.15,232,-1.6077198882790662,12,True,False,False,True,True,False,False,False,True,False,True,confirmed_risk_off,False,True,False,True
2023-12-15,515300.SH,0.981,1.03422,-0.031589338598222994,-0.06660323501427212,-0.006079027355623157,-16.59740303098753,-12.715731341036458,-0.7857892129582768,0.19367321057534895,0.6665214889559897,0.9447751948208457,0.006188087186355722,17996464.95,227,0.5330329187767047,,False,False,False,True,False,False,True,False,False,False,True,confirmed_risk_off,False,True,False,True
2023-12-22,588080.SH,0.85,0.89842,-0.025229357798165153,-0.020737327188940058,-0.16007905138339928,-1.2228839929313278,-6.469332636936824,-0.5099116480425581,1.666124446612237,1.4333749937415203,1.421236169787747,0.00985759630323298,520378983.75,161,1.5240470100990526,1,True,True,True,True,True,False,True,False,True,False,True,confirmed_risk_off,False,True,False,True
2023-12-22,510880.SH,2.525,2.60373,-0.026224450443501746,-0.05818724356583371,0.0031783869686135002,-8.102866630757251,-3.007875068053737,-0.6657244244681342,1.054013705676197,1.731962278904614,1.317451562939115,0.005331427124014071,194257101.05,237,1.3778807064201473,2,True,True,True,True,True,False,True,False,True,False,True,confirmed_risk_off,False,True,False,True
2023-12-22,159995.SZ,0.927,0.97226,-0.038381742738589186,-0.004296455424274925,-0.107795957651588,-14.393535049436021,-15.521235703642542,-1.1885277905450407,0.49433413823513767,0.65255272206501,0.969219902787999,0.011824189496545734,333246805.43175,237,0.6525987246776589,3,True,True,True,True,True,False,True,False,True,False,True,confirmed_risk_off,False,True,False,True
2023-12-22,510500.SH,5.17,5.51676,-0.04840787778391309,-0.055362689566965106,-0.10584572812175719,-15.133655364017718,-17.219675148795837,-2.056664459740771,0.42848577523932974,0.5060443761297252,0.39096679049335065,0.006623425263263772,1261558338.65,237,0.4520054186462921,4,True,True,False,True,True,False,True,False,True,False,True,confirmed_risk_off,False,True,False,True
2023-12-22,516160.SH,1.98,2.30678,-0.0655969797074093,-0.12928759894459108,-0.29159212880143115,-8.920810476607315,-31.394843466712096,-3.0663941319907506,0.9812413979708435,-0.7167136500916469,-0.28159934600648245,0.013744464771441558,168688943.75,237,0.04949122995038214,5,True,True,False,True,True,False,True,False,True,False,True,confirmed_risk_off,False,True,False,True
2023-12-22,159915.SZ,1.78,1.95946,-0.05720338983050843,-0.0714658320292123,-0.16392672616251758,-17.939269750073922,-26.388769544306907,-2.736949178202275,0.17887079929625688,-0.2848868857673227,-0.0621608904987334,0.01036046279629172,1172571695.42015,237,-0.05483861268817301,6,True,True,False,True,True,False,False,False,True,False,True,confirmed_risk_off,False,True,False,True
2023-12-22,512100.SH,2.236,2.37285,-0.06089878202435939,-0.03329009943795935,-0.11968503937007868,-22.90145362200101,-24.353553038085167,-3.250174905176763,-0.26261375181388663,-0.10932796030923889,-0.40401302560969776,0.008212949391742583,709108506.95,237,-0.22957928997118976,7,True,False,False,True,True,False,False,False,True,False,True,confirmed_risk_off,False,True,False,True
2023-12-22,510300.SH,3.126,3.43989,-0.059849624060150486,-0.09705372616984409,-0.126571668063705,-20.29374852266658,-28.536569170141142,-3.512051787255996,-0.030606727301875605,-0.47015729471793233,-0.578445378801996,0.0073481444806576465,3247972484.75,237,-0.3159946845683224,8,True,False,False,True,True,False,False,False,True,False,True,confirmed_risk_off,False,True,False,True
2023-12-22,512660.SH,0.933,0.9995299999999999,-0.05086469989827058,-0.06606606606606602,-0.15412511332728918,-24.45643306673721,-30.314260494164223,-2.246463959760295,-0.4009599759489175,-0.6235019524914812,0.2645441251543367,0.01161832677869297,194835175.6,237,-0.3568759463452922,9,True,False,False,True,True,False,False,False,True,False,True,confirmed_risk_off,False,True,False,True
2023-12-22,512880.SH,0.89,0.9666799999999999,-0.07001044932079414,-0.05820105820105814,0.03128621089223649,-29.440691737145976,-20.30653386860876,-4.088099637938148,-0.8444085176628082,0.23977019928682705,-0.9621424098192358,0.00863752793925185,851500778.95,237,-0.4342838093142397,10,True,False,False,True,True,False,False,False,True,False,True,confirmed_risk_off,False,True,False,True
2023-12-22,512010.SH,0.403,0.42313,-0.0714285714285714,-0.028915662650602303,-0.04275534441805218,-39.621461497948914,-36.69189282366181,-3.9594269348016415,-1.7501896583480059,-1.1736401197628823,-0.8764354080346183,0.009622231851829852,558689083.1,237,-1.3448189928512788,11,True,False,False,True,True,False,False,False,True,False,True,confirmed_risk_off,False,True,False,True
2023-12-22,159928.SZ,0.824,0.9080400000000001,-0.08342602892102347,-0.09846827133479219,-0.1091891891891893,-41.11869212160463,-46.16606882658427,-5.938187073810833,-1.8833979809038366,-1.990887893446482,-2.1944585367278253,0.009803022771281825,103635866.3013,237,-1.9886060570856927,12,True,False,False,True,True,False,False,False,True,False,True,confirmed_risk_off,False,True,False,True
2023-12-22,515300.SH,0.984,1.03138,-0.03339882121807469,-0.06906338694418157,-0.007063572149344055,-15.80106633167129,-13.749180713905089,-1.1485681340663516,0.36910634894932925,0.8054111864592882,0.9958364443360409,0.006385810330849946,17990147.3,232,0.6689743030306552,,False,False,False,True,False,False,True,False,False,False,True,confirmed_risk_off,False,True,False,True
2023-12-29,516160.SH,2.087,2.27854,0.01904296875,-0.10275150472914873,-0.2575595873354677,30.86736316653129,-0.014742252292866749,0.4068444044525389,2.522221675559297,1.1955536510299756,1.7495539744239048,0.018842870272583634,182628776.35,241,1.8370209255204901,1,True,True,True,True,True,False,True,False,True,False,True,confirmed_risk_off,False,True,False,True
2023-12-29,510300.SH,3.219,3.40864,-0.014993880048959629,-0.07606199770378874,-0.10558488469019178,6.095315458304554,-1.4039454951057786,-0.16626832033182412,0.8561831493163032,1.0140254165108042,0.923190819428138,0.009767188971436502,3871300257.8,242,0.9327215902164706,2,True,True,True,True,True,False,True,False,True,False,True,confirmed_risk_off,False,True,False,True
2023-12-29,159915.SZ,1.842,1.94064,-0.020733652312599604,-0.056835637480798784,-0.13804398689751984,-1.3598594968854965,-5.741352878371786,-0.20714548157741092,0.3547870256884751,0.4472531254525019,0.8642506171374221,0.013797339251052941,1339506210.0531,242,0.4936661838838753,3,True,True,True,True,True,False,True,False,True,False,True,confirmed_risk_off,False,True,False,True
2023-12-29,512660.SH,0.96,0.9930399999999999,-0.021406727828746197,-0.043824701195219196,-0.13669064748201454,-5.640385954536267,-6.3129686506252645,-0.592952116270204,0.0669011764827079,0.37255966177300415,0.30796147178125793,0.013002986239505762,222480639.1,242,0.2373766296585364,4,True,True,False,True,True,False,True,False,True,False,True,confirmed_risk_off,False,True,False,True
2023-12-29,159928.SZ,0.853,0.90047,-0.029579067121729308,-0.06366630076838642,-0.07683982683982693,-7.9885465345650175,-6.650391070457431,-0.49690244226968683,-0.09102383796144664,0.3284684199218154,0.4464541420901338,0.012182581678483788,103374679.1486,242,0.18426866120217428,5,True,True,False,True,True,False,True,False,True,False,True,confirmed_risk_off,False,True,False,True
2023-12-29,159995.SZ,0.932,0.96589,-0.04508196721311464,-0.014799154334038,-0.12734082397003743,-5.387886946706433,-6.076268047967257,-0.9596546468185373,0.08388294076144091,0.4034895078789844,-0.22078173524292533,0.014219100622660462,344079081.5335,242,0.15079263240758506,6,True,True,False,True,True,False,True,False,True,False,True,confirmed_risk_off,False,True,False,True
2023-12-29,510880.SH,2.515,2.5955500000000002,-0.027455529775715304,-0.05486659150695228,-0.003960396039603853,-13.15345222783524,-9.700866580669162,-1.703535795569104,-0.43838841479222246,-0.07013951356634367,-1.2933734723303962,0.005675978078785353,227023891.4,242,-0.4620858658095057,7,True,False,False,True,True,False,False,False,True,False,True,confirmed_risk_off,False,True,False,True
2023-12-29,510500.SH,5.279,5.478680000000001,-0.026733038348082716,-0.04917146974063391,-0.09482167352537718,-13.917657597768585,-14.973116874946399,-0.7674779611230237,-0.48978487596761033,-0.7590684322214947,0.056315117505767,0.008473044397207157,1429724782.3,242,-0.48827829977448867,8,True,False,False,True,True,False,False,False,True,False,True,confirmed_risk_off,False,True,False,True
2023-12-29,512010.SH,0.411,0.4216,-0.05299539170506917,-0.03971962616822433,-0.026066350710900466,-14.388990809722383,-11.468088678933816,-1.4609720426365838,-0.5214842856838325,-0.3010637567690003,-0.9436242179645122,0.010067261408939354,559825220.95,242,-0.5177440605740355,9,True,False,False,True,True,False,False,False,True,False,True,confirmed_risk_off,False,True,False,True
2023-12-29,512100.SH,2.296,2.35819,-0.03973232956921802,-0.03163222269084787,-0.10242376856919466,-23.919231635127513,-23.324565960686073,-1.7106423131584954,-1.1624385001481383,-1.850358577169161,-1.3036202598160729,0.01047960202231999,764352668.85,242,-1.4658428828901344,10,True,False,False,True,True,False,False,False,True,False,True,confirmed_risk_off,False,True,False,True
2023-12-29,512880.SH,0.902,0.96,-0.04550264550264538,-0.04751847940865883,0.019209039548022666,-30.30961550659453,-23.67211739928766,-1.7943802893933036,-1.5922223376711941,-1.8957733855352836,-1.424360866754076,0.010357987321864612,884030839.9,242,-1.6800704626334064,11,True,False,False,True,True,False,False,False,True,False,True,confirmed_risk_off,False,True,False,True
2023-12-29,515300.SH,0.997,1.02688,-0.014822134387351804,-0.04593301435406694,0.0020100502512563345,-0.5185919785043676,-0.6307926397930128,-0.22532736924197524,0.4113662844162198,1.1150538826941963,0.8380344097413619,0.006205834482833395,16762066.85,237,0.7781749487924388,,False,False,False,True,False,False,True,False,False,False,True,confirmed_risk_off,False,True,False,True
2024-01-05,510880.SH,2.628,2.5941300000000003,0.028974158183242116,-0.00605143721633894,0.03873517786561287,2.85660409734834,-4.32829041469594e-06,0.9602902684026745,0.18718470758324438,0.8895288368679376,1.9766126307161607,0.007162220683481176,333246886.0,246,0.826007943923705,1,True,True,True,True,True,True,True,True,False,False,True,confirmed_risk_off,False,True,False,True
2024-01-05,516160.SH,1.99,2.24829,-0.023552502453385582,-0.12986445124617396,-0.294576391350585,48.77652681700958,1.4711380078552896,-0.0461446635594936,2.5940603359377494,1.051715740280812,0.947089959935294,0.019299874197833924,181275299.35,245,1.6477284224744835,2,True,True,True,True,True,False,True,False,True,False,True,confirmed_risk_off,False,True,False,True
2024-01-05,510300.SH,3.116,3.3832400000000002,-0.018273471959672327,-0.10741907762818681,-0.13708114095818336,13.8453068686772,-0.05964162187551827,-0.27504143689900545,0.7631534662636413,0.8829540903346867,0.7129422669868987,0.009374871220681211,4157996290.35,246,0.801031476036711,3,True,True,True,True,True,False,True,False,True,False,True,confirmed_risk_off,False,True,False,True
2024-01-05,512660.SH,0.915,0.9884400000000001,-0.044885177453027114,-0.08132530120481929,-0.16208791208791207,7.1619875386857,-0.27133343951468264,-0.29922712469521545,0.4128497754218513,0.8596160083985155,0.688201756593364,0.014066678537105805,249452195.75,246,0.6466266648468195,4,True,True,False,True,True,False,True,False,True,False,True,confirmed_risk_off,False,True,False,True
2024-01-05,159928.SZ,0.814,0.8943099999999999,-0.05348837209302326,-0.1005524861878454,-0.12378902045209916,5.251755626961327,-0.9778372428791228,-1.8157907079496585,0.3127256819885262,0.781727104448335,-0.8631519783143647,0.01224910599931182,103410241.21959999,246,0.2651507189118716,5,True,True,False,True,True,False,True,False,True,False,True,confirmed_risk_off,False,True,False,True
2024-01-05,159915.SZ,1.728,1.92399,-0.055221432476763255,-0.12195121951219512,-0.19214586255259458,-1.9342773300760947,-6.419265850989073,-1.6082750944396076,-0.06392755618080015,0.1818337872566446,-0.6508759315826835,0.014459146097613097,1448298643.7103,246,-0.08301269388619893,6,True,True,False,True,True,False,False,False,True,False,True,confirmed_risk_off,False,True,False,True
2024-01-05,510500.SH,5.136,5.449199999999999,-0.038562336203669,-0.07124773960217001,-0.11843460350154467,-8.697306332902395,-9.727506313736258,-1.0035974440494022,-0.4184091998049028,-0.18288501881338828,-0.03232690290625805,0.008357762977914362,1486531621.5,246,-0.24698306802856806,7,True,False,False,True,True,False,False,False,True,False,True,confirmed_risk_off,False,True,False,True
2024-01-05,512010.SH,0.393,0.42071,-0.0461165048543688,-0.10068649885583525,-0.07529411764705873,-12.130360200498183,-9.138423587634994,-1.6154128813437771,-0.5983514382792413,-0.11794126670120939,-0.6581774601799854,0.008831816340384279,539084492.25,246,-0.4181525740281774,8,True,False,False,True,True,False,False,False,True,False,True,confirmed_risk_off,False,True,False,True
2024-01-05,588080.SH,0.813,0.88824,-0.04689331770222749,-0.08548931383577063,-0.19023904382470125,-14.874077845644338,-19.592038408586006,-1.0474307010366868,-0.7421623756691902,-1.270405834965156,-0.07716570009962657,0.011231009815249104,537357665.05,168,-0.8204604242736638,9,True,False,False,True,True,False,False,False,True,False,True,confirmed_risk_off,False,True,False,True
2024-01-05,512100.SH,2.214,2.34703,-0.05546075085324231,-0.06818181818181812,-0.12524693796918218,-17.675469886948033,-16.004697349566925,-1.8377534601769416,-0.8889962950301478,-0.8749174287430258,-0.8856185587287069,0.01035234027174789,810784203.0,246,-0.8826892012550108,10,True,False,False,True,True,False,False,False,True,False,True,confirmed_risk_off,False,True,False,True
2024-01-05,159995.SZ,0.871,0.96014,-0.05735930735930739,-0.10758196721311475,-0.1736242884250475,-22.546408928213186,-23.48629996772898,-2.0767045579991703,-1.1443047487746023,-1.6997308620811156,-1.1300512235770377,0.01405707899060394,367431476.6258,246,-1.3636244890576947,11,True,False,False,True,True,False,False,False,True,False,True,confirmed_risk_off,False,True,False,True
2024-01-05,512880.SH,0.877,0.9530299999999999,-0.05901287553648071,-0.0680127523910733,-0.013498312710911176,-24.266910799401206,-22.339543356846963,-2.2866537518917065,-1.2344842128730409,-1.5733060430017631,-1.3448166773189183,0.010373830173233456,875396283.15,246,-1.3920794378137054,12,True,False,False,True,True,False,False,False,True,False,True,confirmed_risk_off,False,True,False,True
2024-01-05,515300.SH,1.012,1.02395,0.02016129032258074,-0.03435114503816794,0.007968127490039834,14.942489015614944,1.6534142586115155,0.31580013755575037,0.8206618594169129,1.0718108867187246,1.3173378184758626,0.005185376222151433,17955131.0,241,1.0204566621494275,,False,False,False,True,False,False,True,False,False,False,True,confirmed_risk_off,False,True,False,True
2024-01-12,510880.SH,2.594,2.59363,0.005816207832493037,0.0027058368766910146,0.008945935433683161,19.812066269840003,6.202577345703151,0.03616824779627875,0.7986477975696107,0.9413755053730963,0.91395234749687,0.007877869943167316,363991731.55,251,0.8787997906764569,1,True,True,True,True,True,True,True,True,False,False,True,confirmed_risk_off,False,True,False,True
2024-01-12,516160.SH,2.057,2.2135599999999998,0.05271238485158647,-0.07425742574257432,-0.2571325388226797,67.02325507388238,12.526009177679432,1.203458511884242,2.4547868729336595,1.2898703758646588,1.3959666083823778,0.019790951301766398,201963520.4,250,1.777056221195803,2,True,True,True,True,True,False,True,False,True,False,True,confirmed_risk_off,False,True,False,True
2024-01-12,510300.SH,3.069,3.3535399999999997,-0.022300095571838097,-0.07560240963855414,-0.15594059405940597,10.371017896254836,-0.7873672650337159,-0.47173942600698077,0.46746170545922056,0.5561480044544027,0.7042198160792116,0.009062596813371931,4496807629.0,251,0.5502878471812916,3,True,True,True,True,True,False,True,False,True,False,True,confirmed_risk_off,False,True,False,True
2024-01-12,159915.SZ,1.714,1.90344,-0.05408388520971308,-0.08194965184788428,-0.1934117647058824,-3.9704980274323933,-8.432783452068746,-1.4908208689514615,-0.03562973372818801,0.1347963721838357,0.2834060702481194,0.014778877860541481,1653851430.23155,251,0.09634786943188298,4,True,True,False,True,True,False,True,False,True,False,True,confirmed_risk_off,False,True,False,True
2024-01-12,510500.SH,5.052,5.4118200000000005,-0.05534779356768893,-0.050554407066340956,-0.13685289595079453,-6.721455437939597,-8.870422781048866,-1.8566546566481976,-0.13213160495014678,0.11067733914489246,0.13234072839729438,0.00956488835535112,1438497300.35,251,0.017886439357357148,5,True,True,False,True,True,False,True,False,True,False,True,confirmed_risk_off,False,True,False,True
2024-01-12,512660.SH,0.888,0.98089,-0.0740354535974973,-0.0652631578947368,-0.1860678276810266,-13.555783444750961,-7.290813948556673,-2.2316410243036926,-0.3718755714262898,0.19773221537887092,-0.022504028222712885,0.014887651072571308,269182907.2,251,-0.07415814806351013,6,True,True,False,True,True,False,False,False,True,False,True,confirmed_risk_off,False,True,False,True
2024-01-12,512100.SH,2.165,2.3321699999999996,-0.07439076528430955,-0.04835164835164829,-0.14629337539432175,-16.65963986651457,-15.436269233732496,-2.8089342858965516,-0.48075691999259,-0.2511774052400627,-0.26088825309096464,0.012328141330425457,744483967.55,251,-0.3449513807112541,7,True,False,False,True,True,False,False,False,True,False,True,confirmed_risk_off,False,True,False,True
2024-01-12,512010.SH,0.384,0.419,-0.06796116504854366,-0.07469879518072287,-0.09859154929577463,-18.80788426461742,-14.13119851177017,-2.8319232766427107,-0.5561159944250776,-0.17925278197889175,-0.2703811973259374,0.009271761318623896,555092324.95,251,-0.34822375002677525,8,True,False,False,True,True,False,False,False,True,False,True,confirmed_risk_off,False,True,False,True
2024-01-12,512880.SH,0.853,0.9439800000000002,-0.07383279044516833,-0.08770053475935835,-0.05641592920353988,-19.762160362835697,-24.266137380253504,-4.167939281250305,-0.5895914051270827,-0.7378061596798328,-0.8220681142859598,0.01037016379418247,810061265.1,251,-0.6953726487799582,9,True,False,False,True,True,False,False,False,True,False,True,confirmed_risk_off,False,True,False,True
2024-01-12,588080.SH,0.783,0.8796200000000001,-0.10820045558086555,-0.11923509561304835,-0.2130653266331658,-36.2279887041181,-42.870083692479355,-6.239352293974676,-1.1672023997881549,-1.7631006568745402,-1.6774257258711793,0.011952701115144506,531760385.6,173,-1.5076063678393141,10,True,False,False,True,True,False,False,False,True,False,True,confirmed_risk_off,False,True,False,True
2024-01-12,159995.SZ,0.829,0.9525199999999999,-0.11995753715498936,-0.13011542497376705,-0.21347248576850097,-49.61871089942753,-48.932148626665246,-7.286538646841792,-1.6369405876369165,-2.097191161886009,-2.109844954760247,0.014883492354160777,383608742.07265,251,-1.9156216907612198,11,True,False,False,True,True,False,False,False,True,False,True,confirmed_risk_off,False,True,False,True
2024-01-12,159928.SZ,0.806,0.8869499999999999,-0.020656136087484733,-0.051764705882352824,-0.1370449678800857,4.768687917208385,-1.6949840670960823,-0.41006917083371447,0.27093546186274825,0.5061277293418873,0.7296855835755148,0.011033452716072058,99995870.45525,251,0.4567623931969572,,False,False,False,True,False,False,True,False,False,False,True,confirmed_risk_off,False,True,False,True
2024-01-12,515300.SH,1.005,1.02101,0.015151515151515138,-0.017595307917888547,-0.02237354085603127,24.936575275274585,12.561033486544995,0.2531246942629638,0.9784123792492082,1.2918006239176918,1.0035411193776103,0.005658195722581487,15710896.1,246,1.1087934251422822,,False,False,False,True,False,False,True,False,False,False,True,confirmed_risk_off,False,True,False,True
2024-01-19,516160.SH,2.022,2.1865099999999997,0.06477093206951023,-0.0617169373549884,-0.2577092511013217,40.64600249389884,0.38158923044381954,1.5430657654878566,2.029067945283974,1.192655123673067,1.6777630253871072,0.02193612342064482,216498514.55,255,1.6242418326602381,1,True,True,True,True,True,False,True,False,True,False,True,confirmed_risk_off,False,True,False,True
2024-01-19,510880.SH,2.534,2.59229,0.0019770660340054924,-0.02086553323029372,-0.02874664622460721,17.52548886075332,4.528241318169421,0.024752750813812938,1.2172059791855077,1.3895629762778314,0.983895597380565,0.008768135431461955,412381349.8,256,1.2394867016614486,2,True,True,True,True,True,False,True,False,True,False,True,confirmed_risk_off,False,True,False,True
2024-01-19,510300.SH,3.064,3.3289400000000002,-0.017948717948717996,-0.07207752877044216,-0.17099567099567103,-3.9792256364529877,-11.430306831721271,-0.4685787123645546,0.46208176053237515,0.6317556221990209,0.7584436449820897,0.010721415906263855,5595825712.6,256,0.5892236820889765,3,True,True,True,True,True,False,True,False,True,False,True,confirmed_risk_off,False,True,False,True
2024-01-19,512880.SH,0.846,0.93636,-0.052631578947368474,-0.10286320254506887,-0.10570824524312894,-12.463713087270396,-20.485491998702578,-2.0210619837197696,0.1641544405578123,0.20176124879915766,0.04896044612425319,0.010630511689975159,788446847.3,256,0.15615836496763863,4,True,True,False,True,True,False,True,False,True,False,True,confirmed_risk_off,False,True,False,True
2024-01-19,510500.SH,4.866,5.37872,-0.061704589278827715,-0.07331936773947834,-0.1706153059485257,-19.14407381144548,-20.5092142195348,-2.4151033476035724,-0.07042212974816037,0.20063477581221095,-0.13111603681687556,0.010520583536907005,1443495224.0,256,0.025861851062245124,5,True,True,False,True,True,False,True,False,True,False,True,confirmed_risk_off,False,True,False,True
2024-01-19,159915.SZ,1.669,1.8853900000000001,-0.06603245663122548,-0.08747949699289226,-0.21826697892271651,-21.942988795696987,-28.370064491158086,-1.941526900745651,-0.16870422927726753,-0.172645430457013,0.08530789419732808,0.015528274591054917,1870033579.17905,256,-0.11947828505424658,6,True,True,False,True,True,False,False,False,True,False,True,confirmed_risk_off,False,True,False,True
2024-01-19,512100.SH,2.057,2.31881,-0.088209219858156,-0.09022556390977454,-0.18470075307174005,-30.126583125353157,-27.921699188786796,-3.7140935802998936,-0.45606588082389105,-0.15135436310806621,-0.7247531874278225,0.012753257035090256,759792162.95,256,-0.3879187350583474,7,True,False,False,True,True,False,False,False,True,False,True,confirmed_risk_off,False,True,False,True
2024-01-19,512010.SH,0.381,0.41746,-0.059259259259259345,-0.07524271844660191,-0.13409090909090904,-34.22466792802337,-32.757328812830494,-2.5388777409921266,-0.5999674929560883,-0.3809789916321069,-0.18768080255592426,0.01035052746457415,538100846.4,256,-0.4299147543464629,8,True,False,False,True,True,False,False,False,True,False,True,confirmed_risk_off,False,True,False,True
2024-01-19,588080.SH,0.769,0.8724900000000001,-0.09953161592505855,-0.10268378063010497,-0.19895833333333324,-44.40735333938741,-53.718859096883115,-4.812698943422915,-0.957525942106661,-1.3763578727685828,-1.2268146664094897,0.013643073338287934,541453536.85,178,-1.1789164592319956,9,True,False,False,True,True,False,False,False,True,False,True,confirmed_risk_off,False,True,False,True
2024-01-19,159995.SZ,0.831,0.94663,-0.11217948717948723,-0.10836909871244649,-0.20019249278152063,-55.945053280740204,-57.48025985287075,-5.850576990150591,-1.3626648549901663,-1.554971686992313,-1.7011238265809123,0.015759131514811422,412043468.4926,256,-1.5072793821091741,10,True,False,False,True,True,False,False,False,True,False,True,confirmed_risk_off,False,True,False,True
2024-01-19,512660.SH,0.825,0.97165,-0.0993449781659389,-0.13793103448275867,-0.23327137546468413,-60.34375217808919,-58.59737193435433,-5.126094195925911,-1.517122337714829,-1.6080188528577328,-1.3700359624809053,0.016060637731296075,296307131.65,256,-1.524063668725206,11,True,False,False,True,True,False,False,False,True,False,True,confirmed_risk_off,False,True,False,True
2024-01-19,159928.SZ,0.795,0.88024,-0.03284671532846706,-0.08830275229357798,-0.17871900826446274,-15.928910307245083,-20.450928039303125,-0.8322714123307331,0.04247626884563618,0.2034025524047846,0.5922364690760967,0.012154179876462862,98378949.33395,256,0.21679882231538766,,False,False,False,True,False,False,True,False,False,False,True,confirmed_risk_off,False,True,False,True
2024-01-19,515300.SH,1.003,1.01924,0.027663934426229497,-0.019550342130987275,-0.042024832855778405,17.53347687623965,5.265130812608578,0.4865083314124572,1.217486473211759,1.4245548986497443,1.1949174051244924,0.006335829473075875,16513920.25,251,1.2958000297694998,,False,False,False,True,False,False,True,False,False,False,True,confirmed_risk_off,False,True,False,True
2024-01-26,510880.SH,2.664,2.5892700000000004,0.0656000000000001,0.035769828926905056,0.003389830508474745,-2.483861368862691,-0.04303408898153145,1.4132359920411641,0.8190555715403786,1.2106441277037505,1.4738325578644573,0.01375941918846455,507958945.1,261,1.106646391270543,1,True,True,True,True,True,True,True,True,False,False,True,confirmed_risk_off,False,True,False,True
2024-01-26,512880.SH,0.89,0.9296,-0.013303769401330379,-0.048128342245989386,-0.1257367387033399,4.0639730294629555,-1.4432482358173309,-0.12430269568664658,1.068249515338094,1.1507259064340958,0.976490380809921,0.01573970374300205,939050753.7,261,1.08288824487086,2,True,True,True,True,True,False,True,False,True,False,True,confirmed_risk_off,False,True,False,True
2024-01-26,516160.SH,1.957,2.16213,-0.06942463147883982,-0.10516689529035195,-0.2883636363636364,10.128626891474129,-4.344665316011053,-1.8018418828174834,1.2990548353426838,1.0265679331701751,0.43386273957970234,0.018344912720227376,210488915.85,260,1.0170216553210842,3,True,True,True,True,True,False,True,False,True,False,True,confirmed_risk_off,False,True,False,True
2024-01-26,510300.SH,3.118,3.30487,-0.02835774384543477,-0.06786248131539618,-0.17008251264306629,-1.686301362411134,-6.145660269471614,-0.6743959909241828,0.8494086793516905,0.9494994259201653,0.7985536568626062,0.01156280451733173,6368405724.05,261,0.8792739734812636,4,True,True,False,True,True,False,True,False,True,False,True,confirmed_risk_off,False,True,False,True
2024-01-26,510500.SH,4.869,5.34045,-0.06991404011461333,-0.08546205860255451,-0.18016501094460347,-38.122328761791074,-38.707029486803826,-2.6312177434184054,-0.5372539653686571,-0.4438726736375642,0.16558747639441332,0.016749443683499392,1457990906.7,261,-0.35933316032360585,5,True,True,False,True,True,False,False,False,True,False,True,confirmed_risk_off,False,True,False,True
2024-01-26,159915.SZ,1.637,1.86618,-0.10692853246044731,-0.1338624338624338,-0.2435304990757856,-28.556709934250982,-37.21042611579836,-6.383572678342706,-0.17321081224463616,-0.3798297469613404,-1.0481734437776047,0.014737707574301852,2075575138.5097504,261,-0.43085091243791157,6,True,True,False,True,True,False,False,False,True,False,True,confirmed_risk_off,False,True,False,True
2024-01-26,512010.SH,0.371,0.41548999999999997,-0.09512195121951217,-0.14318706697459582,-0.133177570093458,-35.373086117180726,-35.50757503566719,-5.399396933590877,-0.4326247741901966,-0.30696103038742106,-0.7298256120085774,0.011783558737932576,561446387.75,261,-0.4417994442327626,7,True,False,False,True,True,False,False,False,True,False,True,confirmed_risk_off,False,True,False,True
2024-01-26,588080.SH,0.75,0.86559,-0.09638554216867468,-0.15062287655719142,-0.23391215526046982,-41.28029666054272,-47.910612959908384,-4.349043363641882,-0.6574382014387901,-0.8377141101502639,-0.39007147422657257,0.016464069332277294,559267099.0,183,-0.6760752194809362,8,True,False,False,True,True,False,False,False,True,False,True,confirmed_risk_off,False,True,False,True
2024-01-26,512100.SH,2.042,2.30206,-0.09725906277630425,-0.1098517872711422,-0.19384129490722468,-57.14016370686012,-56.43931298499351,-4.149837717091745,-1.2610244525495202,-1.2026758100447918,-0.3256351314356063,0.019423093520450057,729594479.65,261,-1.0506071313248462,9,True,False,False,True,True,False,False,False,True,False,True,confirmed_risk_off,False,True,False,True
2024-01-26,159995.SZ,0.8,0.93955,-0.14163090128755362,-0.180327868852459,-0.23591212989493782,-47.29244158637082,-46.9344672299943,-9.82353153810545,-0.8862451647202122,-0.7959427025633645,-2.160884715336394,0.016341703459795347,431609412.41920006,261,-1.1050520899807097,10,True,False,False,True,True,False,False,False,True,False,True,confirmed_risk_off,False,True,False,True
2024-01-26,512660.SH,0.839,0.9617200000000001,-0.1159114857744995,-0.11777076761303895,-0.21808014911463192,-71.06455009535425,-71.13440700604367,-5.002030993918673,-1.790951226506932,-1.8315109758095596,-0.6012910631862969,0.020794542450070976,299956736.95,261,-1.5692430935638562,11,True,False,False,True,True,False,False,False,True,False,True,confirmed_risk_off,False,True,False,True
2024-01-26,159928.SZ,0.793,0.87285,-0.07251461988304087,-0.12375690607734802,-0.1924643584521385,-18.33014000727767,-24.229064594229808,-3.270370652865743,0.2159864607159092,0.17567106253157982,-0.04115704456788033,0.011113245506202159,99013843.95495,261,0.14843160038541955,,False,False,False,True,False,False,True,False,False,False,True,confirmed_risk_off,False,True,False,True
2024-01-26,515300.SH,1.052,1.01796,0.054108216432865675,0.02734375,-0.014981273408239737,15.066914964899444,1.7038846068925706,1.3355745064719793,1.4869935347301868,1.2853985937945405,1.448711673027831,0.010066152700476777,16029673.5,256,1.3986991860154574,,False,False,False,True,False,True,True,False,False,False,True,confirmed_risk_off,False,True,False,True
2024-02-02,510880.SH,2.627,2.59057,-0.0003805175038052999,0.02417153996101362,0.0038211692777989636,9.74211470202314,0.5063900155584097,0.0052477822357367455,1.1101436603125134,1.1892824860132494,1.2808202164823004,0.01362301081608007,487717764.45,266,1.1759345018267653,1,True,True,True,True,True,True,True,True,False,False,True,confirmed_risk_off,False,True,False,True
2024-02-02,512880.SH,0.833,0.9239499999999999,-0.05017103762827824,-0.14564102564102566,-0.20892687559354228,18.339890768706596,0.02659169210804893,-0.6959396865119623,1.3621220545107915,1.1719568069223207,1.1302787496321252,0.016747507099682625,1012624125.3,266,1.23968729449967,2,True,True,True,True,True,False,True,False,True,False,True,confirmed_risk_off,False,True,False,True
2024-02-02,510300.SH,2.977,3.27605,-0.04460847240051358,-0.12492651381540276,-0.20824468085106385,7.23925322307093,-1.0632404764506687,-1.0638937422490589,1.0367913176281125,1.1326026001805527,1.0512808414363857,0.011919501751700581,6501684906.6,266,1.0780137354107433,3,True,True,True,True,True,False,True,False,True,False,True,confirmed_risk_off,False,True,False,True
2024-02-02,516160.SH,1.727,2.1274,-0.13216080402010044,-0.22729306487695744,-0.3756326825741142,-45.8178809131669,-43.95237293480077,-6.08018426500654,-0.5181749151187434,-0.41613842108435734,-0.025691818658693178,0.02174430954516638,213280042.4,265,-0.378863698212979,4,True,True,False,True,True,False,False,False,True,False,True,confirmed_risk_off,False,True,False,True
2024-02-02,510500.SH,4.397,5.28736,-0.14388629283489096,-0.19365486887951588,-0.25436662709852464,-45.63065181831656,-44.05681718878411,-6.713865375970934,-0.512687718627269,-0.4199099382801526,-0.16174000578645492,0.01841036932480758,1459800631.0,266,-0.4053870639202597,5,True,True,False,True,True,False,False,False,True,False,True,confirmed_risk_off,False,True,False,True
2024-02-02,159915.SZ,1.508,1.8405699999999998,-0.12731481481481477,-0.23335027961362487,-0.30634774609015636,-41.18155104121403,-48.84968740786822,-7.521290530418183,-0.38229617775139046,-0.5929820964802032,-0.3350901760901326,0.01664369862177913,2425116097.7530003,266,-0.45712934491066404,6,True,True,False,True,True,False,False,False,True,False,True,confirmed_risk_off,False,True,False,True
2024-02-02,512660.SH,0.747,0.9491200000000001,-0.18360655737704923,-0.23305954825462005,-0.2885714285714286,-52.73168821101002,-54.22660026003816,-9.268824325590524,-0.7208005763589367,-0.7871442309092205,-0.7102770021829391,0.021785638561178607,287670035.0,266,-0.7452333233438507,7,True,False,False,True,True,False,False,False,True,False,True,confirmed_risk_off,False,True,False,True
2024-02-02,512010.SH,0.334,0.41196,-0.15012722646310428,-0.24263038548752835,-0.2159624413145539,-57.085734620334414,-50.906985473865355,-10.357032785722907,-0.8484063216094699,-0.6672718226916833,-0.9439099536098641,0.015331337504559108,586846170.35,266,-0.7950532484424342,8,True,False,False,True,True,False,False,False,True,False,True,confirmed_risk_off,False,True,False,True
2024-02-02,588080.SH,0.675,0.85323,-0.1697416974169741,-0.24832962138084624,-0.3098159509202454,-54.12506698668407,-57.014952954778295,-10.987408385176385,-0.7616368744529095,-0.8878325860372301,-1.079248463834198,0.019391105993566558,649713315.9,188,-0.8756374769628955,9,True,False,False,True,True,False,False,False,True,False,True,confirmed_risk_off,False,True,False,True
2024-02-02,159995.SZ,0.71,0.9266200000000001,-0.1848450057405282,-0.29633300297324083,-0.30799220272904493,-58.63031511131361,-56.00335692926988,-12.479442549090798,-0.8936739476569877,-0.8513035127766585,-1.399580788123169,0.01987402911468151,433939219.76850003,266,-0.9779071417980922,10,True,False,False,True,True,False,False,False,True,False,True,confirmed_risk_off,False,True,False,True
2024-02-02,512100.SH,1.771,2.27583,-0.20009033423667577,-0.2543157894736843,-0.29357798165137616,-74.46385065967822,-70.74060081417323,-11.457483270918072,-1.357713581978061,-1.383470354041167,-1.1801712070135186,0.021770652052485965,718697433.15,266,-1.332507815810395,11,True,False,False,True,True,False,False,False,True,False,True,confirmed_risk_off,False,True,False,True
2024-02-02,159928.SZ,0.774,0.86438,-0.0491400491400491,-0.14569536423841056,-0.20777891504605928,-4.522181487324885,-12.566552632613712,-1.52296049062711,0.6920943391527671,0.7172141230653792,0.9527214906733177,0.011653615531866215,97881380.07530001,266,0.7542676830219222,,False,False,False,True,False,False,True,False,False,False,True,confirmed_risk_off,False,True,False,True
2024-02-02,515300.SH,1.045,1.0185499999999998,0.032608695652173836,0.02350636630754166,-0.029712163416898862,33.08418075077662,17.280380860201507,0.6563476169117799,1.7942387419495816,1.794996946119169,1.4206081170748406,0.01128974692118473,17207163.1,261,1.7198158986424685,,False,False,False,True,False,True,True,False,False,False,True,confirmed_risk_off,False,True,False,True
2024-02-23,510880.SH,2.867,2.60231,0.12167449139280118,0.11773879142300192,0.10015349194167311,72.02092861640881,63.807077411315824,6.854064115517207,1.5304577922497515,2.2929891576092025,2.1018323547698516,0.014512686359197023,593837796.55,275,1.949745250897552,1,True,True,True,True,True,True,True,True,False,False,True,mixed,True,False,False,True
2024-02-23,510300.SH,3.267,3.2433799999999997,0.06869479882237495,-0.019213449414590245,-0.07790008467400511,51.785830797388066,18.644796928254486,2.3356800494241012,0.6705342298626907,0.24024897352232358,0.3459286553290348,0.012786488046308548,6855322051.95,275,0.4334990124198127,2,True,True,True,True,True,True,True,True,False,False,True,mixed,True,False,False,True
2024-02-23,159928.SZ,0.849,0.85444,0.06792452830188678,-0.054565701559020074,-0.08216216216216221,62.77756785424888,27.79639406846163,2.3264253491004165,1.1376460655105918,0.6562122729248777,0.3423321566034129,0.01489060894855993,107018699.70805,275,0.7860097666948703,3,True,True,True,True,True,False,True,False,True,False,True,mixed,True,False,False,True
2024-02-23,510500.SH,5.041,5.22405,0.02751732572360388,-0.07129697862932938,-0.09949982136477309,46.24639691789331,4.215165354552134,0.17301562849565927,0.43512693122412976,-0.4156143765141534,-0.49451128997220517,0.031046970891766692,3526043675.85,275,-0.0910972361104505,4,True,True,False,True,True,False,False,False,True,False,True,mixed,True,False,False,True
2024-02-23,159915.SZ,1.709,1.8124500000000001,0.015448603683897888,-0.10005265929436546,-0.16143277723258087,46.891261258596415,2.90815835847484,0.13601170727895995,0.4625314956138578,-0.47502115918839893,-0.508891502279921,0.021419630743740956,3394909070.1118,275,-0.10677416588580065,5,True,True,False,True,True,False,False,False,True,False,True,mixed,True,False,False,True
2024-02-23,512880.SH,0.902,0.91618,0.054970760233918226,-0.06431535269709543,-0.10159362549800799,34.44896598641406,4.38461064185816,1.3279323966204295,-0.06622418278318012,-0.40791265847563046,-0.04569538675705578,0.0212513945702894,1244040883.3,275,-0.1987938138549354,6,True,True,False,True,True,False,False,False,True,False,True,mixed,True,False,False,True
2024-02-23,512660.SH,0.851,0.92915,0.014302741358760418,-0.14300100704934549,-0.17618586640851885,38.99282243220095,0.45912385790351096,0.07525219615691445,0.12687442522866724,-0.5863359882396784,-0.5325034504443151,0.029102575593984083,263185182.35,275,-0.2902853152932675,7,True,False,False,True,True,False,False,False,True,False,True,mixed,True,False,False,True
2024-02-23,588080.SH,0.768,0.83846,-0.005181347150259086,-0.14571746384872075,-0.16157205240174677,29.746091074120603,0.06227329068224959,-0.011756228252650219,-0.2660805404944193,-0.6043738529732428,-0.5663160728483627,0.02505888748031565,998792589.15,197,-0.4614449719567374,8,True,False,False,True,True,False,False,False,True,False,True,mixed,True,False,False,True
2024-02-23,159995.SZ,0.82,0.9102899999999999,-0.014423076923076983,-0.15376676986584115,-0.13774973711882232,16.493958891206283,-0.033180913432361785,-0.060966063028524135,-0.829251562343593,-0.6087124886318115,-0.5854396643067006,0.025776307530133675,450173714.72269994,275,-0.692273553251502,9,True,False,False,True,True,False,False,False,True,False,True,mixed,True,False,False,True
2024-02-23,512010.SH,0.375,0.40784,-0.015748031496062964,-0.13394919168591224,-0.08536585365853655,8.385936585338326,-0.022534162881943116,-0.10709871216410076,-1.1738152253184202,-0.6082285668180538,-0.6033674208004522,0.02288692184209993,582560282.1,275,-0.8334910010146801,10,True,False,False,True,True,False,False,False,True,False,True,mixed,True,False,False,True
2024-02-23,512100.SH,2.027,2.2328,-0.02735124760076768,-0.15259197324414708,-0.14580699536451747,2.135516489673965,-0.8419914224806992,-0.19268748297270258,-1.439437045541451,-0.6454749774936837,-0.6366283470730085,0.034220141380396814,1929487572.3,275,-0.9612904786286556,11,True,False,False,True,True,False,False,False,True,False,True,mixed,True,False,False,True
2024-02-23,516160.SH,1.918,2.0786100000000003,-0.06210268948655262,-0.12539899680802558,-0.24279510461902887,-4.642650615068945,-5.538599499367425,-1.2695169554610926,-1.7274863376820802,-0.8589477256634384,-1.055098496301422,0.02426726421503345,185138421.95,274,-1.2455933245984918,12,True,False,False,True,True,False,False,False,True,False,True,mixed,True,False,False,True
2024-02-23,515300.SH,1.127,1.02325,0.12362911266201415,0.10925196850393704,0.07846889952153124,62.812344465842266,57.82682216087329,7.2053803050749154,1.1391239544734524,2.0211713899416877,2.238358464081145,0.011874753571238544,31909971.35,270,1.7117898305822852,,False,False,False,True,False,True,True,False,False,False,True,mixed,True,False,False,True
2024-03-01,510500.SH,5.227,5.204110000000001,0.06110434429557454,-0.0348966026587888,-0.07223997160099394,84.53320094432739,39.24171653207874,1.0714307294630954,0.5491753207505111,0.319082301353955,-0.2625767623720668,0.029850036270077127,3688148807.6,280,0.2947876963673731,1,True,True,True,True,True,True,True,True,False,False,True,mixed,True,False,False,True
2024-03-01,510300.SH,3.319,3.2319799999999996,0.062419974391805244,0.01250762660158622,-0.07264599050013976,64.86000664928498,39.96412952546591,1.9780914022611635,-0.3256848095029297,0.369708228962396,0.6849315225562299,0.011993836988748162,5974838094.6,280,0.15459567229503252,2,True,True,True,True,True,True,True,True,False,False,True,mixed,True,False,False,True
2024-03-01,510880.SH,2.822,2.60861,0.0758673274876096,0.10019493177387928,0.06853464596743652,44.172136406474685,35.01751120986355,2.605533597556345,-1.2456672273989498,0.023054523886993618,1.3406417526261645,0.011979583884250493,540378444.1,280,-0.22091673087954955,3,True,True,True,True,True,True,False,False,True,False,True,mixed,True,False,False,True
2024-03-01,512880.SH,0.92,0.91377,0.03370786516853941,-0.017094017094017144,-0.0944881889763779,45.48037271604492,17.680098146100534,0.3576876175185173,-1.187490412234708,-1.1919327849214234,-1.0084760079971313,0.01826564081567602,1224095501.4,280,-1.1534644804618788,4,True,True,False,True,True,True,False,False,True,False,True,mixed,True,False,False,True
2024-03-01,159995.SZ,0.899,0.90633,0.08969696969696983,-0.07605344295991778,-0.06839378238341964,112.4022691280404,58.913249025254075,2.3557865510265428,1.7885031215941836,1.6976421958502848,1.079642899556837,0.03141780993560528,496045615.3216001,280,1.610386706889155,5,True,True,False,True,True,False,True,False,True,False,True,mixed,True,False,False,True
2024-03-01,588080.SH,0.821,0.83431,0.06485084306095978,-0.06278538812785395,-0.06492027334851946,101.07432367753576,53.55580428366878,1.6414470778284913,1.2847533144350203,1.3221982155558147,0.3331204249273288,0.027836265369707538,1069386779.3,202,1.1094046969817999,6,True,True,False,True,True,False,True,False,True,False,True,mixed,True,False,False,True
2024-03-01,159915.SZ,1.775,1.8022400000000003,0.05970149253731338,-0.04927691483663632,-0.1412675374939527,94.33497068564282,54.194852969360106,1.634094709038431,0.9850566231967727,1.3669820619099455,0.32543681125416585,0.022764694803191942,3386201848.6334505,280,1.0059028362935205,7,True,False,False,True,True,False,True,False,True,False,True,mixed,True,False,False,True
2024-03-01,159928.SZ,0.846,0.8502900000000001,0.0641509433962264,-0.04622322435174753,-0.10095642933049942,68.71038223922704,40.16793354531046,2.2679344217914084,-0.15445994181633121,0.38399059604245495,0.9878327849281852,0.014463759757546973,103991081.35515001,280,0.28937881867608656,8,True,False,False,True,True,False,True,False,True,False,True,mixed,True,False,False,True
2024-03-01,512660.SH,0.897,0.9228400000000001,0.057783018867924474,-0.08841463414634143,-0.12997090203685735,88.29128629217988,30.89739417392353,0.7828385881911896,0.7162960733653668,-0.2656788581384542,-0.5641707909036535,0.02856318304699195,246710605.25,280,0.06741272791003435,9,True,False,False,True,True,False,True,False,True,False,True,mixed,True,False,False,True
2024-03-01,512100.SH,2.097,2.21875,0.013533107781537046,-0.12038590604026844,-0.11779554059739161,74.93159924460134,16.599766609898637,0.038814320452475806,0.12219542172207624,-1.2676412600534057,-1.3417154435183054,0.03440443962636168,2123330091.0,280,-0.7265214240361928,10,True,False,False,True,True,False,False,False,True,False,True,mixed,True,False,False,True
2024-03-01,512010.SH,0.378,0.40564,-0.010471204188481686,-0.12903225806451613,-0.10213776722090262,58.04899033331287,21.668085223043,0.008464189791136851,-0.6285683439196688,-0.9124589286801851,-1.3734329328867672,0.023123503453760217,567304055.0,280,-0.891097495617295,11,True,False,False,True,True,False,False,False,True,False,True,mixed,True,False,False,True
2024-03-01,516160.SH,1.986,2.06036,-0.00501002004008011,-0.05112279025322508,-0.19235461569743806,67.0764624414534,14.520073158283896,0.003946315663266415,-0.2271197887972632,-1.4133839461525883,-1.3781543499448266,0.02491832479679766,179777429.4,279,-0.9318323639689059,12,True,False,False,True,True,False,False,False,True,False,True,mixed,True,False,False,True
2024-03-01,515300.SH,1.112,1.02569,0.07129094412331405,0.11088911088911102,0.06309751434034427,34.47289002905857,28.53029904296886,2.4488700690773095,-1.6769893513940752,-0.43156234561578954,1.1769200917738392,0.011149966166157618,34262182.4,275,-0.6080366604491781,,False,False,False,True,False,True,False,False,False,False,True,mixed,True,False,False,True
2024-03-08,510500.SH,5.194,5.18749,0.14784530386740324,-0.02679407907063891,-0.08119582522554392,91.13906388955395,51.37892121100916,8.145415912346008,0.2168669990148469,-0.07074620039802881,0.38773531343688433,0.027966730057029876,4096842857.2,285,0.13599538213410411,1,True,True,True,True,True,True,True,True,False,False,True,confirmed_risk_off,False,True,False,True
2024-03-08,510300.SH,3.322,3.22466,0.1047555703358829,0.04366949418787325,-0.08054248546913922,64.65075019688007,46.30947227051672,8.313003273422387,-0.49574384359054663,-0.242670064610588,0.4456354393329438,0.0105392153673387,5766153182.85,285,-0.2062384754138651,2,True,True,True,True,True,True,False,False,True,False,True,confirmed_risk_off,False,True,False,True
2024-03-08,510880.SH,2.904,2.62012,0.10882016036655195,0.13748531139835496,0.10502283105022814,38.561479712002395,31.73767524100501,6.246673458787766,-1.1976192909630505,-0.7368538868055484,-0.268265392100275,0.010626452355979494,503404902.55,285,-0.8274423495274946,3,True,True,True,True,True,True,False,False,True,False,True,confirmed_risk_off,False,True,False,True
2024-03-08,159995.SZ,0.889,0.9031399999999999,0.20297699594046015,-0.04817987152034264,-0.11011011011011007,152.05101748133575,119.25167971750722,13.037856896809886,1.8555714887531118,2.231071423998341,2.078035507437772,0.02803864285931066,502969273.16555005,285,2.0502642665881354,4,True,True,False,True,True,False,True,False,True,False,True,confirmed_risk_off,False,True,False,True
2024-03-08,512660.SH,0.892,0.91744,0.15245478036175708,-0.07564766839378234,-0.13899613899613905,125.83197197648354,85.45387477098365,8.40551255596188,1.1502047248926595,1.0848621818268942,0.477596674781658,0.026337985836155972,241910474.25,285,0.9895460976441531,5,True,True,False,True,True,False,True,False,True,False,True,confirmed_risk_off,False,True,False,True
2024-03-08,588080.SH,0.807,0.83057,0.1561604584527223,-0.07134637514384345,-0.14603174603174596,113.81308425603711,78.02396068428968,10.700401251656631,0.826862521798176,0.8328861671660832,1.2704628166240115,0.023933825716627326,1184789836.25,207,0.9179920389105061,6,True,True,False,True,True,False,True,False,True,False,True,confirmed_risk_off,False,True,False,True
2024-03-08,512100.SH,2.079,2.20478,0.13235294117647056,-0.11381074168797944,-0.1348314606741572,123.57425370290026,79.23299362505047,6.212481292449284,1.0894656933344233,0.8738889699511289,-0.2800785188357385,0.03156129911114908,2370226298.25,285,0.7293261615470732,7,True,False,False,True,True,False,True,False,True,False,True,confirmed_risk_off,False,True,False,True
2024-03-08,516160.SH,1.993,2.04417,0.11403018446059265,-0.0015030060120240218,-0.2018422106527833,100.42047752341654,62.9321884079326,5.935123206732129,0.46656337708308565,0.3210680508334545,-0.37590357376929234,0.02200133605441921,171239537.0,284,0.23987185641275766,8,True,False,False,True,True,False,True,False,True,False,True,confirmed_risk_off,False,True,False,True
2024-03-08,159915.SZ,1.756,1.7931899999999998,0.13436692506459935,-0.0425299890948746,-0.14632960622265434,88.96067418982389,53.372835947474364,9.126175891486977,0.15826213131891292,-0.003125137354011655,0.7265802352815466,0.01989302225816268,3418472000.21175,285,0.20737084464226982,9,True,False,False,True,True,False,True,False,True,False,True,confirmed_risk_off,False,True,False,True
2024-03-08,512010.SH,0.37,0.40306,0.07558139534883734,-0.11270983213429253,-0.1148325358851674,57.89026413755809,20.876063120543012,3.9938716389572373,-0.6776201126143424,-1.1052115424892062,-1.0465908466529728,0.02145806197800773,514204423.1,285,-0.922450831372014,10,True,False,False,True,True,False,False,False,True,False,True,confirmed_risk_off,False,True,False,True
2024-03-08,159928.SZ,0.834,0.8470099999999999,0.07751937984496116,-0.03583815028901738,-0.12486883525708292,45.139828434867496,16.836376984928187,4.187829490028218,-1.0206430334050027,-1.2422123208367906,-0.979579922181045,0.013838543474075869,106201496.80905,285,-1.1010581261329264,11,True,False,False,True,True,False,False,False,True,False,True,confirmed_risk_off,False,True,False,True
2024-03-08,512880.SH,0.892,0.9117299999999999,0.04694835680751175,-0.037756202804746564,-0.07755946225439503,46.375646303652864,21.460957570641988,1.8482550477324473,-0.9873960240634638,-1.0853755967685006,-1.7878846408787217,0.01798396928757049,1211778782.7,285,-1.1866855765085302,12,True,False,False,True,True,False,False,False,True,False,True,confirmed_risk_off,False,True,False,True
2024-03-08,515300.SH,1.139,1.0302699999999998,0.08891013384321211,0.15283400809716596,0.09099616858237547,31.604766349580412,28.177813240566678,5.14830509759294,-1.384774631558811,-0.8575820445132298,-0.647743092476767,0.010476721030182885,35955389.65,280,-1.0264912889241697,,False,False,False,True,False,True,False,False,False,False,True,confirmed_risk_off,False,True,False,True
2024-03-15,516160.SH,2.061,2.03403,0.09861407249466958,0.025883524141363967,-0.14267886855241263,83.98331894274223,55.80201136560844,3.8180917918631603,1.4758173226581266,1.6220171352184667,0.8883540696697405,0.018448414980888037,183993840.2,289,1.4168045970845857,1,True,True,True,True,True,True,True,True,False,False,True,confirmed_risk_off,False,True,False,True
2024-03-15,159915.SZ,1.833,1.78898,0.09042236763831046,0.006037321624588365,-0.08258258258258255,60.45639476118951,40.5973079307805,3.3257513594035033,0.6483362522310483,0.8194662691623941,0.583072060114911,0.01625414825762801,2419742590.77695,290,0.7037354205803592,2,True,True,True,True,True,True,True,True,False,False,True,confirmed_risk_off,False,True,False,True
2024-03-15,510500.SH,5.309,5.17797,0.05989219405070867,-0.010806782187441688,-0.058019872249822524,42.4448252628529,28.048544274814954,2.4333711222069323,0.014839383131534552,0.15710404794606916,0.029740230881674542,0.013433362347209077,2733545304.4,290,0.07472541860737639,3,True,True,True,True,True,True,True,True,False,False,True,confirmed_risk_off,False,True,False,True
2024-03-15,510300.SH,3.35,3.2207399999999997,0.06315455410980642,0.06180665610142633,-0.05686936936936937,33.9248385764532,23.180228486120907,2.6875833651810583,-0.28482272522066704,-0.09986058600406178,0.18736779764654912,0.008210535538091849,4430415612.8,290,-0.11639976496058171,4,True,True,False,True,True,True,False,False,True,False,True,confirmed_risk_off,False,True,False,True
2024-03-15,510880.SH,2.786,2.6281600000000003,0.024264705882352855,0.08362504861921427,0.06579954093343532,-8.377247610550837,-0.007053409105318178,0.07517331419224652,-1.772657483780697,-1.3237564183867132,-1.4324906124434027,0.012294685973256083,452387363.7,290,-1.5250636833556448,5,True,True,False,True,True,True,False,False,True,False,True,confirmed_risk_off,False,True,False,True
2024-03-15,159995.SZ,0.887,0.89986,0.12420785804816226,-0.061375661375661306,-0.09118852459016391,78.49137809105284,49.34013867294155,4.3826488436167,1.2826566247441413,1.2809396819111647,1.2384149216835407,0.022653602282550093,489278240.81360006,290,1.2731215069988306,6,True,True,False,True,True,False,True,False,True,False,True,confirmed_risk_off,False,True,False,True
2024-03-15,512100.SH,2.16,2.1942600000000003,0.11397627643115005,-0.07967618236046015,-0.10336239103362377,66.16003752969638,41.588432557486506,5.471221343337345,0.8489428588149373,0.8717808658226877,1.913398283502141,0.018251477779995726,1512853020.6,290,1.0709691465554783,7,True,False,False,True,True,False,True,False,True,False,True,confirmed_risk_off,False,True,False,True
2024-03-15,512660.SH,0.901,0.9137,0.08293269230769229,-0.06438213914849422,-0.1402671755725191,64.36164646984939,38.87704578219584,3.3960865701923506,0.7856904528580417,0.7286655585067888,0.6266843110625137,0.016758166460691955,223924168.75,290,0.731079266758435,8,True,False,False,True,True,False,True,False,True,False,True,confirmed_risk_off,False,True,False,True
2024-03-15,588080.SH,0.814,0.8267,0.07671957671957674,-0.08022598870056508,-0.10451045104510459,56.26975250372372,30.37348748776231,2.184620863868831,0.5010850777906847,0.2798216791764217,-0.12450056214716354,0.017522876887552066,876267109.55,212,0.2874625903574099,9,True,False,False,True,True,False,True,False,True,False,True,confirmed_risk_off,False,True,False,True
2024-03-15,512010.SH,0.384,0.40084000000000003,0.04347826086956519,-0.07021791767554475,-0.07021791767554475,31.063210335427694,7.332554260387602,1.113420303783637,-0.3854709519831278,-0.9363494218009889,-0.7887122296418158,0.014864536142518174,483114549.75,290,-0.6864705954420098,10,True,False,False,True,True,False,False,False,True,False,True,confirmed_risk_off,False,True,False,True
2024-03-15,512880.SH,0.896,0.90992,0.017026106696935273,-0.031351351351351364,-0.07438016528925617,11.446304871253014,0.555820305144341,0.36313108072536615,-1.0754301581546655,-1.2940462179354162,-1.2539387003142795,0.011268285390740271,1172339362.45,290,-1.1985782904988886,11,True,False,False,True,True,False,False,False,True,False,True,confirmed_risk_off,False,True,False,True
2024-03-15,159928.SZ,0.867,0.84601,0.050909090909091015,0.03956834532374098,-0.07961783439490444,28.078609522789613,9.992208552833432,1.4404013848555905,-0.49044432870594484,-0.795964713545329,-0.5859634100550025,0.012574889603047987,90536201.6306,290,-0.6317562989115101,,False,False,False,True,False,True,False,False,False,False,True,confirmed_risk_off,False,True,False,True
2024-03-15,515300.SH,1.111,1.03337,0.04123711340206193,0.1143430290872618,0.06724303554274735,-2.005210168830059,0.25701875175287225,0.318800961866958,-1.5485423243834118,-1.3098178800714844,-1.2814261599594066,0.011226558474628645,51231473.4,285,-1.3996293137738398,,False,False,False,True,False,True,False,False,False,False,True,confirmed_risk_off,False,True,False,True
2024-03-22,159915.SZ,1.817,1.7896599999999998,0.06319485078993559,0.035327635327635276,-0.06915983606557374,51.04640649124594,31.58616771159355,2.6885628879262393,1.1147795896485497,1.5843629073591172,1.1298624066463916,0.017735906541890025,2281389507.5308,295,1.3056294801323451,1,True,True,True,True,True,True,True,True,False,False,True,confirmed_risk_off,False,True,False,True
2024-03-22,510500.SH,5.225,5.18199,0.03650069430668501,0.010247486465583933,-0.06025179856115104,28.5456791578687,14.414676129190147,1.6129601639133537,0.13627649273767714,0.15290793801462899,0.24426269261831374,0.014391530213935423,2240597560.35,295,0.16452631082458521,2,True,True,True,True,True,True,True,True,False,False,True,confirmed_risk_off,False,True,False,True
2024-03-22,510300.SH,3.328,3.2241700000000004,0.018671564126109486,0.07737131757850424,-0.053200568990042774,19.97502090936294,10.164223375192334,0.7779700010401805,-0.23644104276560063,-0.20141956390774876,-0.4432281745467656,0.008248978666342433,4105282762.5,295,-0.2637898775786929,3,True,True,True,True,True,True,False,False,True,False,True,confirmed_risk_off,False,True,False,True
2024-03-22,510880.SH,2.783,2.6386699999999994,-0.029298918730380263,0.09180070615927804,0.033803863298662584,-19.68105545015556,-2.9272181588890205,-0.39162562011296964,-1.9609894519880098,-1.2927521921721057,-1.4062171336648286,0.009182288028700792,377988898.45,295,-1.582740084397012,4,True,True,False,True,True,True,False,False,True,False,True,confirmed_risk_off,False,True,False,True
2024-03-22,512100.SH,2.168,2.19177,0.06956092747903297,-0.033868092691622165,-0.07862303442413943,51.9583617266237,31.540547178489195,3.138713358648267,1.1544383530671671,1.5805598749607381,1.5004947221296838,0.018693061415572747,1296143681.85,295,1.394098235637099,5,True,True,False,True,True,False,True,False,True,False,True,confirmed_risk_off,False,True,False,True
2024-03-22,516160.SH,1.999,2.02782,0.04223149113660063,0.04223149113660063,-0.1511677282377919,59.46977136592481,26.94052162753795,1.6095541445164492,1.4810916867716082,1.1970911819574745,0.24145833954581575,0.020422239250664068,192425278.1,294,1.1195648154007962,6,True,True,False,True,True,False,True,False,True,False,True,confirmed_risk_off,False,True,False,True
2024-03-22,512660.SH,0.907,0.91265,0.06580493537015286,-0.0011013215859030367,-0.10019841269841268,40.81718382768792,19.7177187330806,2.684129519782517,0.6699350338712472,0.5949817468946634,1.126212183871189,0.017702881620683737,217906332.55,295,0.7312091490806021,7,True,False,False,True,True,False,True,False,True,False,True,confirmed_risk_off,False,True,False,True
2024-03-22,159995.SZ,0.888,0.8981699999999999,0.08292682926829276,-0.04103671706263501,-0.06230200633579719,36.17768554453986,10.195884657403354,3.0869951592194784,0.4681742920556333,-0.19878020671857904,1.4579124363082938,0.023342965183808326,485680544.46750003,295,0.39934012139648045,8,True,False,False,True,True,False,True,False,True,False,True,confirmed_risk_off,False,True,False,True
2024-03-22,588080.SH,0.798,0.8238500000000001,0.0390625,-0.0589622641509433,-0.10638297872340419,22.705361646820037,2.1291024516619177,0.9819969598770376,-0.11770502025220367,-0.8712456952065666,-0.2752421585520958,0.018838417489709713,823720401.75,217,-0.45062871789392733,9,True,False,False,True,True,False,False,False,True,False,True,confirmed_risk_off,False,True,False,True
2024-03-22,512010.SH,0.371,0.39925999999999995,-0.010666666666666713,-0.0748129675810475,-0.11876484560570066,15.004445087334219,0.0629532446193233,-0.008711287980574425,-0.45259955903145643,-1.043484637620813,-1.090943831112613,0.01550945534348412,487507322.55,295,-0.8166224448834303,10,True,False,False,True,True,False,False,False,True,False,True,confirmed_risk_off,False,True,False,True
2024-03-22,512880.SH,0.89,0.9083099999999998,-0.013303769401330379,-0.0033594624860022737,-0.06903765690376562,1.0504570834490405,-0.0958251521454467,-0.0008151871309475331,-1.0594252973179095,-1.056720769379244,-1.084442560245357,0.012764958395599343,1168062742.1,295,-1.0633469387279328,11,True,False,False,True,True,False,False,False,True,False,True,confirmed_risk_off,False,True,False,True
2024-03-22,159928.SZ,0.866,0.84733,0.020023557126030544,0.06781750924784213,-0.07181136120042875,32.11292084053046,19.822511931199138,0.9842356014138256,0.2914073461628569,0.6037175485272953,-0.2733989684406071,0.01214980588994776,91643415.1179,295,0.30337016418793944,,False,False,False,True,False,True,True,False,False,False,True,confirmed_risk_off,False,True,False,True
2024-03-22,515300.SH,1.108,1.0383,-0.01685891748003543,0.13524590163934436,0.05523809523809531,-8.826310562549553,-0.0058247922386906285,-0.05217522687912793,-1.4889424229595607,-1.0492181327088608,-1.1267299545574174,0.009299260960995263,40691343.7,290,-1.2406102131788521,,False,False,False,True,False,True,False,False,False,False,True,confirmed_risk_off,False,True,False,True
2024-03-29,510300.SH,3.315,3.22186,-0.001205182283820383,0.060799999999999965,-0.04959862385321101,-3.623231848535694,-0.45218725583255437,-0.00611346788932738,0.31331902451749793,0.6767185009614811,0.6811188869472832,0.006525528056576847,3476797500.75,300,0.5322387875810483,1,True,True,True,True,True,True,True,True,False,False,True,mixed,True,False,False,True
2024-03-29,510880.SH,2.787,2.6489100000000003,-0.012402551381998639,0.10683081810961093,0.041479820627802644,-28.56411088762947,-12.999010020622215,-0.5089967862761755,-1.3922816848777781,-1.038795228273804,0.26401821988176066,0.007637579201905709,370206886.55,300,-0.9196271212842808,2,True,True,True,True,True,True,False,False,True,False,True,mixed,True,False,False,True
2024-03-29,512100.SH,2.109,2.1809,0.005722460658083017,-0.047855530474040564,-0.09794696321642438,14.481780737966591,0.2415379555825693,3.679967124811071e-05,1.551443882215806,0.7715708111287275,0.6862200319014973,0.0145654493034851,1202264949.05,300,1.066449883718113,3,True,True,True,True,True,False,True,False,True,False,True,mixed,True,False,False,True
2024-03-29,516160.SH,1.983,2.01719,-0.0015105740181268201,0.0,-0.13894919669995653,2.653751537982449,-0.129723357111747,-0.021608311437223485,0.7425752387883126,0.7208086467943139,0.6682671789195936,0.020500873435297065,175173230.25,299,0.7190069900169693,4,True,True,False,True,True,False,True,False,True,False,True,mixed,True,False,False,True
2024-03-29,159915.SZ,1.768,1.78347,-0.003943661971830936,0.0028360748723768037,-0.08771929824561397,2.0489864839053955,-0.002892019247468437,-0.057929005096304706,0.7012179272182398,0.7381501606964668,0.6381421280388415,0.01618211965990952,2051905601.7792003,300,0.703375660773651,5,True,True,False,True,True,False,True,False,True,False,True,mixed,True,False,False,True
2024-03-29,512660.SH,0.9,0.90836,0.0033444816053511683,-0.03743315508021394,-0.0899898887765419,1.2896039336667258,-0.16634534058696734,-0.0053348597964404075,0.6492869822680122,0.7158013619524592,0.6817646788100308,0.01718927680652606,211408967.95,300,0.6823882734501947,6,True,True,False,True,True,False,True,False,True,False,True,mixed,True,False,False,True
2024-03-29,510500.SH,5.131,5.16885,-0.018366175626554404,-0.00019485580670297598,-0.07030259104910308,-8.151569084884818,-1.1187799433333492,-0.44048020714351216,0.0036452880548899767,0.5855759919252798,0.3208471299218773,0.011871456734696577,2136996240.1,300,0.2998579379764434,7,True,False,False,True,True,False,True,False,True,False,True,mixed,True,False,False,True
2024-03-29,512010.SH,0.363,0.39604,-0.039682539682539764,-0.09925558312655092,-0.14184397163120566,-16.418870901919064,-12.489527854218625,-1.6727437637913507,-0.5617203440792536,-0.9691342736519948,-0.7012149124761248,0.014567068218728826,447534703.25,300,-0.7525848295877243,8,True,False,False,True,True,False,False,False,True,False,True,mixed,True,False,False,True
2024-03-29,159995.SZ,0.845,0.89205,-0.0600667408231369,-0.07346491228070184,-0.09431939978563786,-20.731154336856303,-11.666230333791637,-2.4680125255971217,-0.8566190793729755,-0.8565656795134496,-1.360825440241514,0.014854235338592894,419870391.93525004,300,-0.9574389916028729,9,True,False,False,True,True,False,False,False,True,False,True,mixed,True,False,False,True
2024-03-29,512880.SH,0.856,0.90401,-0.06956521739130439,-0.02947845804988669,-0.10084033613445376,-22.79148586706404,-14.142251697254268,-2.728158896046517,-0.9975163955422879,-1.1951094465315233,-1.5765956212791103,0.012628326066608067,1074699442.6,300,-1.1923694610853466,10,True,False,False,True,True,False,False,False,True,False,True,mixed,True,False,False,True
2024-03-29,588080.SH,0.767,0.8191499999999999,-0.06577344701583432,-0.09123222748815163,-0.13820224719101126,-25.776575740810703,-19.226025754367743,-3.2879244713174645,-1.2016540042564976,-1.8902084652076303,-2.040875477677573,0.012775777562196661,744406633.65,222,-1.644920083321166,11,True,False,False,True,True,False,False,False,True,False,True,mixed,True,False,False,True
2024-03-29,159928.SZ,0.865,0.84569,0.022458628841607542,0.04216867469879526,-0.06080347448425627,17.52924469988122,5.46822091633554,0.44218236190235405,1.7598469897065592,1.48620961217201,1.0529436876756353,0.011779574479279539,86947125.71079999,300,1.509011378286555,,False,False,False,True,False,True,True,False,False,False,True,mixed,True,False,False,True
2024-03-29,515300.SH,1.117,1.04297,0.004496402877697703,0.12261306532663308,0.059772296015180304,-18.609729105313907,-3.536687912062735,0.0,-0.7115438246405257,0.25497800754766275,0.6861895095778007,0.008090618753572828,36812091.75,295,-0.04538842492158504,,False,False,False,True,False,True,False,False,False,False,True,mixed,True,False,False,True
2024-04-12,510880.SH,2.879,2.67178,0.03449514911965501,0.09801678108314271,0.08273787138021826,9.64451023237056,12.152493979971627,1.8185656027878212,1.6724613608173193,1.3728100522401783,1.3977779202112255,0.0055195378751370806,338578100.0,308,1.497664149265244,1,True,True,True,True,True,True,True,True,False,False,True,mixed,True,False,False,True
2024-04-12,510300.SH,3.255,3.21626,-0.02951699463327373,0.05784855378615528,-0.0462935833577498,-10.14311551273406,-4.149617765743559,-0.6192761843901815,0.6028953134048527,0.6429879748940893,0.5227355533030938,0.006970680702924468,2680825224.8,308,0.6029004259801956,2,True,True,True,True,True,True,True,True,False,False,True,mixed,True,False,False,True
2024-04-12,516160.SH,1.954,2.00218,-0.06507177033492817,-0.02104208416833664,-0.1493252067914672,-8.519147850899637,-3.3453078451196814,-1.104886983432493,0.6906744484849479,0.6789957723043896,0.34842972869007666,0.018282158610382997,152850332.25,307,0.6175540340537503,3,True,True,True,True,True,False,True,False,True,False,True,mixed,True,False,False,True
2024-04-12,510500.SH,5.117,5.148440000000001,-0.026631158455392767,0.018916766228594062,-0.05989344111703099,-15.527078938612036,-6.366953064508476,-0.2962550346120166,0.3118798800725227,0.5437210652348078,0.638681220060439,0.012237080832229214,1736505612.25,308,0.46997662213502,4,True,True,False,True,True,False,True,False,True,False,True,mixed,True,False,False,True
2024-04-12,512100.SH,2.066,2.16056,-0.03412809724170174,-0.04129930394431558,-0.1186006825938567,-14.876546078671376,-9.35618186458335,-0.3944509829161018,0.34704265648043986,0.4098975945972194,0.6034346279818525,0.01553778423693547,959270143.1,308,0.42346302602743424,5,True,True,False,True,True,False,True,False,True,False,True,mixed,True,False,False,True
2024-04-12,512660.SH,0.847,0.9000699999999999,-0.06820682068206829,-0.040770101925254876,-0.1294964028776978,-26.75400167278538,-18.839098599729287,-1.4969241329936853,-0.2949607549827296,-0.014638937779529848,0.20771136170160617,0.017178290664096398,191019371.25,308,-0.08229760476458255,6,True,True,False,True,True,False,False,False,True,False,True,mixed,True,False,False,True
2024-04-12,159915.SZ,1.713,1.7687800000000002,-0.06952743074416068,0.004103165298944944,-0.10125918153200408,-29.212447749188712,-23.230414636568305,-2.3375377906686166,-0.4278453408641822,-0.21123183582118454,-0.09401968931900087,0.014424417016045108,1453430516.54445,308,-0.2744348085379469,7,True,False,False,True,True,False,False,False,True,False,True,mixed,True,False,False,True
2024-04-12,512880.SH,0.811,0.8939100000000001,-0.09688195991091308,-0.054778554778554644,-0.12701829924650165,-42.20030889722304,-42.84425532710163,-4.339426380111098,-1.129868690779302,-1.089315251073365,-0.8125804010130547,0.012892594194623472,927327042.4,308,-1.0501896569436777,8,True,False,False,True,True,False,False,False,True,False,True,mixed,True,False,False,True
2024-04-12,512010.SH,0.348,0.38952,-0.09610389610389614,-0.10769230769230775,-0.1869158878504673,-33.39230474714545,-44.36715106327425,-9.152919345659074,-0.653776091002811,-1.1574931011023426,-2.5403423500542526,0.010327165997746756,395814589.5,308,-1.232576146852912,9,True,False,False,True,True,False,False,False,True,False,True,mixed,True,False,False,True
2024-04-12,588080.SH,0.742,0.80833,-0.09401709401709402,-0.058375634517766506,-0.18191841234840134,-46.84564659421008,-50.44586490882247,-4.616234091910586,-1.3809597283532136,-1.4296283701736325,-0.9119381512105504,0.013169883477783783,499965330.35,230,-1.3066228696528486,10,True,False,False,True,True,False,False,False,True,False,True,mixed,True,False,False,True
2024-04-12,159995.SZ,0.808,0.87727,-0.10222222222222221,-0.04378698224852062,-0.1485774499473128,-51.481619327843994,-56.358057480761545,-4.264467950033492,-1.6315445684193088,-1.694308721518715,-0.7856747164769168,0.015045121669467452,348908133.18334997,308,-1.487476259270593,11,True,False,False,True,True,False,False,False,True,False,True,mixed,True,False,False,True
2024-04-12,159928.SZ,0.825,0.8418000000000001,-0.04844290657439454,0.02867830423940143,-0.05714285714285716,-15.53585873797083,-6.6649220424556805,-1.0716471045203533,0.31140531200568006,0.5303814229932265,0.3603608976740525,0.011539866945190753,85694366.97415,308,0.40878687353437315,,False,False,False,True,False,False,True,False,False,False,True,mixed,True,False,False,True
2024-04-12,515300.SH,1.13,1.05244,0.02262443438914019,0.12214498510427019,0.0792741165234001,7.981949877141498,13.157938032155293,0.8926375457711448,1.582596203135785,1.4178223352048576,1.065423998451429,0.006109559618047812,14661679.75,303,1.413252215026543,,False,False,False,True,False,True,True,False,False,False,True,mixed,True,False,False,True
2024-04-19,510880.SH,3.023,2.69312,0.09015506671474927,0.15469824293353707,0.19297553275453838,36.375826220053675,41.291298230972444,6.541947811996,2.4247230501704458,2.289855524793949,2.320671965084106,0.006954793464366222,399370274.25,313,2.349965823002579,1,True,True,True,True,True,True,True,True,False,False,True,mixed,True,False,False,True
2024-04-19,510500.SH,5.154,5.13114,-0.0339268978444236,0.023837902264600697,0.003504672897196137,2.221553906667815,-0.048725244103576475,-0.6694632030946189,0.5960954401694546,0.39809774246763024,0.36315592343798636,0.014642567554497745,1770869637.2,313,0.4703084577424312,2,True,True,True,True,True,True,True,True,False,False,True,mixed,True,False,False,True
2024-04-19,510300.SH,3.32,3.21417,-0.012198750371913203,0.07547781017168753,0.017156862745097978,-0.26838292103113415,-0.040224362623468964,-0.1427390187737582,0.4627836486456724,0.3984867506815787,0.5061336344814187,0.00926567583875009,2861018283.4,313,0.4457348866271842,3,True,True,True,True,True,True,True,True,False,False,True,mixed,True,False,False,True
2024-04-19,516160.SH,1.905,1.98817,-0.08413461538461542,-0.07389402041808457,-0.14150518251464617,-5.947418846192823,-2.8414838983777364,-2.781891533777612,0.1587267565634445,0.2702985185129659,-0.21025645528880427,0.020412841329390422,136504029.25,312,0.1295588189728033,4,True,True,False,True,True,False,True,False,True,False,True,mixed,True,False,False,True
2024-04-19,512660.SH,0.877,0.89271,-0.046739130434782616,0.019767441860465196,-0.05393743257820938,-16.86034585197764,-12.083323560846562,-1.5139161672327979,-0.42555387004743106,-0.15261662847596047,0.1339316814336179,0.02087392471958911,209406055.7,313,-0.20448186312263303,5,True,True,False,True,True,False,False,False,True,False,True,mixed,True,False,False,True
2024-04-19,512100.SH,2.035,2.1410899999999997,-0.07289293849658296,-0.054368029739776946,-0.07077625570776247,-18.822789066713703,-15.453545683689947,-2.9380313527891824,-0.5306235319801498,-0.3068411158641012,-0.2526401441140945,0.020190785001716356,997282792.95,313,-0.38551388796051933,6,True,True,False,True,True,False,False,False,True,False,True,mixed,True,False,False,True
2024-04-19,159915.SZ,1.705,1.7581,-0.08135775862068961,-0.0017564402810303914,-0.06060606060606055,-18.10630902122459,-16.014256307704155,-3.724742107318013,-0.4922630252425294,-0.3324997536065649,-0.46619043529887133,0.015631625492448464,1370521205.77525,313,-0.423143198599412,7,True,False,False,True,True,False,False,False,True,False,True,mixed,True,False,False,True
2024-04-19,512010.SH,0.347,0.38522,-0.08443271767810034,-0.09870129870129873,-0.15158924205378976,-17.353639790619813,-31.616307127450618,-5.62027120024853,-0.4519649411945588,-1.0464640568997385,-0.9807261619484469,0.011629191563772411,381243575.15,313,-0.7955168316274084,8,True,False,False,True,True,False,False,False,True,False,True,mixed,True,False,False,True
2024-04-19,588080.SH,0.734,0.8004600000000001,-0.10378510378510375,-0.06138107416879801,-0.16400911161731213,-22.1522846000217,-26.229308233704387,-5.889810932821231,-0.708885490066014,-0.7999499956106391,-1.0538919195606464,0.01484163025003768,483802854.6,235,-0.8143125781827906,9,True,False,False,True,True,False,False,False,True,False,True,mixed,True,False,False,True
2024-04-19,512880.SH,0.827,0.8861200000000001,-0.08314855875831495,-0.04171494785631524,-0.0951859956236325,-28.782881473969255,-31.56361236973282,-5.097838894559499,-1.063889174619256,-1.0440526959564982,-0.8389134685767327,0.01334481559180369,895950820.7,313,-1.0109594419456482,10,True,False,False,True,True,False,False,False,True,False,True,mixed,True,False,False,True
2024-04-19,159995.SZ,0.795,0.86777,-0.1146993318485523,-0.046762589928057485,-0.1311475409836066,-29.58317063479615,-35.17305460126868,-6.57785899656027,-1.106736840704621,-1.209224117193885,-1.240660517186585,0.01767621710336983,338748621.59115,313,-1.1745164865967195,11,True,False,False,True,True,False,False,False,True,False,True,mixed,True,False,False,True
2024-04-19,159928.SZ,0.842,0.8393599999999999,-0.04100227790432809,0.045962732919254456,0.0,-17.47482824008556,-11.96370221348423,-1.559207666324429,-0.45845339870502444,-0.1471426447724562,0.12163743890097889,0.013325874925605207,90030017.34494999,313,-0.2179109296107965,,False,False,False,True,False,True,False,False,False,False,True,mixed,True,False,False,True
2024-04-19,515300.SH,1.181,1.05998,0.06492335437330943,0.15670910871694432,0.17746759720837502,20.898087958079508,28.009157827680614,3.878726450559136,1.5960413770105673,1.6820524719237198,1.5977484586360726,0.007687175770530913,28506720.5,308,1.6307872313009293,,False,False,False,True,False,True,True,False,False,False,True,mixed,True,False,False,True
2024-04-26,510880.SH,2.879,2.7091200000000004,0.03747747747747754,0.1594844945630285,0.12548866301798278,18.21852997627666,15.613879326788814,1.4177019774459418,1.617822392360239,1.6771035765685556,1.550564862343233,0.011078828336594862,443348747.5,318,1.6280833600401645,1,True,True,True,True,True,True,True,True,False,False,True,mixed,True,False,False,True
2024-04-26,512660.SH,0.892,0.88735,0.04694835680751175,0.11639549436795993,-0.08418891170431209,8.71386245509575,-0.10051443148540118,0.1885990833768842,0.8476508435727438,0.35337519987814275,0.08800033698946419,0.019735444228376055,229421480.25,318,0.49801048477824744,2,True,True,True,True,True,True,True,True,False,False,True,mixed,True,False,False,True
2024-04-26,510500.SH,5.221,5.11441,0.04503602882305846,0.10896346644010202,-0.03314814814814815,2.151474085874325,-0.17846757346597278,0.46362704049559444,0.3158947560709735,0.34680868591144726,0.41526840828223494,0.014222446321312789,1762107555.3,318,0.3481350584494153,3,True,True,True,True,True,True,True,True,False,False,True,mixed,True,False,False,True
2024-04-26,510300.SH,3.362,3.21317,0.02437538086532598,0.11435200530328138,-0.0029655990510082386,0.5392574772630646,-0.009522320951841367,0.1709396336174967,0.1852554296907505,0.3610400732815346,0.06698656761345934,0.009351000017755573,2832345311.7,318,0.23191551471160593,4,True,True,False,True,True,True,True,True,False,False,True,mixed,True,False,False,True
2024-04-26,159915.SZ,1.774,1.7491999999999999,0.018369690011481143,0.08038976857490865,-0.07892004153686394,-10.704677489222073,-9.386329920068098,-0.011625587377103846,-0.7258504862506203,-0.42883107877489945,-0.15025595705923225,0.015707273023145698,1218649309.123,318,-0.4919238174220544,5,True,True,False,True,True,True,False,False,True,False,True,mixed,True,False,False,True
2024-04-26,512880.SH,0.878,0.8799399999999999,0.031727379553466495,0.03905325443786989,-0.06892895015906675,0.9336981696354706,-2.2975713696954334,0.030952255674041973,0.21721730508221332,0.16830241507651184,-0.09959067662324987,0.01759262992352621,889920060.0,318,0.13428975273884008,6,True,True,False,True,True,False,True,False,True,False,True,mixed,True,False,False,True
2024-04-26,512010.SH,0.359,0.38114000000000003,-0.011019283746556474,-0.04266666666666674,-0.18036529680365299,0.5374748541028471,-10.054048181422964,-0.6280815437920086,0.18511098217197622,-0.48507744906356726,-0.8838044806581131,0.01299107019275364,393394332.65,318,-0.2967474828882591,7,True,False,False,True,True,False,False,False,True,False,True,mixed,True,False,False,True
2024-04-26,588080.SH,0.757,0.79294,0.0,0.005312084993359889,-0.11565420560747663,-2.700883313790766,-9.521007766153623,-0.36583343020180553,-0.07729602155932111,-0.44017589355536685,-0.5717437169671389,0.01528997473924795,398403813.25,240,-0.32133750943930295,8,True,False,False,True,True,False,False,False,True,False,True,mixed,True,False,False,True
2024-04-26,512100.SH,2.099,2.12377,0.030436917034855293,0.0676500508647,-0.10145547945205469,-8.322378342758531,-8.70946245215156,0.02181485360093577,-0.5328106961455803,-0.3718140096901988,-0.11046368016958133,0.019244008313040732,977164233.9,318,-0.3839426183682279,9,True,False,False,True,True,False,False,False,True,False,True,mixed,True,False,False,True
2024-04-26,159995.SZ,0.826,0.86094,-0.037296037296037365,0.023543990086740907,-0.13417190775681342,-7.89540980646207,-14.252807762298346,-0.8295191899129686,-0.4982130610205046,-0.838767021159149,-1.1235041483661035,0.019426717727536607,319094262.21215,317,-0.7594928625450822,10,True,False,False,True,True,False,False,False,True,False,True,mixed,True,False,False,True
2024-04-26,516160.SH,1.896,1.974,-0.026194144838212696,-0.04097116843702586,-0.14324446452779038,-35.240852817489305,-32.08921308803944,-1.149497321007725,-2.7140383015299534,-2.34124660968312,-1.504260442803642,0.018114678597764364,126378239.05,317,-2.322966053045958,11,True,False,False,True,True,False,False,False,True,False,True,mixed,True,False,False,True
2024-04-26,159928.SZ,0.873,0.83766,0.015116279069767424,0.12210796915167088,-0.031076581576026663,0.5753940839839157,-0.16204095079002057,0.05532418565316851,0.18818361064017364,0.3481924100883914,-0.07058942670846954,0.0131621080834727,94176535.66685,318,0.20043252294973213,,False,False,False,True,False,True,True,False,False,False,True,mixed,True,False,False,True
2024-04-26,515300.SH,1.161,1.06709,0.045004500450045004,0.1703629032258065,0.1449704142011834,10.483834691828072,15.305060471539692,2.1259932640146433,0.9910732469169095,1.6510897011217176,2.3933923541271387,0.008998372607680848,33028949.8,313,1.5355436500408786,,False,False,False,True,False,True,True,False,False,False,True,mixed,True,False,False,True
2024-05-10,512880.SH,0.876,0.87554,0.03668639053254452,0.028169014084507005,-0.10520939734422874,58.52191922998495,30.401429747119174,1.2857813064402015,0.9348874618592553,0.8903672704089358,-0.05766186935149939,0.01790189383876529,1071350885.65,325,0.7185695190369765,1,True,True,True,True,True,True,True,True,False,False,True,risk_on_setup,True,False,True,False
2024-05-10,159915.SZ,1.84,1.7476600000000002,0.03545301069217799,0.18863049095607232,-0.06646372399797063,53.27210099586033,27.465335547688344,1.6484080446102334,0.7263879118807255,0.6519130714353345,0.3546615587911096,0.016940325906122152,1323612709.55125,325,0.6222527050846459,2,True,True,True,True,True,True,True,True,False,False,True,risk_on_setup,True,False,True,False
2024-05-10,512100.SH,2.162,2.10898,0.020774315391879128,0.1775599128540304,-0.09577582601422008,53.361100586906666,20.377295335410682,0.8810908475809877,0.7299225818166892,0.07625955478760947,-0.517813699786011,0.019236861806163137,1087738693.55,325,0.21891011468451727,3,True,True,True,True,True,True,True,True,False,False,True,risk_on_setup,True,False,True,False
2024-05-10,510300.SH,3.447,3.2254899999999997,0.04076086956521752,0.1463252411040905,0.014121800529567574,27.00724453860219,21.171763819017816,1.938131159281984,-0.3167359654361676,0.14078212559103767,0.6840901840945122,0.009534501564277873,3091794292.45,325,0.06643650088085049,4,True,True,False,True,True,True,True,True,False,False,True,risk_on_setup,True,False,True,False
2024-05-10,510500.SH,5.383,5.1113599999999995,0.03838734567901225,0.18961325966850828,-0.015004574565416262,35.31707134729214,18.1189723346399,1.7612988135500915,0.013293584682204604,-0.10714961589800669,0.48302360150708784,0.014440473762264145,1897845406.75,325,0.05906230781509674,5,True,True,False,True,True,True,True,True,False,False,True,risk_on_setup,True,False,True,False
2024-05-10,516160.SH,1.99,1.9691899999999998,-0.031158714703018453,0.11235326998323081,-0.1072229699416779,11.172776206093976,3.229517920848379e-06,-0.15575301979642253,-0.9456109805780479,-1.5786774248582367,-1.696753289301986,0.02075564545683986,127954789.8,324,-1.3490660200349112,6,True,True,False,True,True,True,False,False,True,False,True,risk_on_setup,True,False,True,False
2024-05-10,510880.SH,2.927,2.7309300000000003,0.032451499118165916,0.11760213822069487,0.15236220472440953,-20.005095318770362,-0.41880427536064296,0.41331648371117147,-2.183858076442799,-1.6126907777402082,-1.0496948574782328,0.011064450355700821,462725826.7,325,-1.7285585131688495,7,True,False,False,True,True,True,False,False,True,False,True,risk_on_setup,True,False,True,False
2024-05-10,512010.SH,0.371,0.37726,0.027700831024930705,0.0784883720930234,-0.16629213483146066,63.12667814530653,27.78131265098887,1.2276562205907569,1.117768110062166,0.6775750774691095,-0.12375278912060066,0.013295373615975856,419379696.0,325,0.6933867171883901,8,True,False,False,True,True,False,True,False,True,False,True,risk_on_setup,True,False,True,False
2024-05-10,588080.SH,0.771,0.78608,0.025265957446808596,0.1045845272206305,-0.14046822742474918,47.71445587485809,15.363899430455247,0.8866633732705838,0.505662840079729,-0.33090221300765593,-0.5114774794969553,0.016429854942682943,430093322.1,247,-0.032391245070561875,9,True,False,False,True,True,False,False,False,True,False,True,risk_on_setup,True,False,True,False
2024-05-10,159928.SZ,0.9,0.8388199999999999,0.05263157894736836,0.16279069767441867,-0.0066225165562914245,50.37126694320737,42.76923409600339,3.4251323750861706,0.611179619408979,1.8948155880572963,2.37487956726769,0.011264276010533857,92988556.67555,325,1.4773739964400483,,False,False,False,True,False,True,True,False,False,False,True,risk_on_setup,True,False,True,False
2024-05-10,515300.SH,1.18,1.07206,0.043324491600353676,0.1216730038022813,0.15234375,4.946349758554216,10.790956992001634,1.3897004973813263,-1.1928970873327371,-0.7022926562452153,0.060499072874883826,0.008791144246369427,34283385.95,316,-0.7459760828562042,,False,False,False,True,False,True,False,False,False,False,True,risk_on_setup,True,False,True,False
2024-05-17,512660.SH,0.918,0.8831600000000001,0.053960964408725554,0.18604651162790709,-0.060388945752302914,66.57871170116822,45.17757996634733,2.0974244984795885,1.5990431936208536,2.3036116189974183,0.6552403006339725,0.019327608972386653,264343068.2,325,1.6921099851741035,1,True,True,True,True,True,True,True,True,False,False,True,mixed,False,True,True,False
2024-05-17,512100.SH,2.162,2.09845,0.10531697341513291,0.11500773594636393,-0.10624224886316669,49.94151711946149,23.587894957824595,2.8505673377861394,0.8451200060745461,0.6066564283165162,1.296685465201622,0.015679067702447022,1102215855.6,330,0.8400476667967494,2,True,True,True,True,True,True,True,True,False,False,True,mixed,False,True,True,False
2024-05-17,159928.SZ,0.903,0.84077,0.07500000000000018,0.09454545454545471,0.002219755826859071,35.46924590173691,27.533391083903645,3.6148895935085994,0.18930145482079927,0.9167735110029097,1.9476520408860203,0.00852235445387848,112330541.4741,330,0.8319603945066877,3,True,True,True,True,True,True,True,True,False,False,True,mixed,False,True,True,False
2024-05-17,159915.SZ,1.824,1.746,0.06479859894921192,0.08506841165972645,-0.07080998471726951,43.08413174842011,20.05034094305704,1.2009531123786759,0.5343739958755974,0.3286037079871507,-0.10827653279585697,0.015313597483993349,1233864489.4077,330,0.32353577498592784,4,True,True,False,True,True,True,True,True,False,False,True,mixed,False,True,True,False
2024-05-17,510500.SH,5.351,5.10856,0.06170634920634921,0.06827710121780783,-0.0314932126696833,29.600075409571453,14.678426167116134,1.0730541821888921,-0.07666308048441824,-0.09363027362628037,-0.2172069322392744,0.012664344287608173,1938349682.1,330,-0.11155872809213432,5,True,True,False,True,True,True,False,False,True,False,True,mixed,False,True,True,False
2024-05-17,510300.SH,3.465,3.23804,0.05127427184466016,0.09965090447476999,0.020618556701030855,20.649260903516566,17.55679151733232,1.4530580436479077,-0.48227392853932866,0.132610036030726,0.10643903068902286,0.007935305000818293,3154490476.2,330,-0.11857775086563652,6,True,True,False,True,True,True,False,False,True,False,True,mixed,False,True,True,False
2024-05-17,510880.SH,2.945,2.74874,-0.004731328151402536,0.08272058823529393,0.14994142912924646,-19.18918455525492,-0.6273485555458583,-0.0950950338385446,-2.2875739531114734,-1.296668384314817,-1.2121093956341387,0.009526750168546433,440384095.55,330,-1.6761188140973442,7,True,False,False,True,True,True,False,False,True,False,True,mixed,False,True,True,False
2024-05-17,512010.SH,0.369,0.37504,0.06034482758620685,0.0027173913043478937,-0.16136363636363638,58.61465671211971,26.925580879198144,1.9983308177674894,1.2381478699741926,0.8689994614317067,0.5708430800608982,0.012389852754729501,433350061.5,330,0.9570275485745394,8,True,False,False,True,True,False,True,False,True,False,True,mixed,False,True,True,False
2024-05-17,512880.SH,0.871,0.8724500000000001,0.07663782447465994,-0.011350737797956922,-0.11483739837398377,43.47631264803682,16.459283101783797,2.057390748622822,0.5521458787781939,0.04634557215152477,0.62114390626504,0.017187924109770488,1117311999.7,330,0.36362536162489545,9,True,False,False,True,True,False,True,False,True,False,True,mixed,False,True,True,False
2024-05-17,588080.SH,0.758,0.7807599999999999,0.029891304347826164,0.002645502645502562,-0.16057585825027687,32.10442163327381,3.68329236657612,0.03843522430124275,0.036822680496538494,-0.9578508200442521,-1.0983828434623086,0.01529035500576921,421251186.85,252,-0.5880878245115472,10,True,False,False,True,True,False,False,False,True,False,True,mixed,False,True,True,False
2024-05-17,516160.SH,1.944,1.9655300000000002,0.01144640998959412,0.03624733475479758,-0.12786002691790044,21.827279368149856,2.203005706789604,-0.02622718809154758,-0.428891404732023,-1.0742017593946316,-1.153455254157768,0.0182361872133864,124786670.1,329,-0.8319283164822155,11,True,False,False,True,True,False,False,False,True,False,True,mixed,False,True,True,False
2024-05-17,159995.SZ,0.828,0.85532,-0.03383897316219375,0.03499999999999992,-0.15163934426229508,22.602899495804476,0.004028991969816741,-0.45121442168858056,-0.39374377235358043,-1.2470419351047823,-1.5154131614317696,0.020665744106130705,311567088.11600006,321,-0.9593969152696991,12,True,False,False,True,True,False,False,False,True,False,True,mixed,False,True,True,False
2024-05-17,515300.SH,1.187,1.0811899999999999,0.04673721340388015,0.13588516746411505,0.1625857002938298,2.0345580253439843,9.073141876050563,1.4535291830385735,-1.325808940419896,-0.5342071634331915,0.10684029598453862,0.008796519050863457,34345104.25,321,-0.7226383823443273,,False,False,False,True,False,True,False,False,False,False,True,mixed,False,True,True,False
2024-05-24,512660.SH,0.883,0.88093,0.017281105990783363,0.09147095179233622,-0.12833168805528128,46.387524857824076,18.249035830930556,1.5060015946016176,2.664778385493332,2.3323209838499044,1.6616329500818623,0.01897388011844772,278862790.55,329,2.331166337753667,1,True,True,True,True,True,True,True,True,False,False,True,mixed,True,False,False,True
2024-05-24,510880.SH,2.953,2.7696899999999998,0.022506925207756323,0.029996512033484413,0.15126705653021433,8.788282982072744,15.516447909147523,0.814346239428719,-0.43801965466122494,1.8743044795925785,0.3234721646277112,0.006746725515129529,379945525.45,335,0.6392083628980837,2,True,True,True,True,True,True,True,True,False,False,True,mixed,True,False,False,True
2024-05-24,510300.SH,3.391,3.2543200000000003,0.0313260340632604,0.0379553106825834,0.018012608826178278,8.905243354734967,7.2302500975938,1.181872971918747,-0.42836774688416573,0.48543229547045297,1.0345341947934605,0.008024889774560916,3073734852.15,335,0.229732658393207,3,True,True,True,True,True,True,True,True,False,False,True,mixed,True,False,False,True
2024-05-24,159928.SZ,0.883,0.84474,0.020809248554913395,0.04004711425206131,-0.016703786191536785,12.99670569765658,6.7391606786198075,0.7317982781374296,-0.09072845668425736,0.40311946038719493,0.16376481342593027,0.008641307071264922,100546345.55469999,335,0.1577093641663611,4,True,True,False,True,True,True,True,True,False,False,True,mixed,True,False,False,True
2024-05-24,159915.SZ,1.781,1.7475699999999998,0.0445747800586509,0.042129900526623576,-0.062137967351237555,13.436183929547939,1.2825831978981654,1.4542688704359386,-0.05446144361231229,-0.5114723531119388,1.5615445140053097,0.015359009852158184,1265516255.7312,335,0.08593538411136148,5,True,True,False,True,True,True,True,True,False,False,True,mixed,True,False,False,True
2024-05-24,510500.SH,5.178,5.1099,0.025956013473350525,0.027177147391390433,-0.04605747973470897,7.972613069647201,0.44553743118706973,0.4720277573344876,-0.5053310917920684,-0.6517718739128103,-0.33881891061478464,0.011806347705364666,1994449016.9,335,-0.5306049684049085,6,True,True,False,True,True,True,False,False,True,False,True,mixed,True,False,False,True
2024-05-24,516160.SH,1.938,1.9666400000000002,0.03304904051172719,0.010427528675703845,-0.11627906976744196,16.10175309791153,1.5074627872688773,1.1749500286723282,0.1655090233142816,-0.47377967263811566,1.0211402246564598,0.01962675974902064,136522150.85,334,0.08091978520175835,7,True,False,False,True,True,False,True,False,True,False,True,mixed,True,False,False,True
2024-05-24,159995.SZ,0.795,0.84893,-0.003759398496240629,0.11971830985915499,-0.21209117938553013,30.0544836454791,1.010018077756196,0.007591613875915993,1.3169286487646996,-0.5571577352783228,-1.2373737036568482,0.019836612872068882,315963586.43075,326,0.05643362466318114,8,True,False,False,True,True,False,True,False,True,False,True,mixed,True,False,False,True
2024-05-24,512100.SH,2.076,2.09015,0.029251363411006537,0.024173655648741965,-0.13210702341137115,16.35425694014275,0.24954722939048166,0.4305121332034033,0.18634636970002894,-0.68462232544997,-0.4191400991668253,0.013941729633380702,1084914199.65,335,-0.2831384021333415,9,True,False,False,True,True,False,False,False,True,False,True,mixed,True,False,False,True
2024-05-24,512010.SH,0.355,0.37285999999999997,0.0056657223796034994,-0.053333333333333344,-0.18013856812933027,16.134173759063785,0.010786406957189486,0.2511930526862371,0.1681844699154698,-0.7246416772054095,-0.7660726571772858,0.012295710334532629,422819872.4,335,-0.37579741435143305,10,True,False,False,True,True,False,False,False,True,False,True,mixed,True,False,False,True
2024-05-24,512880.SH,0.84,0.8697,0.01571946795646917,-0.06873614190687372,-0.12863070539419086,7.685132667184204,2.6388675114918287e-05,0.2735902653670194,-0.5290548049534313,-0.7264451931764838,-0.7227402785746402,0.01779374747932049,1130286302.65,335,-0.6467480549668941,11,True,False,False,True,True,False,False,False,True,False,True,mixed,True,False,False,True
2024-05-24,588080.SH,0.731,0.77506,0.0,-0.04817708333333337,-0.18687430478309242,2.38824874569072,-1.2529922098665187,0.003593018104954907,-0.9661689655220677,-0.9364670532961674,-1.2451098745945335,0.014890419415490882,414832191.45,257,-1.0100763824462007,12,True,False,False,True,True,False,False,False,True,False,True,mixed,True,False,False,True
2024-05-24,515300.SH,1.182,1.09076,0.009393680614858901,0.07945205479452055,0.15996074582924447,-3.9547886574798223,5.355382702045274,0.11124494124653277,-1.4896147330782874,0.17118066476908753,-1.0368333378058132,0.006803025967867325,34683507.45,326,-0.7347402948848426,,False,False,False,True,False,True,False,False,False,False,True,mixed,True,False,False,True
2024-05-31,510880.SH,2.988,2.7935199999999996,0.045486354093771775,0.05882352941176472,0.16491228070175445,8.173603185215054,18.195027285722663,2.065872125896008,1.236247262910914,1.9699342213707136,1.89792221990124,0.006994065196920852,358176650.45,340,1.6620570376928991,1,True,True,True,True,True,True,True,True,False,False,True,mixed,True,False,False,True
2024-05-31,512660.SH,0.905,0.87816,0.016853932584269593,0.07354685646500592,-0.10039761431411531,5.5553983947728725,-0.0034212735892274605,0.37926418670176326,1.0574141658496667,0.5985610538474986,0.789073164217975,0.014947944680528586,270611445.45,334,0.8202047207224612,2,True,True,True,True,True,True,True,True,False,False,True,mixed,True,False,False,True
2024-05-31,510300.SH,3.371,3.2678499999999997,-0.00472394449365221,0.015667369689665644,0.02837095790115929,-15.789027851305404,-1.9020468218298217,-0.3551872589054228,-0.4004893046947019,0.4554870921553676,0.3062129967887833,0.007237498060198444,2782268384.8,340,0.08324171434202293,3,True,True,True,True,True,True,True,True,False,False,True,mixed,True,False,False,True
2024-05-31,510500.SH,5.182,5.11195,-0.020230667422953208,-0.008609144824947346,-0.043205317577547975,-21.130917739943143,-15.194587807675857,-1.2102014698983086,-0.7653601950210115,-0.5461935718188313,-0.2559103505661255,0.009555247260126506,1787258856.1,340,-0.5758035768491622,4,True,True,False,True,True,True,False,False,True,False,True,mixed,True,False,False,True
2024-05-31,159915.SZ,1.772,1.74765,-0.024229074889867808,-0.0016901408450703537,-0.05088377075522221,-21.272205204490845,-14.47014590903202,-1.7346298016038106,-0.7750106528282976,-0.491602095078833,-0.6006922331078417,0.010985209977465897,1139005179.03715,340,-0.6267835457844206,5,True,True,False,True,True,True,False,False,True,False,True,mixed,True,False,False,True
2024-05-31,159995.SZ,0.826,0.8426100000000001,-0.0024154589371980784,0.023543990086740907,-0.16984924623115583,26.963487389013277,1.0085865420209972,0.03620031962265197,2.5196660381931713,0.6748225197152307,0.5635281301827056,0.01876139728491565,357764286.57815,331,1.390501049199902,6,True,True,False,True,True,False,True,False,True,False,True,mixed,True,False,False,True
2024-05-31,516160.SH,1.935,1.9656399999999998,-0.004629629629629539,-0.025679758308157052,-0.0754897276636407,-10.380914714476026,-3.010179813231863,-0.23245330447668636,-0.03109512092137115,0.37198196008308426,0.38690361036053855,0.016333846161957516,128540782.0,339,0.21373545773679298,7,True,False,False,True,True,False,True,False,True,False,True,mixed,True,False,False,True
2024-05-31,512100.SH,2.08,2.0828,-0.023015500234851993,-0.008106819265617515,-0.12751677852348986,-17.076047030430594,-18.351946292030156,-1.5612853727979108,-0.48839748766816227,-0.7841213650361106,-0.48672810325724686,0.011449511664286106,893611177.1,340,-0.6063531617331586,8,True,False,False,True,True,False,False,False,True,False,True,mixed,True,False,False,True
2024-05-31,588080.SH,0.747,0.7697099999999999,-0.032383419689119175,-0.09013398294762476,-0.14726027397260277,-14.280457792742013,-21.298369140225386,-1.6043000957982323,-0.2974483750120412,-1.0061537663709335,-0.5150078438365366,0.01126770853080691,391500322.6,262,-0.6244424253204973,9,True,False,False,True,True,False,False,False,True,False,True,mixed,True,False,False,True
2024-05-31,512880.SH,0.839,0.8675400000000001,-0.03894616265750295,-0.08804347826086967,-0.10363247863247871,-18.126932354754363,-16.901377656183193,-2.1105925127832146,-0.5601768526326932,-0.6748114478545497,-0.8478663911178911,0.010422351090955967,936283308.3,340,-0.6635685984184755,10,True,False,False,True,True,False,False,False,True,False,True,mixed,True,False,False,True
2024-05-31,512010.SH,0.352,0.37042,-0.0434782608695653,-0.06878306878306883,-0.1889400921658987,-25.137806816501097,-33.425063016993306,-4.2810496699346015,-1.0390455788983823,-1.919980158723382,-2.274818863699085,0.009218048739472504,372023658.4,340,-1.6385740677885228,11,True,False,False,True,True,False,False,False,True,False,True,mixed,True,False,False,True
2024-05-31,159928.SZ,0.866,0.8471500000000001,-0.015909090909090873,0.023640661938534313,-0.02367531003382184,-22.711859956569057,-7.030436649680025,-1.0259335454729879,-0.8733444114987213,0.06902908285906881,-0.1347646419260097,0.008933445898539985,89753266.2897,340,-0.34867905984106295,,False,False,False,True,False,True,False,False,False,False,True,mixed,True,False,False,True
2024-05-31,515300.SH,1.189,1.1015899999999998,0.02765773552290418,0.07894736842105265,0.1691248770894791,-3.819987902024718,9.079863290189158,0.9619382415935229,0.4170405122216293,1.2830464748516772,1.1721483060594937,0.006383260644874658,40898607.6,331,0.9144644560412214,,False,False,False,True,False,True,True,False,False,False,True,mixed,True,False,False,True
2024-06-07,159995.SZ,0.842,0.8381400000000001,0.04987531172069826,0.02184466019417486,-0.13817809621289667,22.000072007224535,0.48510475136835435,0.7152859501332923,2.4751947460303376,0.9750070389633448,1.3295604919005848,0.017136385277646618,411011358.64055,336,1.6459928123775902,1,True,True,True,True,True,True,True,True,False,False,True,mixed,True,False,False,True
2024-06-07,510880.SH,2.976,2.81355,0.01674069012640933,0.024793388429751984,0.16568742655699187,-9.203514268937468,0.7868636979650587,0.2404375987965538,0.33230621053503195,1.0005324905485953,1.0150887667244217,0.008129676807742634,339631053.9,345,0.7361532337783353,2,True,True,True,True,True,True,True,True,False,False,True,mixed,True,False,False,True
2024-06-07,512660.SH,0.902,0.8770399999999999,0.0033370411568409697,0.021517553793884536,-0.0879676440849343,-8.711581658252847,-3.7368858210817004,-0.06642900771067546,0.36608940270860835,0.617873581394354,0.8118641564343678,0.014240782686828766,285620530.85,339,0.5559580249280585,3,True,True,True,True,True,True,True,True,False,False,True,mixed,True,False,False,True
2024-06-07,159915.SZ,1.748,1.7466,-0.050000000000000044,-0.004555808656036442,-0.046892039258451534,-14.444528085021302,-6.161952744247,-0.983378860666282,-0.027617431621395676,0.4127398843279417,0.20460754209163,0.009793357168482238,1135206307.4146,345,0.19497048950094442,4,True,True,False,True,True,True,True,True,False,False,True,mixed,True,False,False,True
2024-06-07,510300.SH,3.365,3.27806,-0.02378880185668697,0.01294400963275133,0.057178762174049824,-20.931051268759365,-7.405625591647191,-0.43755269384336615,-0.47307572101922807,0.3075389899974377,0.5660848344606442,0.006095599270170831,2749799246.35,345,0.04700227448341268,5,True,True,False,True,True,True,True,True,False,False,True,mixed,True,False,False,True
2024-06-07,588080.SH,0.743,0.7654899999999999,-0.036316472114137466,-0.0793060718711277,-0.14499424626006907,5.044326269887231,-1.526070495815153,-0.6845860907979385,1.3107685538054044,0.8048839755698126,0.402485196180881,0.00912661680217582,386065518.5,267,0.9267580509862631,6,True,True,False,True,True,False,True,False,True,False,True,mixed,True,False,False,True
2024-06-07,516160.SH,1.88,1.95904,-0.055276381909547756,-0.05669844455594586,-0.05811623246492992,-7.5456051571814315,-1.6701385518663303,-1.0150113162631345,0.4461621755844505,0.7926974199392675,0.18365872157851781,0.014336944519412455,126514353.15,344,0.5322755825251908,7,True,False,False,True,True,False,True,False,True,False,True,mixed,True,False,False,True
2024-06-07,510500.SH,5.091,5.10682,-0.05424484488203596,-0.01983057373892949,-0.046093310848791424,-24.7781544263009,-20.099770832131533,-2.2694372847805218,-0.7372733417094335,-0.7662445495016319,-0.6470938698855635,0.008184157143468505,1570823870.95,345,-0.7308259304615388,8,True,False,False,True,True,False,False,False,True,False,True,mixed,True,False,False,True
2024-06-07,512010.SH,0.352,0.36777,-0.05121293800539084,-0.04864864864864871,-0.15587529976019188,-20.237456184232496,-26.492830871483477,-2.8242426197758315,-0.42544347318225484,-1.3070263435677811,-1.0145176807543697,0.008414335384376486,362449573.85,345,-0.8958914628508884,9,True,False,False,True,True,False,False,False,True,False,True,mixed,True,False,False,True
2024-06-07,512100.SH,2.003,2.0708300000000004,-0.07354301572617938,-0.036556036556036564,-0.14620630861040063,-28.529695202203136,-30.05806238912536,-3.85348876559822,-0.9949082702069172,-1.6086052876890378,-1.6961433201748877,0.010412869141163524,755971510.65,345,-1.3806340871933596,10,True,False,False,True,True,False,False,False,True,False,True,mixed,True,False,False,True
2024-06-07,512880.SH,0.815,0.8641099999999998,-0.06963470319634713,-0.08632286995515703,-0.12081984897518894,-29.337221805045637,-30.865259862324226,-4.180094826926524,-1.0503647002474807,-1.676885218588356,-1.9124405259454684,0.010113432022355432,905559191.3,345,-1.4733880727234285,11,True,False,False,True,True,False,False,False,True,False,True,mixed,True,False,False,True
2024-06-07,159928.SZ,0.851,0.84832,-0.05444444444444452,0.020383693045563644,-0.016184971098265888,-32.83092371319546,-18.03763787895997,-1.6243820973999747,-1.2902926911890775,-0.5918110307868465,-0.21990144721346364,0.00810704102321092,85797664.32005,345,-0.7968217782330623,,False,False,False,True,False,True,False,False,False,False,True,mixed,True,False,False,True
2024-06-07,515300.SH,1.2,1.11168,0.016949152542372836,0.07623318385650224,0.18811881188118806,-13.045579879583661,1.2451574884183456,0.1825422163409249,0.0684545405119554,1.039299049392899,0.9767471346027081,0.006503089348256309,52701113.3,336,0.6384508628824834,,False,False,False,True,False,True,True,False,False,False,True,mixed,True,False,False,True
2024-06-14,159995.SZ,0.87,0.83644,0.06227106227106227,-0.032258064516129115,-0.10585817060637204,47.79948601735734,22.31537291788049,1.9411283415284386,2.552322292066739,2.1258445649263034,1.7909470340010025,0.014190455586767058,451161653.12965,340,2.229456149597418,1,True,True,True,True,True,True,True,True,False,False,True,confirmed_risk_off,False,True,False,True
2024-06-14,512660.SH,0.903,0.87532,-0.02060737527114964,0.004449388209121219,-0.08510638297872342,5.7326800474347355,0.0020773167739068566,-0.17713934152247307,0.8364487823787874,0.7909246389272134,0.6690864413814761,0.009844031047246595,266853821.15,343,0.7847666567986956,2,True,True,True,True,True,True,True,True,False,False,True,confirmed_risk_off,False,True,False,True
2024-06-14,510880.SH,2.938,2.8265099999999994,0.004787961696306464,0.05229226361031536,0.13305052063247214,-23.28043962776581,-2.4246275347331774,0.0007504887134963394,-0.34697463987193494,0.6457440829615221,0.763299081250521,0.00987734674443777,330467071.7,349,0.2721675934859391,3,True,True,True,True,True,True,True,True,False,False,True,confirmed_risk_off,False,True,False,True
2024-06-14,159915.SZ,1.756,1.74822,-0.024986118822876158,-0.04148471615720528,-0.053879310344827624,-22.79506772490038,-15.434387664103621,-1.055881458067092,-0.32717668347208156,-0.13258056883504254,0.2036938191390354,0.009663047908901726,1127958027.82845,349,-0.14316413709504255,4,True,True,False,True,True,True,False,False,True,False,True,confirmed_risk_off,False,True,False,True
2024-06-14,510300.SH,3.343,3.2882500000000006,-0.023656542056074703,0.0005986231667165498,0.04046062869592282,-27.984894270896582,-17.685335377702092,-1.6776848739967867,-0.5388658213761397,-0.267246241220778,-0.1256209101887627,0.006237683945813802,2634366642.2,349,-0.3475690070765196,5,True,True,False,True,True,True,False,False,True,False,True,confirmed_risk_off,False,True,False,True
2024-06-14,510500.SH,5.116,5.10933,-0.029774322017826704,-0.02254489873901422,-0.05713232583855521,-25.039253399075758,-20.706287391785942,-2.025300889191562,-0.4187153363446569,-0.44797835319475365,-0.3097226230793501,0.008292387429672282,1495211836.75,349,-0.40862200043163427,6,True,True,False,True,True,True,False,False,True,False,True,confirmed_risk_off,False,True,False,True
2024-06-14,588080.SH,0.759,0.76424,0.01200000000000001,-0.062962962962963,-0.12958715596330272,18.990687767333913,0.7955111463756018,0.0741330705419153,1.37723298772299,0.838392778463022,0.8021633982566745,0.01053382265357052,461538123.9,271,1.0466829861257398,7,True,False,False,True,True,False,True,False,True,False,True,confirmed_risk_off,False,True,False,True
2024-06-14,516160.SH,1.857,1.95405,-0.03682572614107882,-0.09898107714701598,-0.08023774145616647,-23.549426437311173,-15.58942073215714,-1.047726861715871,-0.3579464103763172,-0.14185560984346948,0.20801259356417212,0.014065185938376457,120486916.35,348,-0.15831828937508025,8,True,False,False,True,True,False,False,False,True,False,True,confirmed_risk_off,False,True,False,True
2024-06-14,512010.SH,0.347,0.36622,-0.05962059620596216,-0.10335917312661502,-0.16786570743405282,-11.315195588952498,-16.775129437092122,-3.61156235580027,0.14107870313278023,-0.21279206875766882,-1.1498261865799189,0.007649253687126716,366233240.25,349,-0.25865058356593923,9,True,False,False,True,True,False,False,False,True,False,True,confirmed_risk_off,False,True,False,True
2024-06-14,512880.SH,0.833,0.8624199999999999,-0.029137529137529206,-0.0650953984287318,-0.1100427350427351,-27.693672760293378,-28.24341254132935,-2.149201277252699,-0.5269871140682297,-0.8988959911242841,-0.37534179099105547,0.009924848320178118,868924727.75,349,-0.6454216002752167,10,True,False,False,True,True,False,False,False,True,False,True,confirmed_risk_off,False,True,False,True
2024-06-14,512100.SH,2.021,2.06505,-0.04938852304797736,-0.04938852304797736,-0.14725738396624477,-30.57536964933622,-33.55283729559134,-3.4392220588360134,-0.6445293719328786,-1.2165387556339629,-1.0585526477200529,0.010652079939701721,732283381.15,349,-0.9561377805707473,11,True,False,False,True,True,False,False,False,True,False,True,confirmed_risk_off,False,True,False,True
2024-06-14,159928.SZ,0.831,0.8493900000000001,-0.06629213483146068,-0.03819444444444453,-0.03259604190919674,-51.97705555356509,-44.39996457799688,-5.55860944239112,-1.5174881112292418,-1.865481278871696,-2.181006247484636,0.009187768648844371,64387005.10884999,349,-1.7893890055373023,,False,False,False,True,False,False,False,False,False,False,True,confirmed_risk_off,False,True,False,True
2024-06-14,515300.SH,1.182,1.11879,0.005957446808510625,0.037752414398595224,0.19635627530364363,-20.373414855743786,-0.1393629752354191,-6.339497086349701e-05,-0.22839927662981752,0.7824628022035958,0.7628680384508951,0.007444042431277378,65870712.45,340,0.37419901791969035,,False,False,False,True,False,True,True,False,False,False,True,confirmed_risk_off,False,True,False,True
2024-06-21,159995.SZ,0.894,0.8354300000000001,0.09558823529411775,0.0056242969628796935,-0.04282655246252676,73.55888196526288,60.268401497000234,4.945983796157689,2.6887959878319228,2.7541834194777706,2.0411580373408538,0.014150710415302414,513553985.61569995,345,2.585423370392048,1,True,True,True,True,True,True,True,True,False,False,True,confirmed_risk_off,False,True,False,True
2024-06-21,512660.SH,0.882,0.8741999999999999,-0.023255813953488413,-0.02970297029702973,-0.08411214953271029,8.604573950026289,0.19520852999914293,-0.10326122222448161,0.6131361813402503,0.3406026251796169,0.5168958716493968,0.011002902209879277,253016654.4,348,0.48487469693782626,2,True,True,True,True,True,True,True,True,False,False,True,confirmed_risk_off,False,True,False,True
2024-06-21,510300.SH,3.305,3.3013899999999996,-0.037004662004661903,-0.016076213158678132,0.059294871794871806,-22.317935029172,-12.543945215502575,-1.850650365939031,-0.37501396551288335,-0.17122262160964577,-0.010604606304728292,0.005176028476119581,2653407525.25,354,-0.2206155561099573,3,True,True,True,True,True,True,False,False,True,False,True,confirmed_risk_off,False,True,False,True
2024-06-21,510880.SH,2.914,2.8419600000000003,-0.01487491548343478,0.04933381346777099,0.142297138377107,-30.35524681297551,-12.422043103686288,-0.4241426538537859,-0.6318518186383373,-0.1663249196342273,0.4200284342157162,0.009242951888918112,300619729.25,354,-0.2352650084658826,4,True,True,False,True,True,True,False,False,True,False,True,confirmed_risk_off,False,True,False,True
2024-06-21,588080.SH,0.762,0.7632700000000001,0.02144772117962468,-0.059259259259259345,-0.10981308411214952,28.038697191916533,13.716721752255049,0.5601253408430868,1.2341670216370144,0.8838609907040255,0.7171584922254874,0.009441926959730083,522024578.35,276,0.9906429033815135,5,True,True,False,True,True,False,True,False,True,False,True,confirmed_risk_off,False,True,False,True
2024-06-21,512880.SH,0.821,0.86103,-0.03525264394829619,-0.0938189845474614,-0.10566448801742934,-7.364531516044252,-4.932263738214312,-0.8851326742165383,0.1028323789539052,0.13459445450264912,0.2808651248017039,0.00874320618121896,846415461.5,354,0.1511437583429625,6,True,True,False,True,True,False,True,False,True,False,True,confirmed_risk_off,False,True,False,True
2024-06-21,159915.SZ,1.723,1.75062,-0.04859193815571494,-0.06663055254604555,-0.032565974171813505,-15.036494263176513,-6.472244624089378,-1.5035836010895895,-0.1423304931898242,0.07272212666124343,0.0941676391899934,0.009029372363222883,1076180487.96475,354,-0.009009818773433625,7,True,False,False,True,True,False,False,False,True,False,True,confirmed_risk_off,False,True,False,True
2024-06-21,510500.SH,5.002,5.1112400000000004,-0.04359464627151066,-0.05764883195177095,-0.04432556362246853,-18.018183084809255,-13.930452865004193,-2.2782942472062113,-0.23761242031122204,-0.22692880383010516,-0.13970140913999043,0.007435257159635709,1228478010.15,354,-0.21375677148452898,8,True,False,False,True,True,False,False,False,True,False,True,confirmed_risk_off,False,True,False,True
2024-06-21,512010.SH,0.334,0.36402999999999996,-0.0696378830083565,-0.11170212765957444,-0.1712158808933002,-14.686459850052977,-18.57311284320439,-4.0315220811886645,-0.13114490158843273,-0.4134585087518322,-0.6689644663787723,0.007756807241910929,353250759.75,354,-0.35163425741186044,9,True,False,False,True,True,False,False,False,True,False,True,confirmed_risk_off,False,True,False,True
2024-06-21,512100.SH,1.968,2.0575900000000003,-0.06374881065651761,-0.1030082041932543,-0.13910761154855644,-18.393812490122322,-20.336168775087984,-3.478503650056624,-0.24961591757828258,-0.4842933974317988,-0.5020196917766666,0.00976815777543827,733146476.0,354,-0.3939676643593659,10,True,False,False,True,True,False,False,False,True,False,True,confirmed_risk_off,False,True,False,True
2024-06-21,516160.SH,1.789,1.9436399999999998,-0.08444216990788134,-0.12901655306718596,-0.060892388451443624,-35.47695401272626,-33.67941584330553,-4.361657656432919,-0.7955195121290894,-1.0203895039782844,-0.7686255375016066,0.009392132313654608,109817744.2,353,-0.8800887139432709,11,True,False,False,True,True,False,False,False,True,False,True,confirmed_risk_off,False,True,False,True
2024-06-21,159928.SZ,0.796,0.84974,-0.108622620380739,-0.10056497175141244,-0.030450669914737993,-56.65239691719588,-50.94876201173028,-10.073899974670725,-1.4721954257752887,-1.7142258090518674,-2.4930328132929773,0.007624379185133035,61657073.47840001,354,-1.7731750565894577,,False,False,False,True,False,False,False,False,False,False,True,confirmed_risk_off,False,True,False,True
2024-06-21,515300.SH,1.173,1.12704,-0.0076142131979695105,0.055805580558055956,0.17652958876629898,-29.472627705888424,-8.011475113188027,-0.11724345865695558,-0.6036471150397325,0.010879947762456146,0.51267492497159,0.007426588231393647,65884452.3,345,-0.13457188191659253,,False,False,False,True,False,True,False,False,False,False,True,confirmed_risk_off,False,True,False,True
2024-06-28,159995.SZ,0.848,0.8356599999999998,0.02168674698795181,-0.04396843291995489,-0.10264550264550265,20.46057816762245,2.031730531072719,0.2999698678675653,2.545055639228745,1.3818318603611819,1.2555386611497528,0.01641955168240663,496670020.0521501,350,1.8218627320659215,1,True,True,True,True,True,True,True,True,False,False,True,confirmed_risk_off,False,True,False,True
2024-06-28,510880.SH,2.916,2.86066,-0.021804763502180413,0.05384893386339007,0.16360734237829222,-26.79834610867554,-10.59900625152975,-1.1367880947760785,0.12878575718673146,0.7190293716973999,0.7780696076434922,0.008806687494125621,266312549.1,359,0.494739973082351,2,True,True,True,True,True,True,True,True,False,False,True,confirmed_risk_off,False,True,False,True
2024-06-28,512660.SH,0.879,0.8734400000000001,-0.0189732142857143,-0.04456521739130437,-0.056866952789699665,-28.220242260567346,-19.02974642586953,-1.0749659835613952,0.05608658132058232,0.27662322667133066,0.7986145746420534,0.014262976669612648,246465610.7,353,0.29280683812517594,3,True,True,True,True,True,True,True,True,False,False,True,confirmed_risk_off,False,True,False,True
2024-06-28,588080.SH,0.717,0.76169,-0.037583892617449655,-0.0651890482398958,-0.15647058823529414,-14.104843946564513,-5.612808640296144,-1.1818548122897834,0.7777833262517261,0.9806818977992142,0.7630928589388535,0.01282876126027894,566292619.65,281,0.8560046614081469,4,True,True,False,True,True,False,True,False,True,False,True,confirmed_risk_off,False,True,False,True
2024-06-28,512880.SH,0.783,0.85848,-0.06785714285714284,-0.082063305978898,-0.10411899313501138,-14.820229309003185,-9.008063601016088,-3.0468614530732303,0.7412068672699628,0.80251466366661,0.1433065214270931,0.010516601948329304,940961500.5,359,0.6461499166600476,5,True,True,False,True,True,False,True,False,True,False,True,confirmed_risk_off,False,True,False,True
2024-06-28,510300.SH,3.276,3.31326,-0.03220088626292461,-0.006971809639284676,0.051685393258426915,-26.62833486806862,-17.00542913603726,-1.8650128984759717,0.1374781480224899,0.38285000984632594,0.5360630784974201,0.004562258103629213,3355609026.15,359,0.3153438788470104,6,True,True,False,True,True,False,True,False,True,False,True,confirmed_risk_off,False,True,False,True
2024-06-28,159915.SZ,1.652,1.75178,-0.07034327518289252,-0.060295790671217375,-0.06189664963089159,-38.508865408670935,-28.116192873558237,-3.2038150910831606,-0.46995353959074365,-0.20019134260491733,0.09114707151732913,0.010871990032665502,1146102841.3938498,359,-0.24982853857479856,7,True,False,False,True,True,False,False,False,True,False,True,confirmed_risk_off,False,True,False,True
2024-06-28,510500.SH,4.843,5.11577,-0.0655990738954273,-0.04345249851866473,-0.05336200156372162,-35.52976556862166,-28.825596237614047,-4.712220222465006,-0.31763713947502115,-0.23741754114388883,-0.41013205072235037,0.009308852748424095,1619263678.35,359,-0.3040482823920341,8,True,False,False,True,True,False,False,False,True,False,True,confirmed_risk_off,False,True,False,True
2024-06-28,512100.SH,1.905,2.05246,-0.08148505303760845,-0.08676893576222433,-0.13487738419618522,-34.51256387015442,-31.82688312760803,-5.445414948555535,-0.2656293152258123,-0.39491115803423493,-0.6537902040121929,0.014388097085469074,846292843.75,359,-0.3949742301064575,9,True,False,False,True,True,False,False,False,True,False,True,confirmed_risk_off,False,True,False,True
2024-06-28,512010.SH,0.326,0.36162,-0.0764872521246458,-0.10684931506849304,-0.18703241895261846,-34.860844357338785,-40.35295189995861,-4.526417488202754,-0.2834363149528153,-0.8423197057775722,-0.3483853557509606,0.00890489988462913,367033645.15,359,-0.5199794794423471,10,True,False,False,True,True,False,False,False,True,False,True,confirmed_risk_off,False,True,False,True
2024-06-28,516160.SH,1.702,1.93056,-0.1303014818599898,-0.1316326530612245,-0.1447236180904523,-58.678453240918586,-62.64157063724289,-9.877321376620129,-1.5011908848873117,-2.011923048972756,-2.126618768360414,0.010610746939642637,100369216.15,358,-1.83056932721611,11,True,False,False,True,True,False,False,False,True,False,True,confirmed_risk_off,False,True,False,True
2024-06-28,159928.SZ,0.78,0.8499099999999999,-0.09930715935334866,-0.09302325581395343,-0.05454545454545445,-60.85119401252071,-57.193965280204175,-8.815330386380568,-1.6122794923472143,-1.7260579842461472,-1.7736937481928896,0.007089002142939579,61564846.083399996,359,-1.6900737402759225,,False,False,False,True,False,False,False,False,False,False,True,confirmed_risk_off,False,True,False,True
2024-06-28,515300.SH,1.184,1.13045,-0.014975041597337757,0.07149321266968323,0.20693170234454628,-28.070740294465736,-7.735560007785034,-0.6290962615075992,0.0637303671986828,0.8692897507374505,0.9467877532228133,0.006760784060280571,67506093.3,347,0.562565597819016,,False,False,False,True,False,True,True,False,False,False,True,confirmed_risk_off,False,True,False,True
2024-07-05,510880.SH,2.933,2.8762300000000005,-0.005425567989148838,0.029122807017543773,0.13068619892058586,-9.373324865442685,0.02899284947048398,-0.0638075812606548,2.042022886064321,1.60078366362361,1.2385613661176877,0.009739074468410292,279697945.45,364,1.7048348930987098,1,True,True,True,True,True,True,True,True,False,False,True,confirmed_risk_off,False,True,False,True
2024-07-05,159995.SZ,0.832,0.83608,-0.013048635824436494,-0.06306306306306309,-0.10151187904967607,-27.118959312118935,-10.40040505789667,-0.22727357649204769,0.7106436373910977,1.0471160569754987,1.1906744625663377,0.016658385094128904,467303021.13775,355,0.9412387702599062,2,True,True,True,True,True,False,True,False,True,False,True,confirmed_risk_off,False,True,False,True
2024-07-05,510300.SH,3.247,3.3231800000000002,-0.04161747343565525,-0.021398432790837862,0.02655706607650976,-22.3614236057502,-12.900686068641164,-2.68289748058567,1.067581245528721,0.9143831211471742,0.47130634635804436,0.004259721021310357,3631219905.8,364,0.887047015941967,3,True,True,True,True,True,False,True,False,True,False,True,confirmed_risk_off,False,True,False,True
2024-07-05,512880.SH,0.768,0.8535699999999999,-0.06341463414634141,-0.08788598574821849,-0.13901345291479816,-31.906255569178764,-26.015652980803658,-3.1233283321780685,0.3514732220952817,0.21814615655721514,0.3422833671054533,0.010505604659431305,913225985.05,364,0.2963044248820894,4,True,True,False,True,True,False,True,False,True,False,True,confirmed_risk_off,False,True,False,True
2024-07-05,512660.SH,0.849,0.8756500000000002,-0.054565701559020074,-0.0035211267605633756,-0.10253699788583504,-37.39382251920509,-28.197676545299263,-2.745193034362754,-0.0602355159001903,0.1023086196893707,0.45305703908665496,0.01376216471971915,210595864.9,358,0.10744064933300315,5,True,True,False,True,True,False,True,False,True,False,True,confirmed_risk_off,False,True,False,True
2024-07-05,512100.SH,1.873,2.0482299999999998,-0.06115288220551385,-0.10382775119617216,-0.17306843267108174,-41.18047062796496,-38.06582786646131,-3.947624364795341,-0.3443315694495668,-0.4215639732020885,0.10080816270084199,0.014431877568901682,932738905.7,364,-0.28619658452049374,6,True,True,False,True,True,False,False,False,True,False,True,confirmed_risk_off,False,True,False,True
2024-07-05,510500.SH,4.777,5.11885,-0.06626270523846745,-0.07044172017902317,-0.09009523809523812,-42.010744017025225,-35.82771883856046,-5.1389816139091336,-0.40662343983842575,-0.30274901572308877,-0.24819659270872615,0.00970633773514893,1632563532.7,364,-0.33338830076635106,7,True,False,False,True,True,False,False,False,True,False,True,confirmed_risk_off,False,True,False,True
2024-07-05,588080.SH,0.702,0.76051,-0.06149732620320858,-0.055181695827725474,-0.16129032258064513,-47.44726906301152,-39.81188111369268,-3.4857817254773926,-0.8145027215213683,-0.5142570635473969,0.2361036649465116,0.013577378135996717,575286523.3,286,-0.4842831810382038,8,True,False,False,True,True,False,False,False,True,False,True,confirmed_risk_off,False,True,False,True
2024-07-05,159915.SZ,1.623,1.7536,-0.09075630252100841,-0.07679180887372017,-0.09177392277560148,-50.15032623965369,-41.36608402997013,-5.7294885972361795,-1.0173015700929766,-0.5967653556409415,-0.4211839526605796,0.010214340438137737,1188967244.702,364,-0.7298635608256832,9,True,False,False,True,True,False,False,False,True,False,True,confirmed_risk_off,False,True,False,True
2024-07-05,512010.SH,0.325,0.35968999999999995,-0.07932011331444755,-0.08192090395480223,-0.19753086419753085,-42.29514907999447,-50.471033198397926,-7.923915276410725,-0.4279611384252335,-1.080121677790197,-1.0640350764517366,0.010109525016270925,378134564.6,364,-0.8160401417765195,10,True,False,False,True,True,False,False,False,True,False,True,confirmed_risk_off,False,True,False,True
2024-07-05,159928.SZ,0.768,0.84944,-0.10593713620488943,-0.10175438596491226,-0.07913669064748197,-46.836238780004734,-43.625852657711405,-9.357227820662278,-0.7686597260764503,-0.7167301607823964,-1.4839199550673525,0.0067707563387928585,61572629.38860001,364,-0.8909399457570092,,False,False,False,True,False,False,False,False,False,False,True,confirmed_risk_off,False,True,False,True
2024-07-05,515300.SH,1.187,1.13587,-0.0025210084033612246,0.07129963898916958,0.21618852459016402,-19.381533817636377,-0.28184309844206934,-0.006259453300682639,1.2911496639557711,1.5842822512823114,1.2554199283481933,0.007045727717081137,55902621.9,350,1.4012567517648717,,False,False,False,True,False,True,True,False,False,False,True,confirmed_risk_off,False,True,False,True
2024-07-05,516160.SH,1.669,1.92068,-0.12845953002610966,-0.1692384270781483,-0.18625060945880068,-58.226933715243625,-64.68747037810645,-11.360861343574296,-1.623254973730991,-1.834832622589069,-2.070878760341327,0.010752622055133255,94286388.35,363,-1.7974107905962893,,False,False,False,True,False,False,False,False,False,False,True,confirmed_risk_off,False,True,False,True
2024-07-12,159995.SZ,0.878,0.8383700000000001,0.009195402298850519,0.03905325443786989,-0.037280701754386025,-23.16263808630235,-5.283581108951359,-0.07703162012089079,0.5960534170901507,1.0577702659362562,1.2612712525199843,0.01739297717166135,463468150.74355,360,0.9137837237145596,1,True,True,True,True,True,True,True,True,False,False,True,confirmed_risk_off,False,True,False,True
2024-07-12,510880.SH,2.873,2.8885199999999998,-0.02212389380530977,-0.024448217317487142,0.10203298810893746,-8.446952130472605,0.05612714622907523,-0.16670304720890614,1.8336006042917745,1.4296538807709631,1.191796776430031,0.009345946602049269,296083987.45,369,1.5436611493111012,2,True,True,True,True,True,False,True,False,True,False,True,confirmed_risk_off,False,True,False,True
2024-07-12,510300.SH,3.308,3.3344899999999997,-0.01046963804965606,-0.006009615384615419,0.08069258412283564,-16.637287145707962,-4.054994521523894,-0.09624588970782362,1.1448168064608586,1.1433350944691072,1.246384667613813,0.005893691312388886,3758432067.4,369,1.1645376938947491,3,True,True,True,True,True,False,True,False,True,False,True,confirmed_risk_off,False,True,False,True
2024-07-12,512660.SH,0.863,0.8769,-0.044296788482835026,-0.024858757062146908,-0.10662525879917184,-29.186598545744594,-13.901598439417594,-1.0533116406550984,0.08945553610973919,0.45756904062537357,0.5048815624448068,0.015413862851401247,193535118.55,363,0.31978614318300647,4,True,True,False,True,True,False,True,False,True,False,True,confirmed_risk_off,False,True,False,True
2024-07-12,512010.SH,0.329,0.35829,-0.05187319884726216,-0.06534090909090895,-0.1476683937823834,-22.805774028217566,-21.443863949423083,-1.9432243273429866,0.6260646658094959,-0.06771152300519415,-0.18459355444788286,0.013445560906210505,378689087.9,369,0.18642254623214413,5,True,True,False,True,True,False,True,False,True,False,True,confirmed_risk_off,False,True,False,True
2024-07-12,512100.SH,1.9,2.0528199999999996,-0.05987135081642747,-0.07181240840254044,-0.1121495327102805,-35.230029013199456,-24.389491138422827,-2.08847240414304,-0.418779716973008,-0.2728595263512318,-0.2971269930966546,0.017111743633117335,1036290792.6,369,-0.33608109594902685,6,True,True,False,True,True,False,False,False,True,False,True,confirmed_risk_off,False,True,False,True
2024-07-12,510500.SH,4.832,5.12929,-0.0555121188428459,-0.06861989205859675,-0.03533639448991821,-35.44854032329963,-23.656625031073208,-2.295545091235005,-0.43715589447488556,-0.22181911661974416,-0.4575601089221953,0.01225176057220086,1623408203.55,369,-0.355102026222291,7,True,False,False,True,True,False,False,False,True,False,True,confirmed_risk_off,False,True,False,True
2024-07-12,588080.SH,0.723,0.76093,-0.04743083003952575,-0.04111405835543769,-0.07544757033248084,-38.76942473254259,-25.3640284323103,-1.9299469188754255,-0.7164327947849412,-0.34073110927722816,-0.174306654516975,0.013944171612433512,516331228.4,291,-0.45772689252826276,8,True,False,False,True,True,False,False,False,True,False,True,confirmed_risk_off,False,True,False,True
2024-07-12,159915.SZ,1.653,1.7563499999999999,-0.05865603644646922,-0.053264604810996596,-0.026501766784452263,-46.88964499384557,-33.85412226605359,-2.8547441405835015,-1.3993201419324985,-0.9320231114414209,-0.8908091632207746,0.011889348369481006,1257760754.88835,369,-1.1106991339937227,9,True,False,False,True,True,False,False,False,True,False,True,confirmed_risk_off,False,True,False,True
2024-07-12,512880.SH,0.775,0.8494700000000001,-0.06962785114045611,-0.059466019417475646,-0.09250585480093676,-41.57983571257348,-41.9903824269742,-3.064494598501692,-0.9527803366975176,-1.498672391754307,-1.053316927920347,0.012181206943522838,857612030.25,369,-1.1912444769647994,10,True,False,False,True,True,False,False,False,True,False,True,confirmed_risk_off,False,True,False,True
2024-07-12,159928.SZ,0.775,0.8479899999999999,-0.06738868832731637,-0.0860849056603773,-0.037267080745341685,-33.99816436628474,-28.590881487617683,-2.686706908786797,-0.3151834161700211,-0.5654650687747171,-0.7606194358818379,0.008123196344734619,64238972.97520001,369,-0.5043832811542629,,False,False,False,True,False,False,False,False,False,False,True,confirmed_risk_off,False,True,False,True
2024-07-12,515300.SH,1.205,1.13991,0.014309764309764494,0.07974910394265233,0.22459349593495936,-14.319765533657145,0.003664975507441936,0.13955732887530073,1.339713759336933,1.426000156492842,1.4290772554691118,0.007630895530146916,49646111.6,352,1.3921010174257324,,False,False,False,True,False,True,True,False,False,False,True,confirmed_risk_off,False,True,False,True
2024-07-12,516160.SH,1.705,1.9155799999999998,-0.08185245018847598,-0.14149043303121844,-0.15131906421105024,-46.77944322921312,-43.66134680397677,-4.047708390645487,-1.39005248806608,-1.6150465910706968,-1.8150786764710813,0.014596242413385701,91925043.55,368,-1.565055366948927,,False,False,False,True,False,False,False,False,False,False,True,confirmed_risk_off,False,True,False,True
2024-07-19,159995.SZ,0.929,0.84575,0.03914988814317666,0.13154689403166886,0.05209513023782564,37.415367908349005,23.469328170289867,0.5619647017398033,2.5119711588752747,2.651544818416436,0.8311472645195509,0.019198670521736738,497933117.28615,365,2.2316358438205945,1,True,True,True,True,True,True,True,True,False,False,True,mixed,True,False,False,True
2024-07-19,510300.SH,3.389,3.34183,0.025416036308623102,0.022939933594928963,0.12516600265604239,7.161849856894023,5.379149735453738,0.7444649231604907,0.25628149393920807,0.2940926491519636,1.1317199447837227,0.006072322648809308,4878987425.3,374,0.44649364619321324,2,True,True,True,True,True,True,True,True,False,False,True,mixed,True,False,False,True
2024-07-19,512660.SH,0.89,0.88245,0.009070294784580435,0.05076741440377819,0.007927519818799578,1.0025500134647003,0.2559995965324539,0.10558682011755767,-0.20295332881548567,-0.373539317662131,0.07950585814406366,0.01586583534166558,193096365.7,368,-0.21469588696223393,3,True,True,True,True,True,True,False,False,True,False,True,mixed,True,False,False,True
2024-07-19,512010.SH,0.341,0.35637,0.020958083832335328,-0.022922636103151706,-0.09308510638297862,18.65040594030032,0.5383201400263256,0.2665924187880867,1.112863435196504,-0.3367482390066605,0.34467750535200936,0.014412623983587376,386378939.7,374,0.3793815795463393,4,True,True,False,True,True,False,True,False,True,False,True,mixed,True,False,False,True
2024-07-19,588080.SH,0.755,0.7597,-0.009186351706036766,0.028610354223433276,-0.006578947368421018,12.403269591984138,0.8860939629433848,-0.059290988464711106,0.647079559338617,-0.2914275056483636,-0.19204320878785158,0.015761380292627268,536129138.9,296,0.10385217971853104,5,True,True,False,True,True,False,True,False,True,False,True,mixed,True,False,False,True
2024-07-19,159915.SZ,1.692,1.7549299999999999,-0.017991874637260707,-0.006459189665296572,0.021739130434782705,-3.42990928114937,-0.005748252816535946,-0.12866352158493416,-0.533435641785032,-0.4076494309189368,-0.3062978001211684,0.012289591048827151,1501285243.26315,374,-0.43769358910582123,6,True,True,False,True,True,False,False,False,True,False,True,mixed,True,False,False,True
2024-07-19,512880.SH,0.799,0.84449,-0.02679658952496944,-0.036188178528347326,-0.05667060212514752,-2.998926733731712,-1.8621265527433581,-0.567920862942312,-0.5013017631291884,-0.6495665057505772,-1.0297421630359802,0.01262641658565246,805470132.95,374,-0.6662957401591023,7,True,False,False,True,True,False,False,False,True,False,True,mixed,True,False,False,True
2024-07-19,510880.SH,2.865,2.8924000000000003,-0.016815374056279975,-0.024182561307901862,0.11003487020534686,-15.314738629321699,-0.5139510313069634,-0.040851199052152475,-1.4195635520864216,-0.47387673469563074,-0.16167339945779358,0.009515810774145143,303431002.0,374,-0.7897107946043797,8,True,False,False,True,True,False,False,False,True,False,True,mixed,True,False,False,True
2024-07-19,512100.SH,1.877,2.04892,-0.046239837398374006,-0.07582471688823245,-0.10191387559808607,-9.320147482630372,-1.931017821127326,-0.6334070470028352,-0.9726093409394453,-0.6585441877939129,-1.1375960478702982,0.016543532124941075,1350633161.1,374,-0.879980621067403,9,True,False,False,True,True,False,False,False,True,False,True,mixed,True,False,False,True
2024-07-19,510500.SH,4.793,5.11962,-0.04178328668532583,-0.06185163437071828,-0.0220363191185472,-11.628160025800954,-2.781788015540728,-0.9499966521326482,-1.1446937917896929,-0.7694137432043319,-1.6590101339293577,0.011888944266303212,1942758329.8,374,-1.0974450407834815,10,True,False,False,True,True,False,False,False,True,False,True,mixed,True,False,False,True
2024-07-19,159928.SZ,0.807,0.84592,0.013819095477386911,-0.060535506402793926,0.029336734693877542,2.1487016350923023,-1.3036737766368534e-05,0.08817199237155836,-0.11749674280925895,-0.4069020365449786,0.05082413156200195,0.009231338676884363,65360729.8186,374,-0.19959468542929462,,False,False,False,True,False,False,False,False,False,False,True,mixed,True,False,False,True
2024-07-19,515300.SH,1.229,1.1492499999999999,0.041525423728813626,0.08473080317740522,0.2326980942828487,8.028890803183518,17.209055067731107,1.4868765499413834,0.3209277046144503,1.8357267512272681,2.3544508038681586,0.006151735121597958,38503609.05,357,1.333551943110319,,False,False,False,True,False,True,True,False,False,False,True,mixed,True,False,False,True
2024-07-19,516160.SH,1.753,1.90781,-0.02012297372833982,-0.07688256977356511,-0.11732124874118832,4.300370777293574,-0.0521512627937775,-0.12846009057514488,0.04293080939047082,-0.41369651757014375,-0.30596275502705716,0.01513109311778786,86795307.65,373,-0.2094988342772806,,False,False,False,True,False,False,False,False,False,False,True,mixed,True,False,False,True
2024-07-26,159995.SZ,0.878,0.8529399999999999,0.03537735849056611,0.09749999999999992,0.0378250591016549,33.353087835474696,23.494646318735672,0.4746041391639307,1.1685327923411735,1.7673233516795277,0.8625432103103345,0.018226910091370882,521660463.9058,370,1.3468510996703476,1,True,True,True,True,True,True,True,True,False,False,True,confirmed_risk_off,False,True,False,True
2024-07-26,512660.SH,0.895,0.88508,0.018202502844141044,0.020524515393386622,0.04069767441860472,9.932550471370954,4.926521885125322,0.023866830608307195,0.08320583055307416,0.23440854474962936,0.46050809328872605,0.014995898418663143,209778720.55,373,0.21914736877882662,2,True,True,True,True,True,True,True,True,False,False,True,confirmed_risk_off,False,True,False,True
2024-07-26,512010.SH,0.328,0.35417000000000004,0.006134969325153339,-0.11111111111111105,-0.1345646437994723,32.919077927517044,8.466266040540638,0.012740080238132848,1.148420416289906,0.5266365642235736,0.4505835889216969,0.01505044717836318,379742961.45,379,0.7601395099897313,3,True,True,True,True,True,False,True,False,True,False,True,confirmed_risk_off,False,True,False,True
2024-07-26,588080.SH,0.724,0.7567900000000001,0.009762900976290068,-0.07298335467349559,-0.03851261620185931,28.271084164436527,10.598930950471324,0.07550395833879676,0.9330285629404619,0.7027013913600703,0.5065658264644239,0.015214200979696568,503340351.4,301,0.7556051470130977,4,True,True,False,True,True,False,True,False,True,False,True,confirmed_risk_off,False,True,False,True
2024-07-26,512880.SH,0.801,0.83891,0.02298850574712641,-0.09898762654668158,-0.09695603156707999,28.302902420014473,5.338554995063651,0.20800229802575018,0.9345030470703067,0.26842445504946305,0.6247477130979319,0.012666292106788055,727439319.6,379,0.6061205434674943,5,True,True,False,True,True,False,True,False,True,False,True,confirmed_risk_off,False,True,False,True
2024-07-26,159915.SZ,1.627,1.75065,-0.015133171912832921,-0.11431682090364725,-0.013939393939393918,7.75413440949306,0.6313153708067182,-0.10708384437286972,-0.0177437612172685,-0.1201876175155611,0.3437066461025116,0.012011329887547299,1465919010.35,379,0.01356877772737048,6,True,True,False,True,True,False,True,False,True,False,True,confirmed_risk_off,False,True,False,True
2024-07-26,510300.SH,3.263,3.34311,-0.003968253968253954,-0.04170337738619678,0.06355932203389836,2.2068101796085764,0.6598376224894961,-0.05073320376017301,-0.2748113279803522,-0.11783292724580131,0.39396859682845736,0.007853559914208276,4873486943.25,379,-0.07826398272476993,7,True,False,False,True,True,False,False,False,True,False,True,confirmed_risk_off,False,True,False,True
2024-07-26,512100.SH,1.832,2.03816,-0.038320209973753294,-0.14869888475836435,-0.0830830830830831,-16.774724183125823,-6.990485720854081,-1.5939118007576318,-1.1544312401843306,-0.7494149684338235,-0.9824694659917914,0.014157652461688115,1314387713.45,379,-0.9580323766456199,8,True,False,False,True,True,False,False,False,True,False,True,confirmed_risk_off,False,True,False,True
2024-07-26,510500.SH,4.653,5.097589999999999,-0.03923188106545539,-0.1265252487328704,-0.026161573880284617,-19.108577621828317,-8.899834530268643,-2.319235577284589,-1.2625839278236828,-0.9070436547349343,-1.6294219676806647,0.012407543568553257,1568074466.85,379,-1.1937354265595799,9,True,False,False,True,True,False,False,False,True,False,True,confirmed_risk_off,False,True,False,True
2024-07-26,510880.SH,2.782,2.89165,-0.04595336076817558,-0.02214411247803172,0.0905527244217954,-37.327254260154,-29.578571689360356,-3.2926516741343117,-2.106852385727638,-2.614202743048936,-2.4976604005314065,0.00912283725974229,318614988.85,379,-2.3879541316169113,10,True,False,False,True,True,False,False,False,True,False,True,confirmed_risk_off,False,True,False,True
2024-07-26,159928.SZ,0.758,0.84209,-0.028205128205128216,-0.1376564277588168,-0.03316326530612246,3.123016815120974,-0.002536424508776732,-0.4665095014756317,-0.23235355903031765,-0.17251604766542827,0.02311695145990552,0.012590801167055585,66399015.87640001,379,-0.15732445238631726,,False,False,False,True,False,False,False,False,False,False,True,confirmed_risk_off,False,True,False,True
2024-07-26,515300.SH,1.193,1.15692,0.01965811965811981,0.04649122807017547,0.19061876247504994,3.2241028977253947,9.766760807612652,0.4269566643162221,-0.2276691468323179,0.634000541231989,0.8200440477990985,0.006455932689398935,37047269.75,362,0.3265413673196882,,False,False,False,True,False,True,True,False,False,False,True,confirmed_risk_off,False,True,False,True
2024-07-26,516160.SH,1.747,1.8979500000000002,0.026439482961222227,-0.11901159858799792,-0.11048879837067205,29.905197086661428,8.721444115732954,0.20690296148337703,1.0087546996009857,0.5477031103502312,0.6237671599307769,0.014265366471628908,87218964.35,378,0.7473365559666423,,False,False,False,True,False,False,True,False,False,False,True,confirmed_risk_off,False,True,False,True
2024-08-02,512660.SH,0.913,0.88792,0.07538280329799774,0.02354260089686111,0.14267834793491874,38.37889696125721,38.774050937625006,4.527955194099847,1.267175867395864,2.31762570453032,2.118552659439281,0.01437729968674563,258087374.25,378,1.8576311606583298,1,True,True,True,True,True,True,True,True,False,False,True,confirmed_risk_off,False,True,False,True
2024-08-02,159995.SZ,0.884,0.8567100000000001,0.0625,0.12325285895806859,0.0625,-0.7586321801298368,1.2591699277032653,1.4158868555377333,-0.36971238997361894,-0.2137183729635281,0.34904299285855633,0.020708510282738547,546236744.4268501,375,-0.16356370660314756,2,True,True,True,True,True,True,False,False,True,False,True,confirmed_risk_off,False,True,False,True
2024-08-02,512880.SH,0.819,0.83455,0.06640625,-0.05862068965517242,-0.04210526315789476,57.9603727442861,32.81898114377448,4.145059403203141,2.0861516299028,1.915803007831928,1.9008396372381557,0.017640907924383477,785127171.95,384,1.9809497825415225,3,True,True,True,True,True,False,True,False,True,False,True,confirmed_risk_off,False,True,False,True
2024-08-02,512010.SH,0.334,0.35155000000000003,0.027692307692307683,-0.1045576407506702,-0.02052785923753664,25.599147343467976,1.4852247954468436,0.8708403431325955,0.7326755414833641,-0.1984651551671016,0.0391317160121682,0.0170308068240073,387950544.0,384,0.22151049772893866,4,True,True,False,True,True,False,True,False,True,False,True,confirmed_risk_off,False,True,False,True
2024-08-02,588080.SH,0.731,0.75244,0.04131054131054146,-0.0652173913043479,0.06559766763848396,20.407242360847757,1.8593238696254502,1.1561382035871761,0.5155292758433572,-0.1732225460923854,0.2013509435508642,0.01867757699298766,526019061.65,306,0.17719288061056154,5,True,True,False,True,True,False,True,False,True,False,True,confirmed_risk_off,False,True,False,True
2024-08-02,512100.SH,1.875,2.02745,0.0010678056593700358,-0.14069660861594868,0.011872638963842386,2.4123884227561168,-0.07036515515898015,0.2935144600975443,-0.23708760494977935,-0.3034297266243206,-0.28913348245380893,0.016926638523230703,1370497020.0,384,-0.2740336291204018,6,True,True,False,True,True,False,False,False,True,False,True,confirmed_risk_off,False,True,False,True
2024-08-02,159915.SZ,1.609,1.7431100000000002,-0.008626001232285851,-0.1330818965517242,0.04957599478147423,-0.7330097081952615,-0.08307446589479692,0.033706826895892515,-0.36864075555124726,-0.30428729667636556,-0.4368590682660391,0.015192425982267645,1530231977.8560002,384,-0.356543034544253,7,True,False,False,True,True,False,False,False,True,False,True,confirmed_risk_off,False,True,False,True
2024-08-02,510300.SH,3.236,3.3395599999999996,-0.0033877425315674836,-0.06066763425253985,0.0747260046496181,-7.656562625130436,-0.24319470965232584,0.018982040588793485,-0.6582114749511835,-0.3150915274192352,-0.4452315231333978,0.010000337088808537,4923497554.9,384,-0.47836750557484703,8,True,False,False,True,True,False,False,False,True,False,True,confirmed_risk_off,False,True,False,True
2024-08-02,510500.SH,4.711,5.07345,-0.013816202637638608,-0.12807699426244668,0.036979969183358996,-7.821004258511448,-2.5297851984104387,0.005149683269339529,-0.6650890828280537,-0.46938089567928093,-0.45309654643159486,0.015509695289685446,1585469906.55,384,-0.5444073006892528,9,True,False,False,True,True,False,False,False,True,False,True,confirmed_risk_off,False,True,False,True
2024-08-02,510880.SH,2.803,2.8886399999999997,-0.04432321854756216,-0.03610729023383763,0.05813514533786335,-27.57440754389675,-21.250247829031583,-2.4746526367411326,-1.4912555422415166,-1.732557825267164,-1.8631022722362107,0.0076899149210884156,292585738.75,384,-1.6621458014507147,10,True,False,False,True,True,False,False,False,True,False,True,confirmed_risk_off,False,True,False,True
2024-08-02,159928.SZ,0.752,0.8374499999999999,-0.02083333333333337,-0.16722037652270216,-0.024643320363164745,-6.459086480463274,-1.557027931257386,-0.09894800071547442,-0.6081282253774909,-0.4037433864893745,-0.5122860750795749,0.015489464073316903,72404785.9832,384,-0.5072058597626612,,False,False,False,True,False,False,False,False,False,False,True,confirmed_risk_off,False,True,False,True
2024-08-02,515300.SH,1.179,1.16201,-0.004222972972972916,0.001699235344095218,0.16732673267326725,-20.656318671372624,-0.7426034541744823,-0.19485503221076536,-1.2019133510683337,-0.3487894982953911,-0.5668184313331625,0.006729404788918805,38472107.9,367,-0.7336448260121224,,False,False,False,True,False,True,False,False,False,False,True,confirmed_risk_off,False,True,False,True
2024-08-02,516160.SH,1.698,1.88487,0.017375674056321122,-0.1560636182902585,-0.047138047138047146,31.95508011150365,7.824135946828766,0.7274656737255797,0.9985061123158384,0.22925751831189956,-0.042390550165235207,0.015900288033235444,86365349.35,383,0.48262734221804815,,False,False,False,True,False,False,True,False,False,False,True,confirmed_risk_off,False,True,False,True
2024-08-09,512880.SH,0.806,0.83012,0.040000000000000036,-0.06060606060606055,-0.07674684994272618,39.963047864571294,13.085106822628685,1.444782397102376,1.9939873659411556,1.7505140358408888,2.1538995214802963,0.01619557939219975,763357108.9,389,1.928580465008877,1,True,True,True,True,True,False,True,False,True,False,True,confirmed_risk_off,False,True,False,True
2024-08-09,512660.SH,0.873,0.88771,0.011587485515643037,-0.053145336225596584,0.07777777777777772,16.452720055972957,7.1511050470995485,0.23077675211652487,1.0234260558383448,1.2602193747464685,0.6779894595301814,0.017351332093252084,285961721.2,383,1.0490560641399616,2,True,True,True,True,True,False,True,False,True,False,True,confirmed_risk_off,False,True,False,True
2024-08-09,512010.SH,0.331,0.34921,0.006079027355623046,-0.102981029810298,-0.11021505376344076,17.05025188190795,0.04138439315789683,0.3944991361324395,1.048093566922367,0.6727813842700517,0.877032614670012,0.015584253201199017,391383091.25,389,0.8637565034109699,3,True,True,True,True,True,False,True,False,True,False,True,confirmed_risk_off,False,True,False,True
2024-08-09,512100.SH,1.83,2.01345,-0.03684210526315779,-0.1392285983066791,-0.016129032258064502,3.5463332251671886,-0.3640810752287272,-0.2674810275807571,0.4906202262820566,0.6392799527019118,0.07223966459515642,0.015664690480367668,1385885663.05,389,0.4664080045126187,4,True,True,False,True,True,False,True,False,True,False,True,confirmed_risk_off,False,True,False,True
2024-08-09,588080.SH,0.711,0.74724,-0.016597510373444035,-0.052000000000000046,-0.048192771084337394,-6.693764543207056,-3.3742785127919777,-0.013712407614707966,0.06788504425625107,0.3905635235016927,0.3807552478315522,0.019259684429471634,508153340.85,311,0.2595304766694879,5,True,True,False,True,True,False,True,False,True,False,True,confirmed_risk_off,False,True,False,True
2024-08-09,510500.SH,4.639,5.04373,-0.039942052980132425,-0.12023516025033176,-0.06940822467402208,-5.179634758908677,-3.1311481006780646,-0.4968845732863406,0.13039186249707824,0.4106520822043076,-0.2066544268387016,0.01450935722002487,1619194036.2,389,0.17508669251281403,6,True,True,False,True,True,False,True,False,True,False,True,confirmed_risk_off,False,True,False,True
2024-08-09,159915.SZ,1.566,1.73101,-0.05263157894736836,-0.13048306496390882,-0.05662650602409636,-24.885056922601162,-20.655525128410197,-0.8393321795707724,-0.683094044931559,-1.0372929674812588,-0.6229802239167003,0.01454094578162208,1528740408.18375,389,-0.8127508497484672,7,True,False,False,True,True,False,False,False,True,False,True,confirmed_risk_off,False,True,False,True
2024-08-09,510300.SH,3.182,3.33154,-0.03808948004836754,-0.07067757009345799,0.016938318951741804,-28.247278401877285,-22.400856867108033,-1.0131715311255007,-0.8218944100455066,-1.1815003448452275,-0.8343229381637144,0.009198944113401627,5057993767.3,389,-0.9682224895890367,8,True,False,False,True,True,False,False,False,True,False,True,confirmed_risk_off,False,True,False,True
2024-08-09,510880.SH,2.763,2.8852499999999996,-0.03828750435085293,-0.055061559507524005,0.016182420007355702,-24.50748314744829,-20.967418939348338,-2.0971629818371267,-0.6675069165488228,-1.0630630761054218,-2.152170096272964,0.006667967286326454,271476360.1,389,-1.1226620163162906,9,True,False,False,True,True,False,False,False,True,False,True,confirmed_risk_off,False,True,False,True
2024-08-09,159995.SZ,0.844,0.8559300000000001,-0.03872437357630987,0.03052503052503064,0.023030303030302957,-51.061115264069144,-21.89850587382401,-0.4586648519075059,-1.7637029451584345,-1.1399937832836289,-0.16018934524626016,0.021559224916844096,534480680.383,380,-1.1935165604260773,10,True,False,False,True,True,False,False,False,True,False,True,confirmed_risk_off,False,True,False,True
2024-08-09,159928.SZ,0.766,0.8327500000000001,-0.011612903225806437,-0.13932584269662918,-0.07487922705313999,-13.13926584182288,-7.471148007836018,-0.04912994988306581,-0.1982003219531495,0.05206122495096917,0.33769687555847927,0.015213596160771437,75928759.92660001,389,0.00908373631082373,,False,False,False,True,False,False,False,False,False,False,True,confirmed_risk_off,False,True,False,True
2024-08-09,515300.SH,1.168,1.16455,-0.030705394190871482,0.006029285099052428,0.18338399189463006,-38.08803705642574,-24.696437538595234,-1.1079181405861904,-1.2281439396105962,-1.371171832977089,-0.9495097783701449,0.0063307391248872,49099459.2,372,-1.229628264709103,,False,False,False,True,False,True,False,False,False,False,True,confirmed_risk_off,False,True,False,True
2024-08-09,516160.SH,1.685,1.86642,-0.011730205278592365,-0.12603734439834025,-0.08124318429661936,6.3930283153225504,-0.6343337595502917,0.023679087496935237,0.6081384565108143,0.6169504264763348,0.4262134251428084,0.014106683146720861,82093881.8,388,0.5752782382234214,,False,False,False,True,False,False,True,False,False,False,True,confirmed_risk_off,False,True,False,True
2024-08-16,512880.SH,0.812,0.8254700000000001,0.016270337922402955,-0.04582843713278484,-0.09877913429522744,25.51638968068613,2.797568866705248,0.0664107164524352,1.7694252352827267,1.1246501623031921,1.3434491078032402,0.01649373211709746,748222560.15,394,1.4263199805950157,1,True,True,True,True,True,False,True,False,True,False,True,confirmed_risk_off,False,True,False,True
2024-08-16,512010.SH,0.329,0.34668999999999994,-0.035190615835777206,-0.08356545961002781,-0.125,15.45148760497785,0.007001068317789171,-1.1680271846529457,1.1992479571044214,0.803168729072226,0.36649658968673127,0.014964826070782838,378803332.6,394,0.8742659924080053,2,True,True,True,True,True,False,True,False,True,False,True,confirmed_risk_off,False,True,False,True
2024-08-16,512100.SH,1.811,1.99521,-0.03516249334043686,-0.13843958135109413,-0.09086345381526106,7.635970405819212,-0.17362744769251703,-0.6127882919347498,0.7564984608199866,0.782359804722518,0.8059209089753179,0.015835841042990136,1044663267.55,394,0.7767274880120655,3,True,True,True,True,True,False,True,False,True,False,True,confirmed_risk_off,False,True,False,True
2024-08-16,510500.SH,4.593,5.0081,-0.04172751929897767,-0.12179732313575531,-0.0845126569663146,5.019992834483878,-0.3412749563676418,-0.9423716608272733,0.6083031818018835,0.7630463297380996,0.5450837280360834,0.014782955290275207,1493655343.25,394,0.6575565502232099,4,True,True,False,True,True,False,True,False,True,False,True,confirmed_risk_off,False,True,False,True
2024-08-16,510880.SH,2.811,2.8861399999999997,-0.018848167539267102,-0.049695740365111596,-0.02564991334488731,-3.8420891646551345,-0.9190106762052918,-0.16837731391850838,0.10626572974784036,0.6964895138279262,1.1576343679211347,0.006504060606905347,256154410.6,394,0.5526289710145336,5,True,True,False,True,True,False,True,False,True,False,True,confirmed_risk_off,False,True,False,True
2024-08-16,512660.SH,0.856,0.8860800000000001,-0.038202247191011285,-0.05204872646733116,0.1102464332036317,-16.201918833243717,-1.8039023669691945,-0.6747461958452653,-0.593919327808954,0.5945474469964599,0.7568865021506432,0.01688482760402199,282276868.45,388,0.15162854810513102,6,True,True,False,True,True,False,True,False,True,False,True,confirmed_risk_off,False,True,False,True
2024-08-16,588080.SH,0.71,0.7419,-0.0596026490066226,-0.04825737265415553,-0.07310704960835512,-4.650925884176918,-4.59546284842227,-1.897051525550402,0.06044508333135289,0.27295165382238007,-0.21046411847869095,0.018014030137578595,433085979.1,316,0.09126587116575499,7,True,False,False,True,True,False,True,False,True,False,True,confirmed_risk_off,False,True,False,True
2024-08-16,510300.SH,3.199,3.32261,-0.05606373561522571,-0.06789044289044288,-0.019914215686274495,-18.19783344444039,-15.038500693326345,-2.3884881514022753,-0.7069880046751763,-0.9301163295482365,-0.5993943746631067,0.009109049530626552,4135573290.85,394,-0.7747206086219866,8,True,False,False,True,True,False,False,False,True,False,True,confirmed_risk_off,False,True,False,True
2024-08-16,159915.SZ,1.561,1.7166,-0.07742316784869974,-0.13804527885146334,-0.08713450292397662,-19.759555423646844,-21.753994149523383,-3.825312803925354,-0.7954596441086388,-1.703760482684,-1.7365187785050045,0.014020266026961891,1366747507.52615,394,-1.3469918064180564,9,True,False,False,True,True,False,False,False,True,False,True,confirmed_risk_off,False,True,False,True
2024-08-16,159995.SZ,0.837,0.85344,-0.09903121636167933,0.02573529411764719,0.13261163734776726,-41.71926030641984,-23.887237045126245,-4.327276735263256,-2.039478181544556,-1.9495161973111363,-2.1337805008525605,0.018819149980749676,428601663.21089995,385,-2.022353851712789,10,True,False,False,True,True,False,False,False,True,False,True,confirmed_risk_off,False,True,False,True
2024-08-16,159928.SZ,0.748,0.82676,-0.07311028500619587,-0.16237402015677493,-0.11792452830188682,5.518564723523632,-0.295709217785007,-2.208127517934406,0.6365473078282062,0.768295633823898,-0.4566542863380956,0.01465420367019584,74632783.7248,394,0.4706063193932225,,False,False,False,True,False,False,True,False,False,False,True,confirmed_risk_off,False,True,False,True
2024-08-16,515300.SH,1.178,1.1672,-0.04149715215622474,-0.00925147182506314,0.10402999062792873,-26.542334295470486,-13.973020844527932,-1.6069301240386131,-1.179704455089531,-0.8073699877219027,0.019142274449321272,0.006728857607555951,49756482.8,377,-0.7910013222347093,,False,False,False,True,False,True,False,False,False,False,True,confirmed_risk_off,False,True,False,True
2024-08-16,516160.SH,1.663,1.84637,-0.05134055904164281,-0.1489252814738996,-0.124275934702475,-2.5614032984059993,-10.564913966015961,-1.4514411268801428,0.17881665731043866,-0.4147462770414225,0.14219857981498946,0.013328432071868726,80454673.9,393,-0.06593213192939565,,False,False,False,True,False,False,False,False,False,False,True,confirmed_risk_off,False,True,False,True
2024-08-23,512880.SH,0.795,0.82222,-0.0074906367041198685,-0.05357142857142849,-0.12924424972617743,-1.078628265800603,-1.9671001201518346,-0.024152859941542256,1.0605525890059246,1.0996577943469277,1.209122856143891,0.015213918606994163,687361486.25,399,1.105908724569919,1,True,True,True,True,True,False,True,False,True,False,True,confirmed_risk_off,False,True,False,True
2024-08-23,512010.SH,0.317,0.34436999999999995,-0.03353658536585369,-0.1019830028328611,-0.16358839050131924,-2.877378925219773,-3.645935703923543,-0.4148783946350948,0.9382867478649335,0.9761273471489595,0.9260393556502133,0.013776617096928146,352860589.35,399,0.9509735091356,2,True,True,True,True,True,False,True,False,True,False,True,confirmed_risk_off,False,True,False,True
2024-08-23,510300.SH,3.182,3.3164999999999996,-0.024823781795893285,-0.05997045790251099,-0.033414337788578385,-8.046534902089178,-5.89477084671757,-0.655659421607228,0.5869255404672387,0.8106557467437895,0.7515917449477466,0.007944843885330446,3746594830.1,399,0.7093508638739606,3,True,True,True,True,True,False,True,False,True,False,True,confirmed_risk_off,False,True,False,True
2024-08-23,588080.SH,0.69,0.73788,-0.046961325966850875,-0.07382550335570481,-0.1502463054187193,-13.35576576920577,-14.099007592158843,-1.0656449556075864,0.2260430721937677,0.20697957745181395,0.4545542344415099,0.015700410630404216,433663612.9,321,0.2641199067465346,4,True,True,False,True,True,False,True,False,True,False,True,confirmed_risk_off,False,True,False,True
2024-08-23,510500.SH,4.455,4.97801,-0.04255319148936165,-0.140459193517268,-0.14178385667501436,-14.486508980114573,-16.224262755781155,-1.2605172798375583,0.14918346462543894,0.050601118888146286,0.3133678138109116,0.013341054969077625,1469409612.75,399,0.1425873961676164,5,True,True,False,True,True,False,True,False,True,False,True,confirmed_risk_off,False,True,False,True
2024-08-23,512100.SH,1.75,1.9787199999999998,-0.044759825327510994,-0.15621986499517837,-0.15581283164495896,-16.598897721756984,-20.11179076427181,-1.3667986904671783,0.00559881326688579,-0.23544718627380767,0.2363661564146636,0.014495747985943679,1042094521.15,399,-0.044666117919836025,6,True,True,False,True,True,False,False,False,True,False,True,confirmed_risk_off,False,True,False,True
2024-08-23,159915.SZ,1.517,1.7043000000000001,-0.06760909649661961,-0.14631401238041641,-0.13855763770584895,-20.839473392297663,-27.915978582381197,-2.900370078604368,-0.2826443340340851,-0.8096873444566124,-0.8747175027357744,0.012385335215899178,1424525949.24575,399,-0.6118761719434339,7,True,False,False,True,True,False,False,False,True,False,True,confirmed_risk_off,False,True,False,True
2024-08-23,159995.SZ,0.801,0.8495999999999999,-0.08769931662870156,-0.034939759036144435,0.015209125475285079,-42.12040962481953,-31.439287541559885,-3.205212873763013,-1.7291658711421038,-1.0689360377480308,-1.0955783318634857,0.016551516360206874,363006926.65225,390,-1.3383564299287511,8,True,False,False,True,True,False,False,False,True,False,True,confirmed_risk_off,False,True,False,True
2024-08-23,512660.SH,0.832,0.8824299999999999,-0.07039106145251406,-0.07142857142857151,-0.0023980815347721673,-51.787588809849,-47.38396890748055,-4.329442198165194,-2.3862696160824806,-2.2421620752473204,-1.9100906794094856,0.013852029912493683,255570032.8,393,-2.2333908124138175,9,True,False,False,True,True,False,False,False,True,False,True,confirmed_risk_off,False,True,False,True
2024-08-23,159928.SZ,0.715,0.8198099999999999,-0.05672823218997369,-0.17436489607390304,-0.1568396226415094,-11.101576029411016,-9.05850051597551,-1.4892592099874897,0.3792663125490452,0.5778652670597129,0.14764261658951963,0.01281989042274472,76811094.63385001,399,0.41238115516140716,,False,False,False,True,False,False,True,False,False,False,True,confirmed_risk_off,False,True,False,True
2024-08-23,515300.SH,1.187,1.16989,-0.005029337803855838,-0.0008417508417507547,0.1198113207547169,-5.4078247728681434,-0.0007395839105087744,-0.08203725735581001,0.7662856489886948,1.2443446229693058,1.1671851879112536,0.00701542881822831,42286861.1,382,1.037689146365451,,False,False,False,True,False,True,True,False,False,False,True,confirmed_risk_off,False,True,False,True
2024-08-23,516160.SH,1.614,1.82926,-0.0761305094447624,-0.1752682677567705,-0.18195641155600606,-12.474608951606939,-25.202119854736555,-3.5225390365339706,0.2859376322967385,-0.6099988308828863,-1.3254834519009642,0.01129866959957692,70469317.05,398,-0.39472116981465194,,False,False,False,True,False,False,False,False,False,False,True,confirmed_risk_off,False,True,False,True
2024-08-30,510300.SH,3.181,3.30748,-0.01699629171817063,-0.06109799291617468,-0.039553140096618256,-0.7971796534554739,-1.7806748664713496,-0.4554888854842621,1.1815351086731023,1.3948194783956336,0.947195524740178,0.006019265278853766,4083487779.45,404,1.21998093977553,1,True,True,True,True,True,False,True,False,True,False,True,confirmed_risk_off,False,True,False,True
2024-08-30,512880.SH,0.814,0.8191600000000001,-0.006105006105006083,-0.007317073170731714,-0.08539325842696632,-3.9209525433268992,-5.512624078507462,-0.2594532170327917,0.9472536568052237,1.1140672904906215,1.1610009387193758,0.009465673439360247,576546947.7,404,1.0567285666622133,2,True,True,True,True,True,False,True,False,True,False,True,confirmed_risk_off,False,True,False,True
2024-08-30,512100.SH,1.804,1.9604499999999998,-0.037866666666666604,-0.09573934837092735,-0.12042905899561196,-12.43175517265066,-20.352423954026353,-0.9638237395884397,0.30894758691644914,-0.002321504321343749,0.392782418287031,0.011551791106677377,1150202976.85,404,0.20120691669544838,3,True,True,True,True,True,False,True,False,True,False,True,confirmed_risk_off,False,True,False,True
2024-08-30,510500.SH,4.559,4.94173,-0.03226491190829972,-0.10887412040656752,-0.11009174311926606,-15.211863003062357,-20.426475681988958,-0.9733797951301685,0.10044084784781002,-0.007892369159642325,0.3823601495884481,0.009952621504255252,1505711637.5,404,0.1134914213929567,4,True,True,False,True,True,False,True,False,True,False,True,confirmed_risk_off,False,True,False,True
2024-08-30,159915.SZ,1.552,1.69065,-0.03542573026724671,-0.13053221288515404,-0.10907003444316876,-12.857837897064398,-21.099477088943466,-1.3042713901463607,0.27699158921407446,-0.058521840979957516,0.021474730044566917,0.010367464868971922,1518904766.38305,404,0.09168284530256017,5,True,True,False,True,True,False,True,False,True,False,True,confirmed_risk_off,False,True,False,True
2024-08-30,588080.SH,0.697,0.7338300000000001,-0.04651162790697683,-0.06818181818181823,-0.12765957446808518,-15.354631341956296,-20.210348021699843,-1.540712253347184,0.0897332916662164,0.008366778552567459,-0.2363984265986865,0.01133881891075805,429882078.15,326,-0.00803965723222376,6,True,True,False,True,True,False,False,False,True,False,True,confirmed_risk_off,False,True,False,True
2024-08-30,512010.SH,0.323,0.34210999999999997,-0.03293413173652693,-0.08498583569405094,-0.12466124661246614,-24.984273475750605,-32.017520322488814,-1.8653771634746334,-0.6324851984770559,-0.8798793545209833,-0.5904927404684223,0.009836125038399065,317969755.5,404,-0.7230443692929002,7,True,False,False,True,True,False,False,False,True,False,True,confirmed_risk_off,False,True,False,True
2024-08-30,159995.SZ,0.822,0.8445800000000001,-0.07013574660633493,-0.02491103202846978,0.0024390243902439046,-28.29091973440045,-25.954526436168557,-2.3450927578176928,-0.880482064318945,-0.4237641444454357,-1.1136923808756243,0.015088876370396173,321791253.79445,395,-0.7444369596808772,8,True,False,False,True,True,False,False,False,True,False,True,confirmed_risk_off,False,True,False,True
2024-08-30,512660.SH,0.843,0.87925,-0.07667031763417309,-0.061247216035634766,-0.007067137809187329,-43.07907057766836,-39.67786139984716,-2.931036364130641,-1.989586206055895,-1.456161987368931,-1.75274912144637,0.01463585855409846,211069498.65,398,-1.7288491016592045,9,True,False,False,True,True,False,False,False,True,False,True,confirmed_risk_off,False,True,False,True
2024-08-30,159928.SZ,0.722,0.8116000000000001,-0.039893617021276584,-0.15948777648428403,-0.14047619047619042,-36.360492848359044,-43.70487854754725,-2.673437051295738,-1.4856961345294182,-1.7591119501662444,-1.4717995975332885,0.01131372847947926,76957279.30815001,404,-1.5922831533849229,,False,False,False,True,False,False,False,False,False,False,True,confirmed_risk_off,False,True,False,True
2024-08-30,515300.SH,1.146,1.1729,-0.027989821882951738,-0.04658901830282869,0.03429602888086625,-1.9840344320852925,0.07102850546707237,-0.3703507024106023,1.0925215758406406,1.534121956399927,1.0400510985308569,0.007679245513974679,43964332.4,387,1.2586676326023984,,False,False,False,True,False,False,True,False,False,False,True,confirmed_risk_off,False,True,False,True
2024-08-30,516160.SH,1.682,1.80994,-0.009422850412249661,-0.12167101827676241,-0.13787801127626864,-3.3399849252922524,-13.192997365625052,-0.20511248958226597,0.9908259464177961,0.5362776471237893,1.2202674070119386,0.010460690961574799,66900143.4,403,0.8548949188190219,,False,False,False,True,False,False,True,False,False,False,True,confirmed_risk_off,False,True,False,True
2024-09-06,512880.SH,0.809,0.81786,0.003722084367245637,-0.02881152460984382,-0.09203142536475861,0.3704239497595244,-0.9118030972259724,0.2194152965553236,0.9168645372371467,1.1777215537031551,1.2464725347031007,0.010996995844230828,567404547.35,409,1.087128943316741,1,True,True,True,True,True,False,True,False,True,False,True,confirmed_risk_off,False,True,False,True
2024-09-06,512100.SH,1.757,1.94513,-0.039890710382513794,-0.13062840178129642,-0.17356538099717778,0.8386341028449574,-5.779526931123468,-0.7315535465409609,0.9510216964001859,0.7556306272062677,0.6323954845915426,0.011273070711221257,1149680884.05,409,0.80914002636089,2,True,True,True,True,True,False,True,False,True,False,True,confirmed_risk_off,False,True,False,True
2024-09-06,159915.SZ,1.508,1.6795999999999998,-0.03703703703703709,-0.1412300683371298,-0.17685589519650657,-3.179311740044653,-8.627207516250387,-0.6965684901104107,0.657902004826539,0.5087020467117954,0.654986677149345,0.011763448440628653,1577463810.8073,409,0.5976389560452028,3,True,True,True,True,True,False,True,False,True,False,True,confirmed_risk_off,False,True,False,True
2024-09-06,510500.SH,4.458,4.90875,-0.039017029532226744,-0.12861610633307263,-0.14826136797860145,-4.600446000390553,-7.831385714545437,-0.9704776040754476,0.5542265317450624,0.5777094869591005,0.47811305828853207,0.010341500454565658,1490273271.0,409,0.5483970191393717,4,True,True,False,True,True,False,True,False,True,False,True,confirmed_risk_off,False,True,False,True
2024-09-06,510300.SH,3.091,3.2986,-0.028598365807668058,-0.07538139395752308,-0.07482789583956895,-9.327679346420188,-8.992763679256282,-0.742467519582969,0.20936245578023016,0.47700387631533275,0.625347913665021,0.007188735886149668,4081694230.6,409,0.39961611557122934,5,True,True,False,True,True,False,True,False,True,False,True,confirmed_risk_off,False,True,False,True
2024-09-06,512010.SH,0.316,0.34035000000000004,-0.04531722054380671,-0.0893371757925071,-0.18346253229974163,-11.017672976571909,-12.704054509422026,-1.9958973994482403,0.08607298623495592,0.1551897721347774,-0.18403982678213787,0.010766465830698606,286747830.7,409,0.05969713799146576,6,True,True,False,True,True,False,True,False,True,False,True,confirmed_risk_off,False,True,False,True
2024-09-06,512660.SH,0.814,0.87544,-0.06758304696449036,-0.09856035437430799,-0.09454949944382651,-25.26465863366959,-23.231442342737086,-2.349212589120509,-0.953281998863427,-0.7576629359857189,-0.4121889938222878,0.012945331478997495,177286437.45,403,-0.766815772704116,7,True,False,False,True,True,False,False,False,True,False,True,confirmed_risk_off,False,True,False,True
2024-09-06,588080.SH,0.666,0.7302299999999999,-0.06329113924050622,-0.12252964426877466,-0.1777777777777778,-23.39009024021452,-28.618472411899532,-2.766936957957173,-0.8165273160456793,-1.2247840362266842,-0.6819296378372246,0.01125219681716513,416998351.2,331,-0.9529104684763904,8,True,False,False,True,True,False,False,False,True,False,True,confirmed_risk_off,False,True,False,True
2024-09-06,159995.SZ,0.777,0.84152,-0.07938388625592407,-0.10689655172413792,-0.13570634037819795,-31.594542649106796,-31.84234816401262,-3.455922456709928,-1.4150636462157322,-1.5043333183047352,-1.126833995866644,0.013815439522701638,270620615.99125,400,-1.3931255849815158,9,True,False,False,True,True,False,False,False,True,False,True,confirmed_risk_off,False,True,False,True
2024-09-06,159928.SZ,0.699,0.8047,-0.08746736292428203,-0.15884476534296033,-0.19097222222222232,-27.872001176437077,-35.17928814058588,-5.563656969829313,-1.1434944785351824,-1.793686645329567,-2.487878999213432,0.01208749242654347,71971092.4618,409,-1.6724482493885862,,False,False,False,True,False,False,False,False,False,False,True,confirmed_risk_off,False,True,False,True
2024-09-06,515300.SH,1.124,1.17403,-0.037671232876712146,-0.05387205387205374,0.017194570135746767,-25.350478600171378,-9.697274441058672,-1.051158574056734,-0.9595427905951975,0.41591421504379295,0.4260142619862949,0.007141438282269636,29692314.25,392,-0.13224857782330285,,False,False,False,True,False,False,False,False,False,False,True,confirmed_risk_off,False,True,False,True
2024-09-06,516160.SH,1.634,1.79244,-0.030267062314540127,-0.12008616047388265,-0.20718098010674435,14.017575056462558,-0.5096242381449976,-0.42625026226519025,1.912460018031099,1.2125953577724853,0.8295415231378903,0.011565981158507791,64550915.95,408,1.4159304549490117,,False,False,False,True,False,False,True,False,False,False,True,confirmed_risk_off,False,True,False,True
2024-09-13,512880.SH,0.805,0.8168900000000001,-0.008620689655172376,-0.01948842874543233,-0.11147902869757176,10.20865747275946,0.5558630587646439,-0.04187007621823376,1.0021233501717866,1.0124048238190195,1.2986932896455667,0.01003229069130568,553735853.65,414,1.0655499275254359,1,True,True,True,True,True,False,True,False,True,False,True,confirmed_risk_off,False,True,False,True
2024-09-13,159915.SZ,1.509,1.66941,-0.03331197950032039,-0.1242019733023797,-0.18255687973997847,9.096640711981578,-0.3808048005511058,-0.6520707814443623,0.9442739392959109,0.9486379340037966,1.0349116749350813,0.011536670546064902,1765044846.289,414,0.9641470843068992,2,True,True,True,True,True,False,True,False,True,False,True,confirmed_risk_off,False,True,False,True
2024-09-13,512100.SH,1.719,1.93095,-0.0508006626173384,-0.12652439024390238,-0.21649954421148576,5.736847272685761,-2.1768910771434675,-1.7338275591603949,0.769490538556578,0.8263631761384356,0.5672826684359779,0.01109186606684857,1211970080.8,414,0.751798019565201,3,True,True,True,True,True,False,True,False,True,False,True,confirmed_risk_off,False,True,False,True
2024-09-13,510500.SH,4.369,4.87269,-0.048769867189200955,-0.12654938024790086,-0.17690278824415973,2.2592630378684473,-3.251544992817517,-1.716840813553673,0.5885794171138695,0.7532024103998254,0.5746258116779327,0.009941562225474066,1271316129.0,414,0.6516378933410646,4,True,True,False,True,True,False,True,False,True,False,True,confirmed_risk_off,False,True,False,True
2024-09-13,512010.SH,0.31,0.33853,-0.05775075987841949,-0.07185628742514971,-0.17553191489361708,-1.1826755313238864,-4.558696033022857,-2.640622526374094,0.4095226568907179,0.6642136023355467,0.17528731573586923,0.00986683276562385,284064092.05,414,0.4645519668376797,5,True,True,False,True,True,False,True,False,True,False,True,confirmed_risk_off,False,True,False,True
2024-09-13,512660.SH,0.805,0.87314,-0.05957943925233633,-0.08730158730158721,-0.11441144114411439,-11.13039422751633,-10.252497050064045,-2.213847778352669,-0.10797823556985321,0.27658849224721416,0.3597763390794818,0.01229749250719608,165558703.7,408,0.13939937048684076,6,True,True,False,True,True,False,True,False,True,False,True,confirmed_risk_off,False,True,False,True
2024-09-13,588080.SH,0.656,0.72622,-0.07605633802816891,-0.13910761154855644,-0.19012345679012344,-21.537574749342372,-25.801474440150695,-3.914500258769864,-0.6493812820899233,-0.7819616844369336,-0.37539301340364445,0.0110822919114674,386539206.0,336,-0.6476157892914717,7,True,False,False,True,True,False,False,False,True,False,True,confirmed_risk_off,False,True,False,True
2024-09-13,510300.SH,3.017,3.2843299999999997,-0.05689277899343548,-0.08714069591527995,-0.10181601667162854,-24.39811305273994,-26.939182826331585,-4.186909211848051,-0.7981923985012163,-0.8594151003750544,-0.4931517653833368,0.006776754535765387,3856006974.8,414,-0.7616733526271756,8,True,False,False,True,True,False,False,False,True,False,True,confirmed_risk_off,False,True,False,True
2024-09-13,159995.SZ,0.759,0.83844,-0.09318996415770608,-0.15100671140939603,-0.1462317210348707,-27.14094827022257,-26.69697897356983,-5.445482562770289,-0.9408803570441975,-0.842926239101258,-1.0372162148251411,0.013739422217262912,263766559.26655,405,-0.9209658814232106,9,True,False,False,True,True,False,False,False,True,False,True,confirmed_risk_off,False,True,False,True
2024-09-13,159928.SZ,0.667,0.7965000000000001,-0.10828877005347592,-0.1620603015075377,-0.24632768361581914,-17.379724332816654,-26.370453913441718,-7.43791805230153,-0.43308130749442225,-0.8206969212870342,-1.8985194649422679,0.01206278107268807,69967459.12179999,414,-0.8812151845010361,,False,False,False,True,False,False,False,False,False,False,True,confirmed_risk_off,False,True,False,True
2024-09-13,515300.SH,1.09,1.17292,-0.07470288624787769,-0.07627118644067787,-0.04302019315188754,-51.37336399363558,-45.9029657761137,-6.276193306616873,-2.201500721001784,-2.150439923968281,-1.3963213739842026,0.0071583677337637725,29012139.8,397,-2.0200405327848663,,False,False,False,True,False,False,False,False,False,False,True,confirmed_risk_off,False,True,False,True
2024-09-13,516160.SH,1.608,1.7772700000000001,-0.03307276007215876,-0.10117384013415309,-0.21713729308666008,18.184139230026023,-0.007830699430644647,-0.29325086314801224,1.4170243996725336,0.9740294302247242,1.1900247330286804,0.012406921071254396,64364571.55,413,1.1944264785646392,,False,False,False,True,False,False,True,False,False,False,True,confirmed_risk_off,False,True,False,True
2024-09-20,512880.SH,0.816,0.81645,0.019999999999999796,0.007407407407407307,-0.05773672055427259,18.867273151640596,9.230880111921083,0.4437164680139178,1.416726590454482,1.5540770067066303,1.352389428421734,0.010136048706634544,582660665.95,417,1.4587993245487918,1,True,True,True,True,True,False,True,False,True,False,True,confirmed_risk_off,False,True,False,True
2024-09-20,159915.SZ,1.508,1.66332,-0.013734466971876969,-0.11241907004120077,-0.1584821428571429,13.26675959481144,-0.00011500105907186089,-0.0660087844699677,1.1137139086142764,0.8843965776042019,0.9891028731342544,0.01153562261345685,1943784155.3278,417,0.9970647691142422,2,True,True,True,True,True,False,True,False,True,False,True,confirmed_risk_off,False,True,False,True
2024-09-20,512100.SH,1.736,1.9216,-0.020316027088036148,-0.10699588477366251,-0.17647058823529416,7.526571893789188,-1.313034577371813,-0.15561269223555632,0.8031442346185789,0.7891482826499822,0.9252412244640489,0.011570168022382891,1370727430.75,417,0.8219652518002343,3,True,True,True,True,True,False,True,False,True,False,True,confirmed_risk_off,False,True,False,True
2024-09-20,510500.SH,4.415,4.85258,-0.021064301552106368,-0.1024598495629192,-0.1376953125,6.859093080504368,-1.1679889523360365,-0.17393525081222733,0.7670306633839685,0.7996708986003257,0.9121825440142661,0.010053335682833646,1298825323.85,417,0.809117133596571,4,True,True,False,True,True,False,True,False,True,False,True,confirmed_risk_off,False,True,False,True
2024-09-20,512010.SH,0.308,0.33726999999999996,-0.03749999999999998,-0.07784431137724557,-0.1607629427792916,-2.070647084049932,-4.871799938335317,-1.023664781964751,0.2838920211967058,0.5309707530514978,0.3065713587842301,0.010112999882078186,296296545.0,417,0.3872593814561275,5,True,True,False,True,True,False,True,False,True,False,True,confirmed_risk_off,False,True,False,True
2024-09-20,512660.SH,0.791,0.87153,-0.05155875299760182,-0.08554913294797684,-0.14208242950108463,-11.612116855324757,-10.123606365391176,-1.617256915937198,-0.23234391230367474,0.14996827838999702,-0.11648800613003141,0.012455024511991765,174779216.9,411,-0.05624785479147738,6,True,True,False,True,True,False,False,False,True,False,True,confirmed_risk_off,False,True,False,True
2024-09-20,510300.SH,3.063,3.2767500000000003,-0.03588290840415487,-0.0684306569343065,-0.07740963855421679,-22.002286249950135,-24.053111417607578,-1.8808957795254317,-0.7944982685234573,-0.8605746594386366,-0.304386200551747,0.007302423318317232,4118195725.45,417,-0.7229064112951871,7,True,False,False,True,True,False,False,False,True,False,True,confirmed_risk_off,False,True,False,True
2024-09-20,588080.SH,0.65,0.7236499999999999,-0.0660919540229884,-0.11444141689373288,-0.16237113402061853,-20.945162797263837,-25.381955855916672,-2.982678326884832,-0.7373031900392604,-0.956978254366975,-1.089638224765938,0.011244815385585707,400047903.95,339,-0.8956402227156818,8,True,False,False,True,True,False,False,False,True,False,True,confirmed_risk_off,False,True,False,True
2024-09-20,159995.SZ,0.755,0.8370299999999999,-0.08038976857490854,-0.12107101280558785,-0.1611111111111111,-25.805278099724,-24.797561486838624,-3.5386110399950677,-1.0002570347014739,-0.9145822323715865,-1.4858573238458388,0.014040678703929593,261890650.77815,408,-1.063107171598392,9,True,False,False,True,True,False,False,False,True,False,True,confirmed_risk_off,False,True,False,True
2024-09-20,159928.SZ,0.67,0.7906200000000001,-0.07330567081604422,-0.1561712846347607,-0.23076923076923073,-17.93154365260116,-26.915546588060263,-3.7054979066451796,-0.5742529965519634,-1.0682355659568479,-1.6047993511686007,0.013370145749895748,74159537.24195,417,-0.9779552952372448,,False,False,False,True,False,False,False,False,False,False,True,confirmed_risk_off,False,True,False,True
2024-09-20,515300.SH,1.119,1.17208,-0.04765957446808511,-0.053299492385786795,-0.017559262510974505,-44.18630299801043,-35.85621165045282,-2.5156442431998207,-1.9947521989190122,-1.716853438912384,-0.7567781150558819,0.00799130572281491,27728980.55,400,-1.635997878143735,,False,False,False,True,False,False,False,False,False,False,True,confirmed_risk_off,False,True,False,True
2024-09-20,516160.SH,1.594,1.7693599999999998,-0.026267562614538775,-0.09277177006260662,-0.20775347912524844,10.22054548808797,-1.0395003391032092,-0.2296700121144951,0.9489001827708302,0.8089923540437959,0.872459792699506,0.01288393924747962,68350789.1,416,0.8776489732657518,,False,False,False,True,False,False,True,False,False,False,True,confirmed_risk_off,False,True,False,True
2024-09-27,512880.SH,1.006,0.8176000000000001,0.27503168567807346,0.28644501278772383,0.16570104287369647,84.39843100956585,40.78007440264553,17.062094160150103,1.9809144980699518,3.001677304944662,2.4022841553765066,0.02443901905308657,1047641961.3,422,2.473493552281147,1,True,True,True,True,True,True,True,True,False,False,True,risk_on_setup,True,False,True,False
2024-09-27,159915.SZ,1.86,1.65446,0.2391738840772819,0.14180478821362796,0.028761061946902755,67.25334771784274,16.608979354128973,11.066885115255252,1.2037203860746641,0.8140969261167195,1.002725371892079,0.02862957526782173,2926063190.60305,422,1.0076719992549694,2,True,True,True,True,True,True,True,True,False,False,True,risk_on_setup,True,False,True,False
2024-09-27,510500.SH,5.34,4.82622,0.20951302378255932,0.10949511739040108,0.02259670624281873,55.99569435303577,9.424477892288415,9.013296114968963,0.6934060434061903,0.16387092692072325,0.5233228187041962,0.02527307699260898,1915668456.55,422,0.4475753518716047,3,True,True,True,True,True,True,True,True,False,False,True,risk_on_setup,True,False,True,False
2024-09-27,512100.SH,2.094,1.9082,0.20414031052328907,0.1061806656101425,-0.022865142323845067,51.95169716695815,6.506155065742151,7.674460761942588,0.5100898851544348,-0.10024891297995661,0.2107767900443397,0.02596521791115827,1877235408.45,422,0.2060917468786592,4,True,True,False,True,True,True,True,True,False,False,True,risk_on_setup,True,False,True,False
2024-09-27,159928.SZ,0.849,0.7836200000000001,0.21982758620689657,0.08706786171574898,-0.03082191780821919,53.05896179390814,2.6793164232288476,9.067347809555663,0.5602826741799412,-0.44659305297441015,0.5359409815329722,0.03309358365558397,155757873.72904998,422,0.15266404478880685,5,True,True,False,True,True,True,True,True,False,False,True,risk_on_setup,True,False,True,False
2024-09-27,510300.SH,3.658,3.2728300000000004,0.1627463445645263,0.11558401951814568,0.08836655757215106,45.53081668815877,7.8750477797919185,7.798665857489113,0.21902856938016613,0.023641330137497224,0.23977199790513762,0.02154994199236027,5635710611.95,422,0.14502235938809288,6,True,True,False,True,True,True,True,True,False,False,True,risk_on_setup,True,False,True,False
2024-09-27,512010.SH,0.363,0.33521,0.1560509554140126,0.1273291925465838,0.0,30.872338535542877,1.5495272977186596,5.942010970554491,-0.44544664588603344,-0.5488434689451566,-0.19365703441882395,0.023254370761322894,427555288.2,422,-0.4364474528162408,7,True,False,False,True,True,True,False,False,True,False,True,risk_on_setup,True,False,True,False
2024-09-27,512660.SH,0.909,0.86973,0.10989010989010994,0.0606767794632439,0.025959367945823875,18.296622794686115,0.6073847153591393,2.7149555109830636,-1.0155093315913095,-0.6341111253376817,-0.9470008760452471,0.019524518462871857,220132220.65,416,-0.8492483579806459,8,True,False,False,True,True,True,False,False,True,False,True,risk_on_setup,True,False,True,False
2024-09-27,588080.SH,0.748,0.7192899999999999,0.10979228486646875,0.06099290780141842,-0.031088082901554404,15.18342248781233,0.01472459796825092,2.2877336647168636,-1.1566320608773366,-0.6877492266117794,-1.0467341935927723,0.022804455148504297,430013739.4,344,-0.947099353714201,9,True,False,False,True,True,True,False,False,True,False,True,risk_on_setup,True,False,True,False
2024-09-27,159995.SZ,0.884,0.8364400000000001,0.12325285895806859,0.05238095238095242,-0.015590200445434355,6.763059652147632,1.472339604533266e-05,2.7009671475053945,-1.5383307849600494,-0.6890805288521035,-0.9502664063754055,0.025827939180182943,346486608.31075,413,-1.0810178067999423,10,True,False,False,True,True,True,False,False,True,False,True,risk_on_setup,True,False,True,False
2024-09-27,515300.SH,1.243,1.1744700000000001,0.058773424190800894,0.05967604433077578,0.11881188118811892,25.16821909258998,4.165315612955133,2.2986306493825146,-0.7040168709324751,-0.31210420735634825,-1.0441903339061291,0.01448454034794061,32603788.5,405,-0.6152864980967552,,False,False,False,True,False,True,False,False,False,False,True,risk_on_setup,True,False,True,False
2024-09-27,516160.SH,1.854,1.7566499999999998,0.1416256157635467,0.09574468085106402,-0.10174418604651159,33.91533335459421,1.1549314481588389,3.6317731881436526,-0.30750636201814585,-0.5845559650621657,-0.7329732711168526,0.022451730304804556,86211050.35,421,-0.5034195850554952,,False,False,False,True,False,True,False,False,False,False,True,risk_on_setup,True,False,True,False
2024-10-11,512880.SH,1.116,0.83124,0.3984962406015038,0.46073298429319376,0.3510895883777241,258.4350617093652,197.87681316385846,19.667491517877306,1.080095432609208,2.143429629238481,2.1584654082666948,0.03982917773953586,2305385343.5,427,1.7211031063924147,1,True,True,True,True,True,True,True,True,False,False,True,confirmed_risk_off,False,True,False,True
2024-10-11,159915.SZ,2.06,1.67685,0.3508196721311476,0.27317676143386893,0.19006354708261108,300.57360591144555,175.08075463806324,11.951829940825236,1.88705947135834,1.4864480990524152,0.5091930554301779,0.07770684129453008,9028298170.49635,427,1.4512416392503378,2,True,True,True,True,True,True,True,True,False,False,True,confirmed_risk_off,False,True,False,True
2024-10-11,588080.SH,0.908,0.72943,0.3431952662721893,0.2734922861150071,0.22371967654986524,272.9059572531693,152.0182500730953,14.00971785955275,1.3572168314013489,0.8217876042624621,0.949079851358094,0.06929884779883268,2635067428.15,349,1.0614177445371433,3,True,True,True,True,True,True,True,True,False,False,True,confirmed_risk_off,False,True,False,True
2024-10-11,159995.SZ,1.056,0.85004,0.3367088607594937,0.22222222222222232,0.26618705035971235,231.47943392953633,140.7726233963817,16.911239640244535,0.5638881769452809,0.4976890758432469,1.569298818488623,0.045973879260908436,856468635.0343001,418,0.7384906648131357,4,True,True,False,True,True,True,True,True,False,False,True,confirmed_risk_off,False,True,False,True
2024-10-11,510500.SH,5.403,4.84516,0.20039991113085964,0.13627760252365917,0.049941702293043067,189.95574221414222,118.61976229573206,6.925734082945836,-0.2313012773874584,-0.14075552928159804,-0.5651673034742325,0.037547186670697154,3647678989.65,427,-0.2618561833624691,5,True,True,False,True,True,True,False,False,True,False,True,confirmed_risk_off,False,True,False,True
2024-10-11,510300.SH,3.766,3.29774,0.2101542416452442,0.15805658056580585,0.14712153518123672,178.27555955560248,120.50450486174331,7.74045616611407,-0.4549798014072195,-0.0864373209990681,-0.3910152111881774,0.03828723443673372,10479703273.15,427,-0.29476989120015057,6,True,True,False,True,True,True,False,False,True,False,True,confirmed_risk_off,False,True,False,True
2024-10-11,512100.SH,2.125,1.91391,0.1985335589396504,0.14308768154921991,0.01967370441458738,192.65574703330196,113.42238328385342,6.465605054448905,-0.17959548558168215,-0.29054379256040785,-0.6635228466585746,0.042058195578840905,3404591300.95,427,-0.32076028058855094,7,True,False,False,True,True,True,False,False,True,False,True,confirmed_risk_off,False,True,False,True
2024-10-11,159928.SZ,0.836,0.7826099999999999,0.18918918918918926,0.1029023746701847,-0.0035756853396901045,189.6641136392721,98.98919161466976,5.633191446377038,-0.23688604015152714,-0.7065078214980935,-0.841456616330515,0.045828151132924495,490475235.45600003,427,-0.5456488679259512,8,True,False,False,True,True,True,False,False,True,False,True,confirmed_risk_off,False,True,False,True
2024-10-11,516160.SH,1.976,1.76214,0.1860744297719088,0.2026780279975655,-0.014955134596211228,177.92608088817343,99.41588193030059,6.869396383482785,-0.46167240843162854,-0.6942106230082097,-0.5772098495629794,0.041921724429292304,165152105.1,426,-0.5777951824885312,9,True,False,False,True,True,True,False,False,True,False,True,confirmed_risk_off,False,True,False,True
2024-10-11,512010.SH,0.379,0.33675,0.18808777429467094,0.18808777429467094,0.07365439093484416,174.32619510688633,96.44675675783432,7.134417947638245,-0.5306111538038427,-0.7797806963133627,-0.5205597834212643,0.044465548540985465,879695711.0,427,-0.6282686967311351,10,True,False,False,True,True,True,False,False,True,False,True,confirmed_risk_off,False,True,False,True
2024-10-11,512660.SH,0.968,0.8757,0.17761557177615583,0.1442080378250592,0.06490649064906484,151.4984668017626,89.26590994497637,7.12681141815175,-0.9677680650684964,-0.9867324253504146,-0.5221857280869071,0.040799492642388344,506167441.5,421,-0.8862373417849458,11,True,False,False,True,True,True,False,False,True,False,True,confirmed_risk_off,False,True,False,True
2024-10-11,515300.SH,1.274,1.18104,0.12843224092116912,0.07329401853411954,0.14981949458483745,106.71172988065668,79.63183137199415,4.4006523088898515,-1.8254456804823247,-1.2643861993854528,-1.10491979482094,0.02639929345770295,43202137.6,410,-1.4569167109112993,,False,False,False,True,False,True,False,False,False,False,True,confirmed_risk_off,False,True,False,True
2024-10-18,159995.SZ,1.157,0.8628,0.48523748395378696,0.2812846068660022,0.38729016786570747,299.0585621448184,254.5994253102425,18.449256433793728,1.571319201351721,2.05487900754448,1.5808206650793508,0.05008255641122428,1141560180.8211498,423,1.7666434165743505,1,True,True,True,True,True,True,True,True,False,False,True,confirmed_risk_off,False,True,False,True
2024-10-18,588080.SH,0.999,0.7378699999999999,0.497751124437781,0.36289222373806274,0.3320000000000001,303.48694423842966,210.02329859942637,16.26423005955475,1.6446285165438899,1.2736318864504395,1.1587795351416903,0.07397007161275523,3506832124.6,354,1.3990600682260699,2,True,True,True,True,True,True,True,True,False,False,True,confirmed_risk_off,False,True,False,True
2024-10-18,512880.SH,1.169,0.8436,0.45398009950248763,0.48727735368956737,0.4050480769230771,254.79461047458233,214.76243769294794,20.196473888547114,0.8385549736836319,1.3566906680556068,1.9182983438592012,0.04287666666272529,2851219853.7,432,1.2617579254675357,3,True,True,True,True,True,True,True,True,False,False,True,confirmed_risk_off,False,True,False,True
2024-10-18,159915.SZ,2.156,1.68926,0.4109947643979057,0.29645219482862295,0.24050632911392422,271.2255098576326,154.1463825936717,11.354053997012526,1.1105590501838511,0.2943256302494706,0.21037164493947946,0.07977956422703944,11136642532.1357,432,0.6040282011612246,4,True,True,False,True,True,True,True,True,False,False,True,confirmed_risk_off,False,True,False,True
2024-10-18,512100.SH,2.259,1.9160000000000001,0.29307384087006283,0.20737573490112227,0.10464547677261615,199.66162987430303,131.14654270351014,9.84598262445019,-0.0741397682946086,-0.108772620443823,-0.08091460844706036,0.04313274574601645,4356334694.4,432,-0.08934787718478472,5,True,True,False,True,True,True,False,False,True,False,True,confirmed_risk_off,False,True,False,True
2024-10-18,512660.SH,1.033,0.8798,0.26593137254901955,0.20396270396270388,0.2081871345029238,177.20198982968233,132.3919815122677,9.84807011104832,-0.44594617441054063,-0.08694489435732679,-0.08051140727155445,0.04182062980998923,703788576.9,426,-0.22925870896145786,6,True,True,False,True,True,True,False,False,True,False,True,confirmed_risk_off,False,True,False,True
2024-10-18,510500.SH,5.584,4.8515500000000005,0.259075535512965,0.1686898283800753,0.07570795607782688,180.0780832378668,113.40662178585787,8.748993545853596,-0.3983341044207143,-0.4196848321589094,-0.29279969858535654,0.03880548433201327,4499834982.95,432,-0.3857675143489208,7,True,False,False,True,True,True,False,False,True,False,True,confirmed_risk_off,False,True,False,True
2024-10-18,510300.SH,3.805,3.3124000000000002,0.2504107788366743,0.13751868460388628,0.13649940262843496,164.32340438222823,108.86940466700736,8.432874658057145,-0.6591437395345509,-0.4992047023996869,-0.3538585371299109,0.03957033287996977,12502913771.45,432,-0.5341110841996773,8,True,False,False,True,True,True,False,False,True,False,True,confirmed_risk_off,False,True,False,True
2024-10-18,516160.SH,1.988,1.76278,0.21219512195121948,0.15715948777648436,0.014285714285714235,166.6503956401271,93.11121389390873,4.796785458862885,-0.620621739407047,-0.7753848482208082,-1.056174633756684,0.043793705873507977,185214726.4,431,-0.769637561802479,9,True,False,False,True,True,True,False,False,True,False,True,confirmed_risk_off,False,True,False,True
2024-10-18,159928.SZ,0.812,0.77822,0.17681159420289871,0.021383647798742134,-0.04470588235294104,172.81137511158258,78.74984601278153,4.126364918936262,-0.5186302724518792,-1.0270840903934266,-1.1856673691945323,0.047086840598537426,572994921.5860001,432,-0.8554192189770289,10,True,False,False,True,True,True,False,False,True,False,True,confirmed_risk_off,False,True,False,True
2024-10-18,512010.SH,0.376,0.33684,0.19365079365079363,0.12238805970149258,0.07428571428571429,158.56123201211338,79.3097654350848,4.866783137422925,-0.7545331846056466,-1.0172708681824236,-1.0426544768831627,0.04603739476760914,1039318851.5,432,-0.9172525164918606,11,True,False,False,True,True,True,False,False,True,False,True,confirmed_risk_off,False,True,False,True
2024-10-18,515300.SH,1.282,1.18664,0.17722681359045,0.053410024650780485,0.14771709937332145,101.82838711472816,77.71731671216799,6.248936596940347,-1.6937127586381129,-1.0451803361435952,-0.7756894577514618,0.026773482685349043,52491530.0,415,-1.2506951294629756,,False,False,False,True,False,True,False,False,False,False,True,confirmed_risk_off,False,True,False,True
2024-10-25,159995.SZ,1.179,0.88122,0.5615894039735101,0.341296928327645,0.45915841584158423,256.94781676557466,226.10767070254045,25.9994638081513,2.0613756511618764,2.5188436495054294,1.9328249034648408,0.049802979041604155,1587195353.5191,428,2.2186527009598906,1,True,True,True,True,True,True,True,True,False,False,True,mixed,False,True,True,False
2024-10-25,588080.SH,1.004,0.7506,0.5446153846153845,0.4022346368715084,0.3622795115332429,228.99591650927667,145.81767938447604,21.520372838095334,1.6259927514614003,1.2241777810387031,1.2183706175506002,0.07357663565074535,4350158112.35,359,1.3837423365101615,2,True,True,True,True,True,True,True,True,False,False,True,mixed,False,True,True,False
2024-10-25,512660.SH,1.071,0.8887299999999999,0.35398230088495564,0.22680412371134007,0.2424593967517401,146.17194602069466,106.08085915970258,16.866924436581716,0.3359144345891663,0.5834266236171963,0.47610479241585557,0.04294369662759485,949158173.7,431,0.4629573817657162,3,True,True,True,True,True,True,True,True,False,False,True,mixed,False,True,True,False
2024-10-25,512880.SH,1.147,0.8582000000000001,0.4056372549019609,0.4761904761904763,0.38694074969770265,127.46413357582476,84.91909435693074,19.53923042755529,0.044518803000043794,0.24219586550021208,0.9023610308555752,0.04403234902575375,3267969773.05,437,0.29515807357121737,4,True,True,False,True,True,True,True,True,False,False,True,mixed,False,True,True,False
2024-10-25,512100.SH,2.359,1.9269299999999998,0.3588709677419355,0.3105555555555555,0.1479318734793187,134.28429834281957,72.37751729750804,14.204453961755007,0.15075069011548858,0.03996453518087899,0.05141740504709744,0.04246314185412006,4732718701.9,437,0.08656957112796652,5,True,True,False,True,True,True,True,True,False,False,True,mixed,False,True,True,False
2024-10-25,159915.SZ,2.196,1.70766,0.45623342175066317,0.35639283508338493,0.2797202797202798,144.06848346922982,48.85467167580763,15.027315173783007,0.30315059325205435,-0.33933834996933526,0.182670983859462,0.07963331233768445,12477849801.95265,437,0.022059094084980052,6,True,True,False,True,True,True,True,True,False,False,True,mixed,False,True,True,False
2024-10-25,516160.SH,2.198,1.77015,0.3789209535759095,0.2944640753828034,0.1817204301075268,127.42975464931709,59.94179522883576,14.60396304470888,0.043983311796431376,-0.16055989691513084,0.11514260698790467,0.04479629028331961,244076839.1,436,-0.02360211264989885,7,True,False,False,True,True,True,False,False,True,False,True,mixed,False,True,True,False
2024-10-25,510500.SH,5.754,4.874770000000001,0.3032842582106454,0.2552356020942408,0.12801411487943537,101.8179216625783,43.04610266938471,11.891262728051393,-0.3549503567615106,-0.43300078427523464,-0.31755688060759796,0.038296530985983936,4882682576.6,437,-0.3786918325362177,8,True,False,False,True,True,True,False,False,True,False,True,mixed,False,True,True,False
2024-10-25,510300.SH,3.829,3.33236,0.25008161932745665,0.17166462668298665,0.1560990338164252,68.2376874557528,23.733174717976247,9.118497737987838,-0.8780010119059538,-0.7444192839957591,-0.7598372103056372,0.039641432915261496,13384829371.4,437,-0.8009355604218127,9,True,False,False,True,True,True,False,False,True,False,True,mixed,False,True,True,False
2024-10-25,512010.SH,0.382,0.33792,0.2402597402597404,0.16463414634146334,0.0883190883190883,71.09238142149624,13.9743437913863,7.0412899845731385,-0.8335358798338406,-0.9017791878814492,-1.091170061565606,0.04568349243903178,1236986316.15,437,-0.9123600393992372,10,True,False,False,True,True,True,False,False,True,False,True,mixed,False,True,True,False
2024-10-25,159928.SZ,0.83,0.7751399999999999,0.23880597014925353,0.0978835978835979,-0.03600464576074336,62.58719687324283,5.6307013606742595,7.090357185077692,-0.9660138823006641,-1.0363193577880716,-1.0833434128253474,0.04614382203406207,646840375.7278001,437,-1.017601978600564,11,True,False,False,True,True,True,False,False,True,False,True,mixed,False,True,True,False
2024-10-25,515300.SH,1.265,1.19106,0.13047363717604998,0.04892205638474301,0.11159929701230231,26.174390021740166,8.305312519468917,3.682134764521821,-1.5331851045744898,-0.9931915940174385,-1.6269847748771487,0.02738072404314439,53481566.4,420,-1.335947634412201,,False,False,False,True,False,True,False,False,False,False,True,mixed,False,True,True,False
2024-11-01,159995.SZ,1.143,0.89818,0.2929864253393666,0.26438053097345127,0.4377358490566037,30.593834092455168,31.846186870295277,7.0765097047778065,1.4014291474286957,2.5483514739538276,2.6640972425326455,0.04923265761037783,1776931431.5898502,433,2.1127316970595387,1,True,True,True,True,True,True,True,True,False,False,True,mixed,False,True,True,False
2024-11-01,512660.SH,1.056,0.8976900000000001,0.16171617161716179,0.14782608695652177,0.18253079507278835,25.57470222780829,15.404385764258286,2.7931413414923356,1.2274007695392213,1.1600110882276446,0.7903665879918443,0.04268980791503386,1036472592.7,436,1.1130380607051154,2,True,True,True,True,True,True,True,True,False,False,True,mixed,False,True,True,False
2024-11-01,512100.SH,2.333,1.94202,0.1141356255969439,0.21827676240208893,0.07067462138595704,24.024859919189954,7.337729735476725,0.891088127049552,1.173663081383801,0.4788652532736527,-0.04167378589177556,0.038259945806121555,4717306999.0,442,0.6526765766846264,3,True,True,True,True,True,True,True,True,False,False,True,mixed,False,True,True,False
2024-11-01,516160.SH,2.14,1.78029,0.15426105717367844,0.2249570692615912,0.07537688442211055,24.623656637837314,4.522731266830241,1.1554786780851019,1.1944251622459803,0.2411676899364891,0.07398208076038881,0.043506714950704156,266423433.8,441,0.5890335570250655,4,True,True,False,True,True,True,True,True,False,False,True,mixed,False,True,True,False
2024-11-01,510500.SH,5.793,4.90571,0.08483146067415737,0.20136872666943173,0.07816862088218879,4.07617095288793,0.48313785448025726,0.15897161814093416,0.4819821143463967,-0.09993427572466314,-0.36193322404695394,0.031928667591641036,4843396955.0,442,0.08043249063930265,5,True,True,False,True,True,True,True,True,False,False,True,mixed,False,True,True,False
2024-11-01,588080.SH,0.95,0.7619499999999999,0.27005347593582885,0.26835781041388507,0.22739018087855278,-15.326571792631162,0.41140774794884294,2.5726417032001714,-0.1907692573386791,-0.10599114279948979,0.6939105056421387,0.07384189492803189,4775010747.95,364,0.020077941073160188,6,True,True,False,True,True,True,True,True,False,False,True,mixed,False,True,True,False
2024-11-01,512880.SH,1.153,0.87375,0.14612326043737567,0.370986920332937,0.31771428571428584,-26.781589923303112,0.09417580146412842,0.9921925406632571,-0.5879491437682249,-0.13277810610763635,0.002553659200540443,0.039941261557506144,3186034083.55,442,-0.28778016811023643,7,True,False,False,True,True,True,False,False,True,False,True,mixed,False,True,True,False
2024-11-01,510300.SH,3.768,3.35229,0.03007107709130663,0.1428571428571428,0.09566734515847619,-31.618632897984206,-4.081190554324027,-0.2540741938945805,-0.7556639528958098,-0.48534469534916497,-0.5426173338644457,0.03532633002934579,12456268217.45,442,-0.6049269260708791,8,True,False,False,True,True,True,False,False,True,False,True,mixed,False,True,True,False
2024-11-01,159928.SZ,0.83,0.77323,-0.0223792697290931,0.08072916666666652,-0.07675194660734153,-23.573363511530683,-7.272961048897374,-2.4700490998920572,-0.4767102974100398,-0.7548567671110821,-1.5119806383727292,0.036017406536165246,660816512.95445,442,-0.7950229534829947,9,True,False,False,True,True,True,False,False,True,False,True,mixed,False,True,True,False
2024-11-01,159915.SZ,2.084,1.7249700000000001,0.12043010752688166,0.25693606755126663,0.12648648648648653,-53.77931485669422,-4.100857177106721,2.2817360905686047e-06,-1.524041361220821,-0.4870053386378148,-0.4314732900629649,0.07737890334734084,12505343881.48715,442,-0.8907133379560473,10,True,False,False,True,True,True,False,False,True,False,True,mixed,False,True,True,False
2024-11-01,512010.SH,0.371,0.33902,0.02203856749311295,0.11077844311377238,-0.01591511936339529,-44.331494984862225,-12.094179175965087,-0.5260767376406916,-1.1964570675169648,-1.161958871742769,-0.6616030154833012,0.04193789399628273,1268741630.9,442,-1.0756869788005536,11,True,False,False,True,True,True,False,False,True,False,True,mixed,False,True,True,False
2024-11-01,515300.SH,1.252,1.19424,0.007240547063555924,0.05298570227081578,0.08586296617519507,-31.377674307661252,-12.550924597548123,-0.5535677834607978,-0.7473091947935561,-1.2005263079189934,-0.6736287884053873,0.025382847576865642,54334626.6,425,-0.9138599587660972,,False,False,False,True,False,True,False,False,False,False,True,mixed,False,True,True,False
2024-11-08,512100.SH,2.529,1.9650900000000002,0.1901176470588235,0.3692474282620466,0.17573221757322188,66.33852240737383,72.62049850827891,10.117932357892967,1.3138481577086392,1.4551155852382045,1.1650450533717802,0.019099741083608485,3504687257.35,447,1.3405945078530936,1,True,True,True,True,True,True,True,True,False,False,True,mixed,False,True,True,False
2024-11-08,512660.SH,1.185,0.90961,0.22417355371900838,0.29934210526315796,0.30219780219780223,60.436426206141434,64.72658521062529,9.603000262783018,1.0583035479395482,1.1452770825283267,1.0336402909244318,0.02526570183247049,1003833577.8,441,1.0881603103720363,2,True,True,True,True,True,True,True,True,False,False,True,mixed,False,True,True,False
2024-11-08,512880.SH,1.32,0.89681,0.18279569892473102,0.6296296296296295,0.4949037372593432,50.56051759075695,61.34672485444647,13.313963399523884,0.6307037381115318,1.012616533490096,1.9806355045946524,0.03174229710755451,2848454538.6,447,1.0534552095595817,3,True,True,True,True,True,True,True,True,False,False,True,mixed,False,True,True,False
2024-11-08,510500.SH,6.173,4.95365,0.1425134184712198,0.32184154175588864,0.15426327599102474,57.21636697427333,61.91221788777247,8.71398104746068,0.9188837974330631,1.034812307389801,0.806772787597384,0.015754548944229094,3353454787.3,447,0.9428329994486225,4,True,True,False,True,True,True,True,True,False,False,True,mixed,False,True,True,False
2024-11-08,516160.SH,2.23,1.79605,0.12854251012145745,0.2980209545983703,0.1377551020408163,68.87697750943148,62.4338734158915,4.3603362448864225,1.4237563151419643,1.0552874458500592,-0.3042274131965676,0.02448785759176258,233498903.8,446,0.9307720217574958,5,True,True,False,True,True,True,True,True,False,False,True,mixed,False,True,True,False
2024-11-08,159995.SZ,1.274,0.91712,0.2064393939393938,0.5202863961813844,0.5294117647058825,33.535559079442116,47.59603596455033,8.461930730385742,-0.10643036319309807,0.47289780385302804,0.7424524386532401,0.0306023899881717,1569126895.836,438,0.29507746399462,6,True,True,False,True,True,True,True,True,False,False,True,mixed,False,True,True,False
2024-11-08,159928.SZ,0.886,0.7741799999999999,0.05980861244019153,0.1673254281949934,-0.008948545861297563,45.729137290048214,21.151466068626746,2.941340338305607,0.4215181959760296,-0.5650596239027484,-0.6663388872894732,0.021339549855685095,537969155.6366,447,-0.1906843486285822,7,True,False,False,True,True,True,False,False,True,False,True,mixed,False,True,True,False
2024-11-08,159915.SZ,2.282,1.7487799999999998,0.10776699029126213,0.4361233480176212,0.25868725868725884,23.351216403108054,21.69362361036614,3.750533467420896,-0.547384523587003,-0.5437797751596247,-0.4598420852544068,0.027702677623753835,7960555748.320498,447,-0.5284341365495324,8,True,False,False,True,True,True,False,False,True,False,True,mixed,False,True,True,False
2024-11-08,588080.SH,1.038,0.77479,0.14317180616740077,0.457865168539326,0.36041939711664495,18.579636282271032,21.301449477019634,5.245858292467595,-0.7539808816244473,-0.5591727294138529,-0.0782523469512836,0.03378326187284854,3140228684.1,369,-0.5409119138055768,9,True,False,False,True,True,True,False,False,True,False,True,mixed,False,True,True,False
2024-11-08,510880.SH,2.941,2.8916700000000004,0.05829435048578624,-0.005410889414947606,0.03229203229203215,22.357371609856894,8.476215649913733,2.524488971731408,-0.5904152826941451,-1.0625670657914414,-0.772714573172559,0.01350962671182323,303490041.8,401,-0.8157358540287465,10,True,False,False,True,True,True,False,False,True,False,True,mixed,False,True,True,False
2024-11-08,510300.SH,3.983,3.38079,0.05762081784386619,0.24858934169279,0.15852239674229196,14.84470907656936,12.617281499551028,2.0457319973105053,-0.9156930060553744,-0.9000289691472837,-0.8948878598859404,0.016896116493139622,8974902988.15,447,-0.9052663620582514,11,True,False,False,True,True,True,False,False,True,False,True,mixed,False,True,True,False
2024-11-08,512010.SH,0.394,0.34064,0.0395778364116095,0.17261904761904767,0.0478723404255319,15.378512194674522,6.304478861494479,1.1065776612024176,-0.8925807922149385,-1.147808396603092,-1.1345492707974703,0.018447388353742804,1050522286.55,447,-1.0430655296867064,12,True,False,False,True,True,True,False,False,True,False,True,mixed,False,True,True,False
2024-11-08,515300.SH,1.284,1.19828,0.007849293563579218,0.10214592274678114,0.11652173913043495,-9.286975733752655,-0.059339285476762066,-0.0031288448321027964,-1.9605289029417696,-1.3975901983314694,-1.4177336385937862,0.012009255277545627,48297397.95,430,-1.626794368228053,,False,False,False,True,False,True,False,False,False,False,True,mixed,False,True,True,False
2024-11-15,512880.SH,1.215,0.91912,0.03934987168520099,0.5037128712871286,0.4030023094688222,41.905593273353375,56.517511997959694,2.3694746048928375,1.3747618438571567,2.266263440375311,1.7484726032220193,0.029414446977403443,2755300823.35,452,1.806104634337391,1,True,True,True,True,True,True,True,True,False,False,True,mixed,False,True,True,False
2024-11-15,516160.SH,2.168,1.8166,0.0905432595573441,0.30132052821128474,0.12273433454168825,35.61982361735113,33.93544669673542,2.208723342527149,0.9133250572400501,0.7144164690944835,1.558092300322197,0.023873050269341136,258708000.9,451,0.9627150705982529,2,True,True,True,True,True,True,True,True,False,False,True,mixed,False,True,True,False
2024-11-15,512100.SH,2.411,1.9899200000000001,0.06728640991589208,0.33278054173576566,0.12296227293898476,35.07587870165133,38.31405894241404,1.7396849495936357,0.8733941963060107,1.0153161459500424,1.0026025952697302,0.018359352675778033,3096972903.85,452,0.9560046559563673,3,True,True,True,True,True,True,True,True,False,False,True,mixed,False,True,True,False
2024-11-15,510500.SH,5.868,5.004580000000001,0.05085959885386826,0.2801047120418849,0.10073157006190203,33.866298784896934,34.64025508351865,1.538482767548166,0.7845992355471854,0.7628511337619172,0.7643156182456688,0.014711433009517137,3040495880.05,452,0.7718432713727748,4,True,True,False,True,True,True,True,True,False,False,True,mixed,False,True,True,False
2024-11-15,159928.SZ,0.848,0.77648,0.04433497536945796,0.13217623497997333,-0.06813186813186822,36.89193447672556,18.161604313460504,0.8973228201607937,1.006710398939605,-0.36956717905390934,0.004979590680538302,0.018962438163650987,630724566.9816,452,0.25585320609038587,5,True,True,False,True,True,True,True,True,False,False,True,mixed,False,True,True,False
2024-11-15,512660.SH,1.084,0.92193,0.04937076476282698,0.25462962962962976,0.1859956236323852,25.756396490953048,22.442197333874173,0.298642998603424,0.18925332580282242,-0.07540341566887195,-0.7040465413122593,0.02861649387928618,1029778881.9,446,-0.09526934420887168,6,True,True,False,True,True,True,False,False,True,False,True,mixed,False,True,True,False
2024-11-15,159995.SZ,1.221,0.93786,0.05531547104580814,0.4605263157894739,0.48179611650485454,18.22625115495928,30.710618773606736,0.20869963390251844,-0.36353276989554595,0.49280523120926784,-0.810567913297718,0.028339262347731337,1637199266.88605,443,-0.11040459813405484,7,True,False,False,True,True,True,False,False,True,False,True,mixed,False,True,True,False
2024-11-15,159915.SZ,2.204,1.7764100000000003,0.02226345083487935,0.41736334405144704,0.2123212321232124,19.69987598116765,21.568382110043103,0.3805374688838829,-0.25535433802515917,-0.13545228588836455,-0.6070576043150088,0.02307483981886113,6989860678.45455,452,-0.27773417042841125,8,True,False,False,True,True,True,False,False,True,False,True,mixed,False,True,True,False
2024-11-15,512010.SH,0.38,0.34302,0.010638297872340496,0.15853658536585358,0.041095890410958846,14.987035722090596,7.774205456460655,0.18869755080675252,-0.601322768941437,-1.083392652530298,-0.8342567016926521,0.015715811164777462,1137678405.4,452,-0.8407375089272244,9,True,False,False,True,True,True,False,False,True,False,True,mixed,False,True,True,False
2024-11-15,510300.SH,3.844,3.4110500000000004,0.010249671484888312,0.21684077239632793,0.11066165848020804,9.356143589292387,10.163854725898183,0.21503868033023504,-1.0146851595064252,-0.9191751670286941,-0.8030604787603808,0.013567334335617123,8057629469.6,452,-0.9341562263661239,10,True,False,False,True,True,True,False,False,True,False,True,mixed,False,True,True,False
2024-11-15,588080.SH,0.998,0.7893399999999999,-0.0010010010010009784,0.41359773371104813,0.3288948069241011,1.2093429540145728,11.099532972546385,-0.002267294068559985,-1.6127397673082122,-0.8548750494891506,-1.0604194358170935,0.022952755676408917,2787937612.9,374,-1.1991298138823638,11,True,False,False,True,True,True,False,False,True,False,True,mixed,False,True,True,False
2024-11-15,510880.SH,2.885,2.89464,0.04870956015994188,-0.011986301369863117,0.004526462395543218,30.54019863533902,20.33483805649191,1.6079555091169946,0.5404310510650951,-0.22022183986450647,0.8465933023428962,0.01351602816116806,369540294.95,406,0.29740234494881473,12,True,False,False,True,True,False,True,False,True,False,True,mixed,False,True,True,False
2024-11-15,515300.SH,1.264,1.20236,-0.01404056162246492,0.09153713298791022,0.08126603934987164,-1.8161479938350786,0.35031530538240147,-0.04045633862329907,-1.834840305081146,-1.5935648308672263,-1.105647334887937,0.009094178785862626,40201995.55,435,-1.5924915213569364,,False,False,False,True,False,True,False,False,False,False,True,mixed,False,True,True,False
2024-11-15,530880.SH,0.961,,,,,,,,0.0,0.0,0.0,,,4,0.0,,False,False,False,False,False,False,False,False,False,False,True,mixed,False,True,True,False
2024-11-22,512880.SH,1.178,0.9391300000000001,0.027027027027026973,0.4724999999999999,0.4023809523809523,-15.888317911408596,3.6516250090684226,0.7082576723900069,-0.7384865457820977,0.564484305902045,1.6320644362311971,0.03119203359813006,2711436340.8,457,0.2568119912942184,1,True,True,True,True,True,True,True,True,False,False,True,confirmed_risk_off,False,True,False,True
2024-11-22,159995.SZ,1.18,0.955,0.0008481764206953457,0.43727161997563946,0.44254278728606367,-11.505331888795139,3.740889715655948,0.23427150224086052,-0.34048054449346915,0.5941313533745652,0.24240485320159186,0.029633482891521026,1405313774.0358,448,0.1499412941927568,2,True,True,True,True,True,True,True,True,False,False,True,confirmed_risk_off,False,True,False,True
2024-11-22,159915.SZ,2.136,1.80075,-0.02732240437158473,0.39699149771092235,0.20746184284906732,-7.330875858479455,1.8665917975838844,-0.0015943886191346027,0.038589464767127137,-0.028369985385158343,-0.4491201662736994,0.025104770414704304,6427921904.0863,457,-0.08573624150195236,3,True,True,True,True,True,True,False,False,True,False,True,confirmed_risk_off,False,True,False,True
2024-11-22,159928.SZ,0.813,0.77847,-0.02048192771084334,0.12448132780082988,-0.07191780821917815,-2.323323621307171,0.00042158600889542313,-0.08551601757003979,0.4933104773092738,-0.6481719090056498,-0.6951663660148928,0.019881762031364752,608047780.0898,457,-0.20097784588152895,4,True,True,False,True,True,True,False,False,True,False,True,confirmed_risk_off,False,True,False,True
2024-11-22,512010.SH,0.371,0.34535000000000005,-0.028795811518324665,0.15937500000000004,0.04507042253521121,-3.376707880108494,0.2471746056897791,-0.07731801920362295,0.39765576736887764,-0.5662190435549138,-0.6711310086373401,0.017843787052843313,1076868917.6,457,-0.2016515122018825,5,True,True,False,True,True,True,False,False,True,False,True,confirmed_risk_off,False,True,False,True
2024-11-22,588080.SH,0.982,0.8021699999999999,-0.021912350597609542,0.4109195402298851,0.33062330623306235,-12.583222585136278,2.2652806638518657,0.010705674556125313,-0.4383606115672735,0.10404458468260422,-0.4130581422319621,0.025207240409391724,2249932527.3,379,-0.21633803920026015,6,True,True,False,True,True,True,False,False,True,False,True,confirmed_risk_off,False,True,False,True
2024-11-22,512100.SH,2.369,2.0137899999999997,0.004239084357778866,0.33690744920993243,0.14113680154142583,-11.08079992121756,0.5809471984299681,0.14430527400315218,-0.30193005175564475,-0.4553647957756751,-0.02136324615080062,0.02136419775722285,2892649408.5,457,-0.3071905882426881,7,True,False,False,True,True,True,False,False,True,False,True,confirmed_risk_off,False,True,False,True
2024-11-22,516160.SH,2.13,1.8374199999999998,-0.030937215650591487,0.3011606597434331,0.10822060353798135,-8.838959599040487,0.5559000900275917,-0.024309329449173234,-0.09835516067596178,-0.46368356856104814,-0.5157171203419604,0.02034151391000203,216123914.75,456,-0.3279589157631961,8,True,False,False,True,True,True,False,False,True,False,True,confirmed_risk_off,False,True,False,True
2024-11-22,510300.SH,3.742,3.4378100000000003,-0.022721337163750355,0.1778407302486622,0.10123602118893471,-10.712414991052071,0.11047304010318894,-0.017930847812311662,-0.2684781054720626,-0.6116210614346191,-0.4970163254874314,0.014905574968302044,7636701724.05,457,-0.45144293186015905,9,True,False,False,True,True,True,False,False,True,False,True,confirmed_risk_off,False,True,False,True
2024-11-22,510500.SH,5.687,5.04995,-0.011644073687869239,0.2609756097560978,0.0972409801273395,-14.587616347302182,0.02409710384802344,0.007181293618503316,-0.6203736826041368,-0.6403086758405365,-0.42339112250155975,0.017564405187562755,3055229396.7,457,-0.5889511678781814,10,True,False,False,True,True,True,False,False,True,False,True,confirmed_risk_off,False,True,False,True
2024-11-22,512660.SH,1.054,0.93242,-0.015873015873015817,0.2637889688249402,0.19096045197740108,-25.999296669336797,-0.0007574246352089012,-0.03214712851538984,-1.656634631081655,-0.6485634880055997,-0.5386964249465676,0.02676362085778485,884354304.2,451,-1.0298185326242155,11,True,False,False,True,True,True,False,False,True,False,True,confirmed_risk_off,False,True,False,True
2024-11-22,510880.SH,2.857,2.8938,0.026221264367816133,-0.01584567688597993,0.031780426146623464,23.246136493618973,11.394801862294823,1.1037969584404976,2.815197547663808,3.1361875078907766,2.7917289875234697,0.01515892710966505,454824050.05,411,2.938899819726528,12,True,False,False,True,True,False,True,False,True,False,True,confirmed_risk_off,False,True,False,True
2024-11-22,515300.SH,1.246,1.20654,-0.015019762845849716,0.06042553191489364,0.06042553191489364,0.1548497777750235,0.9387026948463256,0.0009916216749619984,0.7183460763232155,-0.33654522428679007,-0.4415383543700446,0.010381204786744857,46182709.4,440,0.06441266994056125,,False,False,False,True,False,True,True,False,False,False,True,confirmed_risk_off,False,True,False,True
2024-11-22,530880.SH,0.957,,,,,,,,0.0,0.0,0.0,,,9,0.0,,False,False,False,False,False,False,False,False,False,False,True,confirmed_risk_off,False,True,False,True
2024-11-29,510880.SH,2.916,2.89101,0.039201710620099695,0.010745233968804113,0.04403866809881829,6.976822954584526,0.48537050020551653,1.3772900446680962,2.2738764886802403,1.3672681878665984,2.6648813167017615,0.014704982921717789,514107233.4,416,1.989434133959088,1,True,True,True,True,True,True,True,True,False,False,True,mixed,False,True,True,False
2024-11-29,588080.SH,1.019,0.8159700000000001,0.07263157894736838,0.5118694362017802,0.3461030383091148,-54.923070138923016,-2.4286836764284723,0.9305663218057134,-0.10683912106465576,1.0745522294584557,1.6120110289640932,0.025590774738029266,1973655558.55,384,0.7094874491503387,2,True,True,True,True,True,True,True,True,False,False,True,mixed,False,True,True,False
2024-11-29,512010.SH,0.377,0.34772,0.016172506738544534,0.2006369426751593,0.05602240896358546,-39.045746601775235,-8.126333617726528,0.014622621607998602,0.5038144697058009,0.5022248250422412,-0.546750321338665,0.017721129875847504,1014620304.3,462,0.29306565363148385,3,True,True,True,True,True,True,True,True,False,False,True,mixed,False,True,True,False
2024-11-29,512100.SH,2.435,2.03819,0.043720531504500615,0.4002300172512938,0.17917675544794198,-51.305902317867286,-8.1069470348622,0.2435199675873925,0.03227982509645698,0.5041722020776077,-0.007268753224237761,0.020743971770423978,2686298093.05,462,0.21312706022477834,4,True,True,False,True,True,True,True,True,False,False,True,mixed,False,True,True,False
2024-11-29,516160.SH,2.16,1.8593799999999998,0.009345794392523477,0.3300492610837438,0.10204081632653073,-48.02260576890564,-8.10418749114362,0.002957491834440891,0.15855783552414202,0.5044493975020546,-0.5742435300325908,0.020190076138950817,191599452.55,461,0.15035418720396054,5,True,True,False,True,True,True,True,True,False,False,True,mixed,False,True,True,False
2024-11-29,159995.SZ,1.213,0.97193,0.0612423447069117,0.5412960609911055,0.4406175771971499,-75.75384207163057,-7.796644405922745,0.4865017021200791,-0.9080059959139806,0.5353420177093462,0.5654079049868097,0.029413582104641716,1288098672.64155,453,-0.035984010284491816,6,True,True,False,True,True,True,False,False,True,False,True,mixed,False,True,True,False
2024-11-29,159915.SZ,2.179,1.82554,0.045585412667946246,0.45169886742171883,0.20653377630121805,-63.70781961035768,-11.615916988902503,0.1705916142347773,-0.44470707445109425,0.15169711381115697,-0.1791514906947444,0.025606773984547318,6205404629.0069,462,-0.1530342823949238,7,True,False,False,True,True,True,False,False,True,False,True,mixed,False,True,True,False
2024-11-29,510300.SH,3.79,3.4612700000000003,0.0058386411889597145,0.2047043865225684,0.11437812408115278,-48.05340390305909,-18.02596093872634,-0.006981256047988951,0.15737331653604983,-0.4921900771875819,-0.597667878924735,0.015468954678431675,7147897860.3,462,-0.25346028004555987,8,True,False,False,True,True,True,False,False,True,False,True,mixed,False,True,True,False
2024-11-29,159928.SZ,0.828,0.78033,-0.002409638554216831,0.18965517241379315,-0.052631578947368474,-44.07775747129701,-21.55259870124371,-0.074229363253273,0.31027961484943606,-0.8464398920644041,-0.7561630077022427,0.018981491921576433,568369561.5477501,462,-0.36569671242643575,9,True,False,False,True,True,True,False,False,True,False,True,mixed,False,True,True,False
2024-11-29,510500.SH,5.791,5.092890000000001,-0.0003452442603141259,0.311664779161948,0.11108979278587894,-62.17020931667341,-25.0418895770413,-0.08760683340241711,-0.38556944682468186,-1.196938222213386,-0.7876919821540211,0.017919056109115976,2626496962.05,462,-0.7905414640460314,10,True,False,False,True,True,True,False,False,True,False,True,mixed,False,True,True,False
2024-11-29,512880.SH,1.216,0.95911,0.05464006938421506,0.541191381495564,0.45803357314148685,-95.1040146621274,-22.735870311084415,0.16982801541535855,-1.6522279264407953,-0.9652992070726617,-0.18095119477933191,0.031425638770799666,2672435282.65,462,-1.0832010923612494,11,True,False,False,True,True,True,False,False,True,False,True,mixed,False,True,True,False
2024-11-29,512660.SH,1.066,0.9415400000000002,0.009469696969697017,0.30158730158730185,0.17142857142857149,-85.81610553795615,-34.4307984136017,-0.02448075882554047,-1.2950080811592566,-2.140051590021458,-0.6389119534650582,0.027088906190652986,830303088.7,456,-1.5018062591652974,12,True,False,False,True,True,True,False,False,True,False,True,mixed,False,True,True,False
2024-11-29,515300.SH,1.257,1.2106999999999999,0.003993610223642197,0.07069846678023839,0.06345177664974622,-16.88388346475337,-3.1587922946867693,0.003272906477298851,1.356176095462338,1.0012130150920353,-0.5735001383370375,0.010373334540023774,48610763.0,445,0.8282556165543419,,False,False,False,True,False,True,True,False,False,False,True,mixed,False,True,True,False
2024-11-29,530880.SH,0.966,,,,,,,,0.0,0.0,0.0,,,14,0.0,,False,False,False,False,False,False,False,False,False,False,True,mixed,False,True,True,False
2024-12-06,510880.SH,3.017,2.89588,0.025841550493029608,0.010381781647689214,0.0844716031631918,14.231611651068844,4.843347110782837,0.7908069316129965,2.4098423183207798,1.8046820991620596,1.4804279250380892,0.00948551013752247,595202780.45,421,1.9818953520007536,1,True,True,True,True,True,True,True,True,False,False,True,risk_on_setup,True,False,True,False
2024-12-06,512100.SH,2.502,2.06924,-0.01067615658362997,0.41116751269035534,0.23372781065088755,-34.27499187873016,-0.6736204884749283,-0.33367480264417776,0.34413460195675816,1.0967574885045221,0.6695923048316774,0.01932434625609898,2727638893.2,467,0.7102752971508477,2,True,True,True,True,True,True,True,True,False,False,True,risk_on_setup,True,False,True,False
2024-12-06,588080.SH,1.026,0.83172,-0.011560693641618491,0.5177514792899407,0.3500000000000001,-51.38100744218588,-3.2350132616217375,-0.5953330523901047,-0.3843441158731882,0.768085451004259,0.4809170931751577,0.022976376406156712,1567994749.5,389,0.24967995268745985,3,True,True,True,True,True,True,True,True,False,False,True,risk_on_setup,True,False,True,False
2024-12-06,510300.SH,3.846,3.4897000000000005,-0.03439618378106957,0.23586118251928023,0.15287769784172678,-36.30913210798937,-9.159109940418306,-0.9714600638746486,0.25750847557448414,0.007918971977104084,0.2097013238635109,0.011387518405934244,5929465291.25,467,0.14811124379333745,4,True,True,False,True,True,True,True,True,False,False,True,risk_on_setup,True,False,True,False
2024-12-06,512010.SH,0.382,0.35064,-0.030456852791878153,0.19749216300940442,0.07909604519774027,-39.176746176227695,-10.46028571626506,-0.780385073204665,0.13538793780739722,-0.15904491496637901,0.3474807148895257,0.015787977306977067,865705313.95,467,0.06003335211431243,5,True,True,False,True,True,True,True,True,False,False,True,risk_on_setup,True,False,True,False
2024-12-06,510500.SH,5.923,5.14889,-0.04049894702737733,0.31592979337924887,0.15728800312622115,-44.85942970347996,-9.37177190781867,-1.416362406376936,-0.10661546704217671,-0.019369323225830147,-0.11110661442855219,0.016208494845311193,2395930510.4,467,-0.07261523899291318,6,True,True,False,True,True,True,False,False,True,False,True,risk_on_setup,True,False,True,False
2024-12-06,159928.SZ,0.833,0.7838299999999999,-0.05981941309255079,0.18492176386913228,-0.004778972520907976,-32.30043772160564,-13.774384164365523,-1.6352087511083038,0.4282231891167523,-0.5843024158202739,-0.2689112334403373,0.010938992295593431,427170971.47069997,467,-0.1162139373694761,7,True,False,False,True,True,True,False,False,True,False,True,risk_on_setup,True,False,True,False
2024-12-06,512880.SH,1.244,0.98246,-0.05757575757575761,0.5588972431077692,0.5245098039215688,-63.91238997907149,-5.699047833895096,-1.4914976116247267,-0.9180069930781718,0.45190619422232525,-0.1652847294574044,0.01923951599743647,2049014581.75,467,-0.21949726543381953,8,True,False,False,True,True,True,False,False,True,False,True,risk_on_setup,True,False,True,False
2024-12-06,159915.SZ,2.224,1.8546099999999999,-0.025416301489921023,0.4583606557377051,0.27596098680436043,-58.593701187613256,-12.222234586266543,-0.7504091069988118,-0.6915047093075802,-0.38513414702242715,0.3690956334865499,0.02152708940019957,5033042584.0407,467,-0.356836415834693,9,True,False,False,True,True,True,False,False,True,False,True,risk_on_setup,True,False,True,False
2024-12-06,516160.SH,2.15,1.8844299999999998,-0.0358744394618834,0.290516206482593,0.15405260332796566,-55.579125170558235,-18.729051832021604,-1.358127794192859,-0.5631256333293806,-1.2200739907765616,-0.0691150938468965,0.0197361907970816,150877701.1,466,-0.7271028684117562,10,True,False,False,True,True,True,False,False,True,False,True,risk_on_setup,True,False,True,False
2024-12-06,159995.SZ,1.214,0.99005,-0.047095761381475754,0.5367088607594936,0.4002306805074971,-76.08042660433398,-19.999948071046454,-2.8117152460864374,-1.4361963801038624,-1.3831524771027888,-1.1172606058404522,0.026390040398952142,1120038120.3854,458,-1.351191664050751,11,True,False,False,True,True,True,False,False,True,False,True,risk_on_setup,True,False,True,False
2024-12-06,512660.SH,1.078,0.9527800000000001,-0.09029535864978899,0.3114355231143553,0.18461538461538463,-64.02313366054281,-21.37648576940949,-5.0846173406158615,-0.9227231360506091,-1.5597866328480898,-2.756193390020943,0.021145000749754804,625699816.55,461,-1.5442425855636683,12,True,False,False,True,True,True,False,False,True,False,True,risk_on_setup,True,False,True,False
2024-12-06,515300.SH,1.282,1.21505,-0.0015576323987539498,0.13551815766164754,0.07731092436974807,-8.367830526230797,-0.013102054067401402,0.02837405750631866,1.4474199120087987,1.181513696892076,0.9306566717500762,0.008694365993414277,50608800.9,450,1.2377047779103654,,False,False,False,True,False,True,True,False,False,False,True,risk_on_setup,True,False,True,False
2024-12-06,530880.SH,0.997,,,,,,,,0.0,0.0,0.0,,,19,0.0,,False,False,False,False,False,False,False,False,False,False,True,risk_on_setup,True,False,True,False
2024-12-13,512100.SH,2.507,2.10072,0.03981750311074239,0.4350314825414996,0.24788451966152336,5.813166561345498,21.6460585636589,1.8337775240810177,0.8915009610551943,2.4441656515575265,3.1176833457418045,0.017329703790845318,2691416211.15,472,1.9578033141934492,1,True,True,True,True,True,True,True,True,False,False,True,mixed,False,True,True,False
2024-12-13,510880.SH,3.003,2.90173,0.04090121317157713,0.018656716417910557,0.055165144061841254,25.738625126415926,17.23736120373479,0.89583043022386,2.0117098646666327,1.8002503923704374,1.2562754413473738,0.009021543243957285,640989625.95,426,1.776039191084303,2,True,True,True,True,True,True,True,True,False,False,True,mixed,False,True,True,False
2024-12-13,510500.SH,5.946,5.206260000000001,0.01329243353783216,0.3406989853438558,0.17254979294024841,-1.6989155256596553,5.732032137995954,0.32164079852791155,0.46917184822489055,0.1198318145968213,0.11676434732085306,0.014083787691455163,2454792429.3,472,0.25895433459285533,3,True,True,True,True,True,True,True,True,False,False,True,mixed,False,True,True,False
2024-12-13,159928.SZ,0.846,0.7871499999999999,-0.002358490566037763,0.22608695652173916,0.04702970297029685,4.5737157742116334,1.9009906561313692,0.07778230449864773,0.8218190612484054,-0.43971352665876146,-0.367186326776467,0.013629671535930707,438063107.08085,472,0.0794049484805642,4,True,True,False,True,True,True,True,True,False,False,True,mixed,False,True,True,False
2024-12-13,510300.SH,3.809,3.5166000000000004,-0.009105098855358928,0.2517252711140321,0.14247150569886036,-6.98869514331728,0.9898914362648156,-0.0016513762695680046,0.1717805381834678,-0.5727847362270284,-0.5248268613284279,0.011451725947931476,5766277134.7,472,-0.26536705148310985,5,True,True,False,True,True,True,False,False,True,False,True,mixed,False,True,True,False
2024-12-13,512880.SH,1.219,1.0055100000000001,0.003292181069958877,0.5161691542288558,0.4740024183796858,-24.767658961994933,6.007360676646219,0.1818117279817821,-0.8277524713896013,0.16004510955740803,-0.16073417992372346,0.018092335295473456,1931781895.55,472,-0.299229780717622,6,True,True,False,True,True,True,False,False,True,False,True,mixed,False,True,True,False
2024-12-13,588080.SH,1.001,0.84615,0.0030060120240480437,0.500749625187406,0.32407407407407396,-20.088967345687877,3.607485000366709,0.13215934692226744,-0.5647165172245568,-0.19047034703880333,-0.25927207740374947,0.017474008037906576,1279841343.55,394,-0.35392916118609397,7,True,False,False,True,True,True,False,False,True,False,True,mixed,False,True,True,False
2024-12-13,159915.SZ,2.193,1.88273,-0.004990925589836714,0.4352094240837696,0.250998288648032,-16.958437275490716,2.1642940314017194,0.13373253237142887,-0.38871817589625496,-0.4012565750264631,-0.25615000383550046,0.018146658577572358,4526097386.7227,472,-0.36721990113618735,8,True,False,False,True,True,True,False,False,True,False,True,mixed,False,True,True,False
2024-12-13,512010.SH,0.374,0.35322000000000003,-0.015789473684210575,0.1873015873015873,0.09677419354838701,-10.43938636322047,0.1692265204597381,0.0009604960559796464,-0.02221725692502874,-0.6926475026691035,-0.519643456183421,0.014954758334052156,747332019.05,472,-0.3898745950743371,9,True,False,False,True,True,True,False,False,True,False,True,mixed,False,True,True,False
2024-12-13,512660.SH,1.071,0.96363,-0.011992619926199377,0.3125,0.19265033407572374,-15.604070873526542,0.3304918330506883,0.030741673699671578,-0.3125757223974893,-0.6690937889352409,-0.46054106135625056,0.016458274052935578,484220957.6,466,-0.48477601680434224,10,True,False,False,True,True,True,False,False,True,False,True,mixed,False,True,True,False
2024-12-13,159995.SZ,1.185,1.0053100000000001,-0.029484029484029506,0.521181001283697,0.32996632996633,-37.67699339543308,-0.03727204008104674,-0.08583183592658993,-1.553515009040088,-0.7228077888663554,-0.6918876412246131,0.018455268809713883,915565911.31705,463,-1.0489066474075002,11,True,False,False,True,True,True,False,False,True,False,True,mixed,False,True,True,False
2024-12-13,516160.SH,2.09,1.90533,-0.03597785977859791,0.27439024390243905,0.13958560523446017,-39.169249193975666,-5.268618397845313,-0.26566994159068397,-1.6374096018061288,-1.4868756009320934,-1.0487863123616503,0.015928551918837915,116720327.6,471,-1.4594713435676192,12,True,False,False,True,True,True,False,False,True,False,True,mixed,False,True,True,False
2024-12-13,515300.SH,1.293,1.21929,0.022943037974683556,0.18732782369145995,0.08746846089150528,6.692240500766128,5.243788457651408,0.1424216645887535,0.9409224813005576,0.048521055361370365,-0.2389059401803285,0.00813625160163972,51307533.0,455,0.34799622662870544,,False,False,False,True,False,True,True,False,False,False,True,mixed,False,True,True,False
2024-12-13,530880.SH,0.989,,0.02913631633714875,,,,9.039017885074811,0.28155442756449595,0.0,0.6028358429102881,0.03721072616410066,0.00869643198225493,20203002.9,24,0.2485764823969354,,False,False,False,False,False,False,True,False,False,False,True,mixed,False,True,True,False
2024-12-20,510880.SH,2.979,2.90577,0.04270213510675536,0.028305143251639686,-0.004344919786096191,26.15657732529839,20.984316412858927,1.845654351949089,1.9413277811701426,1.6657821660584498,1.357872942650764,0.007271530352151372,642796691.95,431,1.71441856742159,1,True,True,True,True,True,True,True,True,False,False,True,risk_on_setup,True,False,True,False
2024-12-20,510500.SH,5.856,5.26192,0.029716898188851593,0.32638731596828996,0.19048587111201476,-4.370067856127128,5.310581613587421,0.6809442895589459,0.4156201687762599,0.10712127455815092,0.12954115964193005,0.01028666617718817,2322115800.55,477,0.23500480926215037,2,True,True,True,True,True,True,True,True,False,False,True,risk_on_setup,True,False,True,False
2024-12-20,159928.SZ,0.826,0.78955,0.01599015990159902,0.23283582089552235,0.04030226700251882,4.971223613467746,2.826123497766173,0.1812358495799632,0.882493597548016,-0.13994349662076963,-0.39746361080225234,0.011737488354032963,457931381.5804001,477,0.2175273182104481,3,True,True,True,True,True,True,True,True,False,False,True,risk_on_setup,True,False,True,False
2024-12-20,512100.SH,2.471,2.13062,0.043056141831996575,0.4233870967741935,0.2710905349794239,-10.673866691280573,4.5981697104187145,0.8179069523087757,0.10055921751112076,0.036276093985109024,0.2739853412229613,0.013581203139796015,2539961414.6,477,0.10953119284308419,4,True,True,False,True,True,True,True,True,False,False,True,risk_on_setup,True,False,True,False
2024-12-20,510300.SH,3.807,3.54007,0.017370390165686755,0.24289911851126345,0.15784671532846728,-3.887685308433132,3.1236340556828655,0.4287594429798043,0.4397294254839214,-0.11035781858219926,-0.13641916151360547,0.009136076389651745,5345474023.55,477,0.10446481045796778,5,True,True,False,True,True,True,True,True,False,False,True,risk_on_setup,True,False,True,False
2024-12-20,159995.SZ,1.253,1.01991,0.061864406779660985,0.6596026490066225,0.4586728754365541,-22.296575563349794,1.0344185935573469,1.523012767479969,-0.4803383982394564,-0.31811802866844635,1.017607218569643,0.016197343674041863,872537689.0720501,468,-0.11586112704923252,6,True,True,False,True,True,True,False,False,True,False,True,risk_on_setup,True,False,True,False
2024-12-20,512660.SH,1.06,0.9720799999999999,0.005692599620493288,0.34007585335018975,0.22543352601156075,-17.847026326423073,0.06856180219412049,0.10331478691450156,-0.25795198459478896,-0.4141668151745058,-0.47964107361337777,0.01392138799484808,413935026.1,471,-0.3647757346303935,7,True,False,False,True,True,True,False,False,True,False,True,risk_on_setup,True,False,True,False
2024-12-20,159915.SZ,2.169,1.90758,0.015449438202247201,0.43832891246684347,0.2766333137139494,-20.982619098964772,0.7375597030022193,0.202524560472412,-0.4146674616477676,-0.3476389022144215,-0.3750120144325785,0.013698530599196835,3942107517.9792504,477,-0.37992494843139135,8,True,False,False,True,True,True,False,False,True,False,True,risk_on_setup,True,False,True,False
2024-12-20,512010.SH,0.368,0.35487,-0.008086253369272267,0.19480519480519476,0.10179640718562877,-18.22940484773497,-0.09843980215224434,-0.00508991370634822,-0.27706308630001186,-0.4307741441133994,-0.5939673282753245,0.011274043407480023,660005502.6,477,-0.40192835782042946,9,True,False,False,True,True,True,False,False,True,False,True,risk_on_setup,True,False,True,False
2024-12-20,588080.SH,1.021,0.8590099999999999,0.03971486761710796,0.5707692307692305,0.3910081743869209,-27.834298845133752,0.30282062121416475,0.8228388516419834,-0.7571112475366838,-0.39087115116259724,0.27918664315826636,0.014406997266341872,1187578201.4,399,-0.40335563084805914,10,True,False,False,True,True,True,False,False,True,False,True,risk_on_setup,True,False,True,False
2024-12-20,512880.SH,1.203,1.02601,0.021222410865874508,0.47426470588235303,0.48518518518518516,-34.39705319954059,0.9288306876778593,0.4065642344761031,-1.0851146759278951,-0.3286181259086664,-0.159826772485607,0.013707858300854204,1695858005.5,477,-0.597458475231746,11,True,False,False,True,True,True,False,False,True,False,True,risk_on_setup,True,False,True,False
2024-12-20,516160.SH,2.024,1.9209399999999999,-0.04976525821596234,0.2697616060225847,0.15196357427433127,-51.39439863187221,-19.724960624436587,-2.1329961086951315,-1.9346341420360187,-2.3825163953177984,-2.838109364107225,0.011293822218519075,102030057.45,476,-2.2944820877629724,12,True,False,False,True,True,True,False,False,True,False,True,risk_on_setup,True,False,True,False
2024-12-20,515300.SH,1.288,1.22317,0.03370786516853941,0.1510277033065237,0.08967851099830804,15.868827588529372,19.323300417215254,1.7044713220642467,1.4271508057931621,1.5006038785780111,1.208977858432845,0.005407552416671339,56567825.6,460,1.4128974454350383,,False,False,False,True,False,True,True,False,False,False,True,risk_on_setup,True,False,True,False
2024-12-20,530880.SH,0.99,,0.034482758620689724,,,,19.852417490286573,1.2344370202851183,0.0,1.553221464583084,0.7132681615535618,0.007314434242989586,14946211.25,29,0.763942218143946,,False,False,False,False,False,False,True,False,False,False,True,risk_on_setup,True,False,True,False
2024-12-27,159995.SZ,1.271,1.0391199999999998,0.047815333882934796,0.43778280542986403,0.513095238095238,-2.8601801023994744,11.174896928187808,1.21695408625074,1.049833405403199,1.1415953500124247,0.8865126364567056,0.014094069924376186,920433912.9834,473,1.0538740294575908,1,True,True,True,True,True,True,True,True,False,False,True,mixed,True,False,False,True
2024-12-27,510880.SH,3.03,2.9077699999999997,0.039094650205761194,0.07752489331436707,0.04880581516095539,7.437648699698854,3.470782627498642,1.1296752945667927,1.518171006793729,0.5062783630922146,0.8163008746094518,0.007398513316829031,660238993.0,436,0.973039922876268,2,True,True,True,True,True,True,True,True,False,False,True,mixed,True,False,False,True
2024-12-27,510300.SH,3.856,3.5698399999999997,0.017414248021108136,0.05412793876435207,0.17596828301311374,-12.286568085955842,0.08377218114657714,0.2282354718069705,0.6211282848543179,0.22696977712650804,0.09113411950089952,0.008058421274908925,5403382440.1,482,0.35746604869251025,3,True,True,True,True,True,True,True,True,False,False,True,mixed,True,False,False,True
2024-12-27,159928.SZ,0.826,0.79306,-0.0024154589371980784,-0.027090694935217874,0.05761843790012788,-15.59064313021794,-0.9269757743447867,-0.0727261180197499,0.4708614071675661,0.14361881417920427,-0.1509755965295884,0.010995267003081548,464689832.33280003,482,0.21559696923279048,4,True,True,False,True,True,True,True,True,False,False,True,mixed,True,False,False,True
2024-12-27,588080.SH,1.03,0.8741599999999999,0.01079489695780178,0.37700534759358284,0.46099290780141855,-29.712772647519486,0.022544054415803663,0.10259228774152435,-0.17140254883369602,0.2219206218996854,-0.009940026315400769,0.011317762181930188,1132082562.75,404,0.01821922396331559,5,True,True,False,True,True,True,True,True,False,False,True,mixed,True,False,False,True
2024-12-27,510500.SH,5.838,5.3192900000000005,0.008116042134346246,0.09325842696629216,0.21296488676501157,-30.05387389798492,-1.7753560323855244,0.00040964939513460043,-0.186915580225492,0.07365744441437395,-0.09214124530661576,0.009937305313181497,2494519651.45,482,-0.06373150338577038,6,True,True,False,True,True,True,False,False,True,False,True,mixed,True,False,False,True
2024-12-27,512660.SH,1.07,0.97967,0.0037523452157599557,0.17711771177117708,0.24854142357059517,-32.370213727984364,-3.8361352708029717,3.235786511984103e-05,-0.29226099437398106,-0.09628396680559974,-0.09244475893852198,0.01243744256911526,413982613.35,476,-0.17390693625953674,7,True,False,False,True,True,True,False,False,True,False,True,mixed,True,False,False,True
2024-12-27,159915.SZ,2.163,1.9345599999999998,-0.007342817806333168,0.16290322580645156,0.3278084714548801,-40.228751538625836,-4.870000919426626,-0.07835203231637586,-0.6496614541604819,-0.18154132191845573,-0.15550138506477057,0.010856313148699524,3535697652.4486,482,-0.36358138744452917,8,True,False,False,True,True,True,False,False,True,False,True,mixed,True,False,False,True
2024-12-27,512100.SH,2.429,2.15939,-0.00246406570841895,0.1599808978032473,0.2831484416270469,-45.06551478327894,-6.264815613907429,-0.09894368466611995,-0.8696338522288145,-0.2965642089660048,-0.17206641951273935,0.013762353819642541,2532264487.65,482,-0.5008925083804756,9,True,False,False,True,True,True,False,False,True,False,True,mixed,True,False,False,True
2024-12-27,512010.SH,0.366,0.35692999999999997,-0.02917771883289122,0.008264462809917328,0.1366459627329193,-33.55115282876766,-12.923469509106045,-0.8287369423939552,-0.34596922709741124,-0.8456676833606774,-0.7591514308963538,0.010393080938717476,623853895.55,482,-0.6284850503625062,10,True,False,False,True,True,True,False,False,True,False,True,mixed,True,False,False,True
2024-12-27,512880.SH,1.213,1.0459699999999998,-0.002467105263157854,0.205765407554672,0.551150895140665,-57.13154217891949,-6.951925916249996,-0.013396062381989503,-1.4183878116688133,-0.3532265104231709,-0.10324730359093945,0.01187906670758283,1635868119.45,482,-0.7292951895549816,11,True,False,False,True,True,True,False,False,True,False,True,mixed,True,False,False,True
2024-12-27,515300.SH,1.32,1.22952,0.05011933174224348,0.06194690265486713,0.1253196930946292,13.495312415567456,16.953327364204032,2.268902479312872,1.7936690510166298,1.6181115166286784,1.7327565935996674,0.006409501123519731,65361223.55,465,1.7112635457780567,,False,False,False,True,False,True,True,False,False,False,True,mixed,True,False,False,True
2024-12-27,516160.SH,2.014,1.93579,-0.06759259259259276,0.08629989212513478,0.19030732860520083,-59.35329956703874,-37.441927867750486,-3.4272133419394466,-1.5194316866467539,-2.8675734444095746,-2.8495058298351,0.009321518897413917,96407257.15,481,-2.3247032183895513,,False,False,False,True,False,True,False,False,False,False,True,mixed,True,False,False,True
2024-12-27,530880.SH,1.006,,0.04140786749482395,,,,5.925494047239267,1.181845964277401,0.0,0.7087052485303941,0.858269771823306,0.007370449004214243,16291981.6,34,0.45513605377681887,,False,False,False,False,False,False,True,False,False,False,True,mixed,True,False,False,True
2025-01-03,510880.SH,2.963,2.90903,-0.0036987222595831204,0.06048675733715103,0.03673897830650796,-3.065678721570956,-0.0019372559750757258,-0.03072749368811468,1.4949903879682,1.057539065987607,1.1367708100083325,0.00968993633577832,699636623.4,440,1.2483659435839893,1,True,True,True,True,True,True,True,True,False,False,True,mixed,True,False,False,True
2025-01-03,159995.SZ,1.147,1.05246,-0.043369474562135135,0.01504424778761071,0.32601156069364157,-14.998824323289078,1.4425118162171948,-0.5890957385251041,1.038894897899563,1.1539230064850798,0.9167228482987984,0.019720009864387284,914106391.76485,477,1.060471731413617,2,True,True,True,True,True,True,True,True,False,False,True,mixed,True,False,False,True
2025-01-03,510300.SH,3.658,3.5912400000000004,-0.03635405690200211,-0.05600000000000005,0.12208588957055211,-26.47393946133917,-2.5142509791852614,-1.1214662364865116,0.6003057415140544,0.8898995824844856,0.7069203675275334,0.011060805116217334,5925065573.05,486,0.7374662031049228,3,True,True,True,True,True,True,True,True,False,False,True,mixed,True,False,False,True
2025-01-03,510500.SH,5.37,5.35504,-0.08126603934987164,-0.04719659332860182,0.12272632239180425,-54.50907840574836,-20.87178117558854,-3.6174239062645155,-0.471222325163656,-0.33504571478742423,-0.27671436246731296,0.013458264253169204,2682722973.65,486,-0.3778500884738947,4,True,True,False,True,True,True,False,False,True,False,True,mixed,True,False,False,True
2025-01-03,159915.SZ,1.978,1.95302,-0.09141019751952228,-0.09015639374425022,0.22098765432098766,-63.60626233032292,-24.442753772976737,-4.955419093207453,-0.818924825309633,-0.5733264662315676,-0.8040063716142779,0.014694738694307579,3610319408.2813997,486,-0.7177017909393358,5,True,True,False,True,True,True,False,False,True,False,True,mixed,True,False,False,True
2025-01-03,512880.SH,1.076,1.05893,-0.12377850162866444,-0.033243486073674666,0.4102228047182177,-79.21825347408948,-24.202640421551514,-6.187869197309169,-1.4156290799395455,-0.5573043915029012,-1.2897040018501442,0.019275291986095636,1720854064.85,486,-1.0471141889470075,6,True,True,False,True,True,True,False,False,True,False,True,mixed,True,False,False,True
2025-01-03,512100.SH,2.212,2.1774299999999998,-0.10590137429264346,-0.00225529995489393,0.18415417558886515,-71.67344298691584,-32.84444280082761,-4.994997182718641,-1.127259679994656,-1.1339470591816654,-0.8196037448636052,0.015972759991494893,2557217138.55,486,-1.0684034446432495,7,True,False,False,True,True,True,False,False,True,False,True,mixed,True,False,False,True
2025-01-03,159928.SZ,0.791,0.79506,-0.041212121212121144,-0.07916181606519201,0.04629629629629628,-33.333797568145826,-14.789944976994098,-1.1985141179522067,0.33811583371850884,0.07077775768089101,0.6765564823543827,0.011765402368080373,464681613.40564996,486,0.2988687330306365,8,True,False,False,True,True,False,True,False,True,False,True,mixed,True,False,False,True
2025-01-03,512660.SH,0.966,0.98411,-0.09550561797752821,-0.05386875612144948,0.14049586776859502,-48.18485870376345,-15.515527059552664,-3.5379466074910884,-0.22950499592372473,0.02236174799408618,-0.24539306552934328,0.016699231394567787,429395382.1,480,-0.13193591227772408,9,True,False,False,True,True,False,False,False,True,False,True,mixed,True,False,False,True
2025-01-03,512010.SH,0.348,0.35780999999999996,-0.06702412868632712,-0.13000000000000012,0.09090909090909083,-48.67048697710826,-31.786097641531104,-3.572925639674182,-0.24806614255806195,-1.063326724534211,-0.2591779911687107,0.011567309883035353,628461194.5,486,-0.5763927450706514,10,True,False,False,True,True,False,False,False,True,False,True,mixed,True,False,False,True
2025-01-03,516160.SH,1.883,1.9455599999999997,-0.11513157894736847,-0.095581171950048,0.14607425441265987,-66.20860725289793,-44.6440733632208,-8.060432879871133,-0.9183887740792339,-1.9213025374137718,-2.0276647031062742,0.010932833464168434,100503520.8,485,-1.5414094652184571,11,True,False,False,True,True,False,False,False,True,False,True,mixed,True,False,False,True
2025-01-03,515300.SH,1.284,1.23505,0.009433962264151052,-0.008494208494208455,0.07357859531772593,3.78132427256196,4.11477163375788,0.05867465653947924,1.756688961868182,1.3322352337598846,1.1720034026780228,0.008659145904699569,77640859.4,469,1.4699703587868314,,False,False,False,True,False,True,True,False,False,False,True,mixed,True,False,False,True
2025-01-03,530880.SH,0.976,,-0.008130081300813052,,,,-0.002275450173189271,-0.09030884339768137,0.0,1.0575164992595063,1.1132903297325951,0.010109089866315531,13299997.05,38,0.6456646656503215,,False,False,False,False,False,False,True,False,False,False,True,mixed,True,False,False,True
2025-01-10,159995.SZ,1.195,1.06957,-0.007475083056478371,0.13593155893536113,0.3074398249452954,-39.7166637927619,-0.09465134338438094,0.041091781826045115,0.7676939290424598,1.3806058272036557,1.3988065827147496,0.021619791949105745,915004300.3897501,482,1.1390812190413961,1,True,True,True,True,True,True,True,True,False,False,True,confirmed_risk_off,False,True,False,True
2025-01-10,588080.SH,0.961,0.88888,-0.05133267522211249,0.027807486631015843,0.3310249307479225,-50.910797161231635,-5.312219573446559,-2.6144757643754413,0.30610269303623244,1.1292065391160153,0.7539376817419192,0.01885408375450791,1141969232.5,410,0.724911229209283,2,True,True,True,True,True,True,True,True,False,False,True,confirmed_risk_off,False,True,False,True
2025-01-10,510880.SH,2.866,2.90739,-0.05723684210526314,0.03765387400434461,-0.020840450973693136,-20.40234369118286,-7.766440669294078,-1.5836162587846694,1.5641218966973187,1.0109542405162935,1.0042680630491465,0.009617218319332299,630585611.5,445,1.2308840674952741,3,True,True,True,True,True,False,True,False,True,False,True,confirmed_risk_off,False,True,False,True
2025-01-10,510300.SH,3.612,3.6143799999999997,-0.07526881720430112,-0.010952902519167584,0.08143712574850315,-41.98263934185771,-14.032238406759252,-2.8670237152259435,0.674256195183299,0.7090478693788871,0.6926098048664624,0.010173188976554242,5288138843.9,491,0.691843586798167,4,True,True,False,True,True,False,True,False,True,False,True,confirmed_risk_off,False,True,False,True
2025-01-10,512660.SH,0.967,0.9884100000000001,-0.12010919017288446,-0.02618328298086614,0.11921296296296302,-64.21950474971852,-34.15770549631423,-4.633595050262184,-0.24268322751733956,-0.2606621326089665,0.26362169008683883,0.01649851355719598,409558023.05,485,-0.14861380603315466,5,True,True,False,True,True,False,False,False,True,False,True,confirmed_risk_off,False,True,False,True
2025-01-10,159928.SZ,0.768,0.79571,-0.11724137931034484,-0.026615969581749055,-0.015384615384615441,-50.23765718387429,-38.96894465728275,-8.810385400167249,0.3338596889488205,-0.49248317385914436,-0.7506557310956685,0.008554654699650723,340341527.68595004,491,-0.21358054018326325,6,True,True,False,True,True,False,False,False,True,False,True,confirmed_risk_off,False,True,False,True
2025-01-10,512010.SH,0.336,0.35818999999999995,-0.1272727272727272,-0.06666666666666654,0.02752293577981657,-58.17614404580243,-42.950934848667444,-9.214981162896201,0.006515370098925369,-0.6843483215956311,-0.8489063763193195,0.009424727043645928,561227013.15,491,-0.4409144558625462,7,True,False,False,True,True,False,False,False,True,False,True,confirmed_risk_off,False,True,False,True
2025-01-10,510500.SH,5.306,5.39081,-0.12210456651224344,-0.008038885773041682,0.10243091626843981,-71.73809007368968,-43.3173631008206,-7.541173657855912,-0.5527128634412283,-0.7020040182084196,-0.4424447113696341,0.012412363062051488,2380219806.0,491,-0.5903756949337859,8,True,False,False,True,True,False,False,False,True,False,True,confirmed_risk_off,False,True,False,True
2025-01-10,159915.SZ,1.938,1.97267,-0.1379003558718862,-0.028571428571428692,0.16466346153846145,-84.0312873335937,-48.054270586760886,-10.065302199786261,-1.0596241115821974,-0.9302435192926652,-1.0553954160418157,0.013002451402071125,3194160556.58805,491,-1.0070261355583083,9,True,False,False,True,True,False,False,False,True,False,True,confirmed_risk_off,False,True,False,True
2025-01-10,512100.SH,2.177,2.19621,-0.14927706135209073,0.009272137227630983,0.15552016985138017,-87.29568148954175,-55.972554436132356,-9.289683566739942,-1.1942317389577817,-1.311772008204084,-0.8670468514639449,0.015240270535173975,2376041781.7,491,-1.1758108691575353,10,True,False,False,True,True,False,False,False,True,False,True,confirmed_risk_off,False,True,False,True
2025-01-10,512880.SH,1.054,1.07215,-0.16282764098490854,-0.03125,0.35128205128205137,-101.65507511951319,-52.19178770383206,-10.09167762267662,-1.786342806048324,-1.1296024566016123,-1.0618003331362156,0.018362541977645943,1450346471.7,491,-1.3787381716872178,11,True,False,False,True,True,False,False,False,True,False,True,confirmed_risk_off,False,True,False,True
2025-01-10,515300.SH,1.261,1.2407100000000002,-0.03223330775134303,0.003980891719745028,0.03700657894736836,-16.87459134662807,-0.6206988653414625,-0.29500295617546807,1.7095891259545237,1.3552591586621114,1.3171904910330272,0.009033573006015526,84733010.8,474,1.4893774120532597,,False,False,False,True,False,True,True,False,False,False,True,confirmed_risk_off,False,True,False,True
2025-01-10,516160.SH,1.833,1.95451,-0.1434579439252337,-0.029645314981471715,0.0669383003492432,-71.10346785893432,-51.87233123030429,-12.097377277933443,-0.5265441514147091,-1.1142100119839953,-1.5488575477859223,0.010702524770242989,90100774.55,490,-0.9660731749166662,,False,False,False,True,False,False,False,False,False,False,True,confirmed_risk_off,False,True,False,True
2025-01-10,530880.SH,0.95,,-0.05284147557328012,,,,-7.158391620024063,-1.0054307178758992,0.0,1.0402520074775559,1.1446726537203757,0.01045177542196262,8878951.75,43,0.6450353337350976,,False,False,False,False,False,False,True,False,False,False,True,confirmed_risk_off,False,True,False,True
2025-01-17,510880.SH,2.911,2.90556,-0.031925507149983434,0.04599353215954016,-0.011544991511035607,-29.852756439587026,-18.072271943238874,-0.4845594179917899,1.671387623604459,0.6416829088952911,1.0082143543674746,0.010143282707987419,594383674.05,450,1.126871083873395,1,True,True,True,True,True,True,True,True,False,False,True,mixed,True,False,False,True
2025-01-17,588080.SH,0.975,0.9021199999999999,-0.010152284263959421,-0.034653465346534684,0.3193504736129904,-52.92007858480004,-5.999995612951932,-0.05885724035200301,0.2491399575681866,1.6683682273374085,1.3053937937847626,0.01998685976811623,1087826062.2,415,1.0280820327191906,2,True,True,True,True,True,True,True,True,False,False,True,mixed,True,False,False,True
2025-01-17,159995.SZ,1.22,1.0883500000000002,0.0016420361247948545,0.0418445772843723,0.375422773393461,-58.64782436975531,-6.86054794815539,-0.24406152011606821,-0.10401213451339339,1.5951826553597441,1.1761041003584365,0.022375475271114102,910971194.9609,487,0.8316890284102276,3,True,True,True,True,True,True,True,True,False,False,True,mixed,True,False,False,True
2025-01-17,510300.SH,3.687,3.63808,-0.03456402199528674,-0.029736842105263173,0.12066869300911853,-46.9617694456342,-20.94933179047877,-1.075904841769553,0.6165077522933231,0.3970036930932194,0.5954006297241508,0.01102926245023185,4961533798.25,496,0.5244847040994473,4,True,True,False,True,True,True,True,True,False,False,True,mixed,True,False,False,True
2025-01-17,510500.SH,5.519,5.434309999999999,-0.05561259411362085,-0.02577228596646075,0.18918336565395388,-60.126387455014864,-27.43492968467026,-2.395797306041787,-0.19517498748175074,-0.15456321584012234,-0.32600622047859423,0.0149181130068222,2259757116.65,496,-0.2050965254244681,5,True,True,False,True,True,True,False,False,True,False,True,mixed,True,False,False,True
2025-01-17,512100.SH,2.295,2.21887,-0.06173344235486522,-0.00390625,0.25684556407447956,-67.5646473172867,-27.961378323732585,-2.537670630429508,-0.6537911919067967,-0.19933497833557853,-0.42504690484522617,0.018682153464503866,2446832222.4,496,-0.42625984906599534,6,True,True,False,True,True,True,False,False,True,False,True,mixed,True,False,False,True
2025-01-17,159915.SZ,2.026,1.99501,-0.06678949792722244,-0.04971857410881819,0.23536585365853657,-74.88824270283493,-34.506536767879986,-3.1880255360353997,-1.1053375993536416,-0.75596720722392,-0.8790546981381742,0.017481891266445084,3352711060.8360996,496,-0.9203328622586595,7,True,False,False,True,True,True,False,False,True,False,True,mixed,True,False,False,True
2025-01-17,512880.SH,1.094,1.08598,-0.08681135225375614,-0.03866432337434078,0.3918575063613232,-95.81690582521748,-47.432028703020904,-4.012664200175811,-2.39572328398956,-1.8552141462753684,-1.4547286523795688,0.020835879910382066,1437103289.45,496,-1.9913207025818853,8,True,False,False,True,True,True,False,False,True,False,True,mixed,True,False,False,True
2025-01-17,512660.SH,0.992,0.99485,-0.05523809523809531,-0.06415094339622651,0.14022988505747125,-57.56985106148252,-26.401290309881542,-1.9094513122029428,-0.037548198557197245,-0.06665747696990873,0.013508203932382319,0.0182599724224345,406838451.3,490,-0.03898062942436593,9,True,False,False,True,True,False,False,False,True,False,True,mixed,True,False,False,True
2025-01-17,159928.SZ,0.783,0.79743,-0.05434782608695643,-0.048602673147023046,0.0235294117647058,-44.80157582800145,-32.111949732867764,-3.2682054675644236,0.7496974789344888,-0.5523198349043323,-0.935027696059914,0.009593995462788898,269501105.9592,496,-0.1080544815999202,10,True,False,False,True,True,False,False,False,True,False,True,mixed,True,False,False,True
2025-01-17,512010.SH,0.341,0.35893,-0.07588075880758804,-0.09308510638297862,0.027108433734939874,-56.658923940298386,-43.21520702739115,-4.407623346347491,0.018616273585579348,-1.4965950435966069,-1.730446616292236,0.01045558459411837,537504323.0,496,-0.9372808312628582,11,True,False,False,True,True,False,False,False,True,False,True,mixed,True,False,False,True
2025-01-17,515300.SH,1.268,1.24497,-0.020849420849420763,0.0007892659826362891,0.052282157676348584,-35.53739006589855,-15.502880386993583,-0.23400754354461578,1.3208936713200718,0.8601965111318532,1.1831227046277033,0.009817299560273303,85099875.25,479,1.1090606139063108,,False,False,False,True,False,True,True,False,False,False,True,mixed,True,False,False,True
2025-01-17,516160.SH,1.908,1.9659799999999998,-0.06148548942449583,-0.07915057915057921,0.11513734658094665,-59.14482443903719,-33.217118939301734,-2.5996815015874035,-0.1346553615037747,-0.6463088198808811,-0.4683362204664266,0.01320520922507276,87126851.75,495,-0.40605291664714765,,False,False,False,True,False,False,False,False,False,False,True,mixed,True,False,False,True
2025-01-17,530880.SH,0.963,,-0.03313253012048201,,,,-18.979512681148428,-0.5867108469590439,0.0,0.5645267272091987,0.9369032218652333,0.01050857589900623,6468578.75,48,0.4131913352567262,,False,False,False,False,False,False,True,False,False,False,True,mixed,True,False,False,True
2025-01-24,512100.SH,2.339,2.24688,-0.03546391752577316,-0.027442827442827333,0.2774440196613872,-22.6288049462974,-0.02314716202469185,-1.2276317416320144,1.0237317171530937,1.0329319449128067,0.6732368559696434,0.017902236650151136,2445732869.35,501,0.9573128360202889,1,True,True,True,True,True,True,True,True,False,False,True,risk_on_setup,True,False,True,False
2025-01-24,510500.SH,5.59,5.489069999999999,-0.0401785714285714,-0.043954164528818285,0.2102186620480624,-22.771153209034505,-0.2781891398943939,-1.5507239509739688,1.0073353832036385,0.9959440503904172,0.33271328051258564,0.014517201604028135,2174906486.4,501,0.8678544295401394,2,True,True,True,True,True,True,True,True,False,False,True,risk_on_setup,True,False,True,False
2025-01-24,159915.SZ,2.084,2.02251,-0.03785780240073866,-0.01790763430725717,0.30168644597126804,-26.397405133099493,-0.05901546979079525,-1.154061293298241,0.5896468467328257,1.0277300828686415,0.7507765532765512,0.01816567569112432,3427590136.30515,501,0.7971060824958972,3,True,True,True,True,True,True,True,True,False,False,True,risk_on_setup,True,False,True,False
2025-01-24,159995.SZ,1.216,1.10917,-0.050741608118657244,0.025295109612141653,0.39609644087256024,-29.710153353746247,0.004271686976123502,-1.1373903919402764,0.2080691226934207,1.0369084098980557,0.7683468776990068,0.02101063110351269,792944206.8186,492,0.651660388576392,4,True,True,False,True,True,True,True,True,False,False,True,risk_on_setup,True,False,True,False
2025-01-24,510300.SH,3.718,3.6642799999999998,-0.037286380113930595,-0.011170212765957421,0.15465838509316754,-25.50184945164201,-2.1388151722158444,-1.4787539356714323,0.6928011089708385,0.7261036107735414,0.40856619874429895,0.011104191275356386,4619352007.55,501,0.6492751276466118,5,True,True,False,True,True,True,True,True,False,False,True,risk_on_setup,True,False,True,False
2025-01-24,510880.SH,2.924,2.9053200000000006,-0.035301880567469524,0.02921506511791616,-0.009820521503555724,-26.38049858013805,-15.191864813550273,-0.8845187205890812,0.5915942220148265,-1.1669370069394047,1.0348613994687819,0.010523273968300568,599329973.55,455,-0.02316483407607489,6,True,True,False,True,True,True,False,False,True,False,True,risk_on_setup,True,False,True,False
2025-01-24,588080.SH,0.985,0.9133399999999999,-0.03525954946131238,-0.018924302788844605,0.3756983240223464,-49.414489049676845,-5.323280617921862,-0.5581269402581313,-2.0615677672159816,0.26427111951147886,1.3788625632989409,0.019374877002893885,1047359461.55,419,-0.4431461464220129,7,True,False,False,True,True,True,False,False,True,False,True,risk_on_setup,True,False,True,False
2025-01-24,512880.SH,1.114,1.10146,-0.07475083056478393,-0.04459691252144071,0.3977415307402761,-51.29049882669361,-5.499398329738932,-3.297687497100946,-2.277655285285789,0.23872935025989922,-1.5085018763985096,0.02057557068462368,1430278536.6,501,-1.117270749290058,8,True,False,False,True,True,True,False,False,True,False,True,risk_on_setup,True,False,True,False
2025-01-24,512660.SH,0.99,1.00311,-0.05982905982905973,-0.0892364305427783,0.0915104740904078,-30.2870323162324,-2.9235692402533764,-3.3511441059522116,0.14162152484105392,0.6122933237884804,-1.5648425588771033,0.01780718370290703,378106725.5,495,-0.011402572323606919,9,True,False,False,True,True,False,False,False,True,False,True,risk_on_setup,True,False,True,False
2025-01-24,512010.SH,0.346,0.36032,-0.05722070844686655,-0.06486486486486487,0.08124999999999982,-28.651189600548356,-9.89408343918651,-2.400404881405791,0.3300454854809882,-0.3986172961435718,-0.5628093599671042,0.011546074933052637,536124329.55,501,-0.13999059625845428,10,True,False,False,True,True,False,False,False,True,False,True,risk_on_setup,True,False,True,False
2025-01-24,159928.SZ,0.773,0.8005499999999999,-0.06075334143377875,-0.06075334143377875,0.03897849462365599,-30.442514420434883,-15.07315153254953,-3.3388477592819297,0.12371237403971148,-1.149720412429204,-1.551882803698382,0.009777000061025913,241259602.90550002,501,-0.7207797760954735,11,True,False,False,True,True,False,False,False,True,False,True,risk_on_setup,True,False,True,False
2025-01-24,515300.SH,1.266,1.24872,-0.040909090909090895,0.018503620273531807,0.07197290431837433,-34.697425073038445,-18.848564677894085,-1.3875156013473695,-0.36638799419609513,-1.6972560940642878,0.5047269940975959,0.00931460277569201,98747321.1,484,-0.7245122364846339,,False,False,False,True,False,True,False,False,False,False,True,risk_on_setup,True,False,True,False
2025-01-24,516160.SH,1.892,1.9792699999999999,-0.06197322756569157,-0.12569316081330884,0.1116333725029377,-31.542132461627997,-5.675590624758006,-2.9219542341970253,-0.0029467384325367212,0.21317676445321024,-1.1124971743266803,0.013749991416134677,83469987.8,500,-0.13840742445706666,,False,False,False,True,False,False,False,False,False,False,True,risk_on_setup,True,False,True,False
2025-01-24,530880.SH,0.959,,-0.045771144278606846,,,,-19.112666082479716,-1.4409183760592954,0.0,-1.735557847280062,0.44844305020037184,0.011238791645374913,4672381.15,53,-0.6045345288719505,,False,False,False,False,False,False,False,False,False,False,True,risk_on_setup,True,False,True,False
2025-02-07,512100.SH,2.414,2.27006,0.0601668862538427,-0.026220250100847053,0.32419089413055424,19.067441888645046,32.545353641158364,2.735347388650841,1.7774790636342213,2.0720334323715073,1.5510871773292352,0.01707709726247634,2476097992.7,505,1.8500224338681386,1,True,True,True,True,True,True,True,True,False,False,True,mixed,False,True,True,False
2025-02-07,510500.SH,5.769,5.5350600000000005,0.051969365426695946,-0.04958813838550247,0.24951267056530213,14.252480073163595,24.538798843184885,2.2905317289229377,1.3403287202567677,1.3655667454712046,1.2120316028280222,0.012759116636974531,2167183694.45,505,1.3247645068567935,2,True,True,True,True,True,True,True,True,False,False,True,mixed,False,True,True,False
2025-02-07,159915.SZ,2.131,2.04441,0.05547300643883091,-0.041385515069725654,0.35215736040609125,10.881602911206322,23.84485995645337,1.6813172126012594,1.034286810621085,1.3043363263220615,0.747664907751959,0.017582420701806475,3443339907.55935,505,1.0849822363276505,3,True,True,True,True,True,True,True,True,False,False,True,mixed,False,True,True,False
2025-02-07,159995.SZ,1.273,1.1266,0.08803418803418794,0.03244120032441189,0.5082938388625591,-2.469001122370569,19.091373152749856,3.4640684788471297,-0.17781441909364876,0.8849074760646809,2.1065463714565094,0.02027614950875495,796003855.3051001,496,0.7041464970797147,4,True,True,False,True,True,True,True,True,False,False,True,mixed,False,True,True,False
2025-02-07,512660.SH,1.028,1.01019,0.032128514056224855,-0.11455641688199825,0.16289592760181004,10.268099757856913,14.612815516646869,1.1280760733086026,0.9785868644060332,0.4897372867504767,0.32596326974011164,0.0157919604491562,347018973.4,499,0.6525223144106262,5,True,True,False,True,True,True,True,True,False,False,True,mixed,False,True,True,False
2025-02-07,510300.SH,3.777,3.68714,0.021362898864250912,-0.031538461538461515,0.18142008132624343,-0.9911399766495996,6.390955951739837,0.4298738018981707,-0.04363941790487613,-0.23572704010951123,-0.206233308941324,0.00941071695494907,4384657202.5,505,-0.15299324499401976,6,True,True,False,True,True,True,False,False,True,False,True,mixed,False,True,True,False
2025-02-07,512880.SH,1.128,1.1136,0.01989150090415892,-0.10262529832935563,0.38916256157635454,-7.784085531823161,8.542954221648397,0.33066239243486467,-0.6603708886385734,-0.045843235362145,-0.2818560544472556,0.01569738030226489,1315990967.85,505,-0.3388568604897385,7,True,False,False,True,True,True,False,False,True,False,True,mixed,False,True,True,False
2025-02-07,510880.SH,2.911,2.90616,-0.027722110888443563,0.002065404475042998,-0.02348205300234818,-3.939090205823729,-0.2488422451466971,-0.5304964216019444,-0.311283794813451,-0.8215965373155145,-0.9382643666200782,0.010152301272356994,581672064.5,459,-0.6408050061756019,8,True,False,False,True,True,True,False,False,True,False,True,mixed,False,True,True,False
2025-02-07,588080.SH,1.029,0.92598,-0.008670520231213952,0.051072522982635205,0.4411764705882353,-15.270169289693571,1.781000170665255,-0.03633149713306859,-1.3400323710584923,-0.642491281358066,-0.5615928877727859,0.021304874541050855,1109940291.9,423,-0.9053280385211806,9,True,False,False,True,True,True,False,False,True,False,True,mixed,False,True,True,False
2025-02-07,512010.SH,0.354,0.36157000000000006,0.008547008547008517,-0.0732984293193718,0.05988023952095789,2.5018943927216664,1.1829078919675986,0.025643374419034082,0.2734931435809124,-0.6952645753969867,-0.5143532611562438,0.010358603179489641,537926341.75,505,-0.2715792249576785,10,True,False,False,True,True,False,False,False,True,False,True,mixed,False,True,True,False
2025-02-07,159928.SZ,0.772,0.80302,-0.03379224030037553,-0.09601873536299765,0.015789473684210575,-15.912545969733552,-4.1945384877910445,-1.0820228664610054,-1.3983537445228147,-1.169749147569486,-1.3586589986991027,0.00958906479725906,218922361.24795,505,-1.298972956576741,11,True,False,False,True,True,False,False,False,True,False,True,mixed,False,True,True,False
2025-02-07,515300.SH,1.272,1.25336,-0.019275250578257408,0.006329113924050667,0.09372312983662945,-14.343706675297682,-1.2041048025965808,-0.2995383068185935,-1.2559188379651796,-0.9058851222449952,-0.7622192239164973,0.00957553397563564,98553344.85,488,-1.0171654288673693,,False,False,False,True,False,True,False,False,False,False,True,mixed,False,True,True,False
2025-02-07,516160.SH,1.963,1.9893699999999999,0.022395833333333393,-0.11416967509025278,0.16706302021403108,-2.8979769232150496,1.1248552386556183,0.1837803608396148,-0.21676112850198329,-0.7003869116184871,-0.3938151784513351,0.014363983135971642,82604307.3,504,-0.4456222517384552,,False,False,False,True,False,False,False,False,False,False,True,mixed,False,True,True,False
2025-02-07,530880.SH,0.962,,-0.022357723577235755,,,,-1.1332980635078156,-0.5148001281604451,0.0,-0.8996374160047388,-0.926300049101215,0.010939703490053052,3579449.55,57,-0.5451149762221386,,False,False,False,False,False,False,False,False,False,False,True,mixed,False,True,True,False
2025-02-14,512100.SH,2.459,2.3042800000000003,0.10467205750224617,-0.03492935635792782,0.34887547997805823,34.9025575592898,54.79116144733257,6.980695522654766,1.8991808313847363,1.9726135317858904,2.1719095528724375,0.015607099559788035,2158631730.6,510,1.9830996558427383,1,True,True,True,True,True,True,True,True,False,False,True,mixed,False,True,True,False
2025-02-14,510500.SH,5.891,5.603140000000001,0.09335560504825535,-0.049838709677419435,0.2693385046326222,30.292005970120226,46.24636687643055,6.197803600861782,1.5170154607848565,1.463403093886,1.8157601264002452,0.011754137392114606,2103902251.5,510,1.5553194471483918,2,True,True,True,True,True,True,True,True,False,False,True,mixed,False,True,True,False
2025-02-14,159915.SZ,2.174,2.07548,0.1029934043632672,-0.08347386172006743,0.39091490722968647,22.022827791196956,41.12307414594173,5.146632445762359,0.8315891116408382,1.158090413383941,1.337566401836863,0.017526500052389284,3365956657.9011497,510,1.0633850903772841,3,True,True,True,True,True,True,True,True,False,False,True,mixed,False,True,True,False
2025-02-14,588080.SH,1.033,0.9438599999999999,0.058401639344262124,-0.006730769230769318,0.4387186629526463,10.13609880320032,31.634315743799196,1.5259677939080079,-0.1536934735468219,0.5926262842011131,-0.3095289421192365,0.016009431148164912,1102667028.65,428,0.11366733583786917,4,True,True,False,True,True,True,True,True,False,False,True,mixed,False,True,True,False
2025-02-14,512660.SH,1.025,1.02078,0.04698672114402447,-0.12393162393162394,0.18497109826589586,15.546631514075054,22.72369879994082,1.4948762246533538,0.29478176821197216,0.06161537243599551,-0.3236729692191783,0.013678517173068906,326946481.15,504,0.07782426241535141,5,True,True,False,True,True,True,True,True,False,False,True,mixed,False,True,True,False
2025-02-14,510300.SH,3.823,3.7217399999999996,0.045964432284541834,-0.04041164658634544,0.2029578351164254,9.608304859433474,20.25307388569482,2.1384931198549375,-0.19744194142945942,-0.08561672121242772,-0.03088186777456598,0.009171504546284502,4352346911.05,510,-0.11939983861166806,6,True,True,False,True,True,True,False,False,True,False,True,mixed,False,True,True,False
2025-02-14,159995.SZ,1.276,1.1515900000000001,0.06510851419031716,-0.035525321239606944,0.5190476190476192,1.301153284306802,25.69702327098537,1.2350804387864642,-0.886015878611989,0.2388048698962284,-0.4418580182160836,0.01984731671473267,865101880.1042999,501,-0.347256007129521,7,True,False,False,True,True,True,False,False,True,False,True,mixed,False,True,True,False
2025-02-14,512880.SH,1.133,1.1299299999999999,0.055917986952469745,-0.11897356143079318,0.40920398009950243,1.8619305272579867,21.397062369941533,2.0645400620419028,-0.839533448314529,-0.017442949194617082,-0.06452423703756331,0.014523066072602923,1427880244.1,510,-0.35569540641117114,8,True,False,False,True,True,True,False,False,True,False,True,mixed,False,True,True,False
2025-02-14,510880.SH,2.925,2.90386,0.008968609865470878,0.0058459422283356766,-0.008138351983723258,9.138395571710388,2.663463055699306,0.1406731328049662,-0.2363923909836665,-1.1338354184449768,-0.9397205245242698,0.009392547826849278,582262084.2,464,-0.7360352286763112,9,True,False,False,True,True,True,False,False,True,False,True,mixed,False,True,True,False
2025-02-14,512010.SH,0.362,0.36343,0.061583577712609916,-0.09273182957393489,0.07738095238095233,21.62235259036173,23.450208436523578,2.3485340870536002,0.7983940045949105,0.10491030329865096,0.06466895849037639,0.011101501280593265,561882838.45,510,0.3742555148554999,10,True,False,False,True,True,False,True,False,True,False,True,mixed,False,True,True,False
2025-02-14,159928.SZ,0.787,0.80669,0.011568123393316254,-0.09747706422018343,0.026075619295958363,-9.513097468492317,-0.029711785377587303,0.22997286573145245,-1.7824014990249015,-1.2943299427762929,-0.8990967196534133,0.010630020874733068,259196376.62695003,510,-1.4105119206511607,11,True,False,False,True,True,False,False,False,True,False,True,mixed,False,True,True,False
2025-02-14,515300.SH,1.285,1.26098,0.005477308294209671,0.0031225604996096834,0.10300429184549342,1.5843192347555914,3.847610269526149,0.07323212385552619,-0.8625444526228006,-1.063268464928732,-0.9704004638485132,0.009027027930036464,95406428.0,493,-0.9644052597903157,,False,False,False,True,False,True,False,False,False,False,True,mixed,False,True,True,False
2025-02-14,516160.SH,1.947,2.00366,0.03729355354288755,-0.16005176876617777,0.16169451073985686,7.370426605737361,8.844358019501566,1.2861389314703924,-0.3829380920831448,-0.7654969867816948,-0.4186307343730348,0.01465905877989924,99477700.6,509,-0.5431001784205428,,False,False,False,True,False,False,False,False,False,False,True,mixed,False,True,True,False
2025-02-14,530880.SH,0.962,,-0.0010384215991692258,-0.0041407867494823725,,,1.014983006017712,0.026651795249894562,0.0,-1.2320733855490806,-0.9915905628340647,0.010197273865215609,3091754.4,62,-0.6911474667864452,,False,False,False,False,False,False,False,False,False,False,True,mixed,False,True,True,False
2025-02-21,512100.SH,2.54,2.34159,0.11501316944688322,0.032940219601464094,0.3994490358126723,24.75282018219491,46.8373271984038,6.701048524942507,1.3604129052601355,1.4903017788107626,1.6353430779861649,0.012848100657520586,2108678756.5,515,1.4673544892255923,1,True,True,True,True,True,True,True,True,False,False,True,mixed,False,True,True,False
2025-02-21,512010.SH,0.373,0.36601,0.09705882352941164,-0.036175710594315236,0.14417177914110435,28.40107912098026,32.32421462985423,4.409321094573467,1.6933761693297087,0.6438071205019087,0.7181109897499344,0.011218797899805486,662606136.25,515,1.078495513882634,2,True,True,True,True,True,True,True,True,False,False,True,mixed,False,True,True,False
2025-02-21,510500.SH,5.992,5.67707,0.0944292237442923,0.01011463250168565,0.30232558139534893,21.46871109621035,38.916872013205186,5.17057301537103,1.0606842677983364,1.0283317517764208,1.022791502682727,0.010157889383816834,2064067847.3,515,1.0401647083664483,3,True,True,True,True,True,True,True,True,False,False,True,mixed,False,True,True,False
2025-02-21,588080.SH,1.108,0.9631399999999999,0.12145748987854255,0.06743737957610785,0.5474860335195533,17.507558486743097,42.28464872923039,4.651668395289846,0.6991643415934702,1.2247613589352644,0.8151071323840097,0.020855010698856993,1216734391.05,433,0.9325917066882958,4,True,True,False,True,True,True,True,True,False,False,True,mixed,False,True,True,False
2025-02-21,159995.SZ,1.385,1.17899,0.15899581589958145,0.12876935615321905,0.6507747318235997,12.789873063732323,40.502416116854704,6.210357696160963,0.2685984295636352,1.1208105090321807,1.4389508859665465,0.023005927144215635,925848033.9438499,506,0.8435537526316357,5,True,True,False,True,True,True,True,True,False,False,True,mixed,False,True,True,False
2025-02-21,159915.SZ,2.239,2.109,0.11393034825870663,0.007197480881691476,0.43617703656189866,16.032144210499574,37.93460491607583,4.826478380961597,0.5645086711721021,0.9710398478636514,0.8850724022836791,0.015032437853719589,3249088064.23265,515,0.7912338880710373,6,True,True,False,True,True,True,True,True,False,False,True,mixed,False,True,True,False
2025-02-21,510300.SH,3.864,3.76132,0.0517147523135546,0.001814882032667775,0.20448877805486276,7.434179205466863,21.239769708224276,2.2349085877967023,-0.22019618132523647,-0.002706394235901005,-0.15216742898708785,0.007149354322587181,4555759604.25,515,-0.11959451602187257,7,True,False,False,True,True,True,False,False,True,False,True,mixed,False,True,True,False
2025-02-21,512660.SH,1.043,1.0314100000000002,0.061037639877924654,-0.046617915904936136,0.22274325908558024,5.992423484074684,12.8797601197068,1.5948628484087126,-0.35177995842016774,-0.4903139578557349,-0.40833685050115115,0.01265246530112803,355919518.0,509,-0.4185049366105913,8,True,False,False,True,True,True,False,False,True,False,True,mixed,False,True,True,False
2025-02-21,515300.SH,1.274,1.2684,0.006319115323854652,0.0031496062992126816,0.08149405772495766,-0.33815751662176974,3.970571337518938,0.016250341850017537,-0.9295489569525206,-1.0099530551455929,-1.0401545905687364,0.007553897230263545,103797047.4,497,-0.9838317229529927,9,True,False,False,True,True,True,False,False,True,False,True,mixed,False,True,True,False
2025-02-21,516160.SH,1.963,2.02013,0.02774869109947642,-0.11176470588235288,0.18538647342995174,6.208383161647717,10.112315898801029,0.46444186172834834,-0.33207010767802986,-0.651728453822713,-0.860772156924971,0.012362857097641197,116298851.7,514,-0.5656738559852914,10,True,False,False,True,True,False,False,False,True,False,True,mixed,False,True,True,False
2025-02-21,512880.SH,1.141,1.14599,0.04487179487179471,-0.06857142857142862,0.406905055487053,-8.829489684654849,10.111093097017962,0.7876122164114974,-1.7045218200104753,-0.6517997752000294,-0.731427708997176,0.012725697534788225,1648403269.25,515,-1.088814179883637,11,True,False,False,True,True,False,False,False,True,False,True,mixed,False,True,True,False
2025-02-21,159928.SZ,0.786,0.81211,0.014193548387096744,-0.06650831353919229,0.05929919137466322,-2.046395136547112,0.9205033990112591,0.12201994720934606,-1.0854535633087103,-1.187851917655682,-0.997821774410038,0.00894557834045556,295526618.33485,515,-1.1088865472677647,12,True,False,False,True,True,False,False,False,True,False,True,mixed,False,True,True,False
2025-02-21,510880.SH,2.857,2.90334,-0.02424863387978138,-0.02491467576791806,-0.027569775357385917,-1.3640037760725892,-0.032495339800420325,-0.30169454642161103,-1.0231741970222479,-1.243436709544317,-1.1674076181098254,0.007849607774712416,635385786.7,469,-1.1401258862485912,13,True,False,False,True,True,False,False,False,True,False,True,mixed,False,True,True,False
2025-02-21,530880.SH,0.951,,-0.017561983471074405,-0.02361396303901442,,,0.004788182996737612,-0.2764100827693045,0.0,-1.2412621034602218,-1.157287862554077,0.008667308971528231,3291730.6,67,-0.7279624138949041,,False,False,False,False,False,False,False,False,False,False,True,mixed,False,True,True,False
2025-02-28,588080.SH,1.09,0.98626,0.11566018423746183,0.06758080313418224,0.5616045845272208,31.34776826847087,59.023400924004484,6.477692451951131,1.7528535594779673,1.934097180847765,2.3475563797968877,0.022930560683688733,1380026053.85,438,1.9442915720896705,1,True,True,True,True,True,True,True,True,False,False,True,mixed,False,True,True,False
2025-02-28,159995.SZ,1.328,1.20977,0.09842845326716287,0.11409395973154379,0.6579275905118602,26.659713440193133,59.498978713455536,5.055855621598337,1.409895430356368,1.9571210163719996,1.6281375669460765,0.025682276832193325,1046395062.5765501,511,1.6724340920805625,2,True,True,True,True,True,True,True,True,False,False,True,mixed,False,True,True,False
2025-02-28,512100.SH,2.47,2.37977,0.07766143106457268,0.02574750830564798,0.40580535002845775,17.504824431806615,38.75890373417617,3.8859646509063723,0.740162732757865,0.9530453726494226,1.0361979327116317,0.015655093179242813,2059199563.6,520,0.8845228287052415,3,True,True,True,True,True,True,True,True,False,False,True,mixed,False,True,True,False
2025-02-28,510500.SH,5.805,5.74785,0.051249547265483475,0.010795751349468752,0.30156950672645744,8.353289980546817,22.525643121671962,2.351027034079636,0.07067544027477846,0.1671551762301391,0.2595525578527264,0.012705112296848257,2081077033.6,520,0.1470427581725123,4,True,True,False,True,True,True,True,True,False,False,True,mixed,False,True,True,False
2025-02-28,512010.SH,0.357,0.36855999999999994,0.04081632653061207,-0.05053191489361708,0.1333333333333333,19.058131969349994,21.417083744455454,1.4470046023941865,0.8537960980958857,0.11348721835653452,-0.19786332188100925,0.013751433406304272,708770887.95,520,0.34734066220476634,5,True,True,False,True,True,False,True,False,True,False,True,mixed,False,True,True,False
2025-02-28,516160.SH,1.97,2.03806,0.053475935828877,-0.0849976776590804,0.2034208918753817,12.93239225576595,20.897165496348787,2.743811062811358,0.40566306454336026,0.08831675729637134,0.45829281666767047,0.012900950343311979,136592060.25,519,0.28925049206942677,6,True,True,False,True,True,False,True,False,True,False,True,mixed,False,True,True,False
2025-02-28,159915.SZ,2.128,2.14156,0.03703703703703698,-0.017090069284064646,0.40462046204620483,8.06761423534487,25.655686714846414,1.1150766535800054,0.04977661918614543,0.318687923283186,-0.3658117149667698,0.017895472010192245,3315100597.35405,520,0.0742234739943786,7,True,False,False,True,True,False,True,False,True,False,True,mixed,False,True,True,False
2025-02-28,159928.SZ,0.797,0.81722,0.03506493506493502,-0.036275695284159526,0.1209563994374121,7.801956316105138,12.303326518471906,1.154246868409517,0.030342217007392234,-0.32773113126626324,-0.34599242990522977,0.009804496187724365,381527757.5502,520,-0.18815405168459437,8,True,False,False,True,True,False,False,False,True,False,True,mixed,False,True,True,False
2025-02-28,510300.SH,3.783,3.79607,0.026315789473684292,0.001853813559322015,0.18850141376060314,-0.19049385159551926,12.565306823349907,1.0216616033994432,-0.5543514047647805,-0.31504805063488567,-0.41307771839884,0.008780798001277592,4906326978.4,520,-0.43037532583963445,9,True,False,False,True,True,False,False,False,True,False,True,mixed,False,True,True,False
2025-02-28,512660.SH,1.006,1.0427,0.024439918533604832,-0.052730696798493404,0.21939393939393947,-2.180966756755073,5.892112309162712,0.6753066547274676,-0.6999659269122405,-0.638113038790068,-0.5883258626860925,0.0144835323956202,385699253.15,514,-0.6528967588181419,10,True,False,False,True,True,False,False,False,True,False,True,mixed,False,True,True,False
2025-02-28,515300.SH,1.264,1.27285,0.0007917656373714888,0.014446227929374,0.07574468085106378,-6.140843930699242,0.5901242514732992,0.06654993657299645,-0.9896536794819214,-0.8947947083285109,-0.8963436507616612,0.008273384830834165,101254639.7,500,-0.9330480852765052,11,True,False,False,True,True,False,False,False,True,False,True,mixed,False,True,True,False
2025-02-28,512880.SH,1.109,1.16057,0.0072661217075387086,-0.07274247491638797,0.3949685534591194,-14.144021644879263,3.5190362822990076,0.17662492338296154,-1.575132082875767,-0.7529992116537777,-0.8406480782143214,0.016297608863819216,1993956928.75,520,-1.099382133454682,12,True,False,False,True,True,False,False,False,True,False,True,mixed,False,True,True,False
2025-02-28,510880.SH,2.867,2.90185,-0.014437951185974462,-0.012741046831955871,-0.016129032258064613,-13.035837747298064,-8.159427974265506,-0.1795872987424554,-1.4940620676650544,-1.3183810402062877,-1.020883790564543,0.007343420238692627,654794151.4,474,-1.3291540012614453,13,True,False,False,True,True,False,False,False,True,False,True,mixed,False,True,True,False
2025-02-28,530880.SH,0.943,,-0.013598326359832602,-0.023809523809523836,,,-7.466679528206977,-0.2584580393316344,0.0,-1.2848434641556248,-1.0607906865965246,0.007412322950556021,3525508.65,72,-0.7260955229815549,,False,False,False,False,False,False,False,False,False,False,True,mixed,False,True,True,False
2025-03-07,588080.SH,1.122,1.00816,0.09037900874635585,0.1287726358148895,0.6548672566371683,5.6490152898117305,29.264618655815507,2.6949035987865178,1.4002165907918378,2.4256211150770586,2.172050022343275,0.023056578165571707,1350011984.4,443,1.9647450868162135,1,True,True,True,True,True,True,True,True,False,False,True,mixed,False,True,True,False
2025-03-07,512100.SH,2.562,2.3957800000000002,0.061309030654515206,0.047852760736196265,0.45238095238095233,-6.077328843033013,11.142954227877926,1.9330586255122515,0.24016849208577884,0.6731429360786186,1.3979925144139287,0.013967087721858491,1808654610.1,525,0.6449230741485448,2,True,True,True,True,True,True,True,True,False,False,True,mixed,False,True,True,False
2025-03-07,159995.SZ,1.358,1.22767,0.06677140612725863,0.1288445552784705,0.7124842370744011,-9.840935903764848,13.840342425930267,1.6229992918359795,-0.1321525967052173,0.9339972288050091,1.0829628646097202,0.02453841587384178,1051524863.37565,516,0.5373304257618607,3,True,True,True,True,True,True,True,True,False,False,True,mixed,False,True,True,False
2025-03-07,512660.SH,1.072,1.0460800000000001,0.04280155642023353,0.014191106906338735,0.3201970443349753,-7.713597115230479,1.6896302837690282,0.6099853229677255,0.0782979315229925,-0.24105255611435566,0.053710069425249356,0.014235315288800444,462935872.55,519,-0.05435983595149539,4,True,True,False,True,True,True,False,False,True,False,True,mixed,False,True,True,False
2025-03-07,510500.SH,5.951,5.76384,0.03154792858380984,0.021105010295126903,0.3331093189964156,-13.936787936447127,1.4332084264716274,0.6548313986041268,-0.5373415719959984,-0.26585015190468286,0.09927503705682922,0.011275482631784737,1885437662.4,525,-0.30142168214890663,5,True,True,False,True,True,True,False,False,True,False,True,mixed,False,True,True,False
2025-03-07,510300.SH,3.828,3.7947100000000002,0.01350277998411431,0.006573757559821258,0.22652995834668377,-14.226253107353063,0.03629853343174029,0.21928449879551534,-0.565977395518397,-0.4009400668136777,-0.3432537708753794,0.008072880971133685,4802332908.85,525,-0.4554177391079058,6,True,True,False,True,True,True,False,False,True,False,True,mixed,False,True,True,False
2025-03-07,159915.SZ,2.16,2.14261,0.01360863444392324,-0.004608294930875445,0.43331121433311237,-19.78193631717859,0.35654532518883186,0.15889419291279458,-1.1155825982618195,-0.36997020106650397,-0.4046121460232341,0.015607101985418226,3198459778.4609003,525,-0.6751435489359763,7,True,False,False,True,True,True,False,False,True,False,True,mixed,False,True,True,False
2025-03-07,159928.SZ,0.805,0.81373,0.042746113989637236,-0.02895054282267784,0.14835948644793162,9.254363925509214,11.669074808413333,1.305169082265161,1.7568817016424374,0.7240220835530002,0.7600377701410819,0.009437609799523515,414094335.5552,525,1.1443690681063916,8,True,False,False,True,True,False,True,False,True,False,True,mixed,False,True,True,False
2025-03-07,516160.SH,1.98,2.03805,0.008660213958227247,-0.06998590887740719,0.20731707317073167,5.4291042325114525,12.31262306951834,0.22616584391879496,1.378461523652789,0.7862572214567911,-0.33626211634698494,0.012505602731212782,151067037.15,524,0.7986350747744352,9,True,False,False,True,True,False,True,False,True,False,True,mixed,False,True,True,False
2025-03-07,512010.SH,0.358,0.36712999999999996,0.011299435028248705,-0.042780748663101664,0.13291139240506333,-4.432690170395775,0.28624501252551193,0.0703398589112035,0.4028671084352249,-0.37676868055546875,-0.4945860245657624,0.014134924620272125,698267351.7,525,-0.08847783376125001,10,True,False,False,True,True,False,False,False,True,False,True,mixed,False,True,True,False
2025-03-07,510880.SH,2.854,2.90421,-0.019580900034352422,-0.04260315330426023,-0.02126200274348422,-13.748728176752255,-9.460838857739782,-0.49764154242166486,-0.5187374474533708,-1.3193725930952855,-1.0716722868487618,0.004733202984464755,611513791.55,479,-0.949578473589215,11,True,False,False,True,True,False,False,False,True,False,True,mixed,False,True,True,False
2025-03-07,512880.SH,1.12,1.16198,-0.007092198581560072,-0.07742998352553532,0.41235813366960916,-27.110282732839146,-0.2543734996817988,-0.003848497719139412,-1.8405514572547066,-0.4290498686093267,-0.5699636361077149,0.015479844049904034,2163708284.05,525,-1.0218332575671563,12,True,False,False,True,True,False,False,False,True,False,True,mixed,False,True,True,False
2025-03-07,515300.SH,1.271,1.27675,-0.011664074650077905,0.011137629276054106,0.08262350936967633,-14.029874154367915,-0.08030136436918024,-0.014545654660591451,-0.5465502809415504,-0.41221600547715603,-0.5808322707177757,0.006619953863933403,97721061.55,505,-0.4996729687110378,,False,False,False,True,False,False,False,False,False,False,True,mixed,False,True,True,False
2025-03-07,530880.SH,0.938,,-0.02494802494802495,-0.0457782299084436,,,-13.684432220117042,-1.179878874600128,0.0,-1.7278204613340196,-1.7648460265044708,0.003934029105164113,3620670.3,77,-1.044097389834502,,False,False,False,False,False,False,False,False,False,False,True,mixed,False,True,True,False
2025-03-14,512660.SH,1.095,1.05085,0.06829268292682933,0.011080332409972415,0.350184956843403,27.08704001703488,28.118043907367927,2.0380896053103914,1.9856439599789557,2.7360097245839796,2.1673275884907186,0.013959177459295488,569293713.3,524,2.322126991523318,1,True,True,True,True,True,True,True,True,False,False,True,mixed,False,True,True,False
2025-03-14,159928.SZ,0.845,0.8131200000000001,0.07369758576874208,-0.009378663540445475,0.22286541244573077,25.541521734812534,18.97373995253791,2.129087650689252,1.8915728048486582,1.6756164417384667,2.292453837590464,0.01239137443297542,444509531.67340004,530,1.8853664661529428,2,True,True,True,True,True,True,True,True,False,False,True,mixed,False,True,True,False
2025-03-14,512100.SH,2.59,2.41579,0.05327368849125658,0.020086648286727016,0.48679678530424786,-0.3251950905826549,10.793641191028572,0.8836722113615556,0.3171417811701208,0.727034480490806,0.5799537300860937,0.014222294758894983,1748751700.5,530,0.5336612506815894,3,True,True,True,True,True,True,True,True,False,False,True,mixed,False,True,True,False
2025-03-14,588080.SH,1.101,1.01632,0.06582768635043568,0.08687068114511365,0.6215022091310749,-14.040409097605302,6.560521944153351,0.7968701930299892,-0.5176629826044166,0.23615280846375422,0.4605971997024271,0.022752756986802302,1284417768.5,448,-0.02048462971577951,4,True,True,False,True,True,True,False,False,True,False,True,mixed,False,True,True,False
2025-03-14,510500.SH,6.036,5.788729999999999,0.02461381768799864,0.008016032064128042,0.3640677966101695,-6.2795908370939495,1.783602336503806,0.1839532738361662,-0.045284786292937154,-0.31778913065661485,-0.38219007983963355,0.011497746903591309,1850707788.15,530,-0.22166758274774753,5,True,True,False,True,True,True,False,False,True,False,True,mixed,False,True,True,False
2025-03-14,510880.SH,2.925,2.90866,0.0,-0.03592617007251153,-0.0027275826798499603,-0.8362456231939925,-5.407773082866532e-06,-0.0005046268895620531,0.28603563736988474,-0.5246201459646147,-0.6358276732465064,0.005696126013234891,589067796.15,484,-0.22259933808719326,6,True,True,False,True,True,True,False,False,True,False,True,mixed,False,True,True,False
2025-03-14,510300.SH,3.895,3.79725,0.018833376929113355,0.008022774327122173,0.27704918032786896,-8.592690530524077,6.268607381800314e-08,0.033442694492732454,-0.18607636578795364,-0.524619511598328,-0.5891486377368396,0.009680245806448553,4790824197.4,530,-0.4021080785018806,7,True,False,False,True,True,True,False,False,True,False,True,mixed,False,True,True,False
2025-03-14,159915.SZ,2.186,2.14644,0.005519779208831732,-0.014427412082957614,0.4448116325181759,-25.31834083225921,-1.8238298908815331,-0.13360026793354263,-1.204117538311122,-0.7361147813715958,-0.8188399375871666,0.01573640227227412,3061260799.1653,530,-0.9398609153905204,8,True,False,False,True,True,True,False,False,True,False,True,mixed,False,True,True,False
2025-03-14,159995.SZ,1.328,1.24037,0.040752351097178785,0.11316010058675618,0.7157622739018088,-32.5860647821509,0.044233580617641086,0.1697359365376112,-1.6464825332766622,-0.5194900970990992,-0.40173953368721427,0.02404402254772895,994451473.2253001,521,-0.9467369588877474,9,True,False,False,True,True,True,False,False,True,False,True,mixed,False,True,True,False
2025-03-14,516160.SH,2.002,2.0378,0.02824858757062132,-0.05655042412818101,0.23275862068965503,1.8809021987502053,2.5392033408291024,0.45202974274993885,0.45142043883759686,-0.23016800241594043,-0.013573337716980794,0.0119279246621334,142748648.0,529,0.08578630702526642,10,True,False,False,True,True,False,True,False,True,False,True,mixed,False,True,True,False
2025-03-14,512010.SH,0.366,0.36617,0.011049723756906049,-0.03937007874015752,0.15822784810126578,-10.465535870244974,-0.9609069270503019,-0.03941890415520145,-0.3000709568028224,-0.6360483663683569,-0.6893364879732906,0.01416815653193853,676874166.85,530,-0.5123150268631299,11,True,False,False,True,True,False,False,False,True,False,True,mixed,False,True,True,False
2025-03-14,512880.SH,1.152,1.16276,0.01676963812886134,-0.07171635777598728,0.42574257425742545,-14.824194404240941,-0.01890615857249392,-0.007072094169070786,-0.5653696904560688,-0.5268119179450119,-0.6448582248737299,0.016832853746791304,2257567201.6,530,-0.5658442883351783,12,True,False,False,True,True,False,False,False,True,False,True,mixed,False,True,True,False
2025-03-14,515300.SH,1.28,1.27515,0.002349256068911565,-0.0015600624024960652,0.133746678476528,-13.203943309252319,-1.226469600334105,-0.0059267151741708496,-0.46674976867323403,-0.6668435888714214,-0.6432832792050315,0.005662710390852828,94395333.4,510,-0.5820939988588685,,False,False,False,True,False,True,False,False,False,False,True,mixed,False,True,True,False
2025-03-14,530880.SH,0.956,,-0.006237006237006293,-0.044955044955044876,,,-1.446061258896283,-0.033745392500028906,0.0,-0.6923079129860246,-0.6815351640033106,0.005254597641774083,3249749.1,82,-0.413230197995072,,False,False,False,False,False,False,False,False,False,False,True,mixed,False,True,True,False
2025-03-21,159928.SZ,0.815,0.81387,0.03689567430025442,-0.02395209580838331,0.2386018237082066,37.79484713256811,25.51222865798262,0.6937332191880912,1.634033173676031,2.1330387934468975,0.9171552882920808,0.013087609045359164,532783079.93320006,535,1.6902598445075876,1,True,True,True,True,True,True,True,True,False,False,True,mixed,False,True,True,False
2025-03-21,512660.SH,1.077,1.0524,0.03259827420901251,0.02767175572519065,0.33788819875776377,25.970511395381557,20.24622014342863,0.6840222529296492,1.1603221030695225,1.634622548719803,0.9072113290748878,0.012094260783457822,577167269.3,529,1.2994201265307077,2,True,True,True,True,True,True,True,True,False,False,True,mixed,False,True,True,False
2025-03-21,510500.SH,5.906,5.80937,-0.014352469959946657,0.01373154823206324,0.3471715328467151,0.5407734964373903,2.253931685954649,-0.026269396656078185,0.1415461960672386,-0.06830839456226397,0.17987781685583484,0.010318348432619476,1712891823.45,535,0.06527068397315682,3,True,True,True,True,True,True,True,True,False,False,True,mixed,False,True,True,False
2025-03-21,512100.SH,2.521,2.43107,-0.007480314960629952,0.03362033620336202,0.47340736411455286,-4.195686132846351,2.7840190974498285,0.0007694229399232254,-0.0482076651003039,-0.0181367747700939,0.20756537257254257,0.012942341140664497,1531413435.55,535,0.014975298566349396,4,True,True,False,True,True,True,True,True,False,False,True,mixed,False,True,True,False
2025-03-21,588080.SH,1.052,1.02522,-0.05054151624548742,0.03036238981390804,0.5867269984917043,-47.990472617612156,-6.604650164982033,-0.9340567266541591,-1.8027311879259613,-0.9067538865413833,-0.7496898437812499,0.01737328473550499,1133072439.0,453,-1.2337319985431878,5,True,True,False,True,True,True,False,False,True,False,True,mixed,False,True,True,False
2025-03-21,159995.SZ,1.263,1.24769,-0.08808664259927801,0.059563758389261645,0.6817576564580559,-57.431959667883795,-19.948914969001066,-3.1032029184732206,-2.1809796610842387,-2.169759507189608,-2.970879856549272,0.018192362555237367,907588608.1221001,526,-2.3344716386193936,6,True,True,False,True,True,True,False,False,True,False,True,mixed,False,True,True,False
2025-03-21,510880.SH,2.912,2.9166200000000004,0.019250962548127415,-0.0443058746307845,0.013574660633484115,12.917713213062749,10.874232087901932,0.816401413606081,0.6373958991127868,0.7475842768763656,1.0427666322176972,0.005131285184006142,517930280.9,489,0.7625453968392004,7,True,False,False,True,True,False,True,False,True,False,True,mixed,False,True,True,False
2025-03-21,510300.SH,3.799,3.80127,-0.016821946169772284,-0.003671649619722106,0.25503799141063754,4.578108766820587,1.1639763385428488,-0.0435274502979454,0.30329146919204447,-0.17147029596743404,0.1622056947399052,0.009897334332032721,4531440135.55,535,0.08516960823782521,8,True,False,False,True,True,False,True,False,True,False,True,mixed,False,True,True,False
2025-03-21,512010.SH,0.36,0.36572000000000005,-0.034852546916890104,-0.027027027027027084,0.16504854368932032,6.226337892119874,0.04747047203183465,-0.28878390047591357,0.3693234561809501,-0.27714514621961256,-0.08893513650365444,0.012798176075613336,620400882.6,535,0.019084296683804132,9,True,False,False,True,True,False,True,False,True,False,True,mixed,False,True,True,False
2025-03-21,516160.SH,1.961,2.0365100000000003,-0.0010188487009679115,-0.04154447702834785,0.2279273638071384,-1.3084383425371584,0.0007091768432898083,0.030014486825215094,0.06746236256579784,-0.28157100103584304,0.23751210648552892,0.01187487526173506,133106487.1,534,-0.038141034090912296,10,True,False,False,True,True,False,False,False,True,False,True,mixed,False,True,True,False
2025-03-21,512880.SH,1.111,1.16255,-0.0262927256792288,-0.07570715474209644,0.37841191066997504,-2.139937016414378,0.01365653472870984,-0.13489659026073197,0.03415054397699388,-0.28034556179119435,0.0686443562160359,0.015505443312072993,2142501764.9,535,-0.08474913588247301,11,True,False,False,True,True,False,False,False,True,False,True,mixed,False,True,True,False
2025-03-21,159915.SZ,2.112,2.1479500000000002,-0.0567217507815988,-0.02131603336422605,0.4042553191489362,-16.009331003648313,-2.400623414317176,-1.1379513807006958,-0.521490434119872,-0.5088519044219918,-0.9584764949221593,0.014056042873672724,2858088108.011,535,-0.6038322344011774,12,True,False,False,True,True,False,False,False,True,False,True,mixed,False,True,True,False
2025-03-21,515300.SH,1.272,1.27525,-0.011655011655011593,-0.016241299303944245,0.16804407713498626,2.146707617609763,0.9916375333824748,-0.01902465920873328,0.2058837443890099,-0.18778178879001314,0.18729637560667414,0.005640602905004231,92275583.4,515,0.044700057360933534,,False,False,False,True,False,False,True,False,False,False,True,mixed,False,True,True,False
2025-03-21,530880.SH,0.963,,0.012618296529968376,-0.046534653465346576,,,6.725107259903621,0.6357162776003276,0.0,0.35487864224637317,0.8577463596951486,0.005495745308866969,2928953.85,87,0.31350072883757896,,False,False,False,False,False,False,True,False,False,False,True,mixed,False,True,True,False
2025-03-28,510880.SH,2.939,2.9244600000000003,0.02511335891175448,-0.03354159815850044,0.025828970331588152,16.965323955424942,18.598980227001544,1.3962369112289736,1.0329075598113493,1.4906329702786203,1.4926002248809047,0.004458833532885255,481258693.95,494,1.3079362570121686,1,True,True,True,True,True,True,True,True,False,False,True,confirmed_risk_off,False,True,False,True
2025-03-28,159928.SZ,0.821,0.8133300000000001,0.030112923462985997,-0.00364077669902918,0.14985994397759095,22.918651159258637,8.05078970815097,0.6452157751297641,1.283614230131713,0.6685796946032933,0.609533900863538,0.011924363935397891,496934491.63675004,540,0.9027843500667101,2,True,True,True,True,True,True,True,True,False,False,True,confirmed_risk_off,False,True,False,True
2025-03-28,512010.SH,0.366,0.36488,0.025210084033613578,-0.008130081300813052,0.1366459627329193,14.827517392496828,2.02386037540551,0.35559297443204074,0.9428801941332808,0.19888235728339432,0.2689893679997282,0.010778856067984713,596564353.2,540,0.5105028941666158,3,True,True,True,True,True,True,True,True,False,False,True,confirmed_risk_off,False,True,False,True
2025-03-28,510500.SH,5.847,5.815500000000001,0.007235142118863225,0.011766741650804713,0.2547210300429186,-6.632338435221646,-0.00010400825487477646,0.05275184773857117,0.0391621863849791,0.0411485214691056,-0.08709754840784495,0.00776345944604518,1529796356.35,540,0.01470477346006489,4,True,True,False,True,True,True,True,True,False,False,True,confirmed_risk_off,False,True,False,True
2025-03-28,512100.SH,2.466,2.43763,-0.0016194331983805377,0.027072053311120614,0.3497536945812809,-20.497775820580046,-0.5072331980456243,0.001542142595924551,-0.5447394740478954,0.0016263673220938584,-0.14731098835070755,0.010174432574369448,1462883640.4,540,-0.24670744036046213,5,True,True,False,True,True,True,False,False,True,False,True,confirmed_risk_off,False,True,False,True
2025-03-28,588080.SH,1.041,1.02771,-0.04495412844036706,0.038922155688622784,0.5917431192660549,-51.74897640856567,-20.83292285238636,-0.763600316904057,-1.8607908474517176,-1.582417808866302,-1.046981459104276,0.013931885885063234,868413576.6,458,-1.586679754348063,6,True,True,False,True,True,True,False,False,True,False,True,confirmed_risk_off,False,True,False,True
2025-03-28,512660.SH,1.04,1.05117,0.03379721669980129,0.0009624639076035724,0.2484993997599041,-1.5847267759129282,0.01393522400471736,0.6952826863963679,0.2517273400961048,0.042242642479371734,0.6684036199193051,0.010359516916298772,578367289.1,534,0.2512687170140516,7,True,False,False,True,True,False,True,False,True,False,True,confirmed_risk_off,False,True,False,True
2025-03-28,510300.SH,3.797,3.8015000000000003,0.0037007665873645124,-0.016576016576016595,0.16365307998774137,3.4035343208698317,0.22880703638086558,0.04076853030895072,0.4617931213717726,0.058988270736506664,-0.10118778310759151,0.008595378571459025,4012022556.55,540,0.1880750002217934,8,True,False,False,True,True,False,True,False,True,False,True,confirmed_risk_off,False,True,False,True
2025-03-28,512880.SH,1.107,1.16089,-0.0018034265103696878,-0.07826810990840971,0.2551020408163265,-2.2856836982772584,-0.04335747995904048,-0.0010567622148291399,0.22220862391823284,0.037777643967870055,-0.15036683486073193,0.011816623069339094,1760535376.45,540,0.07392114018229479,9,True,False,False,True,True,False,True,False,True,False,True,confirmed_risk_off,False,True,False,True
2025-03-28,516160.SH,1.942,2.02727,-0.014213197969543123,-0.04193389245189949,0.1538918597742127,-6.711700338766867,-2.6943081978852144,-0.7072145818844121,0.035820095835127325,-0.16881918583252103,-0.9806819352194549,0.01044434302583302,116523582.75,539,-0.2493360230428485,10,True,False,False,True,True,False,False,False,True,False,True,confirmed_risk_off,False,True,False,True
2025-03-28,159915.SZ,2.089,2.1454000000000004,-0.018327067669173025,-0.031076066790352574,0.29751552795031055,-16.26610467831259,-6.331970821956986,-0.4844422325404072,-0.3665352286495468,-0.45231354162519216,-0.718741558082138,0.010906721576057153,2499156799.45285,540,-0.4712878197263233,11,True,False,False,True,True,False,False,False,True,False,True,confirmed_risk_off,False,True,False,True
2025-03-28,159995.SZ,1.237,1.25162,-0.06852409638554213,-0.019032513877874524,0.581841432225064,-59.14807175623306,-31.252598786094218,-1.7244656466927772,-2.17238174351435,-2.3944555434400696,-2.17678696505767,0.015337249718029348,734747728.4368,531,-2.262092307793302,12,True,False,False,True,True,False,False,False,True,False,True,confirmed_risk_off,False,True,False,True
2025-03-28,515300.SH,1.285,1.2759299999999998,0.01661392405063289,-0.0023291925465839247,0.14834673815907062,8.45056816181577,5.1145782421781565,0.6317276918882386,0.67433394198095,0.4397516079883554,0.5936743311209353,0.004151975616092474,89007748.65,520,0.5643690862119093,,False,False,False,True,False,True,True,False,False,False,True,confirmed_risk_off,False,True,False,True
2025-03-28,530880.SH,0.97,,0.028632025450689325,-0.03865213082259655,,,20.238117121379858,1.6372203894731185,0.0,1.6183760036354737,1.7759536274060033,0.005302427305252691,3012467.25,92,1.00254112693539,,False,False,False,False,False,False,True,False,False,False,True,confirmed_risk_off,False,True,False,True
2025-04-11,159928.SZ,0.834,0.81003,0.027093596059113212,0.06786171574903954,0.024570024570024662,-2.0391387890889865,-0.12431217746780726,0.016618614729594736,1.6964684461382311,1.3371280310236309,1.0726937064595876,0.016146183262205287,658349243.4008,549,1.4279773321566622,1,True,True,True,True,True,True,True,True,False,False,True,confirmed_risk_off,False,True,False,True
2025-04-11,159995.SZ,1.25,1.2483099999999998,-0.03993855606758834,0.046025104602510414,0.1617100371747211,-61.99215791674885,-39.91299086864534,-1.65417086805199,-0.46209358583107946,-0.214204371362851,0.41721363080032764,0.027260530779756063,723978572.8329,540,-0.18707645671750667,2,True,True,True,True,True,True,False,False,True,False,True,confirmed_risk_off,False,True,False,True
2025-04-11,510880.SH,2.88,2.92755,-0.007922838442990021,-0.021406727828746197,0.0245464247598719,-13.727336851484518,-1.5611896054526186,-0.11712319403966437,1.275643925092813,1.2811051977551102,1.0202244445721282,0.015257932666835262,565072769.1,503,1.226744538053595,3,True,True,True,True,True,False,True,False,True,False,True,confirmed_risk_off,False,True,False,True
2025-04-11,512010.SH,0.349,0.36213999999999996,-0.0196629213483146,0.023460410557184508,-0.05675675675675684,-24.13377045401556,-12.039757938269052,-0.7359240419488818,0.9009683409524699,0.8725532397599967,0.7774579974609859,0.019731973785717744,734715927.5,549,0.8649002317771838,4,True,True,False,True,True,False,True,False,True,False,True,confirmed_risk_off,False,True,False,True
2025-04-11,510300.SH,3.629,3.77858,-0.04348972061149181,-0.009282009282009285,-0.024462365591397917,-45.93628051873508,-36.10673101108042,-2.5258459748346973,0.11598584779192439,-0.06580099524740596,0.07524016805564097,0.018221930277181633,5794018967.25,549,0.03512197462893557,5,True,True,False,True,True,False,True,False,True,False,True,confirmed_risk_off,False,True,False,True
2025-04-11,512660.SH,1.021,1.03862,-0.06587374199451057,0.05803108808290158,0.020999999999999908,-52.669011490064065,-40.60141043758437,-1.9859853178365736,-0.12642091766602503,-0.24104536279212554,0.2870369910195114,0.02566564346188401,623391218.95,543,-0.08957911397935797,6,True,True,False,True,True,False,False,False,True,False,True,confirmed_risk_off,False,True,False,True
2025-04-11,588080.SH,1.021,1.02938,-0.05550416281221093,0.04610655737704916,0.01189296333002976,-64.09538337826109,-42.99348855871985,-2.1903498989018937,-0.5378185900418666,-0.33431079457888335,0.20686117447334,0.023947187972697747,1046879454.3,467,-0.307479518953632,7,True,False,False,True,True,False,False,False,True,False,True,confirmed_risk_off,False,True,False,True
2025-04-11,510500.SH,5.511,5.77082,-0.07018727855576168,0.022069732937685327,0.020933679140422434,-62.37216476217884,-46.81733751989499,-3.300715755735643,-0.4757754380608559,-0.48339995738685126,-0.22875486414041887,0.02359307988838014,2215846483.5,549,-0.42942113100716667,8,True,False,False,True,True,False,False,False,True,False,True,confirmed_risk_off,False,True,False,True
2025-04-11,512880.SH,1.031,1.14144,-0.07450628366247769,-0.04271123491179207,-0.05151793928242876,-58.73296226950016,-52.495209036840954,-5.068286106090364,-0.34474877015248223,-0.704776146558437,-0.9222037749240146,0.025185130927935086,1581090125.65,549,-0.6042507216691707,9,True,False,False,True,True,False,False,False,True,False,True,confirmed_risk_off,False,True,False,True
2025-04-11,512100.SH,2.302,2.42464,-0.0961915979583825,0.03647005853219265,0.06672845227062107,-81.41113273980372,-62.88724244041971,-4.770875084723752,-1.1612587381907775,-1.1099541689497427,-0.8055242046990869,0.024776661949728856,2284855424.2,549,-1.0695900037960255,10,True,False,False,True,True,False,False,False,True,False,True,confirmed_risk_off,False,True,False,True
2025-04-11,516160.SH,1.732,1.9885899999999999,-0.11902339776195325,-0.07823310271420969,-0.1149718957588145,-79.26203422120936,-71.78880488419158,-7.783265059540212,-1.0838821100793328,-1.457019784223664,-1.9873377299557673,0.02381613481788323,100406304.05,548,-1.4138283037123522,11,True,False,False,True,True,False,False,False,True,False,True,confirmed_risk_off,False,True,False,True
2025-04-11,159915.SZ,1.892,2.11809,-0.10964705882352943,-0.03861788617886186,-0.07481662591687044,-86.88295456268739,-72.06549846504551,-7.47220715079295,-1.3582674460829969,-1.467807870976749,-1.8653042459882836,0.029976002959581336,3362764949.4908495,549,-1.5034909760215553,12,True,False,False,True,True,False,False,False,True,False,True,confirmed_risk_off,False,True,False,True
2025-04-11,515300.SH,1.268,1.27719,0.002371541501976271,-0.012461059190031154,-0.020849420849420763,-5.796181396853785,-0.422186142372638,-0.02651500533820541,1.5611990361299781,1.325514136097116,1.0557716292997357,0.01058671181509026,98900073.25,529,1.3658395947507849,,False,False,False,True,False,False,True,False,False,False,True,confirmed_risk_off,False,True,False,True
2025-04-11,530880.SH,0.936,0.9666199999999999,-0.019895287958115127,-0.040983606557376984,,,-2.050717613036827,-0.4321724688236094,0.0,1.2620188474408571,0.896625077566314,0.01506588958847982,2751544.25,101,0.6841325544896057,,False,False,False,False,False,False,True,False,False,False,True,confirmed_risk_off,False,True,False,True
2025-04-18,159928.SZ,0.832,0.80911,0.009708737864077666,0.06666666666666665,0.004830917874396157,18.116350217949087,5.7306881721552205,0.2515337207459876,1.8936897682839173,1.1753264540568262,1.0177015880437885,0.013155772522028097,595218788.86675,554,1.4311468065450552,1,True,True,True,True,True,True,True,True,False,False,True,confirmed_risk_off,False,True,False,True
2025-04-18,515300.SH,1.296,1.27775,0.018067556952081842,0.027755749405234065,0.031847133757961776,-0.22204632816016318,0.0018205904521697755,0.25643853694003604,1.1522697996806557,0.899112355950412,1.0197872200274984,0.0105043658696863,100986431.3,534,1.0245103062579268,2,True,True,True,True,True,True,True,True,False,False,True,confirmed_risk_off,False,True,False,True
2025-04-18,510880.SH,2.934,2.92859,0.005483207676490798,0.012422360248447228,0.05767844268204758,-8.567590714533244,-0.4737866124943041,0.01848023225915795,0.8148600789690247,0.8761812246681417,0.9186022965977426,0.015370538397502543,526423755.05,508,0.860136980774415,3,True,True,True,True,True,True,True,True,False,False,True,confirmed_risk_off,False,True,False,True
2025-04-18,159995.SZ,1.24,1.24803,-0.04320987654320996,0.012244897959183598,0.04201680672268915,-10.454464823660102,-0.5497602326841372,-0.3307638768213226,0.7385739031722671,0.8725181997018053,0.7700962863410582,0.026977833655055947,677711403.43315,545,0.7984560984178407,4,True,True,False,True,True,False,True,False,True,False,True,confirmed_risk_off,False,True,False,True
2025-04-18,588080.SH,1.018,1.02739,-0.053023255813953396,0.02724520686175591,0.1528878822197055,-23.89500433332282,-4.503799727937713,-0.7352809282908224,0.19517391963448802,0.6818764301928065,0.5980870474373611,0.023434935450966702,1012391096.15,472,0.47043754941839006,5,True,True,False,True,True,False,True,False,True,False,True,confirmed_risk_off,False,True,False,True
2025-04-18,512010.SH,0.347,0.36034,-0.05191256830601099,0.011661807580174877,-0.08923884514435698,-22.519222865200916,-13.189891185856231,-0.9198562001303173,0.2507966590782103,0.2630814617453839,0.5196017229888108,0.018265698172516356,649566434.75,554,0.30947159292719983,6,True,True,False,True,True,False,True,False,True,False,True,confirmed_risk_off,False,True,False,True
2025-04-18,512660.SH,0.995,1.03367,-0.08040665434380778,0.011178861788617933,-0.06220546654099901,-24.610024172308254,-13.348878412108588,-2.5299802329699252,0.16626572227719158,0.2554159828905418,-0.16505720158108392,0.02575370405916878,609130510.3,548,0.13566124175087657,7,True,False,False,True,True,False,True,False,True,False,True,confirmed_risk_off,False,True,False,True
2025-04-18,510300.SH,3.662,3.76683,-0.052522639068564136,-0.002723311546841023,-0.043614520762601305,-27.688742302045835,-16.17918910899546,-1.5083137590259337,0.041793383959661784,0.11895415944075935,0.2693770749423133,0.01705532687744216,5970627111.55,554,0.1181744323486311,8,True,False,False,True,True,False,True,False,True,False,True,confirmed_risk_off,False,True,False,True
2025-04-18,510500.SH,5.488,5.748810000000001,-0.08502834278092697,0.0056807769836908495,-0.03600913402424011,-43.3550147179794,-28.052503637734485,-3.0695952365736154,-0.5915928106046585,-0.4535109599423103,-0.3945129581028458,0.02318418019342608,2251219655.1,554,-0.4969440998393567,9,True,False,False,True,True,False,False,False,True,False,True,confirmed_risk_off,False,True,False,True
2025-04-18,512880.SH,1.031,1.1308999999999998,-0.08761061946902649,-0.05412844036697262,-0.1003490401396161,-38.68423170342289,-34.267289040417495,-4.0330137660970555,-0.40275341086227123,-0.7531533099260203,-0.8041789719508207,0.023757891748217755,1286367333.9,554,-0.6231984827054808,10,True,False,False,True,True,False,False,False,True,False,True,confirmed_risk_off,False,True,False,True
2025-04-18,512100.SH,2.291,2.41806,-0.11029126213592244,0.010141093474426821,-0.009939498703543714,-55.0908984103931,-34.64811469387761,-4.003232707290017,-1.066073689937971,-0.7715146026084043,-0.7915154334410451,0.024609671281846556,2359408661.95,554,-0.8933384037067592,11,True,False,False,True,True,False,False,False,True,False,True,confirmed_risk_off,False,True,False,True
2025-04-18,159915.SZ,1.878,2.0999,-0.1297497683039852,-0.06053026513256643,-0.13655172413793104,-68.23286558305354,-53.61804279143974,-6.428780809406589,-1.5974024167456737,-1.6861389163814235,-1.8229099851756247,0.029046456290535712,3284035517.6622996,554,-1.677998530285964,12,True,False,False,True,True,False,False,False,True,False,True,confirmed_risk_off,False,True,False,True
2025-04-18,516160.SH,1.729,1.9644300000000001,-0.13159216474133606,-0.088560885608856,-0.16311713455953525,-68.18830675911853,-64.61255197927582,-6.950322889920942,-1.595600906904842,-2.2162329351609693,-2.0446807510793925,0.023362747218914303,85570726.3,553,-1.9336696870422032,,False,False,False,True,False,False,False,False,False,False,True,confirmed_risk_off,False,True,False,True
2025-04-18,530880.SH,0.963,0.96601,0.009433962264151052,0.0031250000000000444,,,-3.3380071942084824,-0.0026857655150637517,0.0,0.7380844553724505,0.9096020649522399,0.015453861434210637,3604711.6,106,0.47715419513942825,,False,False,False,False,False,False,True,False,False,False,True,confirmed_risk_off,False,True,False,True
2025-04-25,159928.SZ,0.82,0.80908,-0.008464328899637219,0.06631989596879051,-0.012048192771084376,9.597395711098109,0.532356448408815,-0.0007685305282163197,1.1814663748413519,0.7324523105913877,0.8488054047361492,0.012953114685819023,593661548.7715499,559,0.9353285551203256,1,True,True,True,True,True,True,True,True,False,False,True,confirmed_risk_off,False,True,False,True
2025-04-25,159995.SZ,1.23,1.25058,-0.019138755980861233,0.0032626427406199365,0.043256997455470625,17.92223035343754,1.5528192867583606,-0.06140355477370727,1.9252472225126407,0.9630990100107164,0.8025383063154007,0.026267528160752753,623745984.99155,550,1.315846154272423,2,True,True,True,True,True,False,True,False,True,False,True,confirmed_risk_off,False,True,False,True
2025-04-25,588080.SH,1.013,1.02803,-0.03431839847473783,0.027383367139959258,0.02323232323232305,2.8268276331590165,0.006725867118129513,-0.4169272247919666,0.5765511926689706,0.6136484167772434,0.5312586484555503,0.02296775300415427,929145456.35,477,0.5823315734695956,3,True,True,True,True,True,False,True,False,True,False,True,confirmed_risk_off,False,True,False,True
2025-04-25,510880.SH,2.928,2.9303700000000004,-0.009472259810554773,0.023776223776223793,0.04347826086956519,0.8030942849853444,0.003806838306385772,-0.028810941448456355,0.395741102158599,0.6129886530547078,0.827407854357528,0.015290918801883852,486196486.5,513,0.5689734729568283,4,True,True,False,True,True,False,True,False,True,False,True,confirmed_risk_off,False,True,False,True
2025-04-25,512660.SH,0.998,1.03074,-0.0486177311725452,0.009100101112234693,-0.07421150278293143,4.1888687730876155,-0.20804577364469765,-0.8470568586535251,0.6982425123339787,0.5651053751208339,0.20305147197317022,0.026048087264249085,612888067.45,553,0.5459494493765591,5,True,True,False,True,True,False,True,False,True,False,True,confirmed_risk_off,False,True,False,True
2025-04-25,510300.SH,3.671,3.7613399999999997,-0.03799790356394128,-0.00108843537414971,-0.03445554971067866,-2.862829228400905,-0.6318912375919928,-0.8641301620026006,0.0682098279135772,0.4693071219660122,0.19002381648447444,0.016646327681973095,5777411506.5,559,0.25301154324873065,6,True,True,False,True,True,False,True,False,True,False,True,confirmed_risk_off,False,True,False,True
2025-04-25,510500.SH,5.559,5.738239999999999,-0.056837461825585356,0.002524797114517696,-0.03539823008849552,-10.584249241096886,-2.480292968791458,-1.35381729004159,-0.6216590486476959,0.0515283038841557,-0.18362825721843015,0.023410546712923228,2210152717.65,559,-0.26477794934910215,7,True,False,False,True,True,False,False,False,True,False,True,confirmed_risk_off,False,True,False,True
2025-04-25,512880.SH,1.041,1.12297,-0.05962059620596216,-0.05104831358249773,-0.08362676056338025,-4.427770730677298,-4.730798953014275,-2.1706719577003923,-0.07160958798199403,-0.45713478288141973,-0.8069230571183096,0.023809665427215708,1213097617.3,559,-0.37288235976902745,8,True,False,False,True,True,False,False,False,True,False,True,confirmed_risk_off,False,True,False,True
2025-04-25,512100.SH,2.335,2.41481,-0.0630016051364366,0.01345486111111116,-0.00849256900212314,-14.315018908760532,-2.401037585378395,-1.2740403009128214,-0.9549839908355455,0.06944173679759885,-0.12275502671079665,0.025064516441386457,2330247800.1,559,-0.37876790695733803,9,True,False,False,True,True,False,False,False,True,False,True,confirmed_risk_off,False,True,False,True
2025-04-25,512010.SH,0.351,0.35906999999999994,-0.040983606557377095,0.02631578947368407,-0.07142857142857151,-13.542072000454352,-6.732739686372091,-0.8649825939794211,-0.8859251889055995,-0.909616740312512,0.18937337468686138,0.017627855547556442,628585698.75,559,-0.6803420967498724,10,True,False,False,True,True,False,False,False,True,False,True,confirmed_risk_off,False,True,False,True
2025-04-25,159915.SZ,1.92,2.0872,-0.08701854493580607,-0.06750849927149116,-0.10070257611241207,-19.65495140472916,-7.909568534158663,-2.87373375615225,-1.4320792953067076,-1.1756055439444275,-1.3433890654956293,0.029471287150981164,3321244735.9098,559,-1.31175174879958,11,True,False,False,True,True,False,False,False,True,False,True,confirmed_risk_off,False,True,False,True
2025-04-25,515300.SH,1.29,1.2785,0.0031104199066873672,0.01735015772870674,0.01815311760063154,3.690159987202746,0.2964100321299748,0.026694476769223503,0.6536854659249068,0.679123311132132,0.8697608455456722,0.010821915438525283,95917151.0,539,0.70707567993195,,False,False,False,True,False,True,True,False,False,False,True,confirmed_risk_off,False,True,False,True
2025-04-25,516160.SH,1.755,1.94372,-0.10413476263399701,-0.06350053361792962,-0.18067226890756305,-20.783246162550604,-15.20926252465854,-4.75021951355683,-1.5328865866764823,-2.8254944594516016,-2.775227385069267,0.023520239959506858,71278360.95,558,-2.298397895465087,,False,False,False,True,False,False,False,False,False,False,True,confirmed_risk_off,False,True,False,True
2025-04-25,530880.SH,0.96,0.9657799999999999,-0.017400204708290734,0.022364217252396124,,,-0.00429577381229761,-0.10443554673321982,0.0,0.6111572872551733,0.7697030690576259,0.01535105036966567,3848216.1,111,0.3984035287135945,,False,False,False,False,False,False,True,False,False,False,True,confirmed_risk_off,False,True,False,True
2025-05-09,512010.SH,0.358,0.35756,0.04069767441860472,0.0028011204481792618,-0.09823677581863988,25.396582460764485,12.745397253990815,2.2722177432733393,0.2143979691125461,0.426847288920622,-0.45490100663088257,0.005753411264680108,464609254.15,566,0.16551790188709076,1,True,True,True,True,True,True,True,True,False,False,True,confirmed_risk_off,False,True,False,True
2025-05-09,512660.SH,1.047,1.02786,0.10676532769556024,0.007699711260827691,-0.09193408499566358,22.46992011084042,2.653128811881926,4.277611728367216,0.040498558636110155,-0.659882558042866,0.570924667732556,0.017708327801860466,664897998.4,560,-0.13356866621619115,2,True,True,True,True,True,True,False,False,True,False,True,confirmed_risk_off,False,True,False,True
2025-05-09,159928.SZ,0.823,0.80842,-0.008433734939759074,0.06883116883116869,-0.09261300992282262,-13.40589596153493,-10.715807864871545,-0.17720975526594127,-2.0912072958192183,-2.099442216223836,-1.7078645809560464,0.005361362558577098,532081850.90774995,566,-2.017832721008431,3,True,True,True,True,True,True,False,False,True,False,True,confirmed_risk_off,False,True,False,True
2025-05-09,159915.SZ,1.984,2.07132,0.0997782705099779,-0.07376283846872078,-0.1396357328707719,49.64796667036115,26.829921575346532,6.444351898863914,1.6553914671823968,1.9434610262680656,1.6792842784083,0.009783082725392606,2624981907.7555,566,1.775397853061845,4,True,True,False,True,True,False,True,False,True,False,True,confirmed_risk_off,False,True,False,True
2025-05-09,512100.SH,2.396,2.4095700000000004,0.10009182736455458,-0.018837018837018937,-0.051840126632370476,35.290941027921924,21.164210788084343,6.21172829381767,0.8023110646959145,1.3333804430870826,1.5602895729822501,0.011597909373813924,1632875323.55,566,1.166334517709649,5,True,True,False,True,True,False,True,False,True,False,True,confirmed_risk_off,False,True,False,True
2025-05-09,510500.SH,5.658,5.72504,0.0775090458960197,-0.027835051546391765,-0.08594507269789986,26.29533734917355,14.432988437280473,4.142462652950256,0.2678011043465121,0.6085661679687974,0.501791423861423,0.008848573845457402,1371432486.75,566,0.4509051936984084,6,True,True,False,True,True,False,True,False,True,False,True,confirmed_risk_off,False,True,False,True
2025-05-09,510300.SH,3.734,3.75437,0.06109690252912747,-0.012430573922242782,-0.07505573445627944,20.86477323886634,12.523115481309093,4.72512013522736,-0.05487769642509628,0.402912111393903,0.7998400911669821,0.004816778570779722,3638465176.25,566,0.2991817842209191,7,True,False,False,True,True,False,True,False,True,False,True,confirmed_risk_off,False,True,False,True
2025-05-09,512880.SH,1.046,1.11104,0.05337361530715001,-0.07433628318584062,-0.23313782991202348,31.323458168242084,9.487201533810838,2.1493043951327424,0.5665671189033328,0.07600658777609381,-0.5177752693352725,0.007707729310385041,1057858848.4,566,0.15347442880471612,8,True,False,False,True,True,False,True,False,True,False,True,confirmed_risk_off,False,True,False,True
2025-05-09,159995.SZ,1.239,1.25432,0.09743135518157664,-0.03804347826086951,-0.02670856245090325,15.026884500361222,6.340595929868632,3.1128437811514855,-0.4017593276728571,-0.2628181517798849,-0.024892849329340064,0.016998828143408015,557673636.10455,557,-0.27080956164696485,9,True,False,False,True,True,False,False,False,True,False,True,confirmed_risk_off,False,True,False,True
2025-05-09,588080.SH,1.017,1.03038,0.07505285412262142,-0.029580152671755844,0.07052631578947355,10.93258659210013,3.307021033877738,2.515552133596943,-0.6450384994502172,-0.5894718076336511,-0.33042737855333465,0.012851707496641312,644581086.5,484,-0.5598895985442143,10,True,False,False,True,True,False,False,False,True,False,True,confirmed_risk_off,False,True,False,True
2025-05-09,510880.SH,2.927,2.92856,0.023426573426573505,0.007920110192837448,-0.01580363147276398,2.2713475082646375,0.14003048031512846,1.0948300503160153,-1.1596808430446321,-0.9304915872154093,-1.0571739430676699,0.005109176430456962,388582777.4,520,-1.0475037607175506,11,True,False,False,True,True,False,False,False,True,False,True,confirmed_risk_off,False,True,False,True
2025-05-09,515300.SH,1.307,1.28143,0.03157063930544601,0.035657686212361206,0.03730158730158717,9.554066684813268,6.552341608990438,1.7306802691049927,-0.7269488022268378,-0.24001749494171465,-0.7319154231300984,0.005299474877901625,86385752.75,546,-0.5331696034934407,,False,False,False,True,False,True,False,False,False,False,True,confirmed_risk_off,False,True,False,True
2025-05-09,516160.SH,1.799,1.91726,0.06828978622327786,-0.0774358974358974,-0.19399641577060944,47.58050941226722,16.891840115349574,4.991660556138763,1.532545181762047,0.8733339476945994,0.9361843751625057,0.008013975718787288,58604828.35,565,1.1495885268151598,,False,False,False,True,False,False,True,False,False,False,True,confirmed_risk_off,False,True,False,True
2025-05-09,530880.SH,0.956,0.96445,0.02027748132337237,-0.006237006237006293,,,0.5867994131045178,0.769943994837642,0.0,-0.8823837572717975,-1.223363958311372,0.006482929609804292,4262966.65,118,-0.5976262945709934,,False,False,False,False,False,False,False,False,False,False,True,confirmed_risk_off,False,True,False,True
2025-05-16,512010.SH,0.363,0.35650000000000004,0.046109510086455474,-0.0027472527472527375,-0.06201550387596899,31.428826170142383,22.13420831282677,2.4020910351214613,0.320001199400652,0.5501794441770533,0.936689797570908,0.004884440503520214,422433915.15,571,0.5354102169452638,1,True,True,True,True,True,True,True,True,False,False,True,mixed,True,False,False,True
2025-05-16,512660.SH,1.038,1.02674,0.032835820895522616,0.012682926829268304,-0.07569011576135354,43.22038752610512,20.662966257978365,0.8082575071553678,0.8420814841499363,0.43907558061020424,-0.3612668914496475,0.018100947495675722,710124016.05,565,0.4402094476141267,2,True,True,True,True,True,True,True,True,False,False,True,mixed,True,False,False,True
2025-05-16,510300.SH,3.778,3.7507800000000002,0.03791208791208778,-0.013577023498694496,-0.03450038333759253,26.741055157508242,18.817675015805822,2.43907709405976,0.11244659732262614,0.299724624908653,0.9668098206204512,0.005376312780020729,3393143694.45,571,0.3582304530166019,3,True,True,True,True,True,True,True,True,False,False,True,mixed,True,False,False,True
2025-05-16,510880.SH,2.963,2.9255499999999994,0.013684570646596006,0.017513736263736313,0.028105482303955487,6.44661763397994,0.9864128617931678,0.27971109982938547,-0.7861049516418704,-1.0468397361735013,-0.7916947453058729,0.004916607939130412,360151813.2,525,-0.8915168241873235,4,True,True,False,True,True,True,False,False,True,False,True,mixed,True,False,False,True
2025-05-16,159928.SZ,0.823,0.80751,-0.00962695547533099,0.04441624365482233,-0.0407925407925408,-2.9493301939667615,-0.33446811463309983,-0.03848917586797855,-1.2021176381232295,-1.1465887742799683,-1.050824804400956,0.004852760395634224,372467934.0967,571,-1.1496475258414705,5,True,True,False,True,True,True,False,False,True,False,True,mixed,True,False,False,True
2025-05-16,159915.SZ,2.008,2.06156,0.06075013206550439,-0.07974335472043992,-0.12237762237762229,61.92606151642654,43.08997270945731,3.902388205238379,1.6702893277495379,2.132697005301399,2.15847407635745,0.011498720637602796,2210795948.9999,571,1.952889348491865,6,True,True,False,True,True,False,True,False,True,False,True,mixed,True,False,False,True
2025-05-16,512880.SH,1.067,1.10261,0.0399610136452242,-0.06321334503950837,-0.15652173913043477,44.32046935938819,20.88841987301349,1.876073796411409,0.89078843816816,0.45610117310395365,0.5083216013044537,0.011926901029825552,1192730265.4,571,0.6404201647697363,7,True,False,False,True,True,False,True,False,True,False,True,mixed,True,False,False,True
2025-05-16,512100.SH,2.391,2.40428,0.028829604130808928,-0.031983805668016285,-0.03237555645487655,33.38774601254732,21.809394157978343,1.2288516019164826,0.40673385492015435,0.5256504365770227,-0.01875124657274554,0.010736596153405446,1428812910.95,571,0.36920346728432174,8,True,False,False,True,True,False,True,False,True,False,True,mixed,True,False,False,True
2025-05-16,510500.SH,5.649,5.71207,0.021149674620390524,-0.03961237674260454,-0.06287325812873257,26.543077407779556,17.1920283969693,0.9767504129667273,0.10368098292838751,0.17696058376945872,-0.2240527531390768,0.007698762828897636,1272686137.8,571,0.06744607605132315,9,True,False,False,True,True,False,True,False,True,False,True,mixed,True,False,False,True
2025-05-16,588080.SH,1.003,1.0302200000000001,-0.010848126232741784,-0.04293893129771009,-0.033718689788054035,-4.278967989171773,-0.057568165002925345,-0.15126650500349503,-1.2609883557303605,-1.1256781062332013,-1.1426663211923072,0.008128978246381549,523226720.95,489,-1.1831998490238862,10,True,False,False,True,True,False,False,False,True,False,True,mixed,True,False,False,True
2025-05-16,159995.SZ,1.212,1.25584,-0.01543460601137292,-0.06553585196607559,-0.050900548159749426,-9.116110165841235,-0.31575212802098707,-0.35735485676132805,-1.4751564789103613,-1.1451753981354933,-1.3104967438805861,0.009530790097892735,430394073.39495003,562,-1.3102320995944592,11,True,False,False,True,True,False,False,False,True,False,True,mixed,True,False,False,True
2025-05-16,515300.SH,1.319,1.2835400000000001,0.028861154446177872,0.03288958496476124,0.036949685534591215,11.880833767371717,8.742291097741116,0.9843538103218811,-0.5455009280809299,-0.4611386718733491,-0.2178608389377255,0.005497444784324053,91202721.95,551,-0.44622800776925675,,False,False,False,True,False,True,False,False,False,False,True,mixed,True,False,False,True
2025-05-16,516160.SH,1.829,1.90265,0.048738532110091715,-0.061570035915854304,-0.18530066815144774,61.655853849427906,33.59101856674757,2.8575569024650456,1.6583256792156857,1.4153639861551237,1.3076036720541222,0.009622354581029714,58730740.0,570,1.4909966005591482,,False,False,False,True,False,False,True,False,False,False,True,mixed,True,False,False,True
2025-05-16,530880.SH,0.971,0.9630399999999999,0.018887722980063026,0.009355509355509328,0.013569937369519947,7.612622368815074,0.6753253531948208,0.3182813436801452,-0.73447921136839,-1.0703321479073564,-0.7602846230284649,0.006892821241079188,5070514.55,123,-0.8739814683159915,,False,False,False,True,False,True,False,False,False,False,True,mixed,True,False,False,True
2025-05-23,512010.SH,0.37,0.35639,0.05113636363636376,0.005434782608695565,-0.038961038961038974,37.40625591785864,29.908723924114998,3.107079353612721,0.8429921272743361,1.7794944785685636,2.212343409508272,0.005429201405313393,441676478.35,576,1.4914633242388142,1,True,True,True,True,True,True,True,True,False,False,True,mixed,True,False,False,True
2025-05-23,510300.SH,3.777,3.75011,0.029997272975184064,-0.01921578810698521,-0.02200932159502844,26.30174912913257,19.048490302877436,1.419435998430102,0.28201635373763545,0.7610855579119806,0.6523507897235299,0.0058960848737634715,2757741621.4,576,0.5477109226045525,2,True,True,True,True,True,True,True,True,False,False,True,mixed,True,False,False,True
2025-05-23,512660.SH,1.029,1.0262,0.022862823061630122,-0.016252390057361454,-0.05855443732845389,31.318869296910766,9.494971600090366,0.4777780897259918,0.5354704621095066,-0.13478731277394118,-0.21808156995082106,0.01791463334377713,744873435.65,570,0.11665694574406196,3,True,True,True,True,True,True,True,True,False,False,True,mixed,True,False,False,True
2025-05-23,510880.SH,2.98,2.9238599999999995,0.015678254942058656,0.04451454609183303,0.016024548244118808,18.74010607021979,11.493513566661193,0.840127618204656,-0.09998157240966887,0.05262421427480628,0.11686040014808675,0.005559704848213268,349435119.85,530,0.004429136775672315,4,True,True,False,True,True,True,False,False,True,False,True,mixed,True,False,False,True
2025-05-23,159928.SZ,0.818,0.8068,-0.013268998793727449,0.03282828282828265,-0.027348394768133222,4.550693696519178,0.3144442171736543,-0.025624491895686555,-0.8168001339012335,-0.9956832482730709,-0.6834075582283781,0.004905653991549856,312636623.38995,576,-0.8616748645153975,5,True,True,False,True,True,True,False,False,True,False,True,mixed,True,False,False,True
2025-05-23,159915.SZ,1.994,2.05381,0.05002632964718279,-0.10220621341737957,-0.10301394511920825,46.59282802859515,24.431497909349623,1.5620638314456605,1.3070779704387683,1.2658723937746157,0.7841904738587395,0.011399917131837828,2050468707.8440502,576,1.1860182404571016,6,True,True,False,True,True,False,True,False,True,False,True,mixed,True,False,False,True
2025-05-23,512880.SH,1.043,1.09539,0.007729468599033895,-0.08105726872246699,-0.15683104284559435,33.950615197699186,7.282899090504915,0.12285107733845899,0.6684205985303061,-0.34222247995999516,-0.546162451605396,0.012401245419656872,1170368285.0,576,0.021246757107045183,7,True,False,False,True,True,False,True,False,True,False,True,mixed,True,False,False,True
2025-05-23,512100.SH,2.361,2.40136,0.009405728943993275,-0.07193396226415083,-0.04219066937119664,20.161713726880613,6.075945409731437,0.09442360815337593,-0.028165014499086486,-0.455403507015925,-0.5724397109515149,0.010242769703885818,1218103085.2,576,-0.3079153507963076,8,True,False,False,True,True,False,False,False,True,False,True,mixed,True,False,False,True
2025-05-23,510500.SH,5.6,5.70244,0.008100810081008047,-0.06260462002008715,-0.0551712502108993,15.773073362508223,4.134990364044377,0.09939853855798125,-0.24986967640065544,-0.6374148708650074,-0.5678410765947393,0.007276065305070894,1023036968.65,576,-0.46848203422521295,9,True,False,False,True,True,False,False,False,True,False,True,mixed,True,False,False,True
2025-05-23,588080.SH,0.99,1.02951,-0.03508771929824561,-0.11131059245960506,-0.008016032064128265,-12.917056124116543,-3.5428454211222444,-0.7975267708749166,-1.6992332445302603,-1.3573972144915163,-1.3969243416795354,0.007668389237489873,486559798.25,494,-1.5020370519446178,10,True,False,False,True,True,False,False,False,True,False,True,mixed,True,False,False,True
2025-05-23,159995.SZ,1.192,1.2571700000000001,-0.0464,-0.1424460431654676,-0.03481781376518234,-22.389948737295615,-7.819006917237129,-1.1359559283338747,-2.1777833829932645,-1.7583905232630217,-1.7097552406574859,0.009307758252116787,403481266.9363,567,-1.9164206106340116,11,True,False,False,True,True,False,False,False,True,False,True,mixed,True,False,False,True
2025-05-23,515300.SH,1.33,1.2853299999999999,0.030209140201394424,0.04313725490196085,0.03987490226739654,19.469953694655317,19.270098780722062,1.945195076621794,-0.06311124187888693,0.7818666993313284,1.1383422637190042,0.005398011177968225,97439216.9,556,0.5151706357247774,,False,False,False,True,False,True,True,False,False,False,True,mixed,True,False,False,True
2025-05-23,516160.SH,1.816,1.89151,0.042479908151549894,-0.07864028411973623,-0.17790855590765053,51.328692580423294,23.314523400128966,1.3896437974986262,1.5463236506723175,1.161129084927941,0.6248120248313367,0.009948900527694515,61023431.3,575,1.207943499206371,,False,False,False,True,False,False,True,False,False,False,True,mixed,True,False,False,True
2025-05-23,530880.SH,0.978,0.9620299999999999,0.019812304483837417,0.03601694915254239,0.0,19.781810725481183,9.644416240746686,0.8929772720840591,-0.0473568961498166,-0.12077327214675895,0.16571258787890358,0.0071887460591863964,5605350.1,128,-0.034109549742849514,,False,False,False,True,False,True,False,False,False,False,True,mixed,True,False,False,True
2025-05-30,512010.SH,0.373,0.35643,0.06571428571428584,0.04189944134078205,0.0,28.698208975802064,21.986119970073993,3.0577991676545504,1.4417825982078027,1.7104284667060425,2.249735581693706,0.006520394277743821,444454335.6,581,1.7108315423042795,1,True,True,True,True,True,True,True,True,False,False,True,mixed,True,False,False,True
2025-05-30,515300.SH,1.33,1.2867199999999999,0.027027027027027195,0.0538827258320127,0.06741573033707882,13.34018999255741,9.875514164711381,1.057478522080111,0.5628503700588032,0.8007192782370848,0.5184835739352709,0.005163312004700488,112674833.65,561,0.6491245741054095,2,True,True,True,True,True,True,True,True,False,False,True,mixed,True,False,False,True
2025-05-30,510880.SH,2.979,2.9213299999999998,0.020554984583761593,0.04379817799579544,0.026887280248190315,15.707943563256881,6.591983677434453,0.5813609847894047,0.6983557971502189,0.5540711829311425,0.10640991755063378,0.005561936836922557,336207140.75,535,0.5222527755426714,3,True,True,True,True,True,True,True,True,False,False,True,mixed,True,False,False,True
2025-05-30,510300.SH,3.748,3.7453700000000003,0.024603608529251142,-0.005835543766578244,0.00026688017080345183,8.166652415781604,0.759271331621719,0.5771844980951354,0.2667712393630382,0.115936864965593,0.10279522158135149,0.006364547952284305,2904375788.55,581,0.1736422860477228,4,True,True,False,True,True,True,True,True,False,False,True,mixed,True,False,False,True
2025-05-30,512660.SH,1.048,1.02576,0.057517658930373416,0.036597428288823064,-0.00663507109004724,-0.024769985274636825,-0.003772467621752461,1.596432862602901,-0.20202002535181518,0.05861950474991511,0.9849416821313453,0.018333528692532654,759133131.65,575,0.13962812818550902,5,True,True,False,True,True,True,True,True,False,False,True,mixed,True,False,False,True
2025-05-30,159928.SZ,0.82,0.80649,0.006134969325153339,0.03144654088050314,0.003671970624234966,-0.0591015829769253,-0.06679259720202231,0.014199791387909748,-0.20398480659718987,0.05388563826469849,-0.38446086207731567,0.004683742827510731,288163829.4998,581,-0.13693183974845968,6,True,True,False,True,True,True,False,False,True,False,True,mixed,True,False,False,True
2025-05-30,159915.SZ,1.972,2.04437,0.036258539148712465,-0.08449396471680592,-0.07330827067669177,10.213041447326226,0.00166658443364403,0.6627192368683437,0.38388512450131496,0.059028068591466636,0.17682444712668138,0.011888218966436194,1917209082.0941002,581,0.21253016666244895,7,True,False,False,True,True,False,True,False,True,False,True,mixed,True,False,False,True
2025-05-30,512880.SH,1.043,1.0874599999999999,0.012621359223300876,-0.056108597285067896,-0.11908783783783783,8.699199335609855,-0.30648034567604737,0.050899700888507995,0.29724864998150347,0.035881076754348165,-0.35269755845495193,0.012519974219031157,1137320251.45,581,0.06271237900335026,8,True,False,False,True,True,False,True,False,True,False,True,mixed,True,False,False,True
2025-05-30,512100.SH,2.382,2.39906,0.025839793281653867,-0.03445480340494522,-0.005012531328320802,-1.60077077208318,-0.3317403567991599,0.48202964117256636,-0.2922138117135482,0.0339836271478761,0.020439906467430775,0.010638916875475454,1205850058.5,581,-0.0992040925327827,9,True,False,False,True,True,False,False,False,True,False,True,mixed,True,False,False,True
2025-05-30,510500.SH,5.632,5.692800000000001,0.01734104046242768,-0.031470335339638944,-0.012795793163891345,-1.5359881869312615,-0.7146255374044844,0.2225048512238731,-0.28850633472872694,0.005222541821242362,-0.20417548939713245,0.007893864146613395,1093014364.85,581,-0.15414861504242033,10,True,False,False,True,True,False,False,False,True,False,True,mixed,True,False,False,True
2025-05-30,588080.SH,0.991,1.0293199999999998,-0.02075098814229248,-0.07728119180633153,0.009164969450101923,-25.236320396373273,-20.978379929384708,-0.510632999261702,-1.644865238793283,-1.5169245629173098,-0.8386969489566128,0.0088700330780898,475065732.6,499,-1.4324553104755597,11,True,False,False,True,True,False,False,False,True,False,True,mixed,True,False,False,True
2025-05-30,159995.SZ,1.176,1.25353,-0.0561797752808989,-0.09885057471264369,-0.010101010101010055,-41.42428259543302,-36.67529751344726,-2.4953172683709055,-2.571294728191232,-2.696025789260471,-2.5564158723021073,0.011133614378439982,402333603.0545,572,-2.6182113814411028,12,True,False,False,True,True,False,False,False,True,False,True,mixed,True,False,False,True
2025-05-30,516160.SH,1.774,1.8795499999999998,0.01778542742398148,-0.12178217821782178,-0.1690866510538641,14.676814060209814,1.588137282206053e-05,0.3324141107880689,0.6393447389784535,0.05890407316415295,-0.10905042696639732,0.010575926862343125,61972778.3,580,0.2574894394637631,,False,False,False,True,False,False,True,False,False,False,True,mixed,True,False,False,True
2025-05-30,530880.SH,0.978,0.96073,0.021943573667711602,0.03821656050955413,0.016632016632016633,19.452350080427617,8.884400165500738,0.7887088236310437,0.9126464271346605,0.7262700288442183,0.2858668276680979,0.006666817574588057,5942156.55,133,0.7127399479251711,,False,False,False,True,False,True,True,False,False,False,True,mixed,True,False,False,True
2025-06-06,512010.SH,0.373,0.35702,0.04481792717086841,0.04189944134078205,-0.002673796791443861,26.97448190108059,21.60932901260868,2.152317321536347,2.523941160495206,2.941623664908353,2.88957440469214,0.007155568368425297,456197599.6,585,2.7641408110998515,1,True,True,True,True,True,True,True,True,False,False,True,mixed,False,True,True,False
2025-06-06,510880.SH,2.981,2.91918,0.024398625429553178,0.04449894884372796,0.0,6.461312878191893,0.7815967360475105,0.6282916900144879,0.6110238554566875,0.1998162784567469,0.5941175053048501,0.005240523963680647,313596238.0,539,0.44315955462634377,2,True,True,True,True,True,True,True,True,False,False,True,mixed,False,True,True,False
2025-06-06,515300.SH,1.324,1.2868000000000002,0.019245573518090975,0.041699449252557086,0.05330151153540186,0.8778442310773852,0.36631143381870873,0.359756067548497,0.09034790405747893,0.14514722980486391,0.1896545260928247,0.004645823775192057,119286897.5,565,0.13212895876350209,3,True,True,True,True,True,True,True,True,False,False,True,mixed,False,True,True,False
2025-06-06,512100.SH,2.432,2.40117,0.0028865979381442752,-0.050741608118657244,-0.005316973415132931,1.372562077620555,-0.0031304654073140274,0.1310031160015789,0.13648189382316908,0.09651310513337742,-0.15488859052079385,0.009113854700831843,1037378331.2,585,0.062220281478459843,4,True,True,False,True,True,True,True,True,False,False,True,mixed,False,True,True,False
2025-06-06,510500.SH,5.723,5.6923699999999995,0.0031551270815073362,-0.038312888590152916,-0.018016472203157274,0.754479130172567,-0.10199779510843941,0.09394577043987537,0.07884372173950875,0.08349799761932747,-0.2107036226194658,0.006899568088420574,999936975.9,585,0.02279596321964133,5,True,True,False,True,True,True,True,True,False,False,True,mixed,False,True,True,False
2025-06-06,510300.SH,3.775,3.74354,0.009628242845680646,-0.01384535005224663,-0.007362608466999765,-3.0338473969331803,-0.6561593064010153,0.18605278101502623,-0.27442960052245324,0.010546986689584719,-0.07197388702076657,0.005832225846010638,2721445340.0,585,-0.11994782293730073,6,True,True,False,True,True,True,False,False,True,False,True,mixed,False,True,True,False
2025-06-06,159928.SZ,0.819,0.80671,-0.0036496350364964014,0.017391304347825987,-0.012062726176115812,-2.7533712781899706,-0.8698478002180938,-0.023763337987680978,-0.24827432336389893,-0.01758342534796237,-0.3879947255197161,0.004799106837516748,260052512.591,585,-0.18394204458868774,7,True,False,False,True,True,True,False,False,True,False,True,mixed,False,True,True,False
2025-06-06,512660.SH,1.047,1.02597,-0.02332089552238814,-0.02332089552238814,-0.009460737937559194,-6.773223106498849,-0.9814420399435833,-0.05467188643161515,-0.6231381056240965,-0.032273930617666,-0.43454856248164864,0.015627995432091698,684038874.85,579,-0.34907452699303476,8,True,False,False,True,True,True,False,False,True,False,True,mixed,False,True,True,False
2025-06-06,512880.SH,1.068,1.08292,0.008498583569405138,-0.046428571428571486,-0.12026359143327836,6.616406880158774,-0.6819035932955547,0.3569916712200004,0.6254868572453962,0.007157953499168088,0.18549084767847168,0.012687159022371825,1142605874.25,585,0.2901560938335201,9,True,False,False,True,True,False,True,False,True,False,True,mixed,False,True,True,False
2025-06-06,159915.SZ,2.017,2.04005,0.007996001999000413,-0.06620370370370376,-0.07050691244239637,-0.6844014855919763,-1.589955439578791,0.1624494531555871,-0.05533640550993112,-0.11237994080256654,-0.10752474696880196,0.010939666489253937,1648776356.2836,585,-0.08859148791875947,10,True,False,False,True,True,False,False,False,True,False,True,mixed,False,True,True,False
2025-06-06,588080.SH,1.007,1.02844,-0.028929604628736727,-0.10249554367201441,0.013078470824949617,-10.363590945121455,-4.05818857248222,-0.3774286065935812,-0.9579511597305338,-0.43730344881668853,-0.9206782736857686,0.00840183688580093,432097674.55,503,-0.7422374981560427,11,True,False,False,True,True,False,False,False,True,False,True,mixed,False,True,True,False
2025-06-06,159995.SZ,1.21,1.25201,-0.04347826086956519,-0.10898379970544925,0.005818786367414619,-22.40186648712904,-14.350944792003865,-0.9858657357894217,-2.0805580851370005,-1.792263972358123,-1.8370940984388813,0.01120812097822179,375516408.62885,576,-1.916547642685826,12,True,False,False,True,True,False,False,False,True,False,True,mixed,False,True,True,False
2025-06-06,516160.SH,1.793,1.8717999999999997,-0.010485651214128144,-0.09444444444444444,-0.15782057303898545,-6.902003903152009,-10.90371448588972,-0.024065925862083504,-0.6351473185448111,-1.3384631749117226,-0.38845047731916227,0.009305080089250371,57787816.5,584,-0.8671342928464459,,False,False,False,True,False,False,False,False,False,False,True,mixed,False,True,True,False
2025-06-06,530880.SH,0.976,0.95967,0.02413431269674704,0.04051172707889128,-0.007121057985757906,8.581196051258848,1.1321561842618932,0.6687265624730292,0.8087096056152794,0.2459646767433073,0.6550197008067191,0.006243315104112633,6358196.65,137,0.5528736531047785,,False,False,False,True,False,True,True,False,False,False,True,mixed,False,True,True,False
2025-06-13,512010.SH,0.377,0.35874,0.038567493112947604,0.030054644808743092,-0.01049868766404205,20.775606679338832,18.63508036632377,2.5912577800453116,1.6275296351461788,3.1800037885159718,3.0189146331815193,0.008678499198447301,493363442.0,590,2.526796296101164,1,True,True,True,True,True,True,True,True,False,False,True,mixed,False,True,True,False
2025-06-13,512100.SH,2.418,2.41233,0.012987012987013102,-0.06640926640926625,-0.04765655769988186,11.466188294090685,4.700788005964927,0.373316447549296,0.6613949425958096,0.5593308069504654,0.38318448476399114,0.008355640419530432,950142149.3,590,0.5649271967713083,2,True,True,True,True,True,True,True,True,False,False,True,mixed,False,True,True,False
2025-06-13,510500.SH,5.714,5.71022,0.009719031631030273,-0.05334658714380369,-0.04575818303273216,11.294832069630788,4.245159322617093,0.2837443659328267,0.6436115337528368,0.47363906536817635,0.27673990369504275,0.006146353648273747,970060873.3,590,0.5022482203874139,3,True,True,True,True,True,True,True,True,False,False,True,mixed,False,True,True,False
2025-06-13,512660.SH,1.056,1.03013,0.018322082931533368,-0.03561643835616435,-0.024930747922437546,5.408792633639632,1.5211921006660458,0.15412873526096174,0.03275630461823153,-0.03866734507757981,0.12270885676761015,0.008945472465454763,518188917.9,584,0.02217735516978272,4,True,True,False,True,True,True,True,True,False,False,True,mixed,False,True,True,False
2025-06-13,510880.SH,2.982,2.92154,0.0003354579000336422,0.019487179487179596,-0.01713909030982186,3.8410891826640072,0.24237351208517127,0.09895169320932545,-0.12994050724904557,-0.2791794024355702,0.05713823454004462,0.004527105956452679,262217369.25,544,-0.1522203169658374,5,True,True,False,True,True,True,False,False,True,False,True,mixed,False,True,True,False
2025-06-13,510300.SH,3.769,3.7496899999999997,-0.00815789473684203,-0.03234916559691914,-0.024585921325051663,0.06905705963500848,-0.0032141490433784128,-0.006828615769965824,-0.521403318851491,-0.3253679659794516,-0.06856768265474225,0.004667689552354868,2618421329.75,590,-0.35242205046332553,6,True,True,False,True,True,True,False,False,True,False,True,mixed,False,True,True,False
2025-06-13,515300.SH,1.324,1.2878300000000003,-0.0022607385079125297,0.034375000000000044,0.032761310452418035,-1.8999546428078034,-0.0011092659392997267,0.04199480880173455,-0.7257480412653133,-0.32497209296792323,-0.010547495101899935,0.004162824569106017,141230742.05,570,-0.42239755271367463,7,True,False,False,True,True,True,False,False,True,False,True,mixed,False,True,True,False
2025-06-13,512880.SH,1.076,1.0830600000000001,-0.00278035217794248,-0.0659722222222221,-0.1329572925060435,23.38284080956041,3.064535114352453,0.05604930588389665,1.898109304097357,0.25159478181464606,0.006154417224434055,0.009376675939153445,1037579640.65,590,0.8611125178096881,8,True,False,False,True,True,False,True,False,True,False,True,mixed,False,True,True,False
2025-06-13,159915.SZ,2.02,2.0426599999999997,0.003976143141153132,-0.0759377859103385,-0.08926961226330021,12.599538997313502,0.723935388189972,0.07200871040011843,0.7790144745469169,-0.18861031108722798,0.025120060281754265,0.008640610711457743,1493303509.93985,590,0.24118567744022643,9,True,False,False,True,True,False,True,False,True,False,True,mixed,False,True,True,False
2025-06-13,588080.SH,0.983,1.02917,-0.025768087215064295,-0.1071752951861944,-0.02961500493583402,-3.187252235094612,-0.2765148093565947,-0.5747373168275204,-0.8593442351495241,-0.37676861394952293,-0.7434521185029672,0.00788406091504701,413557371.8,508,-0.6431355633402123,10,True,False,False,True,True,False,False,False,True,False,True,mixed,False,True,True,False
2025-06-13,159928.SZ,0.798,0.8083100000000001,-0.03971119133573997,-0.0556213017751479,-0.06447831184056263,-5.789443958908724,-1.0572998314796882,-0.9148282027113623,-1.1294006014020168,-0.5236136893198464,-1.1476051896382147,0.006715492953469785,264401712.54070002,590,-0.8907267542163884,11,True,False,False,True,True,False,False,False,True,False,True,mixed,False,True,True,False
2025-06-13,159995.SZ,1.172,1.25244,-0.03855619360131268,-0.11746987951807242,-0.017602682313495488,-12.000586313701266,-5.296542255452777,-1.3043067012441762,-1.7739951250344521,-1.320903411359699,-1.610448911292504,0.010259242438939028,370285831.5904,581,-1.5600491968161614,12,True,False,False,True,True,False,False,False,True,False,True,mixed,False,True,True,False
2025-06-13,516160.SH,1.794,1.86783,-0.018599562363238564,-0.10389610389610382,-0.15457115928369458,-0.2658123569913561,-2.882430444084207,-0.29201938618711093,-0.5561561839058219,-0.8668726335550014,-0.4074792222097415,0.007588648418044167,51956304.7,589,-0.6507073714262777,,False,False,False,True,False,False,False,False,False,False,True,mixed,False,True,True,False
2025-06-13,530880.SH,0.981,0.9600200000000001,0.0010204081632652073,0.026150627615062705,-0.01998001998001986,5.609365416506104,0.5590921541552635,0.1334543051604569,0.053571818100334526,-0.21961297691743709,0.09814002894567345,0.005114917407837817,6766583.5,142,-0.04678845773770633,,False,False,False,True,False,True,False,False,False,False,True,mixed,False,True,True,False
2025-06-20,510880.SH,2.997,2.9268600000000005,-0.0036569148936170803,0.029189560439560447,-0.01640958319658692,4.759025241860701,2.2688758858497806,-0.01466997600509061,0.1948875796749661,0.2267148415835405,0.6389855632854382,0.003998787723291532,247000414.6,549,0.2964380811604903,1,True,True,True,True,True,True,True,True,False,False,True,confirmed_risk_off,False,True,False,True
2025-06-20,512660.SH,1.034,1.0336699999999999,-0.005769230769230749,-0.03992571959145774,-0.013358778625954248,3.6857350042643717,1.9729470184091489,0.01609453939391422,0.10346593274011268,0.1682443537802479,0.700851926119338,0.009786807124734597,509858546.05,589,0.24885449983201183,2,True,True,True,True,True,True,True,True,False,False,True,confirmed_risk_off,False,True,False,True
2025-06-20,515300.SH,1.333,1.29063,-0.005965697240865042,0.047955974842767146,0.030935808197989134,0.11079799980641433,0.2784965674277936,-0.08771351733700467,-0.2010431526754386,-0.16655010302368367,0.4920975602694917,0.0036326850655783497,143310429.25,575,-0.04861779022575055,3,True,True,True,True,True,True,False,False,True,False,True,confirmed_risk_off,False,True,False,True
2025-06-20,512010.SH,0.363,0.36001,-0.016260162601625994,0.008333333333333304,-0.018918918918918948,-8.18474178755732,-0.013259260433046833,-0.5072739750691917,-0.9076478370456621,-0.2241960695088531,-0.35162382367456435,0.009689926500972581,503820344.45,595,-0.523062327356719,4,True,True,False,True,True,True,False,False,True,False,True,confirmed_risk_off,False,True,False,True
2025-06-20,512880.SH,1.059,1.0829900000000001,0.0018921475875117721,-0.046804680468046866,-0.11896838602329451,28.1065019570138,11.98655069273553,0.08985048878616754,2.1835992052019497,2.1467613419012794,0.8491725567900719,0.010768308322760031,1132114147.2,595,1.901978730199306,5,True,True,False,True,True,False,True,False,True,False,True,confirmed_risk_off,False,True,False,True
2025-06-20,159915.SZ,1.988,2.0443300000000004,-0.01388888888888895,-0.058712121212121215,-0.07877664504170523,16.28294032947237,6.079305779631252,-0.023048237731413655,1.1764816159780387,0.9795906814991849,0.6221371724313816,0.009060884075227212,1393006226.0535998,595,0.9868563534771659,6,True,True,False,True,True,False,True,False,True,False,True,confirmed_risk_off,False,True,False,True
2025-06-20,510500.SH,5.617,5.72412,-0.005664719419366304,-0.048933288181510326,-0.035873669756264936,7.254137498890317,3.047152584359783,0.001525810426178209,0.4074184160085202,0.3804890191464821,0.6715547224853143,0.00647672374089793,1098054879.9,595,0.4494739185590638,7,True,False,False,True,True,False,True,False,True,False,True,confirmed_risk_off,False,True,False,True
2025-06-20,512100.SH,2.376,2.42101,-0.006688963210702337,-0.057516858389528025,-0.02583025830258312,6.050705210235655,2.9444497726339858,0.014930068486728808,0.30491141655068277,0.36019669838604873,0.698510215914607,0.008558180666725692,971672170.15,595,0.4057452891576141,8,True,False,False,True,True,False,True,False,True,False,True,confirmed_risk_off,False,True,False,True
2025-06-20,510300.SH,3.755,3.7556199999999995,-0.013399894902785148,-0.01158199526191106,-0.015211119853134059,2.392784643595257,0.5910066102600751,-0.2370236963604438,-0.006666114712498479,-0.10480345827806029,0.19184002035851255,0.004607718434315137,2558673906.5,595,-0.006219825124520989,9,True,False,False,True,True,False,False,False,True,False,True,confirmed_risk_off,False,True,False,True
2025-06-20,159995.SZ,1.165,1.25069,-0.03559602649006621,-0.07759303246239102,-0.022651006711409294,-8.0455446638921,-2.5700194322858154,-0.695994278962049,-0.8957911836929134,-0.7293681932600203,-0.7311337442220868,0.010060099889916348,372413660.57414997,586,-0.7962904996255908,10,True,False,False,True,True,False,False,False,True,False,True,confirmed_risk_off,False,True,False,True
2025-06-20,588080.SH,0.968,1.02919,-0.030060120240480992,-0.07984790874524716,-0.051909892262487656,-10.99208883584714,-3.176890778814764,-0.7985498128895957,-1.1467744792921588,-0.849275601997383,-0.9373693305882925,0.007967805186612067,442400824.15,513,-0.9858938986334752,11,True,False,False,True,True,False,False,False,True,False,True,confirmed_risk_off,False,True,False,True
2025-06-20,159928.SZ,0.794,0.80915,-0.03406326034063245,-0.025766871165644023,-0.049101796407185594,-21.599830234026392,-11.65699068507343,-1.7900017168259719,-2.050329878298137,-2.5247984478348977,-2.9311443803741506,0.006607644540565385,254847542.92650002,595,-2.416280206528044,12,True,False,False,True,True,False,False,False,True,False,True,confirmed_risk_off,False,True,False,True
2025-06-20,516160.SH,1.78,1.8637000000000001,-0.02732240437158473,-0.09229984701682814,-0.13000977517106538,7.89690759253567,0.0011035702805931517,-0.5928170390117269,0.4621688446466583,-0.2213582195710429,-0.5236479288214821,0.007169633223118643,53670524.85,594,-0.008405335734050265,,False,False,False,True,False,False,False,False,False,False,True,confirmed_risk_off,False,True,False,True
2025-06-20,530880.SH,0.985,0.9614400000000001,-0.0010141987829614951,0.022845275181723856,-0.024752475247524774,6.87729777284576,3.947352581028153,-0.029198370916214612,0.37531963491588,0.5583531571771576,0.6097694700264215,0.003913615132187854,6400105.7,147,0.49542301084249935,,False,False,False,True,False,True,True,False,False,False,True,confirmed_risk_off,False,True,False,True
2025-06-27,512880.SH,1.138,1.0841,0.08484270734032417,0.028003613369466995,-0.05245628642797684,35.043820384555595,17.237398260222367,5.184887382083648,1.8238573580903006,1.7367203946309906,2.504373894947209,0.016676957707206855,1615561119.05,600,1.9251058800779584,1,True,True,True,True,True,True,True,True,False,False,True,mixed,True,False,False,True
2025-06-27,159915.SZ,2.101,2.04509,0.05630970336852692,0.005744375299186144,-0.025510204081632737,20.389728394528298,9.501111247975967,3.1343922270712645,0.9494226876792514,0.8311226560686498,1.1692866519652123,0.01153957184718324,1601136492.35245,600,0.946075467892203,2,True,True,True,True,True,True,True,True,False,False,True,mixed,True,False,False,True
2025-06-27,512660.SH,1.099,1.03795,0.049665711556829084,0.05673076923076925,0.0577478344562079,9.825525012453909,5.948534203321487,1.8756622379200425,0.31903864826922584,0.41526350650312766,0.3497215109471079,0.011110084673216777,611828746.2,594,0.363665164098363,3,True,True,True,True,True,True,True,True,False,False,True,mixed,True,False,False,True
2025-06-27,510300.SH,3.84,3.7625900000000003,0.022636484687083902,0.011324730050039422,-0.005439005439005551,8.119229625270526,4.798860638890876,1.4576052923717588,0.21722109140313062,0.28068450518309396,0.07752262597185326,0.006084340736942959,2973249228.85,600,0.2146667638288605,4,True,True,False,True,True,True,True,True,False,False,True,mixed,True,False,False,True
2025-06-27,510500.SH,5.848,5.73631,0.03230361871138565,0.0001710278775439722,0.01193978196919887,4.778328401799579,2.1649766541314275,1.5181260983026852,0.01786381548253322,-0.02763386207214538,0.11692801336613898,0.00770688772626603,1219354264.3,600,0.019477584037382936,5,True,True,False,True,True,True,True,True,False,False,True,mixed,True,False,False,True
2025-06-27,512100.SH,2.488,2.42896,0.03451143451143457,0.008921330089213253,0.036234902124115065,3.058322571931003,2.2001146741904556,1.7275426762898534,-0.08477186688999222,-0.023520660034444075,0.2532801530218526,0.00908890843786593,1032502010.3,600,0.007339019834595999,6,True,True,False,True,True,True,False,False,True,False,True,mixed,True,False,False,True
2025-06-27,510880.SH,3.011,2.93324,0.015514333895446875,0.024498128615175307,-0.009865175928970626,4.1511317386747155,3.3852916574714498,0.7699290674942012,-0.019562079467200736,0.11521431633812351,-0.3702266666279146,0.0038318956261702846,277030173.45,554,-0.03578443857721381,7,True,False,False,True,True,True,False,False,True,False,True,mixed,True,False,False,True
2025-06-27,515300.SH,1.332,1.29439,0.006802721088435382,0.036575875486381415,0.034161490683229934,4.093752840819881,3.615474904021544,0.3441535263599918,-0.022985976196413793,0.14215920956671305,-0.6474511662579108,0.004377835308088888,142404032.95,580,-0.08182093990346245,8,True,False,False,True,True,True,False,False,True,False,True,mixed,True,False,False,True
2025-06-27,512010.SH,0.365,0.3611,-0.018817204301075252,-0.002732240437158473,-0.01084010840108407,-29.098681101013025,-11.510042579680947,-0.4095673924898756,-2.0036351391619256,-1.6284103680799051,-1.1382024762843175,0.00919725629542003,514551056.8,600,-1.680458698153596,9,True,False,False,True,True,True,False,False,True,False,True,mixed,True,False,False,True
2025-06-27,159995.SZ,1.214,1.24988,0.017602682313495377,-0.01859337105901382,-0.03727200634417127,5.751993151524193,0.129061295435768,0.762725252988968,0.07596405226934444,-0.2659549509640843,-0.37491710484876833,0.009700029870680601,429586300.15485,591,-0.15097978044764962,10,True,False,False,True,True,False,False,False,True,False,True,mixed,True,False,False,True
2025-06-27,588080.SH,0.999,1.0299800000000001,-0.0010000000000000009,-0.040345821325648346,-0.0029940119760478723,-7.444196271531928,-0.620296290212664,0.09303048075789754,-0.7114750846409975,-0.35367358573855917,-0.8109585872740397,0.008928798999705282,517561713.5,518,-0.5882511856066307,11,True,False,False,True,True,False,False,False,True,False,True,mixed,True,False,False,True
2025-06-27,159928.SZ,0.792,0.8099500000000001,-0.03414634146341455,-0.0353227771010961,-0.03883495145631055,-27.365517760556873,-18.889103213945425,-1.295764491120855,-1.900214325684593,-2.492191741822386,-1.715209663186319,0.007040712524838701,247474541.58905,600,-2.1000043596400553,12,True,False,False,True,True,False,False,False,True,False,True,mixed,True,False,False,True
2025-06-27,516160.SH,1.865,1.8612700000000002,0.04131769960915688,-0.03964984552008233,-0.07992106561420831,24.730221974100953,10.100684462940787,2.467692907533495,1.2084273448943055,0.9013077651158166,0.7351955231742845,0.00910566043981309,65069462.65,599,0.9909331486389058,,False,False,False,True,False,True,True,False,False,False,True,mixed,True,False,False,True
2025-06-27,530880.SH,0.99,0.9633799999999999,0.01747173689619741,0.020618556701030855,-0.018830525272547027,6.671782868789287,5.552572249072451,1.109173927702677,0.1308494739530305,0.3689128153050086,-0.14934270891438775,0.004534951067338752,6396186.15,152,0.1700363739203381,,False,False,False,True,False,True,True,False,False,False,True,mixed,True,False,False,True
2025-07-04,512660.SH,1.116,1.0444,0.0659025787965617,0.2038834951456312,0.12048192771084354,37.62825335449243,31.10365283358222,1.7678523210751236,1.3313412469697845,1.9311675528249008,0.5146450013209691,0.015352297717985528,714863709.95,599,1.407932520182068,1,True,True,True,True,True,True,True,True,False,False,True,mixed,True,False,False,True
2025-07-04,159915.SZ,2.133,2.04799,0.05751115518096195,0.20169014084507042,0.05646359583952454,31.375605302733483,20.526137484263344,2.213493908462166,0.9753331849430606,0.9143581441745141,0.8650647907204257,0.012192326669056782,1755383982.5649,605,0.9288894897911151,2,True,True,True,True,True,True,True,True,False,False,True,mixed,True,False,False,True
2025-07-04,512880.SH,1.131,1.0854400000000002,0.0589887640449438,0.15526046986721154,0.022603978300180794,32.79935750804619,17.758481201749394,1.385713441407802,1.0563976010470606,0.6483052144426038,0.21415907378551616,0.016500226625263435,1729417908.5,605,0.7247129409529689,3,True,True,True,True,True,True,True,True,False,False,True,mixed,True,False,False,True
2025-07-04,510300.SH,3.909,3.77065,0.03549668874172185,0.12198622273249127,0.05705786911844246,15.196869134991667,12.76370707136955,1.4316372247224578,0.05416179300790473,0.16816094973295106,0.25027016155877513,0.006142990621367014,3209661901.65,605,0.13898312940809734,4,True,True,False,True,True,True,True,True,False,False,True,mixed,True,False,False,True
2025-07-04,510880.SH,3.079,2.9396,0.03287487420328761,0.10161001788908774,0.02839011356045429,9.60697637836209,9.706259395485125,1.473384884115876,-0.26411086055446753,-0.1257494309781231,0.28309745242796486,0.004209696051823,312712229.95,559,-0.09932462612744328,5,True,True,False,True,True,True,False,False,True,False,True,mixed,True,False,False,True
2025-07-04,510500.SH,5.901,5.75041,0.03110256858291116,0.13089306247604449,0.07603938730853388,14.271621965189956,9.315094406044254,0.8422290977374869,0.0014808410192260711,-0.16335185730064486,-0.21319706765432828,0.007735147707476936,1212417591.65,605,-0.10738782004343318,6,True,True,False,True,True,True,False,False,True,False,True,mixed,True,False,False,True
2025-07-04,512100.SH,2.506,2.4373899999999997,0.030427631578947345,0.14272685818513442,0.10057092665788292,13.253204937373217,9.372163532241666,0.6864300529909179,-0.056504938670718145,-0.15786584073204482,-0.3357059851205814,0.009187743125984402,1038131152.7,605,-0.1528895087852215,7,True,False,False,True,True,True,False,False,True,False,True,mixed,True,False,False,True
2025-07-04,515300.SH,1.361,1.29864,0.027945619335347338,0.09405144694533751,0.03106060606060601,6.626192967103598,8.236784009825303,1.0409518354199805,-0.43382822138769384,-0.2670091076199799,-0.05693611298022326,0.004863715791648557,135689683.4,585,-0.2917221541991142,8,True,False,False,True,True,True,False,False,True,False,True,mixed,True,False,False,True
2025-07-04,512010.SH,0.371,0.3621599999999999,-0.00536193029490617,0.08479532163742687,0.056980056980056926,-21.748918280607732,-4.484402833906566,-0.18636998470628657,-2.0494266496805915,-1.4898882096331962,-1.0220117834438034,0.00892826307615809,496769536.35,605,-1.620128300414276,9,True,False,False,True,True,True,False,False,True,False,True,mixed,True,False,False,True
2025-07-04,159995.SZ,1.197,1.24875,-0.01074380165289246,0.06400000000000006,0.023076923076923217,17.399871338529298,4.913332741655334,-0.03598593773615144,0.17959449586112303,-0.5864902340533148,-0.9037608222233808,0.010082510373425311,475901488.17775,596,-0.3435104597215529,10,True,False,False,True,True,False,False,False,True,False,True,mixed,True,False,False,True
2025-07-04,588080.SH,0.996,1.03013,-0.010923535253227312,0.060702875399361034,-0.040462427745664775,5.780345976281028,0.5773950084993348,-0.1555755331110446,-0.4819883521804654,-1.0033010007405168,-0.9977972901198122,0.009454570295265459,567196653.3,523,-0.7936751991923554,11,True,False,False,True,True,False,False,False,True,False,True,mixed,True,False,False,True
2025-07-04,159928.SZ,0.798,0.8112900000000001,-0.02564102564102555,-0.0024999999999999467,-0.0012515644555695093,-16.029859743388958,-5.387788874426544,-1.1456742566130782,-1.723799662586718,-1.5767300997471427,-1.776338153436783,0.007048081915987325,240889720.15405002,605,-1.675479535620901,12,True,False,False,True,True,False,False,False,True,False,True,mixed,True,False,False,True
2025-07-04,516160.SH,1.913,1.86148,0.06692693809258232,0.13396561944279783,-0.003645833333333237,41.66627488959255,28.388247398290492,4.262322578709257,1.561254750693821,1.6701374617569809,2.476113066876955,0.009666606041087421,82500698.25,604,1.7877794983557118,,False,False,False,True,False,True,True,False,False,False,True,mixed,True,False,False,True
2025-07-04,530880.SH,1.013,0.9653999999999999,0.03790983606557363,0.10228509249183881,0.029471544715446996,11.612795063525509,11.412355731674785,2.0066242143145656,-0.14990522848132715,0.03825645787301502,0.7023976682883062,0.004634735576485793,6727890.65,157,0.0958200254143364,,False,False,False,True,False,True,True,False,False,False,True,mixed,True,False,False,True
2025-07-11,159915.SZ,2.185,2.0487100000000003,0.08168316831683176,0.15303430079155667,0.10857432775240983,44.56034796612216,37.60896015556405,3.42964154464748,1.2612752821102984,1.123988287173302,0.5161663522189682,0.012420946793949412,1902634180.5058498,610,1.057338698157234,1,True,True,True,True,True,True,True,True,False,False,True,risk_on_setup,True,False,True,False
2025-07-11,512880.SH,1.181,1.08646,0.09758364312267664,0.14548981571290032,0.10065237651444559,40.00352197656754,26.569779879091517,3.7143315365549596,0.9605567022751373,0.340817963421008,0.6729636746895665,0.01609924225935299,1933831975.4,610,0.6551426012163716,2,True,True,True,True,True,True,True,True,False,False,True,risk_on_setup,True,False,True,False
2025-07-11,512660.SH,1.128,1.04884,0.06818181818181812,0.1026392961876832,0.1521961184882532,36.36259401146455,31.000843236483806,2.2104424473329214,0.7202809731914142,0.6551780189019337,-0.15532600596557955,0.01458483433869358,742558592.5,604,0.5191183956442232,3,True,True,True,True,True,True,True,True,False,False,True,risk_on_setup,True,False,True,False
2025-07-11,512100.SH,2.568,2.44178,0.06203473945409432,0.10072867552507492,0.15363881401617263,28.150788014240238,27.70581122675845,2.782825521820262,0.17835932794366194,0.42141326271522006,0.15992263662200742,0.008648188841495227,1090095030.95,610,0.2718935635879543,4,True,True,False,True,True,True,True,True,False,False,True,risk_on_setup,True,False,True,False
2025-07-11,510500.SH,6.028,5.75619,0.05495274763738167,0.08514851485148522,0.11878247958426136,27.636814804463974,25.830041962081825,2.5535881802600993,0.14444069816242155,0.2883375464473801,0.03366670073159935,0.007671231461300657,1197577683.1,610,0.17984463799024053,5,True,True,False,True,True,True,True,True,False,False,True,risk_on_setup,True,False,True,False
2025-07-11,510300.SH,3.956,3.77736,0.049615282568320485,0.08770965081110815,0.08235294117647074,23.63138750446555,24.41518185319393,3.165079060127745,-0.11988943251396135,0.18796084982765465,0.37045455911756225,0.005798080391099343,3165482750.35,610,0.10131947874898978,6,True,True,False,True,True,True,True,True,False,False,True,risk_on_setup,True,False,True,False
2025-07-11,510880.SH,3.107,2.9488800000000004,0.041918175720992545,0.06843191196698761,0.0717488789237668,19.524590441104376,21.68515199189398,3.1624374703682445,-0.39090925714542374,-0.005720050092471731,0.36899966357107594,0.004725656037883538,321042496.45,564,-0.08485179018094301,7,True,False,False,True,True,True,False,False,True,False,True,risk_on_setup,True,False,True,False
2025-07-11,515300.SH,1.362,1.30339,0.028700906344410804,0.07159716758457924,0.05992217898832708,10.934957710400244,14.377720158487355,1.903024678226434,-0.9577648188903722,-0.5241429412344947,-0.32464099576489414,0.005222602148954846,126890992.9,590,-0.6576913032029257,8,True,False,False,True,True,True,False,False,True,False,True,risk_on_setup,True,False,True,False
2025-07-11,512010.SH,0.381,0.36302999999999996,0.010610079575596787,0.08857142857142875,0.11730205278592365,7.764046072374246,5.202764141353114,0.1266753497610374,-1.1670227643892221,-1.1750566046037243,-1.3029922774858793,0.008853126562564888,492039172.4,610,-1.1974302030943544,9,True,False,False,True,True,True,False,False,True,False,True,risk_on_setup,True,False,True,False
2025-07-11,159995.SZ,1.212,1.24454,0.03412969283276457,-0.0296236989591675,0.011686143572620988,17.952819655507344,4.7527001383742,0.6243541392769176,-0.4946351135978297,-1.2069862191307623,-1.0288881506648049,0.010070626901999651,476388444.8593,601,-0.8864261632243978,10,True,False,False,True,True,False,False,False,True,False,True,risk_on_setup,True,False,True,False
2025-07-11,588080.SH,1.006,1.0280500000000001,0.02339776195320442,-0.016617790811339073,0.03073770491803285,14.744209174955817,5.653050952810053,0.3440854821331278,-0.7063809184996266,-1.1431111830164244,-1.1832503560873897,0.009337108257552962,594808956.8,528,-0.9764469118238983,11,True,False,False,True,True,False,False,False,True,False,True,risk_on_setup,True,False,True,False
2025-07-11,159928.SZ,0.808,0.81259,0.012531328320801949,-0.026506024096385472,0.03856041131105403,4.625345083609624,3.726873855972397,0.4107081575085724,-1.3741550327778087,-1.2797630632062675,-1.1465569091393406,0.004786462645028614,215551281.62585002,610,-1.2908786202214988,12,True,False,False,True,True,False,False,False,True,False,True,risk_on_setup,True,False,True,False
2025-07-11,516160.SH,1.97,1.8625200000000002,0.09810479375696768,0.1289398280802292,0.049547149706979265,61.46876935039572,55.79670495390947,7.39012275536352,2.377112594658235,2.414310722834789,2.6974613298703183,0.010836277919096056,92756674.6,609,2.4560615929712735,,False,False,False,True,False,True,True,False,False,False,True,risk_on_setup,True,False,True,False
2025-07-11,530880.SH,1.023,0.96817,0.04281345565749217,0.08025343189017953,0.06230529595015577,18.91302575333005,20.395321210148268,3.0771381619957823,-0.4312682405269253,-0.09722659003714337,0.322019778286796,0.00541291214463277,7353954.55,162,-0.14699397656826826,,False,False,False,True,False,True,False,False,False,False,True,risk_on_setup,True,False,True,False
2025-07-18,159915.SZ,2.252,2.05035,0.1327967806841046,0.18029350104821806,0.12039800995024885,47.84264513852356,43.46678102742643,9.85549093068528,2.073468179002407,1.9809722736880933,2.0038276781210445,0.011963473730436115,2162204004.1855,615,2.022541716700409,1,True,True,True,True,True,True,True,True,False,True,False,confirmed_risk_on,True,False,True,False
2025-07-18,510500.SH,6.103,5.76431,0.08652305501157187,0.09569120287253141,0.11470319634703197,27.086193418653735,26.89527271672371,6.732844111609803,0.4552650559577438,0.6723093280163172,0.9023517776150702,0.006898063585097679,1101328882.0,615,0.6315001091126384,2,True,True,True,True,True,True,True,True,False,True,False,confirmed_risk_on,True,False,True,False
2025-07-18,512100.SH,2.605,2.44676,0.09638047138047146,0.11372381359555361,0.1435469710272168,25.760501651238336,27.119404017326225,6.951855398035165,0.3519122003165941,0.6900091247134168,0.9796053602049097,0.0076636349116942955,1102762837.15,615,0.6126896020529864,3,True,True,True,True,True,True,True,True,False,True,False,confirmed_risk_on,True,False,True,False
2025-07-18,512010.SH,0.391,0.36406,0.07713498622589543,0.12356321839080464,0.1499999999999999,27.781878406154256,28.037723808055507,5.202210992014373,0.5095016680059851,0.7625294445221035,0.3624394559744799,0.007305648559651918,505937729.35,615,0.5813003362061314,4,True,True,False,True,True,True,True,True,False,True,False,confirmed_risk_on,True,False,True,False
2025-07-18,512880.SH,1.171,1.08848,0.10576015108593029,0.12921890067502417,0.07234432234432231,28.390817168202275,18.4554294706957,5.355454140152486,0.5569754183265064,0.005809338017114971,0.41649412317561196,0.01505482980713897,2080536285.3,615,0.30841272717257096,5,True,True,False,True,True,True,True,True,False,True,False,confirmed_risk_on,True,False,True,False
2025-07-18,510300.SH,4.009,3.7845299999999997,0.06764314247669789,0.09415938864628837,0.0911812738160045,21.084288228782633,22.68860889073693,4.601541986876073,-0.012652189896467377,0.340106309995846,0.1505607288321568,0.0056117123846899765,3346514292.85,615,0.16109379380618283,6,True,True,False,True,True,True,True,True,False,True,False,confirmed_risk_on,True,False,True,False
2025-07-18,512660.SH,1.155,1.05426,0.11702127659574457,0.14130434782608692,0.17497456765005093,18.502371417487993,13.66414040478443,5.343337752491364,-0.2139421745174375,-0.37256192095336854,0.4122202139623168,0.014368063100977312,784783417.35,609,-0.15215759539585905,7,True,False,False,True,True,True,False,False,True,True,False,confirmed_risk_on,True,False,True,False
2025-07-18,510880.SH,3.083,2.95887,0.02869536202869538,0.05437756497948021,0.0529371584699454,11.609708314586971,10.855169921277055,0.8760998161077129,-0.7513042010208338,-0.5943881734784746,-1.1635439418474853,0.00584557902502445,360489348.4,569,-0.7709857381692204,8,True,False,False,True,True,True,False,False,True,True,False,confirmed_risk_on,True,False,True,False
2025-07-18,159928.SZ,0.816,0.8137099999999999,0.027707808564231717,-0.013301088270858519,0.05290322580645146,9.561273952997942,9.32586868957755,1.3969078682911291,-0.9110031190253105,-0.7151581008243627,-0.9798352000310367,0.005040734556286296,214823414.51135,615,-0.8464315279460767,9,True,False,False,True,True,True,False,False,True,True,False,confirmed_risk_on,True,False,True,False
2025-07-18,515300.SH,1.363,1.3073499999999998,0.022505626406601698,0.06070038910505837,0.09565916398713825,4.908760373366397,6.635725102183585,0.6350205990775416,-1.273719835069814,-0.9276005149578617,-1.2485817200712173,0.005734853453526441,129782972.1,595,-1.1302444840253139,10,True,False,False,True,True,True,False,False,True,True,False,confirmed_risk_on,True,False,True,False
2025-07-18,588080.SH,1.019,1.02597,0.052685950413223104,-0.008754863813229652,0.03137651821862342,12.582423714534771,3.2757837780406973,2.3349988630755387,-0.6754698956553192,-1.1929372983149527,-0.6489349467828556,0.008875186398963607,659409598.95,533,-0.87714986694468,11,True,False,False,True,True,False,False,False,True,True,False,confirmed_risk_on,True,False,True,False
2025-07-18,159995.SZ,1.222,1.23931,0.04892703862660941,-0.02396166134185307,0.02259414225941425,7.421446343301914,0.06374633236793688,1.509697014002573,-1.077827187393053,-1.446594014797866,-0.9400501929399709,0.009969144244649786,540865162.59935,606,-1.1977785194643618,12,True,False,False,True,True,False,False,False,True,True,False,confirmed_risk_on,True,False,True,False
2025-07-18,516160.SH,1.98,1.86318,0.1123595505617978,0.1333714939896966,0.03664921465968596,44.7877049854007,38.287249588565466,6.998176562486938,1.8353006076267273,1.5719412583518722,0.9959445907625647,0.010793461456563883,94582221.05,614,1.562085664543953,,False,False,False,True,False,True,True,False,False,True,False,confirmed_risk_on,True,False,True,False
2025-07-18,530880.SH,1.012,0.97092,0.02741116751269046,0.05088265835929384,0.045454545454545414,10.132050804758032,8.575223408390267,0.6522679461590712,-0.8665045266577335,-0.774437053977874,-1.2424979269755922,0.006391005644803681,7771252.9,167,-0.9048762176493614,,False,False,False,True,False,True,False,False,False,True,False,confirmed_risk_on,True,False,True,False
2025-07-25,159915.SZ,2.318,2.05548,0.1032841504045694,0.21615949632738718,0.12962962962962954,52.07512433260743,50.13592499474622,6.428745321490048,1.712111486174629,1.723178372976302,1.0956998954164379,0.009891387747235122,2154083102.9017496,620,1.5932559227436598,1,True,True,True,True,True,True,True,True,False,True,False,confirmed_risk_on,True,False,True,False
2025-07-25,512010.SH,0.401,0.36562000000000006,0.09863013698630141,0.14899713467048725,0.16909620991253638,43.1478046724042,45.56839696515878,7.737588090740568,1.073131958460297,1.4094937951953397,1.6803313126041604,0.00751140555487251,565796434.25,620,1.3291165639830869,2,True,True,True,True,True,True,True,True,False,True,False,confirmed_risk_on,True,False,True,False
2025-07-25,516160.SH,2.077,1.8663899999999998,0.11367292225201076,0.18617932609937182,0.11069518716577531,46.36379904565261,40.006746709612536,7.132701053591788,1.3033191416202017,1.0275357862077106,1.4101415128245616,0.01190937703265614,101303495.9,619,1.2143702736960773,3,True,True,True,True,True,True,True,True,False,True,False,confirmed_risk_on,True,False,True,False
2025-07-25,512880.SH,1.227,1.09228,0.07820738137082617,0.18780251694094896,0.1144414168937331,39.80842052898161,36.894390273048224,4.978765056639178,0.8341130609592836,0.8137881729728725,0.4480254481492442,0.009593705813462576,2118196574.15,620,0.7487655832027114,4,True,True,False,True,True,True,True,True,False,True,False,confirmed_risk_on,True,False,True,False
2025-07-25,510500.SH,6.303,5.7799700000000005,0.07780437756497949,0.13916500994035785,0.14143426294820705,33.932637635001136,33.155162674383554,5.723869618085421,0.41354954117353415,0.556988866451705,0.7808473469635662,0.006227787002655804,1094854960.1,620,0.5443848324428089,5,True,True,False,True,True,True,True,True,False,True,False,confirmed_risk_on,True,False,True,False
2025-07-25,512100.SH,2.667,2.45236,0.07194533762057875,0.15454545454545454,0.16361256544502623,29.929818068216413,30.756925050054036,4.5284573809459605,0.1270447610532755,0.3922848620683594,0.2468828657122511,0.006613107228586461,1066524485.15,620,0.2571084223911042,6,True,True,False,True,True,True,True,True,False,True,False,confirmed_risk_on,True,False,True,False
2025-07-25,510300.SH,4.08,3.7968,0.0625,0.11323328785811726,0.10689093868692345,28.131518388616993,30.36515591086189,5.20992864554421,-0.0016698726437454077,0.36537929384435885,0.551281163624631,0.0044339963001250055,3171550118.05,620,0.2557400012051716,7,True,False,False,True,True,True,True,True,False,True,False,confirmed_risk_on,True,False,True,False
2025-07-25,159928.SZ,0.828,0.8157599999999999,0.045454545454545414,0.01346389228886169,0.07532467532467524,24.380064322187568,22.752437727016957,2.9795904977869583,-0.2701829805920401,-0.1574401117062949,-0.44496206953150036,0.006250324809919436,251215493.5522,620,-0.26004165082563413,8,True,False,False,True,True,True,False,False,True,True,False,confirmed_risk_on,True,False,True,False
2025-07-25,588080.SH,1.068,1.02193,0.06906906906906918,0.05637982195845703,0.09314227226202676,30.00562452757483,15.223987544461961,2.270290010479612,0.13247066462145074,-0.6744722353324922,-0.7617910721044322,0.008488884241770389,719053800.05,538,-0.3691588427053031,9,True,False,False,True,True,True,False,False,True,True,False,confirmed_risk_on,True,False,True,False
2025-07-25,159995.SZ,1.278,1.23243,0.05271828665568368,0.034817813765182226,0.05707196029776673,26.40702328192678,7.225242320977591,0.8989494079412002,-0.1251018892803608,-1.2238028583637905,-1.374338903474727,0.009663663479219854,582357230.9558499,611,-0.8144296797526059,10,True,False,False,True,True,True,False,False,True,True,False,confirmed_risk_on,True,False,True,False
2025-07-25,510880.SH,3.15,2.9732100000000004,0.04616406509465287,0.07471852610030694,0.08284633894809224,11.74254449346383,12.197778950070134,2.777251401063617,-1.1747228379062307,-0.8823034646231998,-0.535342515257299,0.006563289243111207,384946851.75,574,-0.929879024063232,11,True,False,False,True,True,True,False,False,True,True,False,confirmed_risk_on,True,False,True,False
2025-07-25,512660.SH,1.174,1.06088,0.06824385805277511,0.18466195761856707,0.1955193482688391,10.634063111294461,8.942085688829646,1.1293265606663805,-1.2540632151995639,-1.1058950352541943,-1.2714344718274333,0.013726345236063689,771834838.75,614,-1.19827019454699,12,True,False,False,True,True,True,False,False,True,True,False,confirmed_risk_on,True,False,True,False
2025-07-25,515300.SH,1.355,1.31249,0.017267267267267128,0.043110084680523464,0.0728424386381632,2.250039764132134,3.7643777714208313,0.731151847281222,-1.8541559062451713,-1.461484998014036,-1.449290401083153,0.005599106643994161,134651294.1,600,-1.6161144419203137,13,True,False,False,True,True,True,False,False,True,True,False,confirmed_risk_on,True,False,True,False
2025-07-25,530880.SH,1.04,0.97577,0.05050505050505061,0.07883817427385909,0.08786610878661105,15.35939733908803,13.640079493650635,3.13386704649269,-0.915843912195557,-0.7832504464226376,-0.37605011201630484,0.008442834998784234,7763771.85,172,-0.7548477658505388,,False,False,False,True,False,True,False,False,False,True,False,confirmed_risk_on,True,False,True,False
2025-08-01,512010.SH,0.409,0.36849,0.10242587601078168,0.14565826330532206,0.15536723163841804,65.53297337030205,68.79407576433435,7.2470920702615915,1.640611524114451,2.189814529801656,2.4076339682122336,0.011909752486903714,766939215.25,625,2.0136972152088894,1,True,True,True,True,True,True,True,True,False,True,False,mixed,False,True,True,False
2025-08-01,159915.SZ,2.303,2.06419,0.07969995311767453,0.15092453773113457,0.08071328015016421,52.28649369981572,49.631425425069025,5.092862252794937,1.0625263653300276,1.2191572436945874,1.3872517563904991,0.01116871230404381,2468180722.88585,625,1.190123794887946,2,True,True,True,True,True,True,True,True,False,True,False,mixed,False,True,True,False
2025-08-01,588080.SH,1.05,1.02004,0.054216867469879526,0.012536162005786,0.020408163265306145,51.89795275267068,39.48760400885071,3.268416614406145,1.0455701806898903,0.7053361389778835,0.523076606295823,0.008814637604142804,837226639.9,543,0.8049778491262741,3,True,True,True,True,True,True,True,True,False,True,False,mixed,False,True,True,False
2025-08-01,159995.SZ,1.25,1.22903,0.044277360066833804,-0.011857707509881354,-0.01806755695208162,49.74675227086512,31.834154321607066,2.115370017756013,0.951690364841727,0.3176613355841832,-0.023080645397494548,0.009467388784187647,632861635.1151,616,0.5031245510908652,4,True,True,False,True,True,True,True,True,False,True,False,mixed,False,True,True,False
2025-08-01,510500.SH,6.225,5.7999,0.05490594814438232,0.09114811568799297,0.07904316172646908,34.94338130785335,33.94998430707594,3.213574419868458,0.3056614374155162,0.42483574805837704,0.49709980506979096,0.007357819749903,1163594804.6,625,0.3916188352035155,5,True,True,False,True,True,True,True,True,False,True,False,mixed,False,True,True,False
2025-08-01,512100.SH,2.652,2.45969,0.058260175578611406,0.09360824742268048,0.09859154929577474,30.943231753268687,31.776672355353448,3.6766029017224438,0.13109225768275334,0.31474966687573175,0.7164199642375085,0.006614417879006553,1111918217.3,625,0.3216207626708958,6,True,True,False,True,True,True,True,True,False,True,False,mixed,False,True,True,False
2025-08-01,512880.SH,1.191,1.09734,0.05305039787798416,0.12464589235127499,0.05585106382978733,35.57048356041053,29.541444348530245,2.054349051007889,0.3330285956538889,0.20152731440772212,-0.05198411173757801,0.011661014344009547,2331001703.85,625,0.20342554167712884,7,True,False,False,True,True,True,True,True,False,True,False,mixed,False,True,True,False
2025-08-01,512660.SH,1.167,1.06801,0.045698924731182755,0.08861940298507465,0.13521400778210113,28.394925339623512,32.94122999552361,1.7334975459457582,0.019882475581502294,0.3737387074577954,-0.20396008280023695,0.010766827028825178,771410504.7,619,0.1166564566556717,8,True,False,False,True,True,True,True,True,False,True,False,mixed,False,True,True,False
2025-08-01,516160.SH,2.0,1.8687200000000002,0.045478306325143825,0.10375275938189832,0.01884870096790614,31.356684065200934,17.794430028703186,1.2803998245841572,0.14913559080511227,-0.3935012874647556,-0.41857639316123446,0.014374117746526423,100465404.5,624,-0.18146155729610422,9,True,False,False,True,True,True,False,False,True,True,False,mixed,False,True,True,False
2025-08-01,510300.SH,4.01,3.81049,0.025837810181632115,0.07247927253276276,0.06168917129997342,20.780757314982115,19.09614257986207,1.1135640234822677,-0.3124048672468813,-0.3275648564476756,-0.4976005912106295,0.006624610003399118,3234637881.6,625,-0.3555080077199487,10,True,False,False,True,True,True,False,False,True,True,False,mixed,False,True,True,False
2025-08-01,510880.SH,3.065,2.9852100000000004,-0.0045469308216954385,0.053264604810996596,0.05290278254895231,-6.40381999744113,0.01441514029281497,-0.023207163449321264,-1.4987578518178137,-1.2941231061055976,-1.0360487589277345,0.007682311831266693,395016013.0,579,-1.3243621349549115,11,True,False,False,True,True,True,False,False,True,True,False,mixed,False,True,True,False
2025-08-01,515300.SH,1.333,1.3162800000000001,-0.020573108008817065,0.026173979984603468,0.036547433903576954,-15.195241154451313,-2.800860021571292,-0.6172799007275538,-1.8824213021769527,-1.4367269369890672,-1.3174399311842844,0.0058842811218253275,141320933.0,605,-1.5911472819032648,12,True,False,False,True,True,True,False,False,True,True,False,mixed,False,True,True,False
2025-08-01,159928.SZ,0.806,0.8167300000000001,0.010025062656641603,-0.019464720194647067,0.04404145077720201,12.052813268211485,5.149593220837088,0.14469562176087367,-0.6932981344128382,-1.0340078333698584,-0.9565191683730535,0.00872025664045964,327680802.07000005,625,-0.8822262207876893,13,True,False,False,True,True,False,False,False,True,True,False,mixed,False,True,True,False
2025-08-01,530880.SH,1.008,0.9798600000000001,-0.004935834155972207,0.057712486883525704,0.047817047817047875,-0.756765234667794,0.6703692983500203,-0.002567361861780467,-1.252316636460382,-1.2608966644809854,-1.0262724174136135,0.009585059885522839,6949034.75,177,-1.2105398038592696,,False,False,False,True,False,True,False,False,False,True,False,mixed,False,True,True,False
2025-08-08,512660.SH,1.234,1.07463,0.09397163120567376,0.18997107039537142,0.20390243902439043,38.16737194024367,44.00942963768354,4.864215321883272,1.1716944038616064,2.0743713626497873,2.1092044211025565,0.013712665408748862,915475316.55,624,1.7202671908250686,1,True,True,True,True,True,True,True,True,False,True,False,mixed,False,True,True,False
2025-08-08,588080.SH,1.056,1.01817,0.0497017892644136,0.04658077304261665,0.022265246853824028,42.38453678067359,26.66199586470578,2.3491768868600356,1.3996052619293662,0.8689530871254315,0.4978878392196903,0.008733179588244188,844906170.45,548,1.0070009074658572,2,True,True,True,True,True,True,True,True,False,True,False,mixed,False,True,True,False
2025-08-08,512010.SH,0.406,0.37094,0.06561679790026242,0.11845730027548229,0.12154696132596698,35.80391252273337,31.863035278157835,2.3299168666448256,1.0439644990001722,1.2303568568555412,0.4855484691695144,0.011433011188381595,770019017.1,630,1.0068382361761883,3,True,True,True,True,True,True,True,True,False,True,False,mixed,False,True,True,False
2025-08-08,512100.SH,2.722,2.46666,0.05996884735202479,0.14034352744030154,0.10695404636030892,27.190551795101815,28.3840154244348,3.8320349884759066,0.5784672968368527,0.988610776860566,1.4479146119480863,0.006544539306547638,1126115749.3,630,0.9164141518685849,4,True,True,False,True,True,True,True,True,False,True,False,mixed,False,True,True,False
2025-08-08,159995.SZ,1.256,1.22565,0.03630363036303641,0.03035274815422473,-0.01567398119122254,40.90728426351975,20.80599437883133,1.442637997095531,1.3197691868631216,0.4620380756632404,-0.08290692115371705,0.0093970675031832,659021203.1899999,621,0.6961415207798014,5,True,True,False,True,True,True,True,True,False,True,False,mixed,False,True,True,False
2025-08-08,510500.SH,6.335,5.817650000000001,0.05092899800928996,0.1194557342286624,0.07536920726532004,22.927276480610743,20.903672223595603,2.6496981454890887,0.34806446178767714,0.468825399986455,0.6904236193867352,0.006969435339863511,1139780167.5,630,0.4648406685869999,6,True,True,False,True,True,True,True,True,False,True,False,mixed,False,True,True,False
2025-08-08,159915.SZ,2.312,2.07242,0.05812356979405031,0.14910536779324057,0.06347746090156381,23.510357920624855,17.372863876042203,3.0695134165266102,0.3795762941075761,0.2234807014440929,0.9593878221322725,0.01011675163853821,2439189478.70815,630,0.43310036264712215,7,True,False,False,True,True,True,True,True,False,True,False,mixed,False,True,True,False
2025-08-08,512880.SH,1.199,1.10138,0.015241320914479273,0.11121408711770164,0.058252427184465994,12.056377364945384,5.895304269867766,0.3033735100192703,-0.23943828927072378,-0.5740585939215475,-0.8128026291528264,0.010506452533976626,2245999123.0,630,-0.4879592791074738,8,True,False,False,True,True,True,False,False,True,True,False,mixed,False,True,True,False
2025-08-08,510300.SH,4.06,3.822,0.02628918099089983,0.06842105263157894,0.06199319905833112,6.316423651025205,4.231716364908876,0.8325946138108388,-0.5496461719854546,-0.689656052878412,-0.4737450910465234,0.006461195384451406,3001489948.0,630,-0.5904699081548513,9,True,False,False,True,True,True,False,False,True,True,False,mixed,False,True,True,False
2025-08-08,510880.SH,3.135,2.99666,0.009011908593498319,0.05166051660516602,0.07179487179487176,-6.518204173276559,0.01891754406524894,0.02206508662139056,-1.2432759329977727,-0.9823901111955963,-0.993029269403015,0.007661503992759014,407945210.25,584,-1.0888722715579506,10,True,False,False,True,True,True,False,False,True,True,False,mixed,False,True,True,False
2025-08-08,515300.SH,1.357,1.3203400000000003,-0.0036710719530104186,0.022607385079125963,0.06264682850430714,-15.685958350197748,-3.3180514474777003,-0.12490603457330259,-1.738734564584815,-1.2142655263091415,-1.0871896612845557,0.005925099611354206,132205716.65,610,-1.3986379686144939,11,True,False,False,True,True,True,False,False,True,True,False,mixed,False,True,True,False
2025-08-08,159928.SZ,0.814,0.8164999999999999,0.00742574257425721,-0.020457280385078214,0.03430749682337986,-1.7663793857846253,0.003053291852683958,0.0894043736094425,-0.9864701154204524,-0.9834924678781358,-0.9498868234566511,0.008719009766973396,342143868.61085,630,-0.9779623980107656,12,True,False,False,True,True,False,False,False,True,True,False,mixed,False,True,True,False
2025-08-08,516160.SH,2.024,1.86998,0.02741116751269046,0.10722100656455136,0.039548022598870025,9.100253116155011,1.1311417782756457,0.274494749469156,-0.3991979476169318,-0.9051051688840305,-0.831304463991861,0.012705671618095056,92660889.8,629,-0.6879821393987572,,False,False,False,True,False,True,False,False,False,True,False,mixed,False,True,True,False
2025-08-08,530880.SH,1.035,0.9839199999999999,0.011730205278592365,0.05612244897959173,0.07588357588357586,-3.5780319988235374,0.2307817279582184,0.07439655555473676,-1.0843783825102218,-0.9676683395182515,-0.9595019234697072,0.009749313987192957,5162652.65,182,-1.0127190735053309,,False,False,False,True,False,True,False,False,False,True,False,mixed,False,True,True,False
2025-08-15,512100.SH,2.84,2.47756,0.09021113243762002,0.18729096989966565,0.11811023622047245,29.61039030658463,30.470885814561367,5.097541324561121,1.045211473600313,1.6869759815788081,1.380060233600357,0.008572277841801083,1332264180.55,635,1.36888702879172,1,True,True,True,True,True,True,True,True,False,True,False,mixed,False,True,True,False
2025-08-15,159995.SZ,1.348,1.22599,0.10310965630114577,0.11589403973509937,-0.026714801444043257,38.97172988734333,18.877936537498808,4.5563233593896255,1.5516019694164016,0.7234060576231989,1.1099330847905915,0.011277563908458637,776944093.8496001,626,1.1319898277739586,2,True,True,True,True,True,True,True,True,False,True,False,mixed,False,True,True,False
2025-08-15,512660.SH,1.243,1.08246,0.07619047619047636,0.19519230769230766,0.19175455417066178,27.531262245203614,32.8832119071349,2.3421048495758217,0.9327435216811342,1.8874810311589256,0.004795097162475498,0.01387352953802414,1023810680.55,629,1.129048840568519,3,True,True,True,True,True,True,True,True,False,True,False,mixed,False,True,True,False
2025-08-15,588080.SH,1.117,1.0186199999999999,0.09617271835132502,0.11923847695390788,0.008122743682310363,34.965475729689075,19.74733147589025,4.445869944742171,1.3348884305304014,0.7956674636426943,1.0548047115748846,0.009874957894556294,947571101.9,553,1.0631832999842152,4,True,True,False,True,True,True,True,True,False,True,False,mixed,False,True,True,False
2025-08-15,159915.SZ,2.509,2.08606,0.11412078152753113,0.2445436507936507,0.12058954890576157,25.33240360671226,18.45574498906881,5.206464430429192,0.8137988870410474,0.6883148078908896,1.4344248148247127,0.013491459383152576,2766115093.48675,635,0.8877304409377174,5,True,True,False,True,True,True,True,True,False,True,False,mixed,False,True,True,False
2025-08-15,510500.SH,6.596,5.84124,0.0807799442896937,0.16764029031687033,0.10080106809078782,17.329180184967996,16.50909911520379,3.5414803175436265,0.38087406450880584,0.5265156511948558,0.6034150550418496,0.00883086131526369,1216701636.6,635,0.4836388972898346,6,True,True,False,True,True,True,True,True,False,True,False,mixed,False,True,True,False
2025-08-15,512010.SH,0.417,0.37327999999999995,0.06649616368286426,0.13008130081300817,0.11796246648793551,9.452451557500405,7.93797974316006,2.154224705341654,-0.04520817304515145,-0.18588916005325096,-0.08897770962870621,0.012097058346259366,789729489.55,635,-0.11023447516510221,7,True,False,False,True,True,True,False,False,True,True,False,mixed,False,True,True,False
2025-08-15,512880.SH,1.3,1.1069799999999999,0.1101622544833476,0.22989593188268698,0.13935144609991235,8.835361514322303,3.630815484620331,3.51621962842535,-0.07858892269453065,-0.5438872706183516,0.5908071994871514,0.014558510080667305,2650653874.5,635,-0.13082903742772262,8,True,False,False,True,True,True,False,False,True,True,False,mixed,False,True,True,False
2025-08-15,516160.SH,2.123,1.8744900000000002,0.07222222222222241,0.1601092896174865,0.08150789607743247,4.681254871346362,0.35677632896414346,1.4200055637713116,-0.3033003653745114,-0.816015232610322,-0.45543362217607436,0.015160065214819165,107995344.6,634,-0.5388129636291483,9,True,False,False,True,True,True,False,False,True,True,False,mixed,False,True,True,False
2025-08-15,510300.SH,4.172,3.8349200000000003,0.040658518333748894,0.09616395165528102,0.07971014492753614,0.6080590504061826,1.3340546703756968,1.0898739505664903,-0.5236350336693611,-0.734786893331674,-0.6202055202758151,0.0066464231190548955,3129412590.0,635,-0.6274098748555771,10,True,False,False,True,True,True,False,False,True,True,False,mixed,False,True,True,False
2025-08-15,159928.SZ,0.822,0.816,0.007352941176470562,0.0,0.045801526717557106,-7.784415082802508,-1.012947948781681,0.007683600927486856,-0.9776159090319458,-0.9298624587651936,-1.1603372461781452,0.008308731761782203,390311491.6912,635,-0.9950587963544849,11,True,False,False,True,True,True,False,False,True,True,False,mixed,False,True,True,False
2025-08-15,510880.SH,3.088,3.0060599999999997,0.0016217969510217145,0.02659574468085113,0.08085404270213514,-13.013227855558899,-0.6021830291285438,-0.00973599313374644,-1.2604622975945334,-0.8957209549136306,-1.1690315349490168,0.007364108715886035,412632533.5,589,-1.096279607993069,12,True,False,False,True,True,True,False,False,True,True,False,mixed,False,True,True,False
2025-08-15,515300.SH,1.334,1.3236,-0.02127659574468077,-0.005219985085756829,0.03651903651903665,-16.903674839488946,-5.089357513430022,-0.7163197281543022,-1.4709113855848737,-1.2686809561420216,-1.5216943473816702,0.00571931999227906,146691042.1,615,-1.4001758061670921,13,True,False,False,True,True,True,False,False,True,True,False,mixed,False,True,True,False
2025-08-15,530880.SH,1.018,0.98718,0.005928853754940677,0.032454361054766734,0.07045215562565721,-15.581617290381008,-1.0569294760055181,0.0032297311450837935,-1.3993962597831973,-0.9335180666549283,-1.1625602158925916,0.0095770446358319,4249252.9,187,-1.1656777737537687,,False,False,False,True,False,True,False,False,False,True,False,mixed,False,True,True,False
2025-08-22,159995.SZ,1.543,1.234,0.20735524256651017,0.2933780385582563,0.1618975903614457,74.3876905971416,44.86040304721314,8.919878270720812,1.6891102707498309,1.0808323432152058,1.6928408138271085,0.02497092776763765,888538482.5312,631,1.4465452083514365,1,True,True,True,True,True,True,True,True,False,True,False,mixed,False,True,True,False
2025-08-22,159915.SZ,2.662,2.1107799999999997,0.1484037963761864,0.33836098541980886,0.25093984962406,60.542973248332004,55.83570080526182,6.937065788503937,1.1867413534217,1.652910779166024,1.0886170662246513,0.01575238671218686,3477805228.4053,640,1.35358426628002,2,True,True,True,True,True,True,True,True,False,True,False,mixed,False,True,True,False
2025-08-22,588080.SH,1.281,1.0251599999999998,0.19943820224719078,0.2809999999999999,0.17522935779816495,67.34405034854205,40.580785417050826,9.554743053630153,1.4335249932329843,0.8577607679100738,1.8863035753291038,0.023895198587026927,1120807687.3,558,1.293775019523044,3,True,True,True,True,True,True,True,True,False,True,False,mixed,False,True,True,False
2025-08-22,512100.SH,2.941,2.49835,0.10273715785526805,0.22286902286902288,0.19068825910931153,47.02478945519401,51.166022832932306,6.813587441267949,0.696221020987081,1.4095076269512987,1.0509894285212258,0.009482271098544172,1584946869.5,640,1.052489344879597,4,True,True,False,True,True,True,True,True,False,True,False,mixed,False,True,True,False
2025-08-22,510500.SH,6.853,5.88422,0.08726003490401402,0.20970873786407762,0.18053402239448757,36.67237857251924,36.71409241207433,4.633372893250049,0.32057381087538783,0.6562125516016164,0.3866112199939473,0.009578459201112584,1565834446.75,640,0.46803678898959117,5,True,True,False,True,True,True,True,True,False,True,False,mixed,False,True,True,False
2025-08-22,512880.SH,1.338,1.11703,0.09046454767726164,0.27550047664442334,0.20649233543733092,37.46658275237997,28.155670316238947,2.033617063849872,0.3493922752702869,0.21011178652652718,-0.4056140782527356,0.016268729971281034,2899059360.5,640,0.14267880906817848,6,True,True,False,True,True,True,True,True,False,True,False,mixed,False,True,True,False
2025-08-22,512660.SH,1.279,1.09295,0.08943781942078366,0.22158548233046793,0.27137176938369767,22.554179524199686,28.144560045591195,2.752692602395387,-0.19171865359570364,0.20953267273888576,-0.18648971797865915,0.015106495021969982,1132688944.65,634,-0.030172335938458993,7,True,False,False,True,True,True,False,False,True,True,False,mixed,False,True,True,False
2025-08-22,516160.SH,2.192,1.88422,0.05536831969186329,0.22389726409826927,0.11269035532994942,34.130018376070026,22.25026145896463,1.4903972301235426,0.22832181994123243,-0.09770282927668394,-0.5711498143093972,0.014079501592729157,119721431.9,639,-0.06198236659606003,8,True,False,False,True,True,True,False,False,True,True,False,mixed,False,True,True,False
2025-08-22,510300.SH,4.356,3.85681,0.0676470588235294,0.16005326231691086,0.15146708961141941,21.614787295850086,18.748407474023544,2.704444574167004,-0.2258054063124737,-0.2802341095022341,-0.2011923712512414,0.008298871317273594,3359714703.25,640,-0.24265428057613142,9,True,False,False,True,True,True,False,False,True,True,False,mixed,False,True,True,False
2025-08-22,159928.SZ,0.852,0.8169999999999998,0.02898550724637694,0.039024390243902474,0.06900878293600998,19.81773476939067,11.249844967181335,0.8778768116289702,-0.29101318985576313,-0.6710905587177333,-0.7578035629947131,0.007499627573570063,478945087.3554999,640,-0.5364022120283413,10,True,False,False,True,True,True,False,False,True,True,False,mixed,False,True,True,False
2025-08-22,512010.SH,0.424,0.37606,0.05735660847880286,0.13978494623655902,0.1876750700280112,-8.288002881336991,0.2727989573385208,0.5923973677488592,-1.310856978542324,-1.243260120866135,-0.8447979010835326,0.012534724525877044,792006427.45,640,-1.19060641998009,11,True,False,False,True,True,True,False,False,True,True,False,mixed,False,True,True,False
2025-08-22,510880.SH,3.11,3.01335,-0.012698412698412764,0.04890387858347389,0.08475758632717123,-7.105559324857161,-0.0012985535491578217,-0.04999037785278274,-1.2679508740474228,-1.2575472298615735,-1.040553139938673,0.006335655658290226,402378494.7,594,-1.2183098695513332,12,True,False,False,True,True,True,False,False,True,True,False,mixed,False,True,True,False
2025-08-22,515300.SH,1.345,1.3264399999999998,-0.0073800738007380184,0.016628873771730834,0.06408227848101267,-7.91465076749139,-0.2082220845731897,-0.06675336451227455,-1.297309537125551,-1.2683329499941174,-1.045661335852935,0.005519446946358482,149129005.35,620,-1.2353892620184543,13,True,False,False,True,True,True,False,False,True,True,False,mixed,False,True,True,False
2025-08-22,530880.SH,1.024,0.9895,-0.015384615384615441,0.05241521068859201,0.08589607635206797,-8.518778793017,-0.023428397103796024,-0.08788299575634552,-1.3192309049992677,-1.2587007298911548,-1.0521001822341502,0.007240604230620088,3196110.85,192,-1.241592690402999,,False,False,False,True,False,True,False,False,False,True,False,mixed,False,True,True,False
2025-08-29,159995.SZ,1.655,1.25435,0.32400000000000007,0.3677685950413223,0.2187039764359351,170.96164708071507,158.12673158035514,22.206291069517636,2.1587702952590275,2.025412314246055,1.860582908736077,0.02922132083027643,1175483618.8372,636,2.0457896255492485,1,True,True,True,True,True,True,True,True,False,False,True,confirmed_risk_off,False,True,False,True
2025-08-29,588080.SH,1.367,1.04099,0.3019047619047619,0.35749751737835167,0.21836007130124768,152.09219718916663,139.74605596694107,21.203860030534283,1.8144843051154615,1.6539188870611456,1.7260455880570362,0.02807519718898736,1750341183.5,563,1.73257039448205,2,True,True,True,True,True,True,True,True,False,False,True,confirmed_risk_off,False,True,False,True
2025-08-29,159915.SZ,2.865,2.14906,0.2440295267042989,0.4204263758056521,0.32638888888888884,103.32634708565902,120.8344136897087,19.02289340310312,0.924718091231359,1.2716940466348836,1.433335770489361,0.016559384991708177,4462564303.229349,645,1.1652320092443693,3,True,True,True,True,True,True,True,True,False,False,True,confirmed_risk_off,False,True,False,True
2025-08-29,516160.SH,2.296,1.9033499999999999,0.1479999999999999,0.2805354155047406,0.1595959595959595,63.73058339176957,68.86786730169854,10.22979315849545,0.20226636173249077,0.22139367559973713,0.2532045680761652,0.014378756413217042,141308856.85,644,0.2201049285481242,4,True,True,False,True,True,True,True,True,False,False,True,confirmed_risk_off,False,True,False,True
2025-08-29,510500.SH,7.079,5.9495000000000005,0.13718875502008032,0.23693866853049106,0.18954797513023025,56.81343774421443,67.66964359365791,11.087211937003707,0.07605831900081395,0.19717627243152228,0.3682796412476697,0.010116384078316177,2158421347.45,645,0.18294976482246844,5,True,True,False,True,True,True,True,True,False,False,True,confirmed_risk_off,False,True,False,True
2025-08-29,512880.SH,1.328,1.13021,0.11502938706968924,0.24344569288389506,0.18571428571428572,55.228990188868224,60.46178151958117,5.660960601335126,0.04714899209631042,0.051497547617906,-0.3599832393314305,0.016729272084842223,3531165338.0,645,-0.03253803198059954,6,True,True,False,True,True,True,False,False,True,False,True,confirmed_risk_off,False,True,False,True
2025-08-29,510300.SH,4.478,3.8926299999999996,0.11670822942643388,0.1862251655629139,0.16980146290491116,48.6715272011781,54.93310611683881,8.707016460177867,-0.07249639505182642,-0.06024298990938571,0.04883111093351795,0.00912228613927306,4002614825.15,645,-0.04332953179778127,7,True,False,False,True,True,True,False,False,True,False,True,confirmed_risk_off,False,True,False,True
2025-08-29,512100.SH,2.965,2.5263799999999996,0.11802413273001489,0.21916118421052633,0.1572989851678377,47.31327313519491,58.4496206437823,7.947039140227529,-0.09727866738415318,0.010829589838792154,-0.053166241928432334,0.010294307895429313,1737164823.5,645,-0.045212879403830876,8,True,False,False,True,True,True,False,False,True,False,True,confirmed_risk_off,False,True,False,True
2025-08-29,159928.SZ,0.877,0.8198099999999999,0.08808933002481378,0.07081807081807079,0.08944099378881987,42.999881476454604,37.40761431432927,4.063578677396023,-0.17597944173855293,-0.4144522230054703,-0.5743695420199958,0.01016416964110164,670363041.5189,645,-0.35104657430160846,9,True,False,False,True,True,True,False,False,True,False,True,confirmed_risk_off,False,True,False,True
2025-08-29,512660.SH,1.311,1.1075,0.12339331619537264,0.2521489971346704,0.22294776119402981,19.564732219186848,30.60545822161434,5.535415885187412,-0.6035697325299393,-0.5519311890824968,-0.3768327273052408,0.015349861476330882,1241722720.45,639,-0.5375669141060226,10,True,False,False,True,True,True,False,False,True,False,True,confirmed_risk_off,False,True,False,True
2025-08-29,512010.SH,0.431,0.37926000000000004,0.05378973105134488,0.1554959785522787,0.2039106145251397,13.14113878109102,18.395081310842976,1.1902166149646616,-0.7207725783905958,-0.798716174640457,-0.9600064768183981,0.01265434026819786,710815960.25,645,-0.7997967965761008,11,True,False,False,True,True,True,False,False,True,False,True,confirmed_risk_off,False,True,False,True
2025-08-29,510880.SH,3.046,3.0213400000000004,-0.006199021207177857,0.021804763502180524,0.0672740014015416,-13.016254623225759,-1.8257290092700968,-0.008479726986843843,-1.1980320713561845,-1.2074007237977615,-1.120884769571064,0.006257324333656352,433653216.6,599,-1.1863500719757913,12,True,False,False,True,True,True,False,False,True,False,True,confirmed_risk_off,False,True,False,True
2025-08-29,515300.SH,1.326,1.32941,-0.005251312828207011,0.0015105740181269312,0.04327301337529521,-9.215705415018583,-0.6064226905166652,-0.0024715434767660395,-1.128688457485225,-1.1827572181579928,-1.1200784049632664,0.006064801406920657,148207558.65,625,-1.1485939512499403,13,True,False,False,True,True,False,False,False,True,False,True,confirmed_risk_off,False,True,False,True
2025-08-29,530880.SH,0.999,0.9920399999999999,-0.008928571428571397,0.023565573770491843,0.06503198294243084,-14.583581538492442,-2.27207270185777,-0.03883055189915796,-1.226629020498986,-1.21642181483648,-1.1249581856019988,0.007247553886104176,2860035.1,197,-1.2022119712545862,,False,False,False,True,False,True,False,False,False,False,True,confirmed_risk_off,False,True,False,True
2025-09-05,588080.SH,1.282,1.0569499999999998,0.21401515151515138,0.30417090539165814,0.16439600363306095,124.01433011365808,109.32101337514489,7.884641874034996,1.8207505594302642,1.6437480147696857,0.8181988397386306,0.034208589720832766,2149327393.35,568,1.5494391976277062,1,True,True,True,True,True,True,True,True,False,False,True,mixed,True,False,False,True
2025-09-05,159995.SZ,1.528,1.27329,0.21656050955414008,0.3037542662116042,0.1506024096385541,129.6181313375407,107.17294635003316,7.099952075684749,1.9318212690030332,1.5948953956737926,0.6699312165154407,0.03675762251358766,1379774076.5765,641,1.5446729091738185,2,True,True,True,True,True,True,True,True,False,False,True,mixed,True,False,False,True
2025-09-05,159915.SZ,2.944,2.1996900000000004,0.273356401384083,0.4574257425742574,0.34675205855443725,85.16643874934955,111.01187067840901,14.788754996805599,1.0507619950875013,1.6822024981802184,2.1227352888289537,0.025108177695533786,5972722260.09075,650,1.5177328550728788,3,True,True,True,True,True,True,True,True,False,False,True,mixed,True,False,False,True
2025-09-05,516160.SH,2.552,1.93594,0.26086956521739135,0.42251950947603123,0.27472527472527486,69.78764788654259,74.95351024301479,14.058651495796063,0.7459451136065235,0.8621417985001795,1.9847817802843,0.02351833991783128,234677756.45,649,1.0401911208995414,4,True,True,False,True,True,True,True,True,False,False,True,mixed,True,False,False,True
2025-09-05,510300.SH,4.431,3.93455,0.09137931034482771,0.1756434067391881,0.13761232349165597,35.221654508621455,41.14481308696644,3.714580058624677,0.060826341867992524,0.0932442804132218,0.030263077906925926,0.011992468147065973,4790866355.1,650,0.06768086449387092,5,True,True,False,True,True,True,True,True,False,False,True,mixed,True,False,False,True
2025-09-05,512010.SH,0.446,0.38409999999999994,0.09852216748768461,0.18302387267904519,0.21857923497267762,28.420831578844993,34.673511413768836,2.507242194394492,-0.07397005763128643,-0.05392991480487019,-0.19786415903833005,0.018046374973860767,812128026.5,650,-0.09073282078212866,6,True,True,False,True,True,True,False,False,True,False,True,mixed,True,False,False,True
2025-09-05,510500.SH,6.949,6.02475,0.09692186266771907,0.2161358067903394,0.15125911199469844,28.493928846613546,32.07387949061357,2.7646352167699666,-0.07252122583399105,-0.1130522916426335,-0.14922958810076972,0.015490132978232929,2401908963.5,650,-0.10407532461080377,7,True,False,False,True,True,True,False,False,True,False,True,mixed,True,False,False,True
2025-09-05,159928.SZ,0.865,0.8212799999999999,0.0626535626535627,0.08395989974937335,0.02366863905325456,32.75089821937585,25.505749455088054,1.5324479906264146,0.01185446665972947,-0.2624286151217088,-0.38205212736453914,0.011133773465467825,818100341.39775,650,-0.17664008485769955,8,True,False,False,True,True,True,False,False,True,False,True,mixed,True,False,False,True
2025-09-05,512100.SH,2.888,2.55817,0.06098457016899328,0.19437551695616206,0.11505791505791518,4.349193403380874,7.360922353156328,0.7505429522226202,-0.551084399470004,-0.6750890752511626,-0.5297935684717188,0.015387275843116024,2011198586.5,650,-0.5964281035828104,9,True,False,False,True,True,True,False,False,True,False,True,mixed,True,False,False,True
2025-09-05,512880.SH,1.257,1.1429,0.048373644703919805,0.16821561338289936,0.09114583333333326,-4.0532135501529085,1.4494055916847564,0.4680919153255633,-0.7176251572811013,-0.8095323087494927,-0.5831628667672979,0.019386348954798405,4072871502.45,650,-0.7274955597656972,10,True,False,False,True,True,True,False,False,True,False,True,mixed,True,False,False,True
2025-09-05,512660.SH,1.184,1.11884,-0.04051863857374394,0.1212121212121211,0.08127853881278546,-25.494121474661473,-0.02622725579313207,-1.2878229538629509,-1.1425968438052656,-0.8430920294567533,-0.9149440684398523,0.020339184234031825,1350223263.75,644,-0.9772643629927782,11,True,False,False,True,True,True,False,False,True,False,True,mixed,True,False,False,True
2025-09-05,515300.SH,1.321,1.33218,-0.026529108327192352,-0.0022658610271903967,0.032031249999999956,-13.030660971775317,-3.2159689751545226,-0.809955554345197,-0.8955635629158679,-0.9156350345904674,-0.8246507274389809,0.006152379438009337,148840015.1,630,-0.8894095844903304,12,True,False,False,True,True,False,False,False,True,False,True,mixed,True,False,False,True
2025-09-05,510880.SH,3.019,3.02856,-0.03700159489633159,0.012407780013413694,0.032136752136752156,-22.07878791894857,-11.045269316257102,-1.752864696029291,-1.0749028792434945,-1.0936936439727039,-1.0028139935434264,0.00625266919463237,483323465.65,604,-1.0680014079951647,13,True,False,False,True,True,False,False,False,True,False,True,mixed,True,False,False,True
2025-09-05,530880.SH,0.995,0.9948600000000001,-0.03864734299516903,0.014271151885830724,0.04079497907949792,-23.026929702764292,-11.752551389411881,-1.9570720743569818,-1.0936956194740337,-1.109779073947305,-1.0413991041093358,0.006585729107111737,2422502.2,202,-1.0896696981904028,,False,False,False,True,False,True,False,False,False,False,True,mixed,True,False,False,True
2025-09-12,516160.SH,2.528,1.9758600000000002,0.19076778144135642,0.4202247191011237,0.28913819479857206,83.09523992340004,100.84500889020431,10.76623981139315,2.099727642156069,2.633909138909759,1.8911763713358405,0.023936584210706446,311437797.65,654,2.271689986693499,1,True,True,True,True,True,True,True,True,False,False,True,mixed,True,False,False,True
2025-09-12,159915.SZ,2.995,2.25195,0.19370267038660827,0.5065392354124749,0.4180871212121211,40.393618656029815,69.62553617088741,9.827464288986246,0.9774735952713616,1.6713175240089369,1.6576842783111667,0.027284812013186853,6694528356.77915,655,1.3910533033743528,2,True,True,True,True,True,True,True,True,False,False,True,mixed,True,False,False,True
2025-09-12,588080.SH,1.358,1.07117,0.21575649059982105,0.4028925619834711,0.290874524714829,35.193069302722584,21.79428107394347,8.088362677256557,0.8407964063367946,0.1965339650280639,1.22513521241281,0.03609603600259712,2261478057.05,573,0.6599591910285054,3,True,True,True,True,True,True,True,True,False,False,True,mixed,True,False,False,True
2025-09-12,159995.SZ,1.647,1.28928,0.22181008902077148,0.41373390557939915,0.30403800475059395,31.256022687109382,15.236524449484357,7.348423492999973,0.7373257097681404,-0.005661683694692038,1.0410976606026832,0.039196202679349985,1381930845.4969,646,0.500885142549916,4,True,True,False,True,True,True,True,True,False,False,True,mixed,True,False,False,True
2025-09-12,512010.SH,0.441,0.38897,0.05755395683453246,0.2148760330578512,0.2250000000000001,20.584347958148737,27.6904556336592,1.0377685192709953,0.4568602427399629,0.37833101977659445,-0.5284874031351358,0.01907667534661853,862293182.35,655,0.22837902437959579,5,True,True,False,True,True,True,True,True,False,False,True,mixed,True,False,False,True
2025-09-12,159928.SZ,0.88,0.82375,0.07055961070559613,0.10831234256926958,0.07975460122699385,21.737560696968263,15.852965911033275,2.8720939244972308,0.4871681707447516,0.013345087729639044,-0.0722542910312999,0.012222179924842322,924501998.65975,655,0.1857544451834963,6,True,True,False,True,True,True,True,True,False,False,True,mixed,True,False,False,True
2025-09-12,510300.SH,4.498,3.9747500000000002,0.07813998082454465,0.19786950732356856,0.18399578836535935,10.038940378736584,16.531454560054698,3.6425775051964644,0.1797132403359301,0.03426496329016706,0.11938025802187845,0.01346819666726504,4929145847.0,655,0.10946733305481457,7,True,False,False,True,True,True,True,True,False,False,True,mixed,True,False,False,True
2025-09-12,510500.SH,7.18,6.10154,0.08853850818677977,0.27826241766067294,0.2157128344056891,1.8249094381859852,10.68435217589418,3.0616207300697504,-0.03616215714723461,-0.14601904653479683,-0.025115215223327478,0.016029948246647014,2541759480.8,655,-0.07789552451747808,8,True,False,False,True,True,True,False,False,True,False,True,mixed,True,False,False,True
2025-09-12,512100.SH,2.959,2.58861,0.041901408450704336,0.24537037037037046,0.17374057913526375,-24.672495705957775,-0.009308231683637796,0.5790663370267662,-0.7325483662039366,-0.47573723022987835,-0.6425757342119736,0.015437804304483946,2021135667.1,655,-0.6118293854159207,9,True,False,False,True,True,True,False,False,True,False,True,mixed,True,False,False,True
2025-09-12,512880.SH,1.266,1.15438,-0.026153846153846194,0.1954674220963173,0.13951395139513956,-50.927518459158605,-14.300046460191574,-0.43689389107751464,-1.4225644513389704,-0.9163643001737221,-0.8952651945013663,0.01745343840466602,4066067440.55,655,-1.1146245395053502,10,True,False,False,True,True,True,False,False,True,False,True,mixed,True,False,False,True
2025-09-12,512660.SH,1.2,1.1281299999999999,-0.03459372485921175,0.16054158607350089,0.11420612813370479,-65.26400242962393,-20.557086010580193,-0.8978143046043521,-1.7993458632954933,-1.1092879238190443,-1.0099052436967817,0.020830157782796458,1227649290.85,649,-1.3654345635851715,11,True,False,False,True,True,True,False,False,True,False,True,mixed,True,False,False,True
2025-09-12,515300.SH,1.317,1.3339699999999999,-0.01274362818590713,-0.012003000750187565,0.03537735849056589,-13.246291726871934,-3.6924013888200564,-0.13136728853016802,-0.4322528908689567,-0.5892982317827479,-0.8192746683310678,0.00641780288576744,133471374.75,635,-0.5724753827268954,12,True,False,False,True,True,False,False,False,True,False,True,mixed,True,False,False,True
2025-09-12,510880.SH,3.016,3.03329,-0.023316062176165775,0.006339673006339641,0.03571428571428581,-21.745289636192844,-11.28642002047725,-0.6566470942800037,-0.6556175902671127,-0.8234450004983782,-0.9499221749401738,0.005915707574101116,480424468.15,609,-0.7816094712942312,13,True,False,False,True,True,False,False,False,True,False,True,mixed,True,False,False,True
2025-09-12,530880.SH,0.992,0.9965700000000001,-0.025540275049115935,0.007106598984771617,0.03011422637590866,-23.455863346534723,-12.533240541050413,-0.8245134032735738,-0.7005736882313057,-0.861888282009901,-0.991673855613252,0.006243698370675172,1689526.5,207,-0.8233195592191331,,False,False,False,True,False,False,False,False,False,False,True,mixed,True,False,False,True
2025-09-19,516160.SH,2.57,2.0171799999999998,0.17244525547445244,0.37801608579088475,0.3233779608650875,62.17367784506404,86.8011634190505,8.876763739753155,2.4475344778592403,2.7089149837736484,2.3001226972314806,0.024157313073729758,344024863.35,659,2.522604324099452,1,True,True,True,True,True,True,True,True,False,False,True,confirmed_risk_off,False,True,False,True
2025-09-19,159915.SZ,3.062,2.30988,0.1502629601803156,0.4574012375059495,0.46577309717568216,20.520101419729784,56.43133508339902,6.569168346778068,1.0699342341211744,1.706780662338072,1.6943800862488532,0.026728423622873098,6887930311.421499,660,1.4495619758334692,2,True,True,True,True,True,True,True,True,False,False,True,confirmed_risk_off,False,True,False,True
2025-09-19,510500.SH,7.199,6.185060000000001,0.050488837005690845,0.23101915184678523,0.23122969043954145,-3.80942678385542,8.256347338631622,0.901341237636194,0.2652887064227166,0.11711712785257,0.20657836756740988,0.01562623734332279,2289406829.0,660,0.19427800722359662,3,True,True,True,True,True,True,True,True,False,False,True,confirmed_risk_off,False,True,False,True
2025-09-19,159995.SZ,1.703,1.3120700000000003,0.10369410239792631,0.4028006589785833,0.3767178658043653,-3.565786806746052,2.9586928618282053,1.8354945458180736,0.2733465617296156,-0.05769325683700318,0.4517931334136076,0.032812456831175583,1385382734.5932999,651,0.1766199486397665,4,True,True,False,True,True,True,True,True,False,False,True,confirmed_risk_off,False,True,False,True
2025-09-19,588080.SH,1.384,1.08953,0.08040593286494935,0.38538538538538525,0.329490874159462,-6.443790941025397,3.3465821073369377,1.5514813788640924,0.17816291755996438,-0.044893805962803415,0.3772398222794807,0.028989904282373583,2264815316.3,578,0.12875560909476053,5,True,True,False,True,True,True,True,True,False,False,True,confirmed_risk_off,False,True,False,True
2025-09-19,512010.SH,0.439,0.39352999999999994,0.03537735849056611,0.20273972602739732,0.19945355191256842,-5.577109026921142,4.598570459734387,0.2906367684522321,0.20682651186749243,-0.0035810766280049335,0.04626875660683437,0.018696678831657067,828373924.55,660,0.09055192541716187,6,True,True,False,True,True,True,True,True,False,False,True,confirmed_risk_off,False,True,False,True
2025-09-19,159928.SZ,0.86,0.82616,0.009389671361502261,0.08585858585858586,0.047503045066991545,-3.624767718143858,0.01030984481865612,-0.054522966261958745,0.2713958980678011,-0.1549830992894386,-0.04433549730541209,0.012865550269710594,945962096.3626999,660,0.03769802005026259,7,True,False,False,True,True,True,True,True,False,False,True,confirmed_risk_off,False,True,False,True
2025-09-19,510300.SH,4.481,4.01615,0.028696051423324098,0.1669270833333334,0.18014221754016324,-10.204951668035253,2.643153544738322,0.21886237659473415,0.05377081539426805,-0.06810532686661576,0.02742801543626105,0.012761200993877418,4703457370.0,660,-0.0002482015016868726,8,True,False,False,True,True,True,False,False,True,False,True,confirmed_risk_off,False,True,False,True
2025-09-19,512100.SH,2.965,2.62094,0.008160489629377876,0.19172025723472674,0.20235198702351975,-20.245930500539174,0.04349684577746597,4.22834205294308e-06,-0.2783124310904943,-0.1538880047660594,-0.030022136596883218,0.014982107227885991,1783394523.75,660,-0.17888460166199813,9,True,False,False,True,True,True,False,False,True,False,True,confirmed_risk_off,False,True,False,True
2025-09-19,512880.SH,1.221,1.1650800000000001,-0.08744394618834084,0.07293497363796142,0.10298102981029822,-56.71371325990009,-24.56109568193533,-5.290399577545277,-1.4844039778256506,-0.9657828355317988,-1.4187504311178012,0.015444223235742292,4092320337.4,660,-1.26382481156654,10,True,False,False,True,True,True,False,False,True,False,True,confirmed_risk_off,False,True,False,True
2025-09-19,512660.SH,1.195,1.1376300000000001,-0.06567630961688808,0.0873521383075524,0.14903846153846145,-71.82047469906358,-34.26204929154897,-3.144843177728759,-1.9840268200079818,-1.2858919403776699,-0.8555429730028183,0.019091326279372548,1111043590.85,654,-1.4790760987548244,11,True,False,False,True,True,True,False,False,True,False,True,confirmed_risk_off,False,True,False,True
2025-09-19,515300.SH,1.287,1.33431,-0.043122676579925745,-0.03378378378378388,0.0015564202334630295,-22.460970199836158,-14.60913651173404,-3.6624165984955623,-0.35156998762014424,-0.6373911258468091,-0.9914057313637153,0.006527923308745519,130645181.9,640,-0.5938655916595245,12,True,False,False,True,True,False,False,False,True,False,True,confirmed_risk_off,False,True,False,True
2025-09-19,510880.SH,2.97,3.0360699999999996,-0.04501607717041789,-0.013616738625041536,0.010547805375978214,-23.394616225333518,-15.151466905317992,-4.324491798974624,-0.38244827233588263,-0.655286778563757,-1.1652001330278563,0.006827189643225082,536782134.7,614,-0.6481340469654272,13,True,False,False,True,True,False,False,False,True,False,True,confirmed_risk_off,False,True,False,True
2025-09-19,530880.SH,0.983,0.99792,-0.0400390625,-0.007070707070707116,0.013402061855670055,-20.463214911876555,-10.60656590712633,-2.165835569671482,-0.28549863414211996,-0.5053155232943297,-0.5985539763694411,0.006900263160193561,1419053.7,212,-0.4360364582484681,,False,False,False,True,False,False,False,False,False,False,True,confirmed_risk_off,False,True,False,True
2025-09-26,159995.SZ,1.837,1.3397799999999997,0.10996978851963735,0.5346700083542189,0.6328888888888888,62.216505054190414,63.32529667126879,2.9277539893975684,2.223062052960477,1.804476103848221,0.6995905187155249,0.030054207136153446,1268023988.0444,656,1.7509333664665845,1,True,True,True,True,True,True,True,True,False,False,True,confirmed_risk_off,False,True,False,True
2025-09-26,516160.SH,2.69,2.06053,0.17160278745644608,0.4061683220073182,0.5945465323058683,30.54825008344251,56.40967744535482,10.479787706775223,1.1476178853917827,1.555017227125182,2.828429459100827,0.02341574678833293,363878103.6,664,1.6467399368269513,2,True,True,True,True,True,True,True,True,False,False,True,confirmed_risk_off,False,True,False,True
2025-09-26,588080.SH,1.479,1.1112499999999998,0.08193123628383336,0.4849397590361446,0.575079872204473,40.16270739687861,46.59740299796789,2.1906242224963344,1.4741218892159262,1.201070764519033,0.4918013839443705,0.025481520049644296,1827230616.75,583,1.168437338282858,3,True,True,True,True,True,True,True,True,False,False,True,confirmed_risk_off,False,True,False,True
2025-09-26,159915.SZ,3.129,2.36913,0.09214659685863857,0.4669479606188467,0.7628169014084507,12.566304300670815,49.959246208048015,3.81910673379579,0.5369565549369965,1.3223385213907584,0.950853490109294,0.02583537779908986,6492085657.86685,665,0.9338887285529608,4,True,True,False,True,True,True,True,True,False,False,True,confirmed_risk_off,False,True,False,True
2025-09-26,510500.SH,7.274,6.2684299999999995,0.027546263596553322,0.2326724284019659,0.3940206975852818,7.404320915867826,21.80632329489975,0.4899988661842624,0.36165719191870715,0.30681174107469517,0.012412967921661099,0.015365283665577097,1795726600.6,665,0.2698701667816932,5,True,True,False,True,True,True,True,True,False,False,True,confirmed_risk_off,False,True,False,True
2025-09-26,512100.SH,2.954,2.65102,-0.003709949409780644,0.17877094972067065,0.34701322389420897,-4.609439450566755,6.755458090486003,-0.005931630539561901,-0.04632640328047231,-0.23610015227159084,-0.1273846273566741,0.01505302958156302,1590611703.75,665,-0.13844754769216008,6,True,True,False,True,True,True,False,False,True,False,True,confirmed_risk_off,False,True,False,True
2025-09-26,510300.SH,4.528,4.0579,0.011165698972755544,0.15835251982604248,0.29965556831228457,-6.326084303076379,6.067763482507373,0.19274626700694839,-0.10462313280104737,-0.2609065389205272,-0.07137941595015546,0.01101554649858863,4170487074.7,665,-0.16048775187866093,7,True,False,False,True,True,True,False,False,True,False,True,confirmed_risk_off,False,True,False,True
2025-09-26,159928.SZ,0.839,0.8274099999999999,-0.04332953249714944,0.05137844611528819,0.04874999999999985,-23.274654063514845,-6.61516954213185,-1.5621230004359195,-0.6801913323854979,-0.7184028414966571,-0.566058620469786,0.008949987828646528,757603771.6063,665,-0.6726493936468192,8,True,False,False,True,True,True,False,False,True,False,True,confirmed_risk_off,False,True,False,True
2025-09-26,512010.SH,0.433,0.39760999999999996,0.004640371229698292,0.1671159029649596,0.26608187134502903,-34.63015409556589,-3.4326481681771552,-0.03209142480870493,-1.0658206097351937,-0.6036035471516336,-0.1347587984471016,0.017802141383284488,750497962.4,665,-0.6947214224441512,9,True,False,False,True,True,True,False,False,True,False,True,confirmed_risk_off,False,True,False,True
2025-09-26,512660.SH,1.196,1.1462899999999998,-0.08771929824561409,0.07168458781361986,0.29018338727076576,-30.38738350938102,-2.05872861187477,-3.8133647631870686,-0.9217374297349294,-0.5540437871320653,-1.200660015023734,0.01732917858832488,945164194.0,659,-0.8304444897515447,10,True,False,False,True,True,True,False,False,True,False,True,confirmed_risk_off,False,True,False,True
2025-09-26,512880.SH,1.219,1.1739600000000001,-0.08207831325301207,0.0778072502210434,0.24514811031664974,-42.412458445757544,-13.842950911797558,-4.013140497409628,-1.3301052642382274,-0.9791219705835001,-1.256974695052033,0.014153090131726862,3595752865.05,665,-1.1750858329390976,11,True,False,False,True,True,True,False,False,True,False,True,confirmed_risk_off,False,True,False,True
2025-09-26,510880.SH,2.955,3.0387299999999997,-0.02987524622455673,-0.04027281584930176,0.05724508050089461,-18.561125380661146,-12.63081464062706,-1.7686626585565606,-0.5201213526747388,-0.9353980258775243,-0.62427997956268,0.006157739790276157,516420518.35,619,-0.7070637473334414,12,True,False,False,True,True,False,False,False,True,False,True,confirmed_risk_off,False,True,False,True
2025-09-26,515300.SH,1.282,1.3337899999999998,-0.03318250377073906,-0.0580455547391624,0.030546623794212246,-24.594681440079146,-18.832957854175767,-2.08989273704654,-0.7250190547992649,-1.1591205341280861,-0.7148313628727048,0.005940397371824315,124080338.85,645,-0.8966221081454814,13,True,False,False,True,True,False,False,False,True,False,True,confirmed_risk_off,False,True,False,True
2025-09-26,530880.SH,0.979,0.99946,-0.020020020020020013,-0.033563672260611965,0.06528835690968426,-13.536039739022401,-7.2975340108868565,-0.571315168433457,-0.3494709947745179,-0.743016960396305,-0.28676030505680905,0.005607191972557905,1148792.2,217,-0.494347243079691,,False,False,False,True,False,False,False,False,False,False,True,confirmed_risk_off,False,True,False,True
2025-10-10,159995.SZ,1.829,1.36536,0.24,0.5318257956448911,0.46320000000000006,99.28724911844185,133.4237635825615,13.02655883634083,2.5683572331954325,2.4753573797412933,2.229241548228996,0.026226911775325438,1280552148.62465,660,2.4633341548204895,1,True,True,True,True,True,True,True,True,False,False,True,confirmed_risk_off,False,True,False,True
2025-10-10,588080.SH,1.484,1.1311499999999999,0.198707592891761,0.4944612286002015,0.45347698334965725,71.61886774124754,104.94949147980468,10.592794695024937,1.8094063918082206,1.824607331777872,1.6623082385218568,0.02293660716132288,1774132126.9,587,1.7860671371388084,2,True,True,True,True,True,True,True,True,False,False,True,confirmed_risk_off,False,True,False,True
2025-10-10,516160.SH,2.77,2.10033,0.18477331052181345,0.4004044489383216,0.5993071593533488,21.898551263063695,46.9517339543089,8.340366279717351,0.4455652797921983,0.49912855025589725,1.1376161885854577,0.02901945069564545,359645010.55,668,0.6054007697363297,3,True,True,True,True,True,True,True,True,False,False,True,confirmed_risk_off,False,True,False,True
2025-10-10,510500.SH,7.443,6.3389,0.10808396605627513,0.24548192771084332,0.35057158410451805,11.890205179098173,34.33097763915377,5.6535167694278226,0.17103376391606825,0.2106942138913623,0.5117278949359972,0.013946603821881192,1876030475.25,669,0.2550367701101717,4,True,True,False,True,True,True,True,True,False,False,True,confirmed_risk_off,False,True,False,True
2025-10-10,159915.SZ,3.095,2.41568,0.12504543802253743,0.4269248501613647,0.635835095137421,5.124445864162802,44.23715363832982,4.443101856864862,-0.014552760090934005,0.43708962387179084,0.22976773254854116,0.025175970967803385,5939992528.326,669,0.21496829202205098,5,True,True,False,True,True,True,True,True,False,False,True,confirmed_risk_off,False,True,False,True
2025-10-10,510300.SH,4.596,4.0917200000000005,0.06069697669051455,0.16590563165905636,0.26646459079636275,2.457994736894369,17.009736938030567,2.882224600219507,-0.08769420262671959,-0.18516483305335596,-0.13383089812160018,0.011554281916309816,4081931156.75,669,-0.13590979389635027,6,True,True,False,True,True,True,False,False,True,False,True,confirmed_risk_off,False,True,False,True
2025-10-10,512660.SH,1.233,1.1528100000000001,0.05746140651801035,0.1078167115902966,0.2076395690499513,4.218839183579462,11.272075265807754,2.4327516848352184,-0.03939378504373891,-0.3162931581224763,-0.23853338889161962,0.011365536537654847,772094543.9,663,-0.18998145504481004,7,True,False,False,True,True,True,False,False,True,False,True,confirmed_risk_off,False,True,False,True
2025-10-10,512100.SH,3.007,2.6749600000000004,0.07201426024955437,0.18292682926829285,0.3062554300608167,-2.032475922731482,14.297767181848922,2.5814520480469043,-0.21086897164868754,-0.24714409779247773,-0.20389437534091723,0.012625602321938238,1439549435.25,669,-0.22398410284464956,8,True,False,False,True,True,True,False,False,True,False,True,confirmed_risk_off,False,True,False,True
2025-10-10,512880.SH,1.27,1.1819899999999999,0.017628205128205066,0.09956709956709964,0.23181377303588757,-20.025862217683024,-0.024844065369684105,0.17095725527036607,-0.7044322011628886,-0.5744725689981232,-0.7654072054879407,0.01653630902953463,3792466802.4,669,-0.6646433491619929,9,True,False,False,True,True,True,False,False,True,False,True,confirmed_risk_off,False,True,False,True
2025-10-10,512010.SH,0.437,0.4008900000000001,0.0139211136890951,0.16533333333333333,0.25214899713467065,-31.219785125698543,-1.9916632812737296,0.010136231542410626,-1.0114843952773047,-0.6194221885868543,-0.8028696669092367,0.0159596149002714,684937237.7,669,-0.8129365669275109,10,True,False,False,True,True,True,False,False,True,False,True,confirmed_risk_off,False,True,False,True
2025-10-10,159928.SZ,0.846,0.8282299999999999,-0.013986013986013957,0.05223880597014907,0.014388489208633004,-33.16248114629011,-20.788571542879303,-0.3025789232498055,-1.064773048461869,-1.0490060918614028,-0.8757151142934991,0.008756662489555539,719992579.9187,669,-1.0206546789880087,11,True,False,False,True,True,True,False,False,True,False,True,confirmed_risk_off,False,True,False,True
2025-10-10,510880.SH,2.993,3.0389599999999994,-0.011885110597556925,-0.043158567774936096,0.03923611111111103,-16.31712388133975,-9.501325678956581,-0.4018515730887488,-0.6027005515054642,-0.7910477580779907,-0.8988401866787631,0.006211487147291462,522988950.6,623,-0.7372673611691346,12,True,False,False,True,True,False,False,False,True,False,True,confirmed_risk_off,False,True,False,True
2025-10-10,515300.SH,1.289,1.33241,-0.02643504531722063,-0.059810357403355274,0.016561514195583493,-22.42126501650155,-17.377081623297354,-0.9739282386007994,-0.7701387181015009,-0.9710400170559386,-1.0321026141585319,0.005733077911538289,123457414.4,649,-0.9028920168946822,13,True,False,False,True,True,False,False,False,True,False,True,confirmed_risk_off,False,True,False,True
2025-10-10,530880.SH,0.991,1.00002,-0.005020080321285092,-0.03599221789883267,0.058760683760683774,-12.147403113633095,-5.22367111912125,-0.061118710453513955,-0.48832403479281206,-0.6932863859895965,-0.8194681529387408,0.005755306453425559,1278605.85,221,-0.6365377989007116,,False,False,False,True,False,False,False,False,False,False,True,confirmed_risk_off,False,True,False,True
2025-10-17,516160.SH,2.658,2.14607,0.043990573448546844,0.35060975609756095,0.537304800462695,11.828824785271197,33.04966380077718,1.6952415853544527,1.0962649657246706,2.816111421966499,1.8204550717758563,0.024538242297284896,318968208.35,673,1.9290415694316392,1,True,True,True,True,True,True,True,True,False,False,True,mixed,True,False,False,True
2025-10-17,159995.SZ,1.703,1.3929900000000002,0.04929143561306226,0.39934264585045187,0.3733870967741937,-1.5412015836641517,10.521462117580167,0.8410154558800138,0.4401820373083131,0.6594097770972706,0.8522496854287398,0.02723320070296572,1351224205.9069,665,0.6102866628479815,2,True,True,True,True,True,True,True,True,False,False,True,mixed,True,False,False,True
2025-10-17,510880.SH,3.086,3.0429700000000004,0.01814582645991414,0.005539263603779654,0.05180640763462829,12.035173470874867,3.324880274340821,0.6713190223756902,1.1063907385683407,-0.029543567559919562,0.6599106837362169,0.008127418465189393,655757916.9,628,0.5627210051506119,3,True,True,True,True,True,True,True,True,False,False,True,mixed,True,False,False,True
2025-10-17,588080.SH,1.388,1.1530500000000001,0.03043801039346694,0.3647984267453295,0.3634577603143416,-2.6894872413811517,11.086915764994554,0.4726286561579983,0.3838343087261247,0.7135425848830561,0.4347090934903091,0.02330479116431293,1900925227.7,592,0.5258925761417341,4,True,True,False,True,True,True,True,True,False,False,True,mixed,True,False,False,True
2025-10-17,512660.SH,1.177,1.16175,-0.021612635078969267,0.027947598253275086,0.18291457286432156,2.323481820085187,5.792520909203475,-0.01919545402197931,0.629826600076357,0.2066920934570846,-0.12273902964847266,0.012317569609326196,795608205.75,668,0.3100596714836822,5,True,True,False,True,True,True,True,True,False,False,True,mixed,True,False,False,True
2025-10-17,510300.SH,4.501,4.12995,-0.007934758651090945,0.1311887408896708,0.22910977607864558,-8.549373834410863,3.5372760529978793,0.03341133735645217,0.09628277740862687,-0.009210194677581619,-0.06311292244618706,0.010748000538132406,4207355061.1,674,0.02220644860318069,6,True,True,False,True,True,True,True,True,False,False,True,mixed,True,False,False,True
2025-10-17,512880.SH,1.233,1.1911100000000001,-0.03971962616822422,0.05746140651801035,0.19592628516003896,-13.446017510514244,0.01841023303382137,-0.27914887669008576,-0.14400129038451406,-0.34608323091513726,-0.4173779962432782,0.016040161686087687,3844311090.3,674,-0.2795094077685162,7,True,False,False,True,True,True,False,False,True,False,True,mixed,True,False,False,True
2025-10-17,510500.SH,7.052,6.41829,-0.0153588383133203,0.15910585141354372,0.28498542274052463,-18.45538174006714,0.6565939619958469,-0.006296510610691287,-0.38981668839041356,-0.28498772416602264,-0.1081189822651417,0.013902337424810013,2029347682.85,674,-0.29154556147560284,8,True,False,False,True,True,True,False,False,True,False,True,mixed,True,False,False,True
2025-10-17,512100.SH,2.868,2.70227,-0.030425963488843966,0.10350134667179667,0.25185508511567,-25.897580129497296,-0.10819691275900592,-0.2022448761169633,-0.7550141216982166,-0.35820376514256524,-0.3302127070799163,0.012382859622758792,1307650395.9,674,-0.511329696152296,9,True,False,False,True,True,True,False,False,True,False,True,mixed,True,False,False,True
2025-10-17,159915.SZ,2.915,2.46414,-0.036363636363636376,0.29728526924788623,0.5521831735889244,-54.312808559327166,-0.20276658085460267,-0.0934417639809095,-2.1493828211630204,-0.36725724227334905,-0.2068920129608203,0.02047876290546886,5726525055.49325,674,-1.0480344279667118,10,True,False,False,True,True,True,False,False,True,False,True,mixed,True,False,False,True
2025-10-17,159928.SZ,0.843,0.82935,-0.05280898876404494,0.043316831683168244,0.013221153846153966,-22.71375857043509,-10.18058624831008,-1.772465428167249,-0.5987802509200695,-1.3224679773166241,-2.109947538164267,0.007713000249777561,714338700.88,674,-1.190488798927531,11,True,False,False,True,True,True,False,False,True,False,True,mixed,True,False,False,True
2025-10-17,512010.SH,0.415,0.40364,-0.05681818181818188,0.07235142118863047,0.19596541786743527,-45.35219428345094,-13.405834273793657,-1.3604357457499021,-1.709674933362166,-1.6312319798539334,-1.6429408006194817,0.01492241604848943,682015755.2,674,-1.664950925410336,12,True,False,False,True,True,True,False,False,True,False,True,mixed,True,False,False,True
2025-10-17,515300.SH,1.312,1.33162,-0.01427498121712989,-0.031734317343173335,0.012345679012345734,3.4391090213757165,0.030633633818255922,-0.010607345624502421,0.68457173976765,-0.34491304303470166,-0.11300501131062828,0.006517049238484639,139937276.45,654,0.11326247643105367,13,True,False,False,True,True,False,True,False,True,False,True,mixed,True,False,False,True
2025-10-17,530880.SH,1.031,1.00221,0.037223340040241304,0.024850894632206577,0.0706126687435098,16.170517532366194,6.747785647314006,1.2775425022472977,1.3093169383383172,0.29814284753592446,1.3470224663070713,0.008470703182811096,1902137.5,226,0.9123884076111111,,False,False,False,True,False,True,True,False,False,False,True,mixed,True,False,False,True
2025-10-24,510880.SH,3.116,3.05015,0.055198103623433914,-0.015170670037926715,0.06420765027322406,35.499027214643846,31.792779025891807,3.7069713560700333,1.6865691064074564,1.8717437581439236,1.7789644101551043,0.007013363779224844,667380014.2,633,1.779118027851573,1,True,True,True,True,True,True,True,True,False,False,True,mixed,True,False,False,True
2025-10-24,512880.SH,1.257,1.2010800000000001,0.02029220779220764,0.02029220779220764,0.20749279538904908,-6.562906602215022,1.1391893053212419,0.32762003173980087,0.3818686422749815,-0.18806586434960454,-0.29231195125488896,0.014933411131355077,3566711795.6,679,0.01905872091917299,2,True,True,True,True,True,True,True,True,False,False,True,mixed,True,False,False,True
2025-10-24,510300.SH,4.647,4.17103,0.03936479534779691,0.13286201852754753,0.26586761100517586,-11.625292235372939,1.2480202164412633,0.7808077239083567,0.22484074826618553,-0.18075282336506612,-0.014543567922706486,0.010867513192377526,4107390692.7,679,0.014726456375906471,3,True,True,True,True,True,True,True,True,False,False,True,mixed,True,False,False,True
2025-10-24,516160.SH,2.763,2.19113,0.07551576488906186,0.3245445829338447,0.5743589743589743,-24.848802965432107,1.9700750284267046,1.2885908658177152,-0.18533346441002488,-0.13223336893075252,0.2966875287043371,0.02473107191456005,288869474.35,678,-0.06768922759544352,4,True,True,False,True,True,True,False,False,True,False,True,mixed,True,False,False,True
2025-10-24,512660.SH,1.208,1.1695,0.020270270270270396,0.028960817717206266,0.2104208416833666,-18.604368299950696,-0.08058708709320594,0.01256945864924708,0.008359884111983873,-0.27003039683304364,-0.485413153841592,0.01394122141789758,735878112.1,673,-0.2017508358567423,5,True,True,False,True,True,True,False,False,True,False,True,mixed,True,False,False,True
2025-10-24,510500.SH,7.307,6.49763,0.010650069156293185,0.1596571972702745,0.31444504407267493,-35.244218602107274,-1.0662278422194327,0.02628897480902806,-0.5077842500794161,-0.3362618669557213,-0.4770041703461075,0.014639625221862074,2096939504.85,679,-0.43301928088327646,6,True,True,False,True,True,True,False,False,True,False,True,mixed,True,False,False,True
2025-10-24,512100.SH,2.967,2.7298500000000003,-0.003024193548387011,0.11165230423379535,0.2706638115631692,-34.34193588736897,-3.9818629261979597,-0.0375818266594242,-0.4797967428520156,-0.5321819290562625,-0.5161519441550754,0.012779062755850248,1284829123.95,679,-0.5080218575943264,7,True,False,False,True,True,True,False,False,True,False,True,mixed,True,False,False,True
2025-10-24,588080.SH,1.487,1.17513,0.06138472519628846,0.42160611854684515,0.4679170779861799,-50.298885734848696,-0.3457741763501167,0.6819460865290851,-0.9747582908111095,-0.28785000371079456,-0.07513796989556328,0.02553556813109138,1850129116.15,597,-0.5200709117878743,8,True,False,False,True,True,True,False,False,True,False,True,mixed,True,False,False,True
2025-10-24,159995.SZ,1.843,1.42206,0.06286043829296428,0.47322142286171065,0.4983739837398373,-55.70434868265073,-0.5882310061650624,0.6600047506001534,-1.1424279478353305,-0.30414221991270196,-0.08858628174173072,0.029290464007291277,1274374610.13985,670,-0.5963453234475591,9,True,False,False,True,True,True,False,False,True,False,True,mixed,True,False,False,True
2025-10-24,159915.SZ,3.147,2.5175799999999997,0.026084121291163775,0.35354838709677394,0.6390624999999999,-64.55568113200772,-4.302339076590929,0.05516204787485665,-1.416983502155522,-0.5537167595402803,-0.45930724925597277,0.022399436061981685,5237417788.85205,679,-0.8801415545295155,10,True,False,False,True,True,True,False,False,True,False,True,mixed,True,False,False,True
2025-10-24,512010.SH,0.417,0.40608,-0.05869074492099324,0.03990024937655856,0.18803418803418803,-50.479284844159544,-22.658087862846735,-1.548539335734077,-0.9803540107480899,-1.7871562464866022,-1.4422499645381808,0.015004178315400143,629369891.35,679,-1.395454095801513,11,True,False,False,True,True,True,False,False,True,False,True,mixed,True,False,False,True
2025-10-24,515300.SH,1.325,1.3312799999999998,0.03032659409020222,-0.03072421360643751,0.027131782945736482,23.59141638257533,17.993871155781175,1.5150333476639781,1.317212208863156,0.944507389749465,0.43547894600692666,0.005171960989517111,139572223.9,659,0.9917836286464337,12,True,False,False,True,True,False,True,False,True,False,True,mixed,True,False,False,True
2025-10-24,159928.SZ,0.826,0.83012,-0.037296037296037365,-0.011961722488038284,0.007317073170731714,-11.896741210390344,-3.593692885744993,-1.0531444933204361,0.21642079293946345,-0.5060983156270604,-1.1386119203762084,0.0069520691242715696,663179416.0252001,679,-0.3435933931502805,13,True,False,False,True,True,False,False,False,True,False,True,mixed,True,False,False,True
2025-10-24,530880.SH,1.042,1.00559,0.06543967280163598,-0.0047755491881565915,0.0854166666666667,40.8376934559756,37.60402972421436,4.847775067168596,1.8521668260282818,2.2622386468745024,2.4781872884616583,0.00790080229426294,2047821.3,231,2.1413996468534453,,False,False,False,True,False,True,True,False,False,False,True,mixed,True,False,False,True
2025-10-31,510880.SH,3.097,3.05661,0.04840893703452931,0.009452411994784748,0.06572608396421198,30.370770154329527,25.626523636108,3.0362321664198726,1.7665727446942134,1.8754936885167472,1.6759575100408697,0.006720728073590778,642412355.5,638,1.7920180752925583,1,True,True,True,True,True,True,True,True,False,False,True,mixed,True,False,False,True
2025-10-31,510300.SH,4.633,4.21772,0.01334208223972011,0.14905753968253976,0.2467707212055974,-7.765280278869496,3.0541840243441354,0.4753576756701534,0.3106273839019972,-0.006032929592657302,-0.14511511013844644,0.01201629805909406,4199640024.75,684,0.09281475969604666,2,True,True,True,True,True,True,True,True,False,False,True,mixed,True,False,False,True
2025-10-31,516160.SH,2.927,2.2457499999999997,0.08047249907715015,0.4723340040241448,0.6425364758698091,-28.631263046137427,1.226714318482263,2.4203226851766853,-0.4859871176859087,-0.1583624157915843,1.2379759155299839,0.02731042297947862,302071333.1,683,-0.010144630285000428,3,True,True,True,True,True,True,False,False,True,False,True,mixed,True,False,False,True
2025-10-31,512880.SH,1.254,1.21173,0.02450980392156854,0.046744574290484175,0.18862559241706167,-12.64646294608173,0.12171437639349386,0.6834178467176976,0.12427522685428355,-0.2504701387750639,0.0028393023925572377,0.01579996221462861,3855833349.25,684,-0.0499101042898007,4,True,True,False,True,True,True,False,False,True,False,True,mixed,True,False,False,True
2025-10-31,512660.SH,1.204,1.17832,0.0033333333333334103,0.015177065767284947,0.14557564224548059,-19.042389110384367,-0.08144738610477908,0.05061050544641182,-0.11990630010267136,-0.26740477074043206,-0.4471585898119276,0.01495436374374489,745760848.95,678,-0.2443561462996269,5,True,True,False,True,True,True,False,False,True,False,True,mixed,True,False,False,True
2025-10-31,512100.SH,2.996,2.75937,0.00033388981636051085,0.1288620949510173,0.24677486475239285,-23.095564004558565,-0.02213600858120149,0.060355764123538026,-0.2746470537103172,-0.2624608465621343,-0.44022860405214753,0.012379530456056506,1341502208.65,684,-0.30288888091941013,6,True,True,False,True,True,True,False,False,True,False,True,mixed,True,False,False,True
2025-10-31,510500.SH,7.374,6.58552,-0.0006775985905949078,0.1826784282277465,0.2980109135715543,-26.847373285150365,-0.0036578943176126034,0.10527636039601714,-0.41788237185693744,-0.26092059577566773,-0.4082849581415695,0.015213233005432834,2071404549.4,684,-0.353178178681356,7,True,False,False,True,True,True,False,False,True,False,True,mixed,True,False,False,True
2025-10-31,159915.SZ,3.166,2.57916,-0.014014325755216439,0.37592351151673165,0.6095577020843923,-30.354157984209973,0.5311973191048298,0.04935953432771232,-0.5517632235942282,-0.21633752028603428,-0.44804817235926736,0.023883920057764612,5008507947.0455,684,-0.3968499320239585,8,True,False,False,True,True,True,False,False,True,False,True,mixed,True,False,False,True
2025-10-31,159928.SZ,0.831,0.8304,-0.010714285714285676,0.032298136645962705,0.013414634146341475,-16.686507235011888,-9.128134646681248,-0.24738379174923894,-0.029964230904099137,-1.0214950945283507,-0.6590663805110751,0.0064719327064701165,693704691.6304,684,-0.552397006275195,9,True,False,False,True,True,True,False,False,True,False,True,mixed,True,False,False,True
2025-10-31,588080.SH,1.442,1.19967,-0.038025350233489075,0.36037735849056585,0.38520653218059553,-47.90062673556141,-0.35753377707096495,-0.11654179473251568,-1.2216464308645925,-0.2904180649950477,-0.5660228599490885,0.024491566958444556,1718083723.95,602,-0.7180303703336738,10,True,False,False,True,True,True,False,False,True,False,True,mixed,True,False,False,True
2025-10-31,159995.SZ,1.765,1.45512,-0.05107526881720437,0.3963607594936709,0.3864886095836606,-49.0805634922354,-0.16002362940479034,-0.23752997383471713,-1.2666936611727468,-0.27395452569994727,-0.6520591968036398,0.028345536763034918,1258204392.3473,675,-0.7466711141098057,11,True,False,False,True,True,True,False,False,True,False,True,mixed,True,False,False,True
2025-10-31,512010.SH,0.413,0.40814,-0.06772009029345383,-0.007211538461538436,0.1568627450980391,-45.65191089459725,-19.730516734616494,-1.749240000897055,-1.1357957106352743,-1.905260998148728,-1.7270567220153539,0.015803346575017026,654071654.65,684,-1.5618340279166718,12,True,False,False,True,True,True,False,False,True,False,True,mixed,True,False,False,True
2025-10-31,515300.SH,1.314,1.33113,0.029780564263322873,-0.01646706586826352,0.015455950540958385,20.935861484834344,14.285869612568746,1.3163750437899229,1.4063699614796363,0.9301888251724891,0.45294375909173,0.005108123646068613,144589477.2,664,1.025212266479196,13,True,False,False,True,True,False,True,False,True,False,True,mixed,True,False,False,True
2025-10-31,530880.SH,1.03,1.00864,0.052093973442288055,0.020812685827552135,0.08535300316122241,33.7724459414957,28.40908687096311,3.6653392612018387,1.8964407835966455,2.107435387206411,2.123324106727376,0.008046432678050743,2056063.15,236,2.026215289666698,,False,False,False,True,False,True,True,False,False,False,True,mixed,True,False,False,True
2025-11-07,516160.SH,3.083,2.30484,0.1129963898916968,0.5391912131802297,0.6575268817204301,15.92684353957822,42.48050564493133,4.735671418819242,1.3559474415823394,2.5156944961430305,1.6283538312142587,0.02315752158632439,296381901.4,688,1.8743275413329996,1,True,True,True,True,True,True,True,True,False,False,True,mixed,True,False,False,True
2025-11-07,510880.SH,3.188,3.06569,0.06515202138322773,0.01658163265306123,0.06622073578595322,17.24523738921776,16.20875864251463,5.068904668495484,1.4275957426829284,0.6929718294424342,1.7803615669910022,0.006777637185287387,616844178.25,643,1.2042993422483455,2,True,True,True,True,True,True,True,True,False,False,True,mixed,True,False,False,True
2025-11-07,159915.SZ,3.185,2.63591,0.029079159935379684,0.3728448275862071,0.5506329113924051,-0.3102765158659622,25.071882040008006,1.383410587134521,0.47353884489710024,1.3078915724229638,0.099185960803551,0.021172302876184674,4621072815.17835,689,0.732409359088736,3,True,True,True,True,True,True,True,True,False,False,True,mixed,True,False,False,True
2025-11-07,515300.SH,1.335,1.33129,0.035686578743211905,-0.013303769401330379,0.005271084337349352,9.830627455605953,5.208368175673394,2.0256862770758963,1.0246477122350592,-0.07023059651820908,0.39216654862691264,0.004880060251827427,141305942.2,669,0.4602001560121226,4,True,True,False,True,True,True,True,True,False,False,True,mixed,True,False,False,True
2025-11-07,510300.SH,4.672,4.260759999999999,0.016536118363794428,0.1479115479115478,0.21857068335941565,-4.672886270300489,6.963288694695135,0.8340710853485298,0.2364521978715913,0.051525044931316724,-0.15140083964431106,0.0102353862830894,4035112017.3,689,0.084910729192301,5,True,True,False,True,True,True,True,True,False,False,True,mixed,True,False,False,True
2025-11-07,512100.SH,3.014,2.78704,0.002327901563019541,0.10362504577077991,0.24186238154099704,-6.715681520382573,4.033408399089193,0.29024367574218585,0.12543619972752312,-0.15174880758519624,-0.3994732431871976,0.011652694210716734,1245473024.35,689,-0.09041969178050877,6,True,True,False,True,True,True,False,False,True,False,True,mixed,True,False,False,True
2025-11-07,510500.SH,7.378,6.66499,-0.008733037753593909,0.16262212417270727,0.28626220362622035,-13.326190860226543,1.851883058653721,0.025393105864090108,-0.2338128696904595,-0.30310211064599746,-0.5202875241314436,0.014102214501780208,1919235458.4,689,-0.31882349696087153,7,True,False,False,True,True,True,False,False,True,False,True,mixed,True,False,False,True
2025-11-07,512880.SH,1.244,1.22005,-0.020472440944881876,0.028949545078577277,0.13193812556869888,-15.010066438458386,0.003580752603363259,-0.0005196807178150858,-0.32532332726584134,-0.4313365408817586,-0.5321079052603026,0.011253011897288142,3396606739.2,689,-0.4090855283111005,8,True,False,False,True,True,True,False,False,True,False,True,mixed,True,False,False,True
2025-11-07,512660.SH,1.195,1.18586,-0.03081914030819144,-0.034733441033925616,0.13055818353831605,-20.086637467905213,-0.35608769142524793,-0.2894211012760055,-0.6012103012347956,-0.4562901850138972,-0.6638932263361613,0.013584621052720382,605855242.25,683,-0.5557788397667094,9,True,False,False,True,True,True,False,False,True,False,True,mixed,True,False,False,True
2025-11-07,588080.SH,1.442,1.22128,-0.028301886792452824,0.34640522875817004,0.408203125,-34.441553859195444,0.0016486467251424855,-0.05510081768298,-1.3813302723330716,-0.4314705895682953,-0.5570056459697182,0.021592503172245585,1516604199.0,607,-0.8365214739544904,10,True,False,False,True,True,True,False,False,True,False,True,mixed,True,False,False,True
2025-11-07,159995.SZ,1.77,1.4833100000000001,-0.032258064516129004,0.38497652582159625,0.42282958199356924,-37.26595154227729,0.0012463227752314496,-0.09187657866761122,-1.5348225657631283,-0.4314985026333378,-0.5737812833473562,0.025838448039025925,1214418718.6813998,680,-0.9012846840280577,11,True,False,False,True,True,True,False,False,True,False,True,mixed,True,False,False,True
2025-11-07,159928.SZ,0.822,0.83063,-0.028368794326241176,0.007352941176470562,-0.013205282112845107,-19.02264331283359,-13.095914453277592,-0.41694146330309323,-0.5433873876853421,-1.3401739635281715,-0.7220629363395934,0.006552707648784936,638282367.54005,689,-0.8978371277533241,12,True,False,False,True,True,False,False,False,True,False,True,mixed,True,False,False,True
2025-11-07,512010.SH,0.401,0.40941000000000005,-0.08237986270022879,-0.014742014742014642,0.10468319559228667,-34.25768231443984,-16.238905044465117,-2.2785368663550654,-1.3713377471054382,-1.5582333179843948,-1.571248611614362,0.013309982277430521,600493384.4,689,-1.4860781483588057,13,True,False,False,True,True,False,False,False,True,False,True,mixed,True,False,False,True
2025-11-07,530880.SH,1.063,1.01262,0.07265388496468206,0.028046421663442844,0.08358817533129459,15.773359544897138,14.955217426354567,5.0926501463326685,1.3476063320815344,0.606001671419513,1.7911933081947211,0.008658322939887862,2282446.1,241,1.139681863039363,,False,False,False,True,False,True,True,False,False,False,True,mixed,True,False,False,True
2025-11-14,516160.SH,3.051,2.3671699999999998,0.14785553047404076,0.47891420261754725,0.6465191581219645,29.72750001447663,72.15881494488193,6.70900028336549,1.649594647004009,3.3663087787484254,3.204207204110538,0.022802238932279527,306631738.05,693,2.6472028111230816,1,True,True,True,True,True,True,True,True,False,False,True,mixed,False,True,True,False
2025-11-14,510880.SH,3.205,3.07689,0.038561244329228916,0.03587588881706538,0.06584635849684073,15.553113767369018,16.639936784391733,2.541414055695378,1.099612830674761,0.4740200811914299,0.8150444419309396,0.005350637756278159,471009616.3,648,0.7924620531326643,2,True,True,True,True,True,True,True,True,False,False,True,mixed,False,True,True,False
2025-11-14,515300.SH,1.342,1.3322,0.02286585365853666,0.0014925373134329067,0.006751687921980665,11.0838216583084,7.366148564155339,1.1631387293609305,0.926199368603434,-0.00910338494544598,0.02491703824429659,0.004309807963226007,136193860.35,674,0.37182180111205454,3,True,True,True,True,True,True,True,True,False,False,True,mixed,False,True,True,False
2025-11-14,512100.SH,2.994,2.81654,0.04393305439330564,0.07620416966211363,0.23923841059602657,-3.1978552199494894,10.54038625710095,1.6793690555296417,0.3720545574773436,0.15626039953389304,0.3208577110014435,0.008831477598896558,1094239552.5,694,0.27549752500478336,4,True,True,False,True,True,True,True,True,False,False,True,mixed,False,True,True,False
2025-11-14,159928.SZ,0.842,0.8333399999999999,-0.0011862396204033177,0.025578562728379994,0.01937046004842613,5.999237169630615,1.0881469680945397,0.09324738443150872,0.7289118837267494,-0.3361595802641287,-0.5884222956637711,0.009209631214025415,687150914.6561501,694,0.039416462252294074,5,True,True,False,True,True,True,True,True,False,False,True,mixed,False,True,True,False
2025-11-14,510300.SH,4.618,4.30492,0.025994223505887648,0.11734817323977742,0.21271008403361358,-13.62986804693769,1.133239836254558,0.6159509400652106,-0.03271904347682448,-0.33381044070582144,-0.2887706981785123,0.009284494247536086,3581566204.4,694,-0.20436593330876085,6,True,True,False,True,True,True,False,False,True,False,True,mixed,False,True,True,False
2025-11-14,510500.SH,7.276,6.746479999999999,0.03176403857061838,0.12771233725976439,0.2778363189322093,-15.73143840112502,1.4457528853565524,0.5651355648965576,-0.11426229059805375,-0.3175298891221979,-0.31790175761360495,0.011646068708909402,1595416384.65,694,-0.23629722341082166,7,True,False,False,True,True,True,False,False,True,False,True,mixed,False,True,True,False
2025-11-14,512880.SH,1.232,1.22822,-0.0008110300081103361,-0.007252215954875241,0.1568075117370893,-18.806046472834318,-0.11404104149165212,-0.0012911918965547765,-0.2335604741172381,-0.39878827356036917,-0.6426186658919054,0.010732347642920852,3108313604.25,694,-0.381463232249424,8,True,False,False,True,True,True,False,False,True,False,True,mixed,False,True,True,False
2025-11-14,159915.SZ,3.093,2.6912100000000003,0.06106346483704983,0.2645134914145544,0.5206489675516226,-32.50163454070173,1.0953610329268983,0.902070604758178,-0.7649643931264244,-0.3357837593025135,-0.1247461498984616,0.018820889946446418,4159228758.2773004,694,-0.46524849095126747,9,True,False,False,True,True,True,False,False,True,False,True,mixed,False,True,True,False
2025-11-14,588080.SH,1.387,1.24297,-0.0007204610951008217,0.26205641492265697,0.3814741035856575,-52.72234069847005,-1.850598866658721,-0.0010833679459689228,-1.549550089200479,-0.4892552775200998,-0.6424995261268942,0.018797931145765882,1204281614.45,612,-0.9440220519136104,10,True,False,False,True,True,True,False,False,True,False,True,mixed,False,True,True,False
2025-11-14,159995.SZ,1.686,1.5111300000000003,-0.009982384028185631,0.2676691729323306,0.3922378199834846,-65.06720492715338,-4.961155268612661,-0.07115528702678485,-2.028544433820844,-0.651301547592022,-0.6826698334935014,0.022653496275824934,1061974741.9274,685,-1.2084723592638467,11,True,False,False,True,True,True,False,False,True,False,True,mixed,False,True,True,False
2025-11-14,512660.SH,1.174,1.19209,-0.002548853016142827,-0.04475183075671285,0.12237093690248546,-22.538996662550478,-1.0166535119041091,-0.015506713531300072,-0.37840305776177835,-0.44581040248201914,-0.6507680341543298,0.011034554055852717,523470315.8,688,-0.459838990928385,12,True,False,False,True,True,False,False,False,True,False,True,mixed,False,True,True,False
2025-11-14,512010.SH,0.408,0.41129999999999994,-0.016867469879518038,-0.016867469879518038,0.09973045822102411,-28.3527114553232,-10.564403940582585,-0.21785908012963814,-0.6039816024413986,-0.9432060914246987,-0.7667710902892807,0.010959601409489705,523075371.35,694,-0.7722292956042951,13,True,False,False,True,True,False,False,False,True,False,True,mixed,False,True,True,False
2025-11-14,530880.SH,1.067,1.0170299999999999,0.03491755577109612,0.045053868756121496,0.08324873096446694,11.171776077559107,12.61155943167663,1.7130074099186277,0.9296120970567425,0.2641593874455679,0.3401416560230431,0.007206241005931219,1981534.75,246,0.5455369250055329,,False,False,False,True,False,True,True,False,False,False,True,mixed,False,True,True,False
2025-11-21,510880.SH,3.112,3.0835399999999997,-0.0012836970474967568,-0.0003212335367811514,0.05241799120730484,2.8031171225645966,1.414267949239989,0.018325531830000234,1.2487094303427988,0.9575384951387067,0.9121027770470173,0.006789778970276327,435754254.35,653,1.0649197256020055,1,True,True,True,True,True,True,True,True,False,False,True,mixed,True,False,False,True
2025-11-21,516160.SH,2.76,2.4228899999999998,-0.0010857763300760048,0.28791413905739627,0.5514333895446879,-33.31874652188799,1.8048094987951746,0.048725025670936235,0.10869037452831803,0.9798271691855865,0.9223197435221313,0.02767611247404329,330724126.3,698,0.6198709661899882,2,True,True,True,True,True,True,True,True,False,False,True,mixed,True,False,False,True
2025-11-21,510300.SH,4.441,4.3413,-0.044329675059178064,0.04371327849588713,0.19029750737067808,-37.425705885279974,-10.373598007281675,-1.9124957226947554,-0.020926745502021643,0.28479086479701493,0.26317302413275734,0.009856952258717147,3735242955.1,699,0.1581802525445488,3,True,True,True,True,True,True,True,True,False,False,True,mixed,True,False,False,True
2025-11-21,510500.SH,6.86,6.815690000000001,-0.061174216504721546,0.020226055919095876,0.22829006266786034,-47.45229532703953,-14.40664227623126,-2.5030893308215587,-0.3373695276614524,0.05462019734911457,0.06468040691283751,0.012856743500776232,1677335214.45,699,-0.10016365074236762,4,True,True,False,True,True,True,False,False,True,False,True,mixed,True,False,False,True
2025-11-21,159915.SZ,2.904,2.7401099999999996,-0.07721639656816015,0.12908242612752718,0.4823889739663092,-76.62980959476486,-27.48737115557011,-3.1631941959183214,-1.2582224103895598,-0.6919126686654253,-0.15717425001146607,0.017591434733887235,4209821851.0984,699,-0.8114888816242872,5,True,True,False,True,True,True,False,False,True,False,True,mixed,True,False,False,True
2025-11-21,588080.SH,1.308,1.26148,-0.12037659717552118,0.12178387650085765,0.3292682926829269,-84.99747835199327,-45.59901954970098,-7.9600973136225965,-1.522309056911433,-1.725566137722079,-1.7693655119580118,0.015754879706813142,1123047244.75,617,-1.6530231802450073,6,True,True,False,True,True,True,False,False,True,False,True,mixed,True,False,False,True
2025-11-21,159995.SZ,1.585,1.5341200000000002,-0.13998914812805208,0.12972202423378465,0.35354397950469685,-96.33440382841984,-54.07616998401564,-9.756093280633806,-1.880106517327344,-2.2093672674405624,-2.37298183137462,0.019759072234416537,988275902.13355,690,-2.1103858801820867,7,True,False,False,True,True,True,False,False,True,False,True,mixed,True,False,False,True
2025-11-21,159928.SZ,0.825,0.83532,-0.001210653753026647,-0.027122641509433998,0.0060975609756097615,5.446262694242367,1.5724179953627535,0.00041098227061424087,1.3321280587021658,0.9665643077124113,0.9060818757378466,0.009047211413517435,661877486.4287,699,1.1006933217134003,8,True,False,False,True,True,False,True,False,True,False,True,mixed,True,False,False,True
2025-11-21,515300.SH,1.324,1.33157,-0.0007547169811319421,-0.018532246108228234,0.0,4.536904137676275,0.7694723470961787,0.004668718614848341,1.3034283743985708,0.9207392377500526,0.9075128584284312,0.0053798583810905996,135735918.35,679,1.0711696165451356,9,True,False,False,True,True,False,True,False,True,False,True,mixed,True,False,False,True
2025-11-21,512100.SH,2.821,2.8413099999999996,-0.049207954162453604,-0.02387543252595159,0.19432684165961045,-31.981620819040508,-2.8762879484189448,-1.632709476940642,0.15089054438305255,0.7126713305777052,0.3572063888994581,0.011472080393302197,1145901999.2,699,0.41686602776419474,10,True,False,False,True,True,False,True,False,True,False,True,mixed,True,False,False,True
2025-11-21,512880.SH,1.173,1.23345,-0.06682577565632442,-0.0928074245939674,0.13223938223938214,-41.29611098757425,-21.27490513779042,-3.3057070670924027,-0.1430781276612502,-0.33735979137152483,-0.2050714036508179,0.012608598603611704,3137500869.3,699,-0.2331894483432736,11,True,False,False,True,True,False,False,False,True,False,True,mixed,True,False,False,True
2025-11-21,512010.SH,0.387,0.41283000000000003,-0.07194244604316535,-0.07857142857142851,0.05449591280653965,-35.342842302471006,-18.895597533357577,-5.35257588519651,0.0448091810392135,-0.20156985631117702,-0.8930035844611733,0.011576820706502981,557647088.4,699,-0.24130498700102007,12,True,False,False,True,True,False,False,False,True,False,True,mixed,True,False,False,True
2025-11-21,512660.SH,1.142,1.1973,-0.054635761589403975,-0.08566853482786241,0.11306042884990242,-42.44146723994696,-26.4898614491335,-2.2237137298188365,-0.17922598443446164,-0.634983594842967,0.15857575807707183,0.010387252943591526,552998832.55,693,-0.2939686800955571,13,True,False,False,True,True,False,False,False,True,False,True,mixed,True,False,False,True
2025-11-21,530880.SH,1.036,1.02,-0.0057581573896353655,0.008763388510224068,0.06694129763130796,-0.24269797177536168,0.8267424976396825,0.0,1.1525824064934025,0.9240077138431438,0.9059437486985379,0.007431805638279557,1936697.65,251,1.0118247978743262,,False,False,False,True,False,True,True,False,False,False,True,mixed,True,False,False,True
2025-11-28,510880.SH,3.087,3.08632,-0.003228931223764886,0.008164598301763748,0.03555853740355586,-23.859737168753053,-9.860572472491897,-0.15283842390411487,0.7917208405870589,0.6884055892650667,0.9849988620190427,0.007076045913102451,428148582.25,658,0.7890503443446588,1,True,True,True,True,True,True,True,True,False,False,True,risk_on_setup,True,False,True,False
2025-11-28,512100.SH,2.926,2.8603199999999998,-0.02336448598130836,-0.014150943396226356,0.2006565449322939,-42.66934265051958,-14.129372248940586,-0.6439118576861347,0.05061868742540759,0.29857099838659823,0.393463406072139,0.011844217657912633,1146960781.6,704,0.21836855553923012,2,True,True,True,True,True,True,True,True,False,False,True,risk_on_setup,True,False,True,False
2025-11-28,510300.SH,4.512,4.372269999999999,-0.02611698683358521,0.017132551848512145,0.19586535913066516,-41.01231786148392,-15.561656733219667,-0.6446461365679177,0.11590578981503341,0.16777216377481857,0.39257891107964366,0.008765869370149355,3585565944.6,704,0.19198696365186954,3,True,True,True,True,True,True,True,True,False,False,True,risk_on_setup,True,False,True,False
2025-11-28,510500.SH,7.073,6.870699999999999,-0.040819094114456056,0.004402158477705198,0.23610625655365247,-52.43548753123036,-22.15266536218368,-1.3228797966859451,-0.33416934048934144,-0.43413078012155354,-0.4244053315551169,0.011947313259498238,1910433150.0,704,-0.39220111455538137,4,True,True,False,True,True,True,False,False,True,False,True,risk_on_setup,True,False,True,False
2025-11-28,159915.SZ,3.035,2.7834900000000005,-0.04137713202779525,0.08161083392729873,0.5002471576866041,-71.54874963110375,-24.058449286563818,-0.8450128749031677,-1.0872356240905667,-0.6081704482648934,0.1512218720622426,0.01613039886488528,4204195224.1113997,704,-0.6479180545297355,5,True,True,False,True,True,True,False,False,True,False,True,risk_on_setup,True,False,True,False
2025-11-28,516160.SH,2.829,2.4672799999999997,-0.03348138025281855,0.2703188145487203,0.5751670378619154,-87.39193361579531,-19.040453548022768,-0.7458885492830095,-1.711460187193333,-0.14991791401475213,0.27062469273524414,0.02420987474378687,303811379.6,703,-0.6904263019361854,6,True,True,False,True,True,True,False,False,True,False,True,risk_on_setup,True,False,True,False
2025-11-28,159995.SZ,1.657,1.55483,-0.06118980169971666,-0.024720423778693323,0.3716887417218544,-79.5794427842158,-36.294693483831736,-1.315804928340557,-1.4036465128208564,-1.7256066130735732,-0.41588311230122194,0.01762963137574507,829543882.7211001,695,-1.3348778728180164,7,True,False,False,True,True,True,False,False,True,False,True,risk_on_setup,True,False,True,False
2025-11-28,588080.SH,1.35,1.27805,-0.06380027739251026,-0.028077753779697567,0.3353115727002969,-74.87037270693146,-35.481239994011794,-1.7931540777306951,-1.2181082261700527,-1.6513205549285759,-0.9908866195276002,0.01440563810248857,1078879106.05,622,-1.3459488363449714,8,True,False,False,True,True,True,False,False,True,False,True,risk_on_setup,True,False,True,False
2025-11-28,159928.SZ,0.829,0.83691,-0.002406738868832692,-0.03267211201866982,0.01097560975609757,-7.084070026722108,-0.03410696451721162,-0.03642946251460419,1.4526854233761013,1.5857763636492277,1.125222346562936,0.008820928143795752,604414228.3315,704,1.440429184122719,9,True,False,False,True,True,False,True,False,True,False,True,risk_on_setup,True,False,True,False
2025-11-28,515300.SH,1.317,1.33052,0.0022831050228309113,-0.011261261261261368,-0.002272727272727315,-5.842403183947525,-1.3309220094851841,0.0015009689851910543,1.501607341041078,1.4673488456172843,1.1709124481811264,0.004797675968472442,130767878.65,684,1.4217649642995702,10,True,False,False,True,True,False,True,False,True,False,True,risk_on_setup,True,False,True,False
2025-11-28,512660.SH,1.172,1.19957,-0.02657807308970106,-0.09776751347190149,0.11406844106463865,-25.76924865146885,-9.379848070085455,-0.6858228371676103,0.7164857128381346,0.7323062195479225,0.3429784304019611,0.01341526918632396,523220623.2,698,0.6481124590348151,11,True,False,False,True,True,False,True,False,True,False,True,risk_on_setup,True,False,True,False
2025-11-28,512010.SH,0.393,0.41406,-0.048426150121065326,-0.06205250596658707,0.04521276595744683,-28.290913540111912,-12.559201870196324,-1.8879671464550913,0.617131620571974,0.4419618246755943,-1.1050962020042328,0.009183453948296448,483749477.55,704,0.2026181376981808,12,True,False,False,True,True,False,True,False,True,False,True,risk_on_setup,True,False,True,False
2025-11-28,512880.SH,1.18,1.23571,-0.05901116427432218,-0.11010558069381604,0.0976744186046512,-47.19498920200751,-30.990543553026537,-3.1362261302566483,-0.12769267625564054,-1.2412219554371586,-2.6087194817979285,0.010287009268693314,2533134291.35,704,-1.0693097490367054,13,True,False,False,True,True,False,False,False,True,False,True,risk_on_setup,True,False,True,False
2025-11-28,530880.SH,1.027,1.02149,-0.002912621359223433,0.02189054726368167,0.05333333333333323,-27.808034456882574,-12.709610204510872,-0.3786514897668646,0.6361571513649983,0.428226260923995,0.712989778071768,0.007360989282451796,2084088.9,256,0.568351320529951,,False,False,False,True,False,True,True,False,False,False,True,risk_on_setup,True,False,True,False
2025-12-05,512660.SH,1.204,1.20283,0.007531380753138084,0.032590051457976,0.15658021133525457,-6.273367040798735,6.767205406623035e-07,-0.011367017569909495,1.5656386803647835,1.3676917088316527,1.3653408754187772,0.014292510046390592,551864337.85,703,1.44640033076233,1,True,True,True,True,True,True,True,True,False,True,False,confirmed_risk_on,True,False,True,False
2025-12-05,510300.SH,4.575,4.40376,-0.020761986301369717,0.05585045003461797,0.2055335968379448,-30.910881109553955,-5.871546391295519,-0.6197866920629395,0.3647692422155801,0.8458095025249676,0.8545755371267303,0.008720465052903378,3202774313.8,709,0.6551466053215652,2,True,True,True,True,True,True,True,True,False,True,False,confirmed_risk_on,True,False,True,False
2025-12-05,159915.SZ,3.089,2.82899,-0.030141287284144447,0.12286441294074879,0.5142156862745098,-47.786433338928376,-2.7993584220045973,-0.5476997400168052,-0.4577705183947028,1.1188755645065074,0.915092180476514,0.01572260406441259,3853722524.9721003,709,0.4474604545400246,3,True,True,True,True,True,True,True,True,False,True,False,confirmed_risk_on,True,False,True,False
2025-12-05,512100.SH,2.937,2.87988,-0.025547445255474477,0.0470588235294116,0.19877551020408157,-36.25985425887741,-9.332677368758892,-1.0564712071609934,0.10405225743466513,0.538172920562706,0.48798102443808566,0.011913439850507771,1129795148.2,709,0.3544862760865656,4,True,True,False,True,True,True,True,True,False,True,False,confirmed_risk_on,True,False,True,False
2025-12-05,510500.SH,7.154,6.92869,-0.030360531309297945,0.0650588060145898,0.24136734339753607,-40.70195049678032,-10.152322315287604,-1.3141490675036835,-0.11246218466889524,0.46532021102510474,0.2716617221111641,0.01158163465017791,1850491368.8,709,0.19547555496471664,5,True,True,False,True,True,True,True,True,False,True,False,confirmed_risk_on,True,False,True,False
2025-12-05,159995.SZ,1.681,1.57854,-0.05028248587570616,0.13966101694915256,0.4343003412969284,-49.67790917545498,-5.669668069203414,-1.3078766750425932,-0.5499638914251035,0.8637531045975502,0.27692736487651154,0.016414708790306626,688167921.73115,700,0.180901158244281,6,True,True,False,True,True,True,True,True,False,True,False,confirmed_risk_on,True,False,True,False
2025-12-05,588080.SH,1.351,1.29564,-0.06310679611650483,0.09127625201938616,0.367408906882591,-56.380063906427786,-16.57135389268781,-2.5804907067771596,-0.8766369788036378,-0.10522419969999344,-0.7914258848367473,0.012216458369185145,1056150327.15,627,-0.551029648368802,7,True,False,False,True,True,True,False,False,True,True,False,confirmed_risk_on,True,False,True,False
2025-12-05,516160.SH,2.793,2.50957,-0.09406422315926044,0.1946107784431137,0.5439469320066337,-94.21670497996122,-41.31571474414297,-4.713989354458436,-2.720851690589404,-2.3045834972095647,-2.5824875552808635,0.02107656296018676,254081773.05,708,-2.5266715861757603,8,True,False,False,True,True,True,False,False,True,True,False,confirmed_risk_on,True,False,True,False
2025-12-05,515300.SH,1.317,1.3284699999999998,-0.013483146067415741,-0.005287009063444148,-0.009029345372460473,-9.14534390918005,-6.594303789813224,-0.3587082211517557,1.4256542144529258,0.7815684734753019,1.073749635378625,0.004734966041880083,128723715.15,689,1.0976390022470162,9,True,False,False,True,True,False,True,False,True,True,False,confirmed_risk_on,True,False,True,False
2025-12-05,510880.SH,3.083,3.08619,-0.03293601003764113,0.017827665896335443,0.02869536202869538,-27.91741787059653,-20.323906018711742,-1.9204480124497858,0.5106751362865203,-0.43876324147624085,-0.23732327410801188,0.005919173658298127,391066507.5,663,-0.018699896897490617,10,True,False,False,True,True,False,False,False,True,True,False,confirmed_risk_on,True,False,True,False
2025-12-05,159928.SZ,0.809,0.83772,-0.015815085158150777,-0.05710955710955701,-0.006142506142505999,-28.65394139433399,-21.98786046699649,-1.509798749807254,0.47477587357413725,-0.5866609264654353,0.10741477159664793,0.008851557392083206,594788179.061,709,-0.023271066837189658,11,True,False,False,True,True,False,False,False,True,True,False,confirmed_risk_on,True,False,True,False
2025-12-05,512010.SH,0.389,0.41493,-0.029925187032418976,-0.0974477958236658,0.015665796344647598,-33.8408460270163,-21.09058425041479,-1.5478640176967116,0.22195835170077874,-0.5069080970745269,0.07545916554735851,0.008708861874183887,479602310.65,709,-0.09888806504002755,12,True,False,False,True,True,False,False,False,True,True,False,confirmed_risk_on,True,False,True,False
2025-12-05,512880.SH,1.194,1.2374,-0.04019292604501612,-0.04326923076923084,0.0984360625574976,-43.29827994594213,-29.42824491989918,-2.7892090915378716,-0.23901118138034372,-1.247986503705991,-0.966643947087783,0.011900145404993288,2338305267.25,709,-0.7881278634520905,13,True,False,False,True,True,False,False,False,True,True,False,confirmed_risk_on,True,False,True,False
2025-12-05,530880.SH,1.021,1.02206,-0.039510818438382,0.02510040160642557,0.03971486761710796,-32.46184999800838,-24.287552314976786,-2.650646840500947,0.2891726892326978,-0.7910650198920387,-0.8503216156570084,0.005354115521978346,1846811.55,261,-0.3708212553951381,,False,False,False,True,False,False,False,False,False,True,False,confirmed_risk_on,True,False,True,False
2025-12-12,512660.SH,1.233,1.20759,0.05025553662691662,0.02493765586034913,0.1799043062200958,20.14218875903344,13.710275207886928,0.431759566142403,2.090060876789951,1.450693035799834,0.9840050756471592,0.014123931085847887,562342525.95,708,1.613102580165346,1,True,True,True,True,True,True,True,True,False,True,False,confirmed_risk_on,True,False,True,False
2025-12-12,159915.SZ,3.174,2.87743,0.026188166828321924,0.04925619834710737,0.5830423940149627,-1.5737544527136016,14.413784367781409,0.3390806996297605,0.803980587567814,1.5097458671963284,0.9355851375710642,0.014729749102235576,3693804668.8156,714,1.1126076094198698,2,True,True,True,True,True,True,True,True,False,True,False,confirmed_risk_on,True,False,True,False
2025-12-12,159995.SZ,1.709,1.6036499999999998,0.013641755634638209,0.052988293284041976,0.4557069846678026,-5.726027544699309,7.954185140644292,0.03302676046913429,0.5580710948508883,0.967524605846626,0.7756877052898763,0.015241609925982988,673083277.0695499,705,0.7653758213369811,3,True,True,True,True,True,True,True,True,False,True,False,confirmed_risk_on,True,False,True,False
2025-12-12,510300.SH,4.571,4.43474,-0.010177566045907471,0.007493938726030436,0.2189333333333332,-8.089111408039509,0.7281139366410512,-0.06732668339397742,0.41812250736440304,0.3609653898542263,0.7232581955168805,0.00800578862978534,3393401072.6,714,0.45628679799082783,4,True,True,False,True,True,True,True,True,False,True,False,confirmed_risk_on,True,False,True,False
2025-12-12,510500.SH,7.223,6.98652,-0.007284222100054971,0.008517173973750403,0.277050919377652,-9.723532727620798,0.4466389705556262,-0.13024936137437299,0.32132740052046566,0.337338272167415,0.6903843345598389,0.01117690688818605,2042446806.1,714,0.40154313598712005,5,True,True,False,True,True,True,True,True,False,True,False,confirmed_risk_on,True,False,True,False
2025-12-12,512100.SH,2.947,2.8987100000000003,-0.015698062792251166,-0.0037187288708587785,0.22996661101836402,-11.121478739545545,0.017846153446488443,-0.32297270859668353,0.2385370379834809,0.3013452369998676,0.5896963040577707,0.011662160077060885,1220300813.95,714,0.33389217080489353,6,True,True,False,True,True,True,True,True,False,True,False,confirmed_risk_on,True,False,True,False
2025-12-12,588080.SH,1.372,1.3135799999999997,-0.010814708002883866,0.018559762435040872,0.40862422997946624,-21.706260242924298,0.13406400671139942,-0.2170609020184007,-0.3883240071243693,0.31110060862167377,0.6450297722907715,0.012178797011532887,1139375806.65,632,0.09811659505707608,7,True,False,False,True,True,True,True,True,False,True,False,confirmed_risk_on,True,False,True,False
2025-12-12,516160.SH,2.815,2.55256,-0.0773516879711571,0.10565593087195602,0.5770308123249299,-57.03298287061233,-6.944768838502114,-3.342965347794761,-2.4804735956216666,-0.2830993624989029,-0.9880944273414611,0.017690558923080833,198762683.7,713,-1.3030480687165202,8,True,False,False,True,True,True,False,False,True,True,False,confirmed_risk_on,True,False,True,False
2025-12-12,512880.SH,1.196,1.23909,-0.02922077922077926,-0.06853582554517135,0.12723845428840708,-8.911134897891715,-0.21781551463530466,-0.4058505876168424,0.3694399243760371,0.2815637052939576,0.5463968775430239,0.012380113262385662,2327736304.0,714,0.3696808273766027,9,True,False,False,True,True,False,True,False,True,True,False,confirmed_risk_on,True,False,True,False
2025-12-12,512010.SH,0.391,0.41537999999999997,-0.04166666666666652,-0.11136363636363633,0.08310249307479234,-14.869611567380595,-3.9544945616971985,-1.3014934639744018,0.016561888008989455,-0.03209458137576689,0.0784695685095996,0.007595595381039815,452573767.85,714,0.009480836355208948,10,True,False,False,True,True,False,False,False,True,True,False,confirmed_risk_on,True,False,True,False
2025-12-12,515300.SH,1.293,1.3253700000000002,-0.036512667660208775,-0.02854996243426,-0.02562170308967593,-10.102126623206013,-8.316478445831512,-1.425742769023804,0.29890598681605957,-0.39824119829067056,0.013555701056664845,0.004523433449236496,119957913.5,694,-0.03702294437851143,11,True,False,False,True,True,False,False,False,True,True,False,confirmed_risk_on,True,False,True,False
2025-12-12,510880.SH,2.999,3.08293,-0.06427457098283929,-0.010557571758495587,0.006038242200604005,-23.384676182901142,-18.483309852871336,-4.345003885699117,-0.4877246012626337,-1.2516489648740643,-1.511607993927553,0.00547267869570276,442972100.5,668,-0.9980710252401899,12,True,False,False,True,True,False,False,False,True,True,False,confirmed_risk_on,True,False,True,False
2025-12-12,159928.SZ,0.796,0.8371999999999999,-0.05463182897862229,-0.10561797752808988,0.010152284263959421,-31.890220720478514,-26.495768007242614,-4.240400862405302,-0.9914472842802438,-1.9242178060992792,-1.4569582976047357,0.005023034296779012,444827971.73155004,714,-1.4576576956727565,13,True,False,False,True,True,False,False,False,True,True,False,confirmed_risk_on,True,False,True,False
2025-12-12,530880.SH,0.995,1.02158,-0.0674789128397375,0.001006036217303885,0.014271151885830724,-28.100983523993204,-23.002300718578663,-5.3284499562392,-0.7670378159891791,-1.6309748086412443,-2.0254079531688993,0.00423710478724977,1621017.25,266,-1.3642866404859495,,False,False,False,True,False,False,False,False,False,True,False,confirmed_risk_on,True,False,True,False
2025-12-19,512660.SH,1.255,1.21132,0.09894921190893169,0.05996621621621623,0.1503208065994499,31.848138811663727,30.815746746437988,2.8673382588665994,2.410812137528853,2.351740175323932,1.729154719865212,0.013042752353082164,534288073.75,713,2.2508518691141566,1,True,True,True,True,True,True,True,True,False,True,False,confirmed_risk_on,True,False,True,False
2025-12-19,159915.SZ,3.107,2.91858,0.06990358126721774,0.01304206064558211,0.484472049689441,-1.3544028048743733,16.811524048829558,2.956930941681606,0.4142287268025579,1.2211805455896783,1.7982842856358114,0.015222227233635834,3541302306.0712,719,1.013820566084057,2,True,True,True,True,True,True,True,True,False,True,False,confirmed_risk_on,True,False,True,False
2025-12-19,510500.SH,7.224,7.03464,0.05306122448979589,-0.0008298755186721962,0.2399588053553039,1.040247482234404,10.951306565342557,1.9982363313121845,0.5582273126021126,0.7480857190253517,1.0585571110595464,0.00921948488852705,1849923300.3,719,0.734236634862895,3,True,True,True,True,True,True,True,True,False,True,False,confirmed_risk_on,True,False,True,False
2025-12-19,510300.SH,4.565,4.45902,0.027921639270434673,0.021024379333482557,0.18172404866683944,-4.229765889412171,3.3445051648043296,0.9322621677210188,0.24132322153414718,0.133989331060659,0.23605321078129204,0.007236803913130388,3284992660.8,719,0.1973356631941809,4,True,True,False,True,True,True,True,True,False,True,False,confirmed_risk_on,True,False,True,False
2025-12-19,159995.SZ,1.665,1.62524,0.05047318611987395,-0.03979238754325254,0.37603305785123964,-11.79716288963969,4.671886066151929,1.6977501178099301,-0.21373047548489282,0.24114867097890674,0.8267024460714009,0.014401192866370259,623048326.64575,710,0.17630776741188575,5,True,True,False,True,True,True,True,True,False,True,False,confirmed_risk_on,True,False,True,False
2025-12-19,512100.SH,2.933,2.9125,0.03970223325062028,-0.014448924731182866,0.18313836224283975,-6.528649029195576,0.8529169598428862,0.7976087857201396,0.10308344479959433,-0.06715635901269991,0.13215488410115497,0.00907664600328828,1099869457.25,719,0.040801811134988764,6,True,True,False,True,True,True,True,True,False,True,False,confirmed_risk_on,True,False,True,False
2025-12-19,588080.SH,1.336,1.3289,0.021406727828746197,-0.04639543183440398,0.3333333333333335,-22.13844090070692,0.15852958570742198,0.3059231045074786,-0.8355872104621068,-0.12321418882204715,-0.24722897370826302,0.012702814519412242,1078973409.8,637,-0.43296635445531423,7,True,False,False,True,True,True,False,False,True,True,False,confirmed_risk_on,True,False,True,False
2025-12-19,516160.SH,2.744,2.58811,-0.005797101449275255,0.0681198910081744,0.47685683530678147,-38.74669215124657,-0.44690200369419725,-0.00747466299604816,-1.834298673908776,-0.1720906261883429,-0.489046172393213,0.013487989158963615,161548385.8,718,-0.9003649545174903,8,True,False,False,True,True,True,False,False,True,True,False,confirmed_risk_on,True,False,True,False
2025-12-19,512880.SH,1.211,1.23961,0.03239556692242118,-0.017045454545454475,0.06414762741652047,15.557553570534736,10.04638219893955,0.6994063650597968,1.4312030275063876,0.6750312569028091,0.056382058859514035,0.010570096766494378,2059157863.55,719,0.8537701255355816,9,True,False,False,True,True,False,True,False,True,True,False,confirmed_risk_on,True,False,True,False
2025-12-19,512010.SH,0.388,0.41509999999999997,-0.015228426395939132,-0.12808988764044937,0.051490514905149,-11.328260654499408,-2.5100092151904794,-0.11001524464363048,-0.18553376588519013,-0.33864508447538744,-0.5681663154722945,0.008069083869438935,438355639.05,718,-0.32330480323868993,10,True,False,False,True,True,False,False,False,True,True,False,confirmed_risk_on,True,False,True,False
2025-12-19,515300.SH,1.303,1.3217599999999998,-0.015861027190332444,0.013219284603421366,-0.03552923760177651,-8.959489377976592,-8.21275047802736,-0.4994929862561822,-0.04309137430168926,-0.7990268700124133,-0.8686866962558882,0.004064247186122181,113378751.95,699,-0.5105846369768187,11,True,False,False,True,True,False,False,False,True,True,False,confirmed_risk_on,True,False,True,False
2025-12-19,510880.SH,3.031,3.07716,-0.026028277634961405,0.02641381645783958,-0.0019756338491931924,-16.66148310324477,-12.787414302148322,-0.8163550977443617,-0.506238836896206,-1.1683390661145303,-1.1131769770253823,0.005454174906778476,451812661.8,673,-0.892466556609371,12,True,False,False,True,True,False,False,False,True,True,False,confirmed_risk_on,True,False,True,False
2025-12-19,159928.SZ,0.811,0.83595,-0.016969696969696857,-0.054778554778554644,0.018844221105527748,-20.95376229498499,-12.789224632909898,-0.8812023149205764,-0.7643483975259124,-1.1684852139529143,-1.1632129824665838,0.006275257371917227,408875336.21599996,719,-1.0057760410848475,13,True,False,False,True,True,False,False,False,True,True,False,confirmed_risk_on,True,False,True,False
2025-12-19,530880.SH,1.003,1.01976,-0.031853281853281956,0.02556237218813906,0.005010020040079999,-21.148341827349427,-17.31955396219258,-1.1722314728820304,-0.7760491363088797,-1.5342182903030022,-1.387770599052307,0.005152333347710323,1691187.55,271,-1.201661090455214,,False,False,False,True,False,False,False,False,False,True,False,confirmed_risk_on,True,False,True,False
2025-12-26,512660.SH,1.332,1.21619,0.13651877133105805,0.1100000000000001,0.185053380782918,48.550736115319275,47.220876162013674,6.904919010715679,2.8131275611424784,3.0451457004009783,2.993127277555586,0.012227799386441484,538567231.05,718,2.9419347601284995,1,True,True,True,True,True,True,True,True,False,True,False,mixed,False,True,True,False
2025-12-26,510500.SH,7.518,7.08917,0.0629153117489043,0.018837240818539103,0.27229649686918256,9.663252975521653,16.615633017248253,2.7335696924730457,0.6771169735591507,0.8277608234862371,0.882266944633054,0.00924400669467451,1821213790.0,724,0.778404507744766,2,True,True,True,True,True,True,True,True,False,True,False,mixed,False,True,True,False
2025-12-26,159915.SZ,3.226,2.9618899999999995,0.06293245469522235,0.004671441918405517,0.5067725361980382,-7.53663001801923,10.759278630140837,2.2225878625552564,-0.26763771903237765,0.4034612487237895,0.6236908357225582,0.014726266237029988,3176023447.90615,724,0.1790675790210764,3,True,True,True,True,True,True,True,True,False,True,False,mixed,False,True,True,False
2025-12-26,512100.SH,3.041,2.92875,0.03930280246069717,0.015358931552587496,0.20866454689984093,2.38032122333622,4.413905166026777,0.9771071732456579,0.2770803017233648,-0.0562683175844955,-0.006569442645171956,0.009071582289124277,1070352602.8,724,0.08701090512651333,4,True,True,False,True,True,True,True,True,False,True,False,mixed,False,True,True,False
2025-12-26,510300.SH,4.661,4.486400000000001,0.033023049645390046,0.01946631671041099,0.197584789311408,-3.0461208915275253,3.5243342086581615,0.8070069530861407,-0.020983159174540602,-0.12071875107661127,-0.0926465797925791,0.007137998888377337,3185468523.85,724,-0.07521008005897657,5,True,True,False,True,True,True,False,False,True,True,False,mixed,False,True,True,False
2025-12-26,159995.SZ,1.733,1.6479400000000002,0.04586602293301145,-0.06827956989247308,0.4441666666666668,-13.676579330752189,3.2790839556622378,1.0841785874637924,-0.604892683363063,-0.13848741246186436,0.047612737704613675,0.015524419475976542,643489354.70955,715,-0.2878294907890482,6,True,True,False,True,True,True,False,False,True,True,False,mixed,False,True,True,False
2025-12-26,588080.SH,1.374,1.34393,0.017777777777777892,-0.08338892595063374,0.3809045226130654,-19.20515125340797,0.30677219514909426,0.2390507355966742,-0.9085659274903792,-0.3538347997073379,-0.38005388109246574,0.012956069967691799,1009321448.85,642,-0.5809710670975801,7,True,False,False,True,True,True,False,False,True,True,False,mixed,False,True,True,False
2025-12-26,516160.SH,2.927,2.6192600000000006,0.0509874326750448,0.09872372372372373,0.5348715259570005,-27.882054601637158,0.013535034082873761,0.8391374860755076,-1.385170632213145,-0.3750801674772346,-0.07638731632924321,0.014503195078096406,235818279.95,722,-0.7193777831420005,8,True,False,False,True,True,True,False,False,True,True,False,mixed,False,True,True,False
2025-12-26,512880.SH,1.229,1.23916,0.041525423728813626,0.004084967320261423,0.08664898320070735,20.0438208149157,13.620828489751554,1.353648957862946,1.2473005138608557,0.6107838095420508,0.18397492470389235,0.010734379023464016,2063656242.8,724,0.7800287143019411,9,True,False,False,True,True,False,True,False,True,True,False,mixed,False,True,True,False
2025-12-26,512010.SH,0.387,0.41384,-0.012755102040816313,-0.1103448275862069,0.05163043478260865,-7.681738027407232,-2.3485406123132493,-0.25505052749763235,-0.27560820771845845,-0.5462152501711682,-0.6300877855059405,0.006852991203741196,399358741.1,723,-0.45474694025703877,10,True,False,False,True,True,False,False,False,True,True,False,mixed,False,True,True,False
2025-12-26,159928.SZ,0.8,0.8351099999999999,-0.03498190591073569,-0.04761904761904756,0.0037641154328733606,-6.278930053529318,-1.4802185833894397,-1.4014216038846354,-0.19855481051664775,-0.48330432585273514,-1.210194855746342,0.006570415862898051,425288398.20165,724,-0.5147826256970216,11,True,False,False,True,True,False,False,False,True,True,False,mixed,False,True,True,False
2025-12-26,515300.SH,1.296,1.3192,-0.015945330296127547,0.01567398119122254,-0.03857566765578635,-6.946968208701478,-6.511729361914188,-0.5291619298645053,-0.23524879164233897,-0.8478430375879006,-0.7687985100016212,0.004013469827098872,109203468.2,704,-0.5869964336924202,12,True,False,False,True,True,False,False,False,True,True,False,mixed,False,True,True,False
2025-12-26,510880.SH,3.044,3.07284,-0.013929381276320152,0.030467163168584888,-0.0036006546644844484,-11.138157899449814,-6.955719465850124,-0.5447361985406083,-0.4654623418951344,-0.8800106285235646,-0.7766796782890362,0.0051693258319834585,445033467.45,678,-0.6935251238252869,13,True,False,False,True,True,False,False,False,True,True,False,mixed,False,True,True,False
2025-12-26,530880.SH,1.009,1.01836,-0.017526777020447915,0.03064351378958108,0.0019860973187686426,-14.543321576766854,-9.790433342955982,-0.5695861074183808,-0.6525010772397646,-1.0853888917101437,-0.7892546709173035,0.005502816423612177,1621602.0,276,-0.8530069217634241,,False,False,False,True,False,False,False,False,False,True,False,mixed,False,True,True,False
