date,symbol,quantity,close,market_value,avg_cost,weight
2023-07-10,510880.SH,44500,2.55,113474.99999999999,2.5460355816,0.11345907844736715
2023-07-10,512100.SH,44300,2.548,112876.40000000001,2.5560435831,0.1128605624362758
2023-07-10,512660.SH,102700,1.106,113586.20000000001,1.1028817653,0.1135702628450173
2023-07-11,510880.SH,44500,2.548,113386.0,2.5460355816,0.11320511762639092
2023-07-11,512100.SH,44300,2.569,113806.7,2.5560435831,0.11362514649225992
2023-07-11,512660.SH,102700,1.112,114202.40000000001,1.1028817653,0.11402021524011913
2023-07-12,510880.SH,44500,2.53,112584.99999999999,2.5460355816,0.11291704062122156
2023-07-12,512100.SH,44300,2.531,112123.3,2.5560435831,0.11245397895532631
2023-07-12,512660.SH,102700,1.092,112148.40000000001,1.1028817653,0.11247915298134749
2023-07-13,510880.SH,44500,2.561,113964.5,2.5460355816,0.11393426998066118
2023-07-13,512100.SH,44300,2.556,113230.8,2.5560435831,0.11320076460061029
2023-07-13,512660.SH,102700,1.099,112867.3,1.1028817653,0.11283736102196983
2023-07-14,510880.SH,44500,2.576,114632.0,2.5460355816,0.11459917551960781
2023-07-14,512100.SH,44300,2.553,113097.9,2.5560435831,0.11306551480388592
2023-07-14,512660.SH,102700,1.094,112353.8,1.1028817653,0.11232162787437114
2023-07-17,510880.SH,44100,2.559,112851.90000000001,2.5460355816,0.11298446385504193
2023-07-17,512660.SH,103400,1.099,113636.59999999999,1.1028736962892651,0.1137700856193813
2023-07-17,510300.SH,30800,3.644,112235.2,3.6689333499,0.11236703943543176
2023-07-18,510880.SH,44100,2.552,112543.2,2.5460355816,0.11271942473414528
2023-07-18,512660.SH,103400,1.1,113740.00000000001,1.1028736962892651,0.11391809873241286
2023-07-18,510300.SH,30800,3.638,112050.4,3.6689333499,0.11222585308779982
2023-07-19,510880.SH,44100,2.571,113381.1,2.5460355816,0.11357618899916903
2023-07-19,512660.SH,103400,1.091,112809.4,1.1028736962892651,0.11300350530452481
2023-07-19,510300.SH,30800,3.636,111988.8,3.6689333499,0.1121814933405139
2023-07-20,510880.SH,44100,2.562,112984.2,2.5460355816,0.11356889729018663
2023-07-20,512660.SH,103400,1.07,110638.0,1.1028736962892651,0.1112105556209777
2023-07-20,510300.SH,30800,3.608,111126.40000000001,3.6689333499,0.11170148310850718
2023-07-21,510880.SH,44100,2.562,112984.2,2.5460355816,0.11359728371940635
2023-07-21,512660.SH,103400,1.067,110327.79999999999,1.1028736962892651,0.11092646935357262
2023-07-21,510300.SH,30800,3.61,111188.0,3.6689333499,0.11179133703821732
2023-07-24,510880.SH,44000,2.56,112640.0,2.5460355816,0.11350223584212932
2023-07-24,159928.SZ,118500,0.938,111153.0,0.9497593423499999,0.11200385316548474
2023-07-24,512880.SH,125700,0.898,112878.6,0.8957161342499999,0.11374266227565145
2023-07-25,510880.SH,44000,2.602,114488.0,2.5460355816,0.11399377337409258
2023-07-25,159928.SZ,118500,0.969,114826.5,0.9497593423499999,0.11433081212301938
2023-07-25,512880.SH,125700,0.949,119289.29999999999,0.8957161342499999,0.11877434691980068
2023-07-26,510880.SH,44000,2.609,114796.0,2.5460355816,0.11432179797368724
2023-07-26,159928.SZ,118500,0.968,114708.0,0.9497593423499999,0.1142341614861643
2023-07-26,512880.SH,125700,0.946,118912.2,0.8957161342499999,0.1184209946775732
2023-07-27,510880.SH,44000,2.618,115192.0,2.5460355816,0.11473330107124699
2023-07-27,159928.SZ,118500,0.974,115419.0,0.9497593423499999,0.1149593971486063
2023-07-27,512880.SH,125700,0.936,117655.20000000001,0.8957161342499999,0.11718669251508594
2023-07-28,510880.SH,44000,2.67,117480.0,2.5460355816,0.11532128267885251
2023-07-28,159928.SZ,118500,0.993,117670.5,0.9497593423499999,0.1155082822051576
2023-07-28,512880.SH,125700,1.017,127836.9,0.8957161342499999,0.12548787267354614
2023-07-31,510880.SH,43000,2.69,115670.0,2.5460355816,0.11345535586976384
2023-07-31,512880.SH,112700,1.013,114165.09999999999,0.8957161342499999,0.11197926902746758
2023-07-31,510300.SH,30200,3.804,114880.79999999999,3.8230565729999997,0.11268126607247483
2023-08-01,510880.SH,43000,2.694,115842.0,2.5460355816,0.11369063651080613
2023-08-01,512880.SH,112700,1.011,113939.69999999998,0.8957161342499999,0.11182366513743112
2023-08-01,510300.SH,30200,3.786,114337.2,3.8230565729999997,0.11221378295318919
2023-08-02,510880.SH,43000,2.655,114164.99999999999,2.5460355816,0.1122390827246172
2023-08-02,512880.SH,112700,1.018,114728.6,0.8957161342499999,0.1127931750210618
2023-08-02,510300.SH,30200,3.757,113461.40000000001,3.8230565729999997,0.11154735217142632
2023-08-03,510880.SH,43000,2.671,114852.99999999999,2.5460355816,0.11227170936441525
2023-08-03,512880.SH,112700,1.054,118785.8,0.8957161342499999,0.11611612073014688
2023-08-03,510300.SH,30200,3.793,114548.6,3.8230565729999997,0.1119741506734753
2023-08-04,510880.SH,43000,2.66,114380.0,2.5460355816,0.11168100939326668
2023-08-04,512880.SH,112700,1.063,119800.09999999999,0.8957161342499999,0.11697321291671871
2023-08-04,510300.SH,30200,3.814,115182.8,3.8230565729999997,0.11246486596208041
2023-08-07,510880.SH,43500,2.632,114492.0,2.5474297473287355,0.11199552646491259
2023-08-07,512880.SH,111000,1.066,118326.0,0.8957161342499999,0.11574592691617971
2023-08-07,510300.SH,30400,3.783,115003.2,3.8230555297565787,0.11249557985841487
2023-08-08,510880.SH,43500,2.627,114274.49999999999,2.5474297473287355,0.11194159982515968
2023-08-08,512880.SH,111000,1.059,117549.0,0.8957161342499999,0.1151492513014513
2023-08-08,510300.SH,30400,3.768,114547.2,3.8230555297565787,0.11220873268745461
2023-08-09,510880.SH,43500,2.617,113839.5,2.5474297473287355,0.11166251284051107
2023-08-09,512880.SH,111000,1.053,116883.0,0.8957161342499999,0.11464781107030034
2023-08-09,510300.SH,30400,3.76,114304.0,3.8230555297565787,0.1121181300666445
2023-08-10,510880.SH,43500,2.638,114753.0,2.5474297473287355,0.11218479470871325
2023-08-10,512880.SH,111000,1.074,119214.00000000001,0.8957161342499999,0.1165459562399636
2023-08-10,510300.SH,30400,3.765,114456.0,3.8230555297565787,0.11189444165451433
2023-08-11,510880.SH,43500,2.596,112926.0,2.5474297473287355,0.11148113397798325
2023-08-11,512880.SH,111000,1.027,113996.99999999999,0.8957161342499999,0.11253843074303663
2023-08-11,510300.SH,30400,3.67,111568.0,3.8230555297565787,0.11014050932164103
2023-08-14,510880.SH,44200,2.59,114478.0,2.5480949628687783,0.11325611354421641
2023-08-14,512880.SH,113600,1.017,115531.19999999998,0.8982957632196302,0.11429807216320667
2023-08-14,510300.SH,31400,3.643,114390.2,3.8174110702101904,0.11316925068175217
2023-08-15,510880.SH,44200,2.614,115538.79999999999,2.5480949628687783,0.11395681705364377
2023-08-15,512880.SH,113600,1.036,117689.6,0.8982957632196302,0.11607816782168862
2023-08-15,510300.SH,31400,3.639,114264.59999999999,3.8174110702101904,0.11270006368343609
2023-08-16,510880.SH,44200,2.613,115494.6,2.5480949628687783,0.11399856244047016
2023-08-16,512880.SH,113600,1.038,117916.8,0.8982957632196302,0.11638938692874326
2023-08-16,510300.SH,31400,3.609,113322.6,3.8174110702101904,0.11185469703359657
2023-08-17,510880.SH,44200,2.612,115450.40000000001,2.5480949628687783,0.1139140073833309
2023-08-17,512880.SH,113600,1.038,117916.8,0.8982957632196302,0.11634758498730843
2023-08-17,510300.SH,31400,3.622,113730.8,3.8174110702101904,0.11221729150277635
2023-08-18,510880.SH,44200,2.613,115494.6,2.5480949628687783,0.1143476584556483
2023-08-18,512880.SH,113600,1.021,115985.59999999999,0.8982957632196302,0.11483378248483861
2023-08-18,510300.SH,31400,3.572,112160.8,3.8174110702101904,0.11104696540368363
2023-08-21,510880.SH,43700,2.588,113095.6,2.5480949628687783,0.11273651983025457
2023-08-21,512880.SH,113100,0.985,111403.5,0.8982957632196302,0.1110497922722879
2023-08-21,510300.SH,32000,3.52,112640.0,3.8128305157687494,0.11228236636686019
2023-08-22,510880.SH,43700,2.606,113882.2,2.5480949628687783,0.11310666971786434
2023-08-22,512880.SH,113100,1.004,113552.4,0.8982957632196302,0.11277911563414492
2023-08-22,510300.SH,32000,3.543,113376.0,3.8128305157687494,0.11260391690652787
2023-08-23,510880.SH,43700,2.612,114144.40000000001,2.5480949628687783,0.11388188774881985
2023-08-23,512880.SH,113100,0.977,110498.7,0.8982957632196302,0.11024457222422229
2023-08-23,510300.SH,32000,3.488,111616.0,3.8128305157687494,0.11135930262870782
2023-08-24,510880.SH,43700,2.596,113445.2,2.5480949628687783,0.11298890252869785
2023-08-24,512880.SH,113100,0.992,112195.2,0.8982957632196302,0.11174393025873074
2023-08-24,510300.SH,32000,3.511,112352.0,3.8128305157687494,0.11190009958027541
2023-08-25,510880.SH,43700,2.599,113576.3,2.5480949628687783,0.11305352610086097
2023-08-25,512880.SH,113100,0.998,112873.8,0.8982957632196302,0.1123542595982028
2023-08-25,510300.SH,32000,3.504,112128.0,3.8128305157687494,0.11161189239865481
2023-08-28,510880.SH,42600,2.641,112506.6,2.5480949628687783,0.11116701854388977
2023-08-28,512880.SH,106100,1.023,108540.29999999999,0.8982957632196302,0.10724794405714294
2023-08-28,159928.SZ,120100,0.929,111572.90000000001,0.9707761454999998,0.11024443582239228
2023-08-29,510880.SH,42600,2.641,112506.6,2.5480949628687783,0.11109034585621914
2023-08-29,512880.SH,106100,1.016,107797.6,0.8982957632196302,0.10644062362981699
2023-08-29,159928.SZ,120100,0.941,113014.09999999999,0.9707761454999998,0.11159145735120726
2023-08-30,510880.SH,42600,2.611,111228.6,2.5480949628687783,0.11034216950714944
2023-08-30,512880.SH,106100,0.987,104720.7,0.8982957632196302,0.10388613387480686
2023-08-30,159928.SZ,120100,0.938,112653.79999999999,0.9707761454999998,0.11175601145051281
2023-08-31,510880.SH,42600,2.578,109822.79999999999,2.5480949628687783,0.10938403113292182
2023-08-31,512880.SH,106100,0.968,102704.8,0.8982957632196302,0.10229446927869723
2023-08-31,159928.SZ,120100,0.933,112053.3,0.9707761454999998,0.1116056197414984
2023-09-01,510880.SH,42600,2.606,111015.59999999999,2.5480949628687783,0.1102842752099404
2023-09-01,512880.SH,106100,0.969,102810.9,0.8982957632196302,0.10213362437514782
2023-09-01,159928.SZ,120100,0.944,113374.4,0.9707761454999998,0.11262753641255703
2023-09-04,510880.SH,43600,2.652,115627.20000000001,2.549797096747935,0.11430743853130435
2023-09-04,512880.SH,117300,0.976,114484.8,0.9055177261517713,0.11317807781187014
2023-09-04,159928.SZ,120300,0.962,115728.59999999999,0.9707822940527846,0.11440768115818688
2023-09-05,510880.SH,43600,2.628,114580.8,2.549797096747935,0.11363074266033417
2023-09-05,512880.SH,117300,0.967,113429.09999999999,0.9055177261517713,0.11248859208779577
2023-09-05,159928.SZ,120300,0.953,114645.9,0.9707822940527846,0.11369530287764097
2023-09-06,510880.SH,43600,2.625,114450.0,2.549797096747935,0.11359606225845718
2023-09-06,512880.SH,117300,0.964,113077.2,0.9055177261517713,0.11223350503461786
2023-09-06,159928.SZ,120300,0.95,114285.0,0.9707822940527846,0.11343229336136111
2023-09-07,510880.SH,43600,2.617,114101.2,2.549797096747935,0.11350431280916914
2023-09-07,512880.SH,117300,0.959,112490.7,0.9055177261517713,0.11190223767079052
2023-09-07,159928.SZ,120300,0.939,112961.7,0.9707822940527846,0.11237077377148989
2023-09-08,510880.SH,43600,2.598,113272.79999999999,2.549797096747935,0.11280188392686424
2023-09-08,512880.SH,117300,0.964,113077.2,0.9055177261517713,0.11260709710693842
2023-09-08,159928.SZ,120300,0.932,112119.6,0.9707822940527846,0.11165347819711749
2023-09-11,510880.SH,43700,2.619,114450.3,2.5500270793640722,0.11380070711835462
2023-09-11,512880.SH,118000,0.979,115522.0,0.9059098870983286,0.11486632440217773
2023-09-11,512660.SH,107000,1.054,112778.0,1.0638505594499998,0.1121378986983328
2023-09-12,510880.SH,43700,2.614,114231.79999999999,2.5500270793640722,0.1138277499517492
2023-09-12,512880.SH,118000,0.968,114224.0,0.9059098870983286,0.11381997754118031
2023-09-12,512660.SH,107000,1.048,112136.0,1.0638505594499998,0.11173936301966134
2023-09-13,510880.SH,43700,2.629,114887.3,2.5500270793640722,0.11476241988587092
2023-09-13,512880.SH,118000,0.957,112926.0,0.9059098870983286,0.11280325177832415
2023-09-13,512660.SH,107000,1.031,110316.99999999999,1.0638505594499998,0.11019708770725416
2023-09-14,510880.SH,43700,2.667,116547.9,2.5500270793640722,0.11619851869961406
2023-09-14,512880.SH,118000,0.961,113398.0,0.9059098870983286,0.11305806130782997
2023-09-14,512660.SH,107000,1.029,110102.99999999999,1.0638505594499998,0.10977293888936314
2023-09-15,510880.SH,43700,2.669,116635.3,2.5500270793640722,0.11631784973466863
2023-09-15,512880.SH,118000,0.957,112926.0,0.9059098870983286,0.11261864546271318
2023-09-15,512660.SH,107000,1.03,110210.0,1.0638505594499998,0.10991003769234382
2023-09-18,510880.SH,42500,2.671,113517.49999999999,2.5500270793640722,0.11319663819180634
2023-09-18,512880.SH,119200,0.955,113836.0,0.9064105476308959,0.11351423793866557
2023-09-18,159928.SZ,122300,0.935,114350.5,0.92774173905,0.11402728368359198
2023-09-19,510880.SH,42500,2.692,114410.0,2.5500270793640722,0.11399941373215719
2023-09-19,512880.SH,119200,0.956,113955.2,0.9064105476308959,0.11354624588524358
2023-09-19,159928.SZ,122300,0.933,114105.90000000001,0.92774173905,0.1136964050640692
2023-09-20,510880.SH,42500,2.7,114750.00000000001,2.5500270793640722,0.11438166217207922
2023-09-20,512880.SH,119200,0.952,113478.4,0.9064105476308959,0.11311414390089823
2023-09-20,159928.SZ,122300,0.931,113861.3,0.92774173905,0.11349581482417222
2023-09-21,510880.SH,42500,2.681,113942.5,2.5500270793640722,0.11399958501282036
2023-09-21,512880.SH,119200,0.945,112644.0,0.9064105476308959,0.112700434466368
2023-09-21,159928.SZ,122300,0.914,111782.2,0.92774173905,0.111838202705927
2023-09-22,510880.SH,42500,2.695,114537.5,2.5500270793640722,0.11388239692671132
2023-09-22,512880.SH,119200,0.974,116100.8,0.9064105476308959,0.11543675555262448
2023-09-22,159928.SZ,122300,0.932,113983.6,0.92774173905,0.11333166498601324
2023-09-25,510880.SH,42300,2.689,113744.7,2.5500270793640722,0.11351167224493244
2023-09-25,512880.SH,117400,0.95,111530.0,0.9064105476308959,0.11130150948112146
2023-09-25,510300.SH,32200,3.509,112989.8,3.5288213288999994,0.1127583188018472
2023-09-26,510880.SH,42300,2.676,113194.8,2.5500270793640722,0.11307476019009262
2023-09-26,512880.SH,117400,0.952,111764.79999999999,0.9064105476308959,0.111646276663713
2023-09-26,510300.SH,32200,3.488,112313.6,3.5288213288999994,0.11219449467719353
2023-09-27,510880.SH,42300,2.665,112729.5,2.5500270793640722,0.1126128672074914
2023-09-27,512880.SH,117400,0.953,111882.2,0.9064105476308959,0.11176644384550623
2023-09-27,510300.SH,32200,3.498,112635.6,3.5288213288999994,0.11251906435880688
2023-09-28,510880.SH,42300,2.661,112560.3,2.5500270793640722,0.11259280589705761
2023-09-28,512880.SH,117400,0.947,111177.79999999999,0.9064105476308959,0.111209906649697
2023-09-28,510300.SH,32200,3.484,112184.8,3.5288213288999994,0.11221719745772026
2023-10-09,510880.SH,42300,2.656,112348.8,2.5500270793640722,0.11260001097851084
2023-10-09,512880.SH,117400,0.935,109769.0,0.9064105476308959,0.11001444256725623
2023-10-09,510300.SH,32200,3.474,111862.8,3.5288213288999994,0.11211292428656972
2023-10-10,510880.SH,42300,2.627,111122.09999999999,2.5500270793640722,0.11164451854664902
2023-10-10,512880.SH,117400,0.932,109416.8,0.9064105476308959,0.10993120141641481
2023-10-10,510300.SH,32200,3.447,110993.40000000001,3.5288213288999994,0.11151521348908665
2023-10-11,510880.SH,42300,2.618,110741.4,2.5500270793640722,0.1113020510414429
2023-10-11,512880.SH,117400,0.93,109182.0,0.9064105476308959,0.10973475625923837
2023-10-11,510300.SH,32200,3.455,111251.0,3.5288213288999994,0.11181423099591992
2023-10-12,510880.SH,42300,2.644,111841.20000000001,2.5500270793640722,0.11200773345024949
2023-10-12,512880.SH,117400,0.941,110473.4,0.9064105476308959,0.1106378967727706
2023-10-12,510300.SH,32200,3.491,112410.2,3.5288213288999994,0.11257758070093342
2023-10-13,510880.SH,42300,2.64,111672.0,2.5500270793640722,0.1121156419476819
2023-10-13,512880.SH,117400,0.931,109299.40000000001,0.9064105476308959,0.10973361626456464
2023-10-13,510300.SH,32200,3.456,111283.2,3.5288213288999994,0.11172529735289305
2023-10-16,510880.SH,42700,2.659,113539.29999999999,2.551018123117102,0.11421312357518214
2023-10-16,512880.SH,121300,0.929,112687.70000000001,0.9072251590425984,0.11335646957047521
2023-10-16,512010.SH,258100,0.428,110466.8,0.43734966555,0.1111223891582468
2023-10-17,510880.SH,42700,2.655,113368.49999999999,2.551018123117102,0.11390976544138441
2023-10-17,512880.SH,121300,0.942,114264.59999999999,0.9072251590425984,0.11481014377233194
2023-10-17,512010.SH,258100,0.427,110208.7,0.43734966555,0.11073487932362078
2023-10-18,510880.SH,42700,2.632,112386.40000000001,2.551018123117102,0.11325413090676432
2023-10-18,512880.SH,121300,0.941,114143.29999999999,0.9072251590425984,0.11502459586151056
2023-10-18,512010.SH,258100,0.42,108402.0,0.43734966555,0.10923896751346307
2023-10-19,510880.SH,42700,2.587,110464.90000000001,2.551018123117102,0.1117615127677507
2023-10-19,512880.SH,121300,0.935,113415.5,0.9072251590425984,0.11474674626339071
2023-10-19,512010.SH,258100,0.415,107111.5,0.43734966555,0.10836875129405747
2023-10-20,510880.SH,42700,2.564,109482.8,2.551018123117102,0.11104030726853738
2023-10-20,512880.SH,121300,0.938,113779.4,0.9072251590425984,0.1153980308946229
2023-10-20,512010.SH,258100,0.408,105304.79999999999,0.43734966555,0.10680287085142025
2023-10-23,510880.SH,43500,2.534,110228.99999999999,2.5513769898183964,0.1122398905742945
2023-10-23,512880.SH,119400,0.914,109131.6,0.9072251590425984,0.1111224708760642
2023-10-23,512010.SH,274800,0.409,112393.2,0.4354750319448872,0.11444357173969462
2023-10-24,510880.SH,43500,2.555,111142.5,2.5513769898183964,0.11257803956841525
2023-10-24,512880.SH,119400,0.945,112833.0,0.9072251590425984,0.11429037441683422
2023-10-24,512010.SH,274800,0.411,112942.79999999999,0.4354750319448872,0.11440159261639435
2023-10-25,510880.SH,43500,2.578,112143.0,2.5513769898183964,0.11358493878396601
2023-10-25,512880.SH,119400,0.944,112713.59999999999,0.9072251590425984,0.11416287557957634
2023-10-25,512010.SH,274800,0.408,112118.4,0.4354750319448872,0.11356002247626881
2023-10-26,510880.SH,43500,2.588,112578.0,2.5513769898183964,0.11386236821831115
2023-10-26,512880.SH,119400,0.943,112594.2,0.9072251590425984,0.11387875303919211
2023-10-26,512010.SH,274800,0.412,113217.59999999999,0.4354750319448872,0.11450926522050013
2023-10-27,510880.SH,43500,2.599,113056.50000000001,2.5513769898183964,0.11379350711189398
2023-10-27,512880.SH,119400,0.947,113071.79999999999,0.9072251590425984,0.11380890685148266
2023-10-27,512010.SH,274800,0.426,117064.8,0.4354750319448872,0.11782793692846005
2023-10-30,510880.SH,43300,2.558,110761.4,2.5513769898183964,0.11138344326485558
2023-10-30,512880.SH,119300,0.943,112499.9,0.9072251590425984,0.11313170679453245
2023-10-30,512010.SH,264500,0.438,115851.0,0.4354750319448872,0.11650162679125385
2023-10-31,510880.SH,43300,2.566,111107.79999999999,2.5513769898183964,0.11166609713548135
2023-10-31,512880.SH,119300,0.945,112738.5,0.9072251590425984,0.11330499111591145
2023-10-31,512010.SH,264500,0.438,115851.0,0.4354750319448872,0.11643313088048411
2023-11-01,510880.SH,43300,2.563,110977.90000000001,2.5513769898183964,0.11167935819849564
2023-11-01,512880.SH,119300,0.942,112380.59999999999,0.9072251590425984,0.11309092424673613
2023-11-01,512010.SH,264500,0.435,115057.5,0.4354750319448872,0.11578474413305181
2023-11-02,510880.SH,43300,2.572,111367.6,2.5513769898183964,0.1121815219647871
2023-11-02,512880.SH,119300,0.935,111545.5,0.9072251590425984,0.11236072213393446
2023-11-02,512010.SH,264500,0.433,114528.5,0.4354750319448872,0.1153655231714082
2023-11-03,510880.SH,43300,2.558,110761.4,2.5513769898183964,0.11143225575866364
2023-11-03,512880.SH,119300,0.946,112857.79999999999,0.9072251590425984,0.11354135316057859
2023-11-03,512010.SH,264500,0.435,115057.5,0.4354750319448872,0.11575437622630666
2023-11-06,512010.SH,257500,0.445,114587.5,0.4354750319448872,0.11455602505135536
2023-11-06,159928.SZ,123200,0.912,112358.40000000001,0.91773373755,0.11232753734159664
2023-11-06,159995.SZ,112500,1.019,114637.49999999999,1.0058041507499997,0.11460601131733171
2023-11-07,512010.SH,257500,0.442,113815.0,0.4354750319448872,0.11390219715015196
2023-11-07,159928.SZ,123200,0.908,111865.6,0.91773373755,0.11195130365523033
2023-11-07,159995.SZ,112500,1.021,114862.49999999999,1.0058041507499997,0.11495049967191782
2023-11-08,512010.SH,257500,0.445,114587.5,0.4354750319448872,0.11460204804896452
2023-11-08,159928.SZ,123200,0.906,111619.2,0.91773373755,0.11163337119307935
2023-11-08,159995.SZ,112500,1.022,114975.0,1.0058041507499997,0.11498959724603204
2023-11-09,512010.SH,257500,0.441,113557.5,0.4354750319448872,0.11385573873823761
2023-11-09,159928.SZ,123200,0.906,111619.2,0.91773373755,0.11191234813527148
2023-11-09,159995.SZ,112500,1.009,113512.49999999999,1.0058041507499997,0.11381062055367716
2023-11-10,512010.SH,257500,0.44,113300.0,0.4354750319448872,0.11377664953058068
2023-11-10,159928.SZ,123200,0.899,110756.8,0.91773373755,0.11122275036830202
2023-11-10,159995.SZ,112500,1.005,113062.49999999999,1.0058041507499997,0.1135381503755629
2023-11-13,512010.SH,255400,0.435,111099.0,0.4354750319448872,0.11176887998228258
2023-11-13,159995.SZ,111900,1.006,112571.4,1.0058041507499997,0.11325015793155226
2023-11-13,512880.SH,115800,0.97,112326.0,0.9757801462500001,0.11300327827334064
2023-11-14,512010.SH,255400,0.435,111099.0,0.4354750319448872,0.11147456216540619
2023-11-14,159995.SZ,111900,1.016,113690.40000000001,1.0058041507499997,0.11407472220640957
2023-11-14,512880.SH,115800,0.983,113831.4,0.9757801462500001,0.11421619884675126
2023-11-15,512010.SH,255400,0.44,112376.0,0.4354750319448872,0.11264904316228169
2023-11-15,159995.SZ,111900,1.012,113242.8,1.0058041507499997,0.11351794925088661
2023-11-15,512880.SH,115800,0.984,113947.2,0.9757801462500001,0.11422406075159415
2023-11-16,512010.SH,255400,0.432,110332.8,0.4354750319448872,0.11115664180374932
2023-11-16,159995.SZ,111900,0.995,111340.5,1.0058041507499997,0.11217186617896356
2023-11-16,512880.SH,115800,0.975,112905.0,0.9757801462500001,0.11374804811309344
2023-11-17,512010.SH,255400,0.435,111099.0,0.4354750319448872,0.11175235333488663
2023-11-17,159995.SZ,111900,0.998,111676.2,1.0058041507499997,0.11233294774478138
2023-11-17,512880.SH,115800,0.979,113368.2,0.9757801462500001,0.11403489809395309
2023-11-20,512010.SH,258400,0.439,113437.6,0.43550300758020194,0.11396862184041297
2023-11-20,159995.SZ,112600,0.992,111699.2,1.0058155814291738,0.11222208407685508
2023-11-20,512100.SH,46600,2.437,113564.2,2.4169323622500003,0.11409581447781886
2023-11-21,512010.SH,258400,0.439,113437.6,0.43550300758020194,0.11418109807540762
2023-11-21,159995.SZ,112600,0.983,110685.8,1.0058155814291738,0.11141126209788423
2023-11-21,512100.SH,46600,2.419,112725.40000000001,2.4169323622500003,0.11346423014053149
2023-11-22,512010.SH,258400,0.433,111887.2,0.43550300758020194,0.1131198178777822
2023-11-22,159995.SZ,112600,0.969,109109.4,1.0058155814291738,0.11031141593277953
2023-11-22,512100.SH,46600,2.392,111467.2,2.4169323622500003,0.11269519090071362
2023-11-23,512010.SH,258400,0.435,112404.0,0.43550300758020194,0.11335168455696716
2023-11-23,159995.SZ,112600,0.977,110010.2,1.0058155814291738,0.11093770229216814
2023-11-23,512100.SH,46600,2.416,112585.59999999999,2.4169323622500003,0.11353481563696026
2023-11-24,512010.SH,258400,0.434,112145.6,0.43550300758020194,0.11347481777972619
2023-11-24,159995.SZ,112600,0.964,108546.4,1.0058155814291738,0.1098329578748098
2023-11-24,512100.SH,46600,2.381,110954.59999999999,2.4169323622500003,0.1122697013241929
2023-11-27,512010.SH,257800,0.43,110854.0,0.43550300758020194,0.11243261254879962
2023-11-27,512100.SH,46900,2.382,111715.8,2.416829542235608,0.11330668498186072
2023-11-27,512880.SH,117500,0.946,111155.0,0.9527617427999998,0.11273789892887781
2023-11-28,512010.SH,257800,0.436,112400.8,0.43550300758020194,0.113787773026058
2023-11-28,512100.SH,46900,2.391,112137.9,2.416829542235608,0.11352162896366207
2023-11-28,512880.SH,117500,0.945,111037.5,0.9527617427999998,0.11240765054502205
2023-11-29,512010.SH,257800,0.434,111885.2,0.43550300758020194,0.11348425233274036
2023-11-29,512100.SH,46900,2.384,111809.59999999999,2.416829542235608,0.11340757186493626
2023-11-29,512880.SH,117500,0.936,109980.0,0.9527617427999998,0.11155182340072489
2023-11-30,512010.SH,257800,0.436,112400.8,0.43550300758020194,0.11400719811018396
2023-11-30,512100.SH,46900,2.368,111059.2,2.416829542235608,0.11264642437027621
2023-11-30,512880.SH,117500,0.938,110215.0,0.9527617427999998,0.11179015932016431
2023-12-01,512010.SH,257800,0.434,111885.2,0.43550300758020194,0.11332496211799199
2023-12-01,512100.SH,46900,2.391,112137.9,2.416829542235608,0.113580913914362
2023-12-01,512880.SH,117500,0.945,111037.5,0.9527617427999998,0.11246635373737131
2023-12-04,512010.SH,257600,0.422,108707.2,0.43550300758020194,0.11069863996566623
2023-12-04,512100.SH,46700,2.38,111146.0,2.416829542235608,0.11318211707802187
2023-12-04,159995.SZ,114500,0.964,110378.0,0.9767809463999999,0.11240004785451475
2023-12-05,512010.SH,257600,0.416,107161.59999999999,0.43550300758020194,0.10989926114339155
2023-12-05,512100.SH,46700,2.336,109091.2,2.416829542235608,0.11187815670208318
2023-12-05,159995.SZ,114500,0.935,107057.5,0.9767809463999999,0.10979250169705046
2023-12-06,512010.SH,257600,0.417,107419.2,0.43550300758020194,0.11009455740926685
2023-12-06,512100.SH,46700,2.346,109558.2,2.416829542235608,0.1122868308417484
2023-12-06,159995.SZ,114500,0.934,106943.0,0.9767809463999999,0.1096064972837186
2023-12-07,512010.SH,257600,0.412,106131.2,0.43550300758020194,0.10905686210749764
2023-12-07,512100.SH,46700,2.344,109464.79999999999,2.416829542235608,0.11248235767827752
2023-12-07,159995.SZ,114500,0.924,105798.0,0.9767809463999999,0.1087144769610542
2023-12-08,512010.SH,257600,0.416,107161.59999999999,0.43550300758020194,0.10983189249214304
2023-12-08,512100.SH,46700,2.339,109231.3,2.416829542235608,0.11195316604433887
2023-12-08,159995.SZ,114500,0.939,107515.5,0.9767809463999999,0.11019461110359499
2023-12-11,512010.SH,266000,0.419,111454.0,0.4348808938069926,0.11384678117770196
2023-12-11,510880.SH,43300,2.581,111757.3,2.54903798205,0.11415659265805438
2023-12-11,512880.SH,119800,0.94,112612.0,0.9217369381500001,0.11502964202256871
2023-12-12,512010.SH,266000,0.417,110922.0,0.4348808938069926,0.11336028411374977
2023-12-12,510880.SH,43300,2.593,112276.9,2.54903798205,0.11474496748535971
2023-12-12,512880.SH,119800,0.936,112132.8,0.9217369381500001,0.11459769988343413
2023-12-13,512010.SH,266000,0.413,109858.0,0.4348808938069926,0.11265679548547942
2023-12-13,510880.SH,43300,2.571,111324.3,2.54903798205,0.11416045165271675
2023-12-13,512880.SH,119800,0.925,110815.0,0.9217369381500001,0.11363817647985038
2023-12-14,512010.SH,266000,0.412,109592.0,0.4348808938069926,0.11242999811540666
2023-12-14,510880.SH,43300,2.579,111670.70000000001,2.54903798205,0.11456252820047215
2023-12-14,512880.SH,119800,0.921,110335.8,0.9217369381500001,0.11319305958520591
2023-12-15,512010.SH,266000,0.407,108262.0,0.4348808938069926,0.11130147141190357
2023-12-15,510880.SH,43300,2.562,110934.59999999999,2.54903798205,0.11404910504600835
2023-12-15,512880.SH,119800,0.921,110335.8,0.9217369381500001,0.11343349364882886
2023-12-18,512010.SH,271200,0.407,110378.4,0.4343494592649706,0.11350782595375712
2023-12-18,510880.SH,43000,2.559,110037.0,2.54903798205,0.11315674665037338
2023-12-18,512880.SH,119500,0.92,109940.0,0.9217369381500001,0.11305699652609622
2023-12-19,512010.SH,271200,0.403,109293.6,0.4343494592649706,0.11258536340696726
2023-12-19,510880.SH,43000,2.551,109693.0,2.54903798205,0.11299679275090635
2023-12-19,512880.SH,119500,0.918,109701.0,0.9217369381500001,0.11300503369920759
2023-12-20,512010.SH,271200,0.401,108751.20000000001,0.4343494592649706,0.11244546461070323
2023-12-20,510880.SH,43000,2.549,109607.0,2.54903798205,0.1133303360292608
2023-12-20,512880.SH,119500,0.893,106713.5,0.9217369381500001,0.11033854419752866
2023-12-21,512010.SH,271200,0.405,109836.0,0.4343494592649706,0.11354072413018668
2023-12-21,510880.SH,43000,2.529,108747.0,2.54903798205,0.11241499259792245
2023-12-21,512880.SH,119500,0.893,106713.5,0.9217369381500001,0.11031290346031061
2023-12-22,512010.SH,271200,0.403,109293.6,0.4343494592649706,0.11310547317418164
2023-12-22,510880.SH,43000,2.525,108575.0,2.54903798205,0.11236181029709673
2023-12-22,512880.SH,119500,0.89,106355.0,0.9217369381500001,0.1100643825387771
2023-12-25,510880.SH,43300,2.523,109245.90000000001,2.5489679302113166,0.11328874317372549
2023-12-25,512880.SH,123000,0.885,108855.0,0.9208586980400407,0.1128833772084434
2023-12-25,159995.SZ,118500,0.916,108546.0,0.9237385384500001,0.1125629421015819
2023-12-26,510880.SH,43300,2.506,108509.79999999999,2.5489679302113166,0.11304815034027516
2023-12-26,512880.SH,123000,0.874,107502.0,0.9208586980400407,0.11199819977440066
2023-12-26,159995.SZ,118500,0.896,106176.0,0.9237385384500001,0.110616740704794
2023-12-27,510880.SH,43300,2.518,109029.4,2.5489679302113166,0.11318859249158791
2023-12-27,512880.SH,123000,0.882,108486.0,0.9208586980400407,0.11262446317270762
2023-12-27,159995.SZ,118500,0.912,108072.0,0.9237385384500001,0.11219467013255957
2023-12-28,510880.SH,43300,2.5,108250.0,2.5489679302113166,0.11190887014656668
2023-12-28,512880.SH,123000,0.902,110946.0,0.9208586980400407,0.1146959954483232
2023-12-28,159995.SZ,118500,0.932,110442.0,0.9237385384500001,0.11417496015452303
2023-12-29,510880.SH,43300,2.515,108899.5,2.5489679302113166,0.11250478166942982
2023-12-29,512880.SH,123000,0.902,110946.0,0.9208586980400407,0.11461903412868342
2023-12-29,159995.SZ,118500,0.932,110442.0,0.9237385384500001,0.11409834845095862
2024-01-02,510880.SH,43500,2.554,111098.99999999999,2.5489324799574717,0.11490073475948791
2024-01-02,512880.SH,121600,0.891,108345.6,0.9208586980400407,0.11205311522117728
2024-01-02,512010.SH,266100,0.407,108302.7,0.41232966179999997,0.11200874721137356
2024-01-03,510880.SH,43500,2.594,112839.0,2.5489324799574717,0.11654004653210832
2024-01-03,512880.SH,121600,0.892,108467.2,0.9208586980400407,0.11202485430753109
2024-01-03,512010.SH,266100,0.405,107770.5,0.41232966179999997,0.11130530299620327
2024-01-04,510880.SH,43500,2.618,113883.0,2.5489324799574717,0.11773906300258838
2024-01-04,512880.SH,121600,0.884,107494.4,0.9208586980400407,0.11113414586922926
2024-01-04,512010.SH,266100,0.401,106706.1,0.41232966179999997,0.11031915413767197
2024-01-05,510880.SH,43500,2.628,114318.0,2.5489324799574717,0.11850058763274261
2024-01-05,512880.SH,121600,0.877,106643.2,0.9208586980400407,0.11054498737763167
2024-01-05,512010.SH,266100,0.393,104577.3,0.41232966179999997,0.1084035016624295
2024-01-08,510880.SH,41600,2.599,108118.40000000001,2.5489324799574717,0.11279209986998702
2024-01-08,512880.SH,125000,0.86,107500.0,0.9196088142533516,0.11214696791687265
2024-01-08,510500.SH,21300,5.01,106713.0,5.12509756815,0.1113259477889603
2024-01-09,510880.SH,41600,2.622,109075.2,2.5489324799574717,0.11367612895653299
2024-01-09,512880.SH,125000,0.858,107250.0,0.9196088142533516,0.11177393972771228
2024-01-09,510500.SH,21300,5.022,106968.6,5.12509756815,0.11148066992221692
2024-01-10,510880.SH,41600,2.607,108451.20000000001,2.5489324799574717,0.11319106587181883
2024-01-10,512880.SH,125000,0.854,106750.0,0.9196088142533516,0.11141551482894296
2024-01-10,510500.SH,21300,5.009,106691.70000000001,5.12509756815,0.11135466682412305
2024-01-11,510880.SH,41600,2.579,107286.40000000001,2.5489324799574717,0.11183796022975076
2024-01-11,512880.SH,125000,0.862,107750.0,0.9196088142533516,0.11232122817762218
2024-01-11,510500.SH,21300,5.072,108033.6,5.12509756815,0.11261685973503446
2024-01-12,510880.SH,41600,2.594,107910.4,2.5489324799574717,0.11259723884829587
2024-01-12,512880.SH,125000,0.853,106625.0,0.9196088142533516,0.11125601046979297
2024-01-12,510500.SH,21300,5.052,107607.59999999999,5.12509756815,0.11228128743005199
2024-01-15,510880.SH,41900,2.608,109275.2,2.549312142392144,0.1141474679187154
2024-01-15,510500.SH,21500,5.039,108338.5,5.124515427981163,0.11316900315086817
2024-01-15,516160.SH,53100,2.025,107527.5,2.0396307056999996,0.11232184298568816
2024-01-16,510880.SH,41900,2.618,109694.2,2.549312142392144,0.11434498528350212
2024-01-16,510500.SH,21500,5.034,108231.0,5.124515427981163,0.11281974892217381
2024-01-16,516160.SH,53100,2.057,109226.7,2.0396307056999996,0.11385766434383496
2024-01-17,510880.SH,41900,2.581,108143.9,2.549312142392144,0.113698429525609
2024-01-17,510500.SH,21500,4.901,105371.5,5.124515427981163,0.11078363242640324
2024-01-17,516160.SH,53100,1.986,105456.6,2.0396307056999996,0.11087310336607373
2024-01-18,510880.SH,41900,2.556,107096.40000000001,2.549312142392144,0.1123381282026919
2024-01-18,510500.SH,21500,4.906,105479.0,5.124515427981163,0.11064156614687083
2024-01-18,516160.SH,53100,2.045,108589.5,2.0396307056999996,0.1139043065169904
2024-01-19,510880.SH,41900,2.534,106174.59999999999,2.549312142392144,0.11172314888570421
2024-01-19,510500.SH,21500,4.866,104618.99999999999,5.124515427981163,0.11008625521804169
2024-01-19,516160.SH,53100,2.022,107368.19999999998,2.0396307056999996,0.11297912489606805
2024-01-22,510880.SH,42300,2.465,104269.5,2.549297531116568,0.11077189010010073
2024-01-22,516160.SH,53900,1.957,105482.3,2.039046153481818,0.11206032198395365
2024-01-22,510300.SH,35100,2.995,105124.5,3.0564436580999996,0.11168020908154387
2024-01-23,510880.SH,42300,2.483,105030.90000000001,2.549297531116568,0.11127205186706776
2024-01-23,516160.SH,53900,1.977,106560.3,2.039046153481818,0.11289233195726496
2024-01-23,510300.SH,35100,3.017,105896.7,3.0564436580999996,0.11218929948187926
2024-01-24,510880.SH,42300,2.551,107907.3,2.549297531116568,0.11384107519811668
2024-01-24,516160.SH,53900,1.964,105859.59999999999,2.039046153481818,0.11168077307135431
2024-01-24,510300.SH,35100,3.068,107686.8,3.0564436580999996,0.11360844999962515
2024-01-25,510880.SH,42300,2.623,110952.90000000001,2.549297531116568,0.1162281862995402
2024-01-25,516160.SH,53900,1.996,107584.4,2.039046153481818,0.11269953003593643
2024-01-25,510300.SH,35100,3.124,109652.40000000001,3.0564436580999996,0.11486585366756255
2024-01-26,510880.SH,42300,2.664,112687.20000000001,2.549297531116568,0.11811651088856556
2024-01-26,516160.SH,53900,1.957,105482.3,2.039046153481818,0.11056447614725486
2024-01-26,510300.SH,35100,3.118,109441.8,3.0564436580999996,0.11471474631869646
2024-01-29,510880.SH,40500,2.679,108499.5,2.549297531116568,0.11400787212437251
2024-01-29,510300.SH,34600,3.088,106844.8,3.0564436580999996,0.11226916525471689
2024-01-29,512880.SH,121700,0.875,106487.5,0.8887105331999999,0.11189372561941868
2024-01-30,510880.SH,40500,2.645,107122.5,2.549297531116568,0.11311403952106293
2024-01-30,510300.SH,34600,3.032,104907.2,3.0564436580999996,0.1107748341090252
2024-01-30,512880.SH,121700,0.864,105148.8,0.8887105331999999,0.11102994719869627
2024-01-31,510880.SH,40500,2.649,107284.5,2.549297531116568,0.11348400852119121
2024-01-31,510300.SH,34600,3.011,104180.6,3.0564436580999996,0.11020074752776789
2024-01-31,512880.SH,121700,0.855,104053.5,0.8887105331999999,0.11006630296696884
2024-02-01,510880.SH,40500,2.619,106069.50000000001,2.549297531116568,0.11240312584243692
2024-02-01,510300.SH,34600,3.007,104042.2,3.0564436580999996,0.11025477163109083
2024-02-01,512880.SH,121700,0.852,103688.4,0.8887105331999999,0.10987984551262082
2024-02-02,510880.SH,40500,2.627,106393.49999999999,2.549297531116568,0.11310921453247484
2024-02-02,510300.SH,34600,2.977,103004.2,3.0564436580999996,0.10950597692101441
2024-02-02,512880.SH,121700,0.833,101376.09999999999,0.8887105331999999,0.10777510884937166
2024-02-05,510880.SH,40600,2.633,106899.8,2.549575875867512,0.1138009244447477
2024-02-05,510300.SH,36000,2.997,107892.0,3.0523837075072215,0.1148571778449793
2024-02-05,512880.SH,128900,0.815,105053.5,0.8851577834789759,0.11183543295830584
2024-02-06,510880.SH,40600,2.675,108605.0,2.549575875867512,0.11420584624503681
2024-02-06,510300.SH,36000,3.1,111600.0,3.0523837075072215,0.11735530077755267
2024-02-06,512880.SH,128900,0.863,111240.7,0.8851577834789759,0.11697747139073031
2024-02-07,510880.SH,40600,2.719,110391.4,2.549575875867512,0.11558368221121326
2024-02-07,510300.SH,36000,3.129,112644.0,3.0523837075072215,0.11794223371566905
2024-02-07,512880.SH,128900,0.873,112529.7,0.8851577834789759,0.11782255759165267
2024-02-08,510880.SH,40600,2.72,110432.00000000001,2.549575875867512,0.11540099093621004
2024-02-08,510300.SH,36000,3.151,113436.0,3.0523837075072215,0.11854015872065995
2024-02-08,512880.SH,128900,0.881,113560.9,0.8851577834789759,0.11867067871276307
2024-02-19,510880.SH,40600,2.79,113274.0,2.549575875867512,0.11805935622280961
2024-02-19,510300.SH,36000,3.178,114408.0,3.0523837075072215,0.11924126301480659
2024-02-19,512880.SH,128900,0.871,112271.9,0.8851577834789759,0.11701492165820628
2024-02-20,510880.SH,40600,2.834,115060.40000000001,2.549575875867512,0.11946844851371463
2024-02-20,510300.SH,36000,3.19,114840.0,3.0523837075072215,0.1192396048276817
2024-02-20,512880.SH,128900,0.882,113689.8,0.8851577834789759,0.11804533982008156
2024-02-21,510880.SH,40600,2.827,114776.2,2.549575875867512,0.11885202545376716
2024-02-21,510300.SH,36000,3.238,116568.0,3.0523837075072215,0.12070745418557793
2024-02-21,512880.SH,128900,0.891,114849.90000000001,0.8851577834789759,0.11892834261948569
2024-02-22,510880.SH,40600,2.885,117130.99999999999,2.549575875867512,0.1207179500556962
2024-02-22,510300.SH,36000,3.264,117503.99999999999,3.0523837075072215,0.12110237258577598
2024-02-22,512880.SH,128900,0.901,116138.90000000001,0.8851577834789759,0.11969546857555642
2024-02-23,510880.SH,40600,2.867,116400.2,2.549575875867512,0.12002586662601986
2024-02-23,510300.SH,36000,3.267,117612.0,3.0523837075072215,0.12127541211801567
2024-02-23,512880.SH,128900,0.902,116267.8,0.8851577834789759,0.11988934259306043
2024-02-26,510880.SH,38300,2.798,107163.40000000001,2.549575875867512,0.11115472397143919
2024-02-26,510300.SH,33600,3.232,108595.20000000001,3.0523837075072215,0.11263985167158967
2024-02-26,159928.SZ,129000,0.84,108360.0,0.8516809276499999,0.1123958915968059
2024-02-27,510880.SH,38300,2.815,107814.5,2.549575875867512,0.11156545572630969
2024-02-27,510300.SH,33600,3.273,109972.8,3.0523837075072215,0.11379884477040018
2024-02-27,159928.SZ,129000,0.842,108618.0,0.8516809276499999,0.11239691015661442
2024-02-28,510880.SH,38300,2.809,107584.70000000001,2.549575875867512,0.11161309812799196
2024-02-28,510300.SH,33600,3.237,108763.2,3.0523837075072215,0.11283572584497993
2024-02-28,159928.SZ,129000,0.834,107586.0,0.8516809276499999,0.11161444680515112
2024-02-29,510880.SH,38300,2.827,108274.09999999999,2.549575875867512,0.11182442731354125
2024-02-29,510300.SH,33600,3.292,110611.2,3.0523837075072215,0.11423816124505838
2024-02-29,159928.SZ,129000,0.848,109392.0,0.8516809276499999,0.11297898345664296
2024-03-01,510880.SH,38300,2.822,108082.6,2.549575875867512,0.11157390610857625
2024-03-01,510300.SH,33600,3.319,111518.4,3.0523837075072215,0.11512069001836234
2024-03-01,159928.SZ,129000,0.846,109134.0,0.8516809276499999,0.11265926864503037
2024-03-04,510880.SH,38800,2.849,110541.20000000001,2.5532464380341677,0.1140127093312886
2024-03-04,510300.SH,33000,3.316,109428.0,3.0523837075072215,0.11286454965844633
2024-03-04,510500.SH,21000,5.225,109724.99999999999,5.22517758315,0.11317087684388842
2024-03-05,510880.SH,38800,2.87,111356.0,2.5532464380341677,0.11471055434872707
2024-03-05,510300.SH,33000,3.345,110385.0,3.0523837075072215,0.1137103033674363
2024-03-05,510500.SH,21000,5.198,109158.00000000001,5.22517758315,0.11244634048994531
2024-03-06,510880.SH,38800,2.868,111278.4,2.5532464380341677,0.11470678408552239
2024-03-06,510300.SH,33000,3.331,109923.0,3.0523837075072215,0.11330962547118648
2024-03-06,510500.SH,21000,5.193,109052.99999999999,5.22517758315,0.1124128215797358
2024-03-07,510880.SH,38800,2.887,112015.6,2.5532464380341677,0.11562877270947516
2024-03-07,510300.SH,33000,3.312,109296.0,3.0523837075072215,0.11282144935218663
2024-03-07,510500.SH,21000,5.123,107583.0,5.22517758315,0.11105319486217514
2024-03-08,510880.SH,38800,2.904,112675.2,2.5532464380341677,0.11601258528168047
2024-03-08,510300.SH,33000,3.322,109626.0,3.0523837075072215,0.1128730694428721
2024-03-08,510500.SH,21000,5.194,109074.0,5.22517758315,0.11230471946811735
2024-03-11,510880.SH,37900,2.872,108848.8,2.5532464380341677,0.11179749221317253
2024-03-11,510300.SH,33100,3.37,111547.0,3.0533482884513083,0.11456878591130776
2024-03-11,159995.SZ,124800,0.899,112195.2,0.88170493215,0.11523454551961376
2024-03-12,510880.SH,37900,2.801,106157.90000000001,2.5532464380341677,0.10923301678627013
2024-03-12,510300.SH,33100,3.375,111712.5,3.0533482884513083,0.11494851902436089
2024-03-12,159995.SZ,124800,0.905,112944.0,0.88170493215,0.11621569235929208
2024-03-13,510880.SH,37900,2.783,105475.7,2.5532464380341677,0.10875501143251493
2024-03-13,510300.SH,33100,3.354,111017.40000000001,3.0533482884513083,0.11446900666417083
2024-03-13,159995.SZ,124800,0.9,112320.0,0.88170493215,0.11581210538635986
2024-03-14,510880.SH,37900,2.792,105816.79999999999,2.5532464380341677,0.10931370140328296
2024-03-14,510300.SH,33100,3.341,110587.1,3.0533482884513083,0.1142416443178682
2024-03-14,159995.SZ,124800,0.886,110572.8,0.88170493215,0.114226871749334
2024-03-15,510880.SH,37900,2.786,105589.4,2.5532464380341677,0.10905678392648743
2024-03-15,510300.SH,33100,3.35,110885.0,3.0533482884513083,0.11452628280574148
2024-03-15,159995.SZ,124800,0.887,110697.6,0.88170493215,0.11433272889495287
2024-03-18,510880.SH,39400,2.769,109098.6,2.562173280494796,0.11247627715004593
2024-03-18,510300.SH,32700,3.381,110558.7,3.0533482884513083,0.113981581638525
2024-03-18,159915.SZ,59200,1.875,111000.0,1.8514802774999999,0.11443654422380395
2024-03-19,510880.SH,39400,2.767,109019.8,2.562173280494796,0.11264277803142267
2024-03-19,510300.SH,32700,3.358,109806.6,3.0533482884513083,0.11345572520024085
2024-03-19,159915.SZ,59200,1.853,109697.6,1.8514802774999999,0.11334310288020884
2024-03-20,510880.SH,39400,2.773,109256.20000000001,2.562173280494796,0.11282733514270321
2024-03-20,510300.SH,32700,3.361,109904.70000000001,3.0533482884513083,0.11349703193647824
2024-03-20,159915.SZ,59200,1.856,109875.20000000001,1.8514802774999999,0.11346656770299117
2024-03-21,510880.SH,39400,2.777,109413.8,2.562173280494796,0.11304843485009607
2024-03-21,510300.SH,32700,3.359,109839.3,3.0533482884513083,0.11348806960392709
2024-03-21,159915.SZ,59200,1.846,109283.20000000001,1.8514802774999999,0.1129134964274161
2024-03-22,510880.SH,39400,2.783,109650.2,2.562173280494796,0.1135853919534448
2024-03-22,510300.SH,32700,3.328,108825.59999999999,3.0533482884513083,0.11273119821549621
2024-03-22,159915.SZ,59200,1.817,107566.4,1.8514802774999999,0.1114268072928369
2024-03-25,510880.SH,39300,2.793,109764.90000000001,2.562173280494796,0.11398869348250532
2024-03-25,510300.SH,32900,3.309,108866.1,3.055125256302668,0.11305530732990028
2024-03-25,159915.SZ,60300,1.781,107394.29999999999,1.8508047658043119,0.11152687192780406
2024-03-26,510880.SH,39300,2.776,109096.79999999999,2.562173280494796,0.1132528858984431
2024-03-26,510300.SH,32900,3.32,109228.0,3.055125256302668,0.11338908401451869
2024-03-26,159915.SZ,60300,1.792,108057.6,1.8508047658043119,0.1121740971619663
2024-03-27,510880.SH,39300,2.775,109057.5,2.562173280494796,0.11372024557835617
2024-03-27,510300.SH,32900,3.282,107977.8,3.055125256302668,0.1125943830824164
2024-03-27,159915.SZ,60300,1.742,105042.6,1.8508047658043119,0.10953368881726645
2024-03-28,510880.SH,39300,2.767,108743.09999999999,2.562173280494796,0.11324954811186701
2024-03-28,510300.SH,32900,3.299,108537.09999999999,3.055125256302668,0.11303501121793035
2024-03-28,159915.SZ,60300,1.758,106007.4,1.8508047658043119,0.11040047733156338
2024-03-29,510880.SH,39300,2.787,109529.09999999999,2.562173280494796,0.11384103349818755
2024-03-29,510300.SH,32900,3.315,109063.5,3.055125256302668,0.11335710379186517
2024-03-29,159915.SZ,60300,1.768,106610.4,1.8508047658043119,0.11080743033271682
2024-04-01,510880.SH,39100,2.782,108776.2,2.562173280494796,0.11247618363603075
2024-04-01,510300.SH,32700,3.373,110297.1,3.055125256302668,0.11404881650693487
2024-04-01,159915.SZ,61200,1.822,111506.40000000001,1.8498583068300654,0.1152992504150053
2024-04-02,510880.SH,39100,2.803,109597.3,2.562173280494796,0.11337540000335843
2024-04-02,510300.SH,32700,3.361,109904.70000000001,3.055125256302668,0.11369339686971401
2024-04-02,159915.SZ,61200,1.808,110649.6,1.8498583068300654,0.11446397548307859
2024-04-03,510880.SH,39100,2.84,111044.0,2.562173280494796,0.11488536537954316
2024-04-03,510300.SH,32700,3.347,109446.9,3.055125256302668,0.11323301660745581
2024-04-03,159915.SZ,61200,1.79,109548.0,1.8498583068300654,0.1133376139782266
2024-04-08,510880.SH,39100,2.85,111435.0,2.562173280494796,0.11559074235251666
2024-04-08,510300.SH,32700,3.318,108498.6,3.055125256302668,0.11254483526906954
2024-04-08,159915.SZ,61200,1.758,107589.6,1.8498583068300654,0.11160193595737719
2024-04-09,510880.SH,39100,2.835,110848.5,2.562173280494796,0.11493705321094197
2024-04-09,510300.SH,32700,3.312,108302.4,3.055125256302668,0.11229704246492032
2024-04-09,159915.SZ,61200,1.777,108752.4,1.8498583068300654,0.11276364033448937
2024-04-10,510880.SH,39100,2.846,111278.6,2.562173280494796,0.11571244727855169
2024-04-10,510300.SH,32700,3.286,107452.2,3.055125256302668,0.11173358603958346
2024-04-10,159915.SZ,61200,1.739,106426.8,1.8498583068300654,0.11066732942385117
2024-04-11,510880.SH,39100,2.886,112842.6,2.562173280494796,0.11721976264428699
2024-04-11,510300.SH,32700,3.283,107354.09999999999,3.055125256302668,0.11151836381730879
2024-04-11,159915.SZ,61200,1.731,105937.20000000001,1.8498583068300654,0.11004650228903233
2024-04-12,510880.SH,39100,2.879,112568.9,2.562173280494796,0.11721438840446627
2024-04-12,510300.SH,32700,3.255,106438.5,3.055125256302668,0.11083099932742332
2024-04-12,159915.SZ,61200,1.713,104835.6,1.8498583068300654,0.1091619509208606
2024-04-15,510880.SH,37700,2.945,111026.5,2.562173280494796,0.11485054637972487
2024-04-15,510300.SH,33400,3.328,111155.2,3.059498057817282,0.1149836791481997
2024-04-15,510500.SH,21200,5.188,109985.59999999999,5.1140887665,0.11377379503003217
2024-04-16,510880.SH,37700,2.959,111554.3,2.562173280494796,0.11583732104870784
2024-04-16,510300.SH,33400,3.296,110086.4,3.059498057817282,0.11431306242696579
2024-04-16,510500.SH,21200,5.04,106848.0,5.1140887665,0.11095032714482844
2024-04-17,510880.SH,37700,2.992,112798.4,2.562173280494796,0.11643161938758616
2024-04-17,510300.SH,33400,3.342,111622.8,3.059498057817282,0.11521815348955884
2024-04-17,510500.SH,21200,5.181,109837.2,5.1140887665,0.11337503958387866
2024-04-18,510880.SH,37700,3.001,113137.7,2.562173280494796,0.11669130598789795
2024-04-18,510300.SH,33400,3.348,111823.2,3.059498057817282,0.11533551811417335
2024-04-18,510500.SH,21200,5.191,110049.2,5.1140887665,0.11350579754514525
2024-04-19,510880.SH,37700,3.023,113967.1,2.562173280494796,0.11765478309063726
2024-04-19,510300.SH,33400,3.32,110888.0,3.059498057817282,0.11447605131090098
2024-04-19,510500.SH,21200,5.154,109264.8,5.1140887665,0.11280032872155088
2024-04-22,510880.SH,36300,2.936,106576.8,2.562173280494796,0.11052374486248581
2024-04-22,510300.SH,33000,3.313,109329.0,3.059498057817282,0.11337786931180811
2024-04-22,510500.SH,21300,5.109,108821.7,5.114485406093897,0.11285178206046692
2024-04-23,510880.SH,36300,2.888,104834.4,2.562173280494796,0.10915693655178288
2024-04-23,510300.SH,33000,3.288,108504.0,3.059498057817282,0.11297784165898456
2024-04-23,510500.SH,21300,5.047,107501.09999999999,5.114485406093897,0.11193359004245616
2024-04-24,510880.SH,36300,2.889,104870.7,2.562173280494796,0.10898832062540999
2024-04-24,510300.SH,33000,3.302,108966.0,3.059498057817282,0.1132444176044255
2024-04-24,510500.SH,21300,5.109,108821.7,5.114485406093897,0.11309445184023924
2024-04-25,510880.SH,36300,2.908,105560.4,2.562173280494796,0.10960835540120833
2024-04-25,510300.SH,33000,3.312,109296.0,3.059498057817282,0.113487205542329
2024-04-25,510500.SH,21300,5.101,108651.3,5.114485406093897,0.1128177830436727
2024-04-26,510880.SH,36300,2.879,104507.7,2.562173280494796,0.10816114377203476
2024-04-26,510300.SH,33000,3.362,110946.0,3.059498057817282,0.11482451778129428
2024-04-26,510500.SH,21300,5.221,111207.3,5.114485406093897,0.11509495246570159
2024-04-29,510880.SH,38100,2.845,108394.50000000001,2.5766789654058027,0.11191412653415582
2024-04-29,510300.SH,32500,3.405,110662.5,3.059498057817282,0.11425576968929252
2024-04-29,510500.SH,20900,5.327,111334.3,5.114485406093897,0.1149493833893017
2024-04-30,510880.SH,38100,2.858,108889.8,2.5766789654058027,0.11252820250239298
2024-04-30,510300.SH,32500,3.387,110077.5,3.059498057817282,0.11375558785999389
2024-04-30,510500.SH,20900,5.289,110540.09999999999,5.114485406093897,0.1142336450010448
2024-05-06,510880.SH,38100,2.875,109537.5,2.5766789654058027,0.1127258433895527
2024-05-06,510300.SH,32500,3.437,111702.5,3.059498057817282,0.11495386074377735
2024-05-06,510500.SH,20900,5.374,112316.59999999999,5.114485406093897,0.11558583555081169
2024-05-07,510880.SH,38100,2.875,109537.5,2.5766789654058027,0.11272072771342109
2024-05-07,510300.SH,32500,3.439,111767.5,3.059498057817282,0.1150155328970425
2024-05-07,510500.SH,20900,5.373,112295.70000000001,5.114485406093897,0.11555908271676844
2024-05-08,510880.SH,38100,2.897,110375.7,2.5766789654058027,0.11376922552310666
2024-05-08,510300.SH,32500,3.41,110825.0,3.059498057817282,0.11423233935185276
2024-05-08,510500.SH,20900,5.302,110811.79999999999,5.114485406093897,0.11421873351490762
2024-05-09,510880.SH,38100,2.908,110794.8,2.5766789654058027,0.1137711266224964
2024-05-09,510300.SH,32500,3.445,111962.5,3.059498057817282,0.11497019503145682
2024-05-09,510500.SH,20900,5.403,112922.7,5.114485406093897,0.11595618928193537
2024-05-10,510880.SH,38100,2.927,111518.7,2.5766789654058027,0.11447087525389137
2024-05-10,510300.SH,32500,3.447,112027.5,3.059498057817282,0.11499314444577739
2024-05-10,510500.SH,20900,5.383,112504.7,5.114485406093897,0.1154829771076642
2024-05-13,510880.SH,109700,2.931,321530.7,2.8035922709593537,0.3297027459046696
2024-05-13,510300.SH,93600,3.444,322358.4,3.3005318499823892,0.33055148278355956
2024-05-13,510500.SH,60000,5.354,321240.0,5.268143320360874,0.32940465745391045
2024-05-14,510880.SH,109700,2.918,320104.60000000003,2.8035922709593537,0.329032502797436
2024-05-14,510300.SH,93600,3.438,321796.8,3.3005318499823892,0.33077189923608075
2024-05-14,510500.SH,60000,5.348,320880.0,5.268143320360874,0.32982952915278707
2024-05-15,510880.SH,109700,2.917,319994.89999999997,2.8035922709593537,0.33078411937673674
2024-05-15,510300.SH,93600,3.412,319363.2,3.3005318499823892,0.33013112044390913
2024-05-15,510500.SH,60000,5.299,317940.0,5.268143320360874,0.32865993462595716
2024-05-16,510880.SH,109700,2.924,320762.8,2.8035922709593537,0.33146446230808424
2024-05-16,510300.SH,93600,3.424,320486.39999999997,3.3005318499823892,0.3311788407292043
2024-05-16,510500.SH,60000,5.273,316380.0,5.268143320360874,0.3269354382273496
2024-05-17,510880.SH,109700,2.945,323066.5,2.8035922709593537,0.3301531387527084
2024-05-17,510300.SH,93600,3.465,324324.0,3.3005318499823892,0.33143822269666895
2024-05-17,510500.SH,60000,5.351,321060.0,5.268143320360874,0.3281026250878521
2024-05-20,510880.SH,109700,2.984,327344.8,2.8035922709593537,0.3324126119139997
2024-05-20,510300.SH,93000,3.473,322989.0,3.3005318499823892,0.32798937728502436
2024-05-20,510500.SH,60300,5.371,323871.30000000005,5.268666705168365,0.3288853366755256
2024-05-21,510880.SH,109700,3.0,329100.0,2.8035922709593537,0.3347977033039797
2024-05-21,510300.SH,93000,3.461,321873.0,3.3005318499823892,0.3274455823626917
2024-05-21,510500.SH,60300,5.331,321459.30000000005,5.268666705168365,0.3270247199808721
2024-05-22,510880.SH,109700,3.0,329100.0,2.8035922709593537,0.33466757885234333
2024-05-22,510300.SH,93000,3.469,322617.0,3.3005318499823892,0.3280749021167015
2024-05-22,510500.SH,60300,5.325,321097.5,5.268666705168365,0.3265296958387734
2024-05-23,510880.SH,109700,2.958,324492.60000000003,2.8035922709593537,0.33467096355866477
2024-05-23,510300.SH,93000,3.432,319176.0,3.3005318499823892,0.3291875976980688
2024-05-23,510500.SH,60300,5.23,315369.0,5.268666705168365,0.32526118348009336
2024-05-24,510880.SH,109700,2.953,323944.1,2.8035922709593537,0.33670877912615277
2024-05-24,510300.SH,93000,3.391,315363.0,3.3005318499823892,0.3277895498376446
2024-05-24,510500.SH,60300,5.178,312233.4,5.268666705168365,0.3245366312163355
2024-05-27,510880.SH,107500,3.01,323575.0,2.8035922709593537,0.3321524557066363
2024-05-27,510300.SH,93600,3.421,320205.6,3.3011953017987414,0.328693738301837
2024-05-27,510500.SH,61200,5.23,320076.0,5.267659129438765,0.32856070281312627
2024-05-28,510880.SH,107500,3.001,322607.5,2.8035922709593537,0.333210439980906
2024-05-28,510300.SH,93600,3.398,318052.8,3.3011953017987414,0.32850604348987267
2024-05-28,510500.SH,61200,5.183,317199.6,5.267659129438765,0.32762480189632104
2024-05-29,510880.SH,107500,3.004,322930.0,2.8035922709593537,0.33316869084545137
2024-05-29,510300.SH,93600,3.399,318146.4,3.3011953017987414,0.32823342391599825
2024-05-29,510500.SH,61200,5.194,317872.8,5.267659129438765,0.32795114926262037
2024-05-30,510880.SH,107500,2.981,320457.5,2.8035922709593537,0.33214479568994526
2024-05-30,510300.SH,93600,3.385,316836.0,3.3011953017987414,0.32839121720421427
2024-05-30,510500.SH,61200,5.183,317199.6,5.267659129438765,0.3287680779352406
2024-05-31,510880.SH,107500,2.988,321210.0,2.8035922709593537,0.33313850783886745
2024-05-31,510300.SH,93600,3.371,315525.6,3.3011953017987414,0.32724301101760017
2024-05-31,510500.SH,61200,5.182,317138.4,5.267659129438765,0.32891570422591415
2024-06-03,510880.SH,106400,2.957,314624.8,2.8035922709593537,0.32813365630050345
2024-06-03,510300.SH,94200,3.376,318019.2,3.3016909867129747,0.3316737996170711
2024-06-03,510500.SH,61300,5.141,315143.3,5.2675953918703495,0.3286744188239657
2024-06-04,510880.SH,106400,2.97,316008.0,2.8035922709593537,0.326818590875944
2024-06-04,510300.SH,94200,3.401,320374.19999999995,3.3016909867129747,0.3313341579865315
2024-06-04,510500.SH,61300,5.212,319495.6,5.2675953918703495,0.33042550119954
2024-06-05,510880.SH,106400,2.932,311964.8,2.8035922709593537,0.32560826212308375
2024-06-05,510300.SH,94200,3.388,319149.6,3.3016909867129747,0.33310728201796264
2024-06-05,510500.SH,61300,5.154,315940.2,5.2675953918703495,0.3297575221846167
2024-06-06,510880.SH,106400,2.949,313773.6,2.8035922709593537,0.32767421579862893
2024-06-06,510300.SH,94200,3.388,319149.6,3.3016909867129747,0.33328838022843893
2024-06-06,510500.SH,61300,5.116,313610.8,5.2675953918703495,0.3275042035275774
2024-06-07,510880.SH,106400,2.976,316646.4,2.8035922709593537,0.33095987226229096
2024-06-07,510300.SH,94200,3.365,316983.0,3.3016909867129747,0.33131168770375335
2024-06-07,510500.SH,61300,5.091,312078.3,5.2675953918703495,0.32618527892258653
2024-06-11,510880.SH,36300,2.92,105996.0,2.8035922709593537,0.11122963053178653
2024-06-11,510300.SH,32200,3.34,107548.0,3.3016909867129747,0.11285826167433279
2024-06-11,512660.SH,120200,0.911,109502.2,0.89971933485,0.1149089517379693
2024-06-12,510880.SH,36300,2.961,107484.29999999999,2.8035922709593537,0.11264492269237306
2024-06-12,510300.SH,32200,3.336,107419.2,3.3016909867129747,0.11257669705879426
2024-06-12,512660.SH,120200,0.91,109382.0,0.89971933485,0.11463373659164315
2024-06-13,510880.SH,36300,2.933,106467.9,2.8035922709593537,0.11169141543659213
2024-06-13,510300.SH,32200,3.323,107000.59999999999,3.3016909867129747,0.11225025070058317
2024-06-13,512660.SH,120200,0.914,109862.8,0.89971933485,0.11525287561628655
2024-06-14,510880.SH,36300,2.938,106649.40000000001,2.8035922709593537,0.11194014871339834
2024-06-14,510300.SH,32200,3.343,107644.6,3.3016909867129747,0.11298471939077274
2024-06-14,512660.SH,120200,0.903,108540.6,0.89971933485,0.1139251688752256
2024-06-17,510880.SH,36700,2.896,106283.2,2.8051222189597964,0.11144511347839231
2024-06-17,512660.SH,119900,0.905,108509.5,0.89971933485,0.11377953939083138
2024-06-17,159995.SZ,124000,0.893,110732.0,0.86969533035,0.11610998074662164
2024-06-18,510880.SH,36700,2.903,106540.1,2.8051222189597964,0.11161426162671476
2024-06-18,512660.SH,119900,0.91,109109.0,0.89971933485,0.11430551005517378
2024-06-18,159995.SZ,124000,0.893,110732.0,0.86969533035,0.11600580831489156
2024-06-19,510880.SH,36700,2.903,106540.1,2.8051222189597964,0.11181184846419176
2024-06-19,512660.SH,119900,0.898,107670.2,0.89971933485,0.11299786734299311
2024-06-19,159995.SZ,124000,0.891,110484.0,0.86969533035,0.11595089797848662
2024-06-20,510880.SH,36700,2.909,106760.29999999999,2.8051222189597964,0.11227129226330759
2024-06-20,512660.SH,119900,0.88,105512.0,0.89971933485,0.1109585547182437
2024-06-20,159995.SZ,124000,0.891,110484.0,0.86969533035,0.11618721054942031
2024-06-21,510880.SH,36700,2.914,106943.8,2.8051222189597964,0.11237028328894497
2024-06-21,512660.SH,119900,0.882,105751.8,0.89971933485,0.11111779948268016
2024-06-21,159995.SZ,124000,0.894,110856.0,0.86969533035,0.11648099398262717
2024-06-24,510880.SH,37000,2.872,106264.0,2.8060870631303922,0.11247183003477881
2024-06-24,159995.SZ,121100,0.871,105478.1,0.86969533035,0.11164001859135177
2024-06-24,588080.SH,142000,0.743,105506.0,0.7586065137,0.11166954847972384
2024-06-25,510880.SH,37000,2.885,106744.99999999999,2.8060870631303922,0.11379517216647905
2024-06-25,159995.SZ,121100,0.837,101360.7,0.86969533035,0.1080552560533499
2024-06-25,588080.SH,142000,0.721,102382.0,0.7586065137,0.10914400971238428
2024-06-26,510880.SH,37000,2.893,107040.99999999999,2.8060870631303922,0.11352904073619617
2024-06-26,159995.SZ,121100,0.859,104024.9,0.86969533035,0.11033012686427382
2024-06-26,588080.SH,142000,0.734,104228.0,0.7586065137,0.11054553729741179
2024-06-27,510880.SH,37000,2.893,107040.99999999999,2.8060870631303922,0.11397683606534016
2024-06-27,159995.SZ,121100,0.846,102450.59999999999,0.86969533035,0.10908899618833662
2024-06-27,588080.SH,142000,0.719,102098.0,0.7586065137,0.1087135490942639
2024-06-28,510880.SH,37000,2.916,107892.0,2.8060870631303922,0.1147840757752114
2024-06-28,159995.SZ,121100,0.848,102692.8,0.86969533035,0.10925275402039658
2024-06-28,588080.SH,142000,0.717,101814.0,0.7586065137,0.10831781680733857
2024-07-01,510880.SH,36500,2.984,108916.0,2.8060870631303922,0.1155682831166374
2024-07-01,159995.SZ,125300,0.847,106129.09999999999,0.8690557654061053,0.11261116709862574
2024-07-01,510300.SH,32400,3.29,106596.0,3.2786212913999995,0.11310658403816777
2024-07-02,510880.SH,36500,2.986,108989.00000000001,2.8060870631303922,0.1158878001279436
2024-07-02,159995.SZ,125300,0.832,104249.59999999999,0.8690557654061053,0.11084840496029935
2024-07-02,510300.SH,32400,3.285,106434.0,3.2786212913999995,0.1131710734002289
2024-07-03,510880.SH,36500,2.964,108186.0,2.8060870631303922,0.11503336015401973
2024-07-03,159995.SZ,125300,0.84,105252.0,0.8690557654061053,0.11191366002006622
2024-07-03,510300.SH,32400,3.279,106239.59999999999,3.2786212913999995,0.11296376767251765
2024-07-04,510880.SH,36500,2.95,107675.0,2.8060870631303922,0.11474925663939806
2024-07-04,159995.SZ,125300,0.831,104124.29999999999,0.8690557654061053,0.11096527534801648
2024-07-04,510300.SH,32400,3.264,105753.59999999999,3.2786212913999995,0.11270162049631062
2024-07-05,510880.SH,36500,2.933,107054.5,2.8060870631303922,0.11421530808637455
2024-07-05,159995.SZ,125300,0.832,104249.59999999999,0.8690557654061053,0.11122279009178793
2024-07-05,510300.SH,32400,3.247,105202.8,3.2786212913999995,0.11223974903950086
2024-07-08,510880.SH,36200,2.922,105776.40000000001,2.8060870631303922,0.11310697142329558
2024-07-08,510300.SH,32700,3.223,105392.09999999999,3.278434735209786,0.11269603846359971
2024-07-08,512660.SH,125500,0.834,104667.0,0.8466769269,0.11192068720397062
2024-07-09,510880.SH,36200,2.948,106717.59999999999,2.8060870631303922,0.1136536988729167
2024-07-09,510300.SH,32700,3.26,106602.0,3.278434735209786,0.11353058546341623
2024-07-09,512660.SH,125500,0.847,106298.5,0.8466769269,0.11320735951373284
2024-07-10,510880.SH,36200,2.882,104328.40000000001,2.8060870631303922,0.11143870895824477
2024-07-10,510300.SH,32700,3.252,106340.4,3.278434735209786,0.11358783309341781
2024-07-10,512660.SH,125500,0.846,106173.0,0.8466769269,0.11340902425632639
2024-07-11,510880.SH,36200,2.877,104147.4,2.8060870631303922,0.1107769531280134
2024-07-11,510300.SH,32700,3.298,107844.6,3.278434735209786,0.11470950018252357
2024-07-11,512660.SH,125500,0.867,108808.5,0.8466769269,0.11573475770330749
2024-07-12,510880.SH,36200,2.873,104002.6,2.8060870631303922,0.11066057778674794
2024-07-12,510300.SH,32700,3.308,108171.59999999999,3.278434735209786,0.1150964663971572
2024-07-12,512660.SH,125500,0.863,108306.5,0.8466769269,0.1152400023466761
2024-07-15,510880.SH,37100,2.91,107961.0,2.807734281275477,0.11465543672907023
2024-07-15,510300.SH,32200,3.315,106743.0,3.278434735209786,0.11336191108614355
2024-07-15,159995.SZ,120900,0.883,106754.7,0.880704132,0.11337433657877265
2024-07-16,510880.SH,37100,2.897,107478.7,2.807734281275477,0.11365191202361721
2024-07-16,510300.SH,32200,3.34,107548.0,3.278434735209786,0.11372519238059248
2024-07-16,159995.SZ,120900,0.914,110502.6,0.880704132,0.11684949458433126
2024-07-17,510880.SH,37100,2.884,106996.4,2.807734281275477,0.11333980610619546
2024-07-17,510300.SH,32200,3.345,107709.0,3.278434735209786,0.11409465342658451
2024-07-17,159995.SZ,120900,0.903,109172.7,0.880704132,0.11564513058467243
2024-07-18,510880.SH,37100,2.888,107144.8,2.807734281275477,0.1133689400373871
2024-07-18,510300.SH,32200,3.366,108385.2,3.278434735209786,0.11468139601492752
2024-07-18,159995.SZ,120900,0.905,109414.5,0.880704132,0.11577048899919258
2024-07-19,510880.SH,37100,2.865,106291.50000000001,2.807734281275477,0.11213517028580418
2024-07-19,510300.SH,32200,3.389,109125.79999999999,3.278434735209786,0.11512529379653695
2024-07-19,159995.SZ,120900,0.929,112316.1,0.880704132,0.11849098939555289
2024-07-22,510300.SH,31700,3.36,106512.0,3.278434735209786,0.11245620446106845
2024-07-22,159995.SZ,115000,0.93,106950.0,0.880704132,0.11291864829419475
2024-07-22,512660.SH,120500,0.895,107847.5,0.8917129336500002,0.11386623582896838
2024-07-23,510300.SH,31700,3.29,104293.0,3.278434735209786,0.11130932191496808
2024-07-23,159995.SZ,115000,0.887,102005.0,0.880704132,0.10886739648812786
2024-07-23,512660.SH,120500,0.87,104835.0,0.8917129336500002,0.11188778501870383
2024-07-24,510300.SH,31700,3.268,103595.59999999999,3.278434735209786,0.11071340348796682
2024-07-24,159995.SZ,115000,0.879,101085.0,0.880704132,0.10803030622517874
2024-07-24,512660.SH,120500,0.873,105196.5,0.8917129336500002,0.11242429746072133
2024-07-25,510300.SH,31700,3.248,102961.6,3.278434735209786,0.11031850386597264
2024-07-25,159995.SZ,115000,0.871,100165.0,0.880704132,0.10732207871415313
2024-07-25,512660.SH,120500,0.866,104353.0,0.8917129336500002,0.11180932341694226
2024-07-26,510300.SH,31700,3.263,103437.09999999999,3.278434735209786,0.11026384918279755
2024-07-26,159995.SZ,115000,0.878,100970.0,0.880704132,0.10763392295401814
2024-07-26,512660.SH,120500,0.895,107847.5,0.8917129336500002,0.11496533134379985
2024-07-29,510300.SH,32600,3.243,105721.8,3.2780965538696383,0.11291264684923943
2024-07-29,159995.SZ,120900,0.862,104215.8,0.8806837736145574,0.11130421371477753
2024-07-29,512660.SH,118200,0.902,106616.40000000001,0.8917129336500002,0.11386809457971063
2024-07-30,510300.SH,32600,3.22,104972.0,3.2780965538696383,0.11200068636831402
2024-07-30,159995.SZ,120900,0.871,105303.9,0.8806837736145574,0.11235480963743
2024-07-30,512660.SH,118200,0.907,107207.40000000001,0.8917129336500002,0.11438576366804852
2024-07-31,510300.SH,32600,3.297,107482.20000000001,3.2780965538696383,0.11370399670577266
2024-07-31,159995.SZ,120900,0.904,109293.6,0.8806837736145574,0.11562025278941103
2024-07-31,512660.SH,118200,0.92,108744.0,0.8917129336500002,0.11503883822412028
2024-08-01,510300.SH,32600,3.272,106667.2,3.2780965538696383,0.11285316065057883
2024-08-01,159995.SZ,120900,0.908,109777.2,0.8806837736145574,0.11614351916400471
2024-08-01,512660.SH,118200,0.922,108980.40000000001,0.8917129336500002,0.11530051026898937
2024-08-02,510300.SH,32600,3.236,105493.6,3.2780965538696383,0.11222165205439444
2024-08-02,159995.SZ,120900,0.884,106875.6,0.8806837736145574,0.11369179169451643
2024-08-02,512660.SH,118200,0.913,107916.6,0.8917129336500002,0.11479918342054175
2024-08-05,159995.SZ,121600,0.844,102630.4,0.8806831725328946,0.11025667015494868
2024-08-05,512660.SH,116900,0.884,103339.6,0.8917129336500002,0.1110185694603581
2024-08-05,512880.SH,130400,0.812,105884.8,0.8146513220999999,0.11375289843967003
2024-08-06,159995.SZ,121600,0.849,103238.4,0.8806831725328946,0.11048598610042566
2024-08-06,512660.SH,116900,0.906,105911.40000000001,0.8917129336500002,0.11334663718419333
2024-08-06,512880.SH,130400,0.815,106276.0,0.8146513220999999,0.11373683298858601
2024-08-07,159995.SZ,121600,0.838,101900.8,0.8806831725328946,0.10920503719663598
2024-08-07,512660.SH,116900,0.912,106612.8,0.8917129336500002,0.1142547927949291
2024-08-07,512880.SH,130400,0.81,105624.0,0.8146513220999999,0.11319511572880171
2024-08-08,159995.SZ,121600,0.841,102265.59999999999,0.8806831725328946,0.10990624166275555
2024-08-08,512660.SH,116900,0.883,103222.7,0.8917129336500002,0.11093485014787101
2024-08-08,512880.SH,130400,0.813,106015.2,0.8146513220999999,0.11393598816342311
2024-08-09,159995.SZ,121600,0.844,102630.4,0.8806831725328946,0.11050220510944653
2024-08-09,512660.SH,116900,0.873,102053.7,0.8917129336500002,0.10988127191921618
2024-08-09,512880.SH,130400,0.806,105102.40000000001,0.8146513220999999,0.1131638087963712
2024-08-12,159995.SZ,124900,0.84,104916.0,0.8796858401120895,0.11317339008196282
2024-08-12,512660.SH,120600,0.865,104319.0,0.8911322827005391,0.11252940333181098
2024-08-12,512880.SH,130800,0.804,105163.20000000001,0.814655145274006,0.11344004590212622
2024-08-13,159995.SZ,124900,0.848,105915.2,0.8796858401120895,0.11380389153302048
2024-08-13,512660.SH,120600,0.875,105525.0,0.8911322827005391,0.11338462896753239
2024-08-13,512880.SH,130800,0.815,106602.0,0.814655145274006,0.11454184522337728
2024-08-14,159995.SZ,124900,0.836,104416.4,0.8796858401120895,0.11264625584604554
2024-08-14,512660.SH,120600,0.864,104198.4,0.8911322827005391,0.11241107359714175
2024-08-14,512880.SH,130800,0.808,105686.40000000001,0.814655145274006,0.11401635426855848
2024-08-15,159995.SZ,124900,0.84,104916.0,0.8796858401120895,0.11293685364611271
2024-08-15,512660.SH,120600,0.867,104560.2,0.8911322827005391,0.1125538526498177
2024-08-15,512880.SH,130800,0.817,106863.59999999999,0.814655145274006,0.11503334813847962
2024-08-16,159995.SZ,124900,0.837,104541.3,0.8796858401120895,0.11281954627243963
2024-08-16,512660.SH,120600,0.856,103233.59999999999,0.8911322827005391,0.11140829425375927
2024-08-16,512880.SH,130800,0.812,106209.6,0.814655145274006,0.1146199528968676
2024-08-19,159995.SZ,125000,0.839,104875.0,0.8796936270399999,0.11321122069645473
2024-08-19,512660.SH,123100,0.853,105004.3,0.8903868261062959,0.11335079839215009
2024-08-19,512880.SH,129500,0.811,105024.5,0.814655145274006,0.11337260403370497
2024-08-20,159995.SZ,125000,0.825,103125.0,0.8796936270399999,0.11183524642645355
2024-08-20,512660.SH,123100,0.839,103280.9,0.8903868261062959,0.11200431420747546
2024-08-20,512880.SH,129500,0.805,104247.5,0.814655145274006,0.1130525561390712
2024-08-21,159995.SZ,125000,0.821,102625.0,0.8796936270399999,0.11150620456232078
2024-08-21,512660.SH,123100,0.834,102665.4,0.8903868261062959,0.11155010079291096
2024-08-21,512880.SH,129500,0.8,103600.0,0.814655145274006,0.1125655814144354
2024-08-22,159995.SZ,125000,0.807,100875.0,0.8796936270399999,0.11004396516152103
2024-08-22,512660.SH,123100,0.831,102296.09999999999,0.8903868261062959,0.11159423508856972
2024-08-22,512880.SH,129500,0.788,102046.0,0.814655145274006,0.11132140241757199
2024-08-23,159995.SZ,125000,0.801,100125.0,0.8796936270399999,0.1091924891730779
2024-08-23,512660.SH,123100,0.832,102419.2,0.8903868261062959,0.11169445580140125
2024-08-23,512880.SH,129500,0.795,102952.5,0.814655145274006,0.11227605235047493
2024-08-26,159995.SZ,129600,0.801,103809.6,0.876953284567901,0.11326708238174027
2024-08-26,512880.SH,130600,0.795,103827.0,0.8145312294256032,0.11328606759344942
2024-08-26,510300.SH,32600,3.183,103765.79999999999,3.1865476776,0.113219292021231
2024-08-27,159995.SZ,129600,0.788,102124.8,0.876953284567901,0.11181348103117193
2024-08-27,512880.SH,130600,0.788,102912.8,0.8145312294256032,0.11267623937246184
2024-08-27,510300.SH,32600,3.166,103211.59999999999,3.1865476776,0.11300338682471744
2024-08-28,159995.SZ,129600,0.787,101995.2,0.876953284567901,0.11175123767632021
2024-08-28,512880.SH,130600,0.789,103043.40000000001,0.8145312294256032,0.11289970002878699
2024-08-28,510300.SH,32600,3.146,102559.59999999999,3.1865476776,0.1123696236253111
2024-08-29,159995.SZ,129600,0.795,103032.0,0.876953284567901,0.11271877954901956
2024-08-29,512880.SH,130600,0.794,103696.40000000001,0.8145312294256032,0.11344564457282157
2024-08-29,510300.SH,32600,3.136,102233.6,3.1865476776,0.11184531622119968
2024-08-30,159995.SZ,129600,0.822,106531.2,0.876953284567901,0.11558865583047388
2024-08-30,512880.SH,130600,0.814,106308.4,0.8145312294256032,0.1153469130122288
2024-08-30,510300.SH,32600,3.181,103700.6,3.1865476776,0.11251739361627054
2024-09-02,159995.SZ,127100,0.793,100790.3,0.876953284567901,0.11036404468226045
2024-09-02,512880.SH,128800,0.793,102138.40000000001,0.8145312294256032,0.11184019634205467
2024-09-02,510300.SH,32800,3.121,102368.8,3.1866088807853656,0.11209248129303498
2024-09-03,159995.SZ,127100,0.798,101425.8,0.876953284567901,0.11084121277985658
2024-09-03,512880.SH,128800,0.799,102911.20000000001,0.8145312294256032,0.11246450327855809
2024-09-03,510300.SH,32800,3.133,102762.4,3.1866088807853656,0.11230189009274497
2024-09-04,159995.SZ,127100,0.79,100409.0,0.876953284567901,0.10995043904218983
2024-09-04,512880.SH,128800,0.798,102782.40000000001,0.8145312294256032,0.11254937312203063
2024-09-04,510300.SH,32800,3.112,102073.6,3.1866088807853656,0.11177321888094563
2024-09-05,159995.SZ,127100,0.789,100281.90000000001,0.876953284567901,0.1096752031873578
2024-09-05,512880.SH,128800,0.806,103812.8,0.8145312294256032,0.11353683898538557
2024-09-05,510300.SH,32800,3.119,102303.20000000001,3.1866088807853656,0.1118858362946544
2024-09-06,159995.SZ,127100,0.777,98756.7,0.876953284567901,0.10825069204048227
2024-09-06,512880.SH,128800,0.809,104199.20000000001,0.8145312294256032,0.11421640769754986
2024-09-06,510300.SH,32800,3.091,101384.8,3.1866088807853656,0.1111314448780274
2024-09-09,512880.SH,128700,0.808,103989.6,0.8145312294256032,0.11427480267521148
2024-09-09,510300.SH,33400,3.05,101870.0,3.1848890895137725,0.11194556136886566
2024-09-09,512660.SH,127000,0.811,102997.0,0.8126497218,0.11318402850995442
2024-09-10,512880.SH,128700,0.805,103603.5,0.8145312294256032,0.11380350522707693
2024-09-10,510300.SH,33400,3.05,101870.0,3.1848890895137725,0.11189933812547188
2024-09-10,512660.SH,127000,0.817,103759.0,0.8126497218,0.11397431456327513
2024-09-11,512880.SH,128700,0.804,103474.8,0.8145312294256032,0.1137232825592323
2024-09-11,510300.SH,33400,3.043,101636.20000000001,3.1848890895137725,0.11170258160292793
2024-09-11,512660.SH,127000,0.816,103632.0,0.8126497218,0.11389605216128333
2024-09-12,512880.SH,128700,0.803,103346.1,0.8145312294256032,0.11370731732621338
2024-09-12,510300.SH,33400,3.032,101268.8,3.1848890895137725,0.11142175250778537
2024-09-12,512660.SH,127000,0.812,103124.0,0.8126497218,0.11346295014469272
2024-09-13,512880.SH,128700,0.805,103603.5,0.8145312294256032,0.11413275030512952
2024-09-13,510300.SH,33400,3.017,100767.8,3.1848890895137725,0.11100885738606545
2024-09-13,512660.SH,127000,0.805,102235.0,0.8126497218,0.11262516929876806
2024-09-18,512880.SH,127900,0.806,103087.40000000001,0.8145312294256032,0.11350766519126022
2024-09-18,510300.SH,34000,3.027,102918.0,3.182082364404706,0.1133211419257263
2024-09-18,512660.SH,127900,0.805,102959.5,0.8126237374401877,0.11336683682253657
2024-09-19,512880.SH,127900,0.816,104366.4,0.8145312294256032,0.1146225260785197
2024-09-19,510300.SH,34000,3.054,103836.0,3.182082364404706,0.11404000346748734
2024-09-19,512660.SH,127900,0.806,103087.40000000001,0.8126237374401877,0.11321783825893
2024-09-20,512880.SH,127900,0.816,104366.4,0.8145312294256032,0.1148258782297655
2024-09-20,510300.SH,34000,3.063,104142.0,3.182082364404706,0.11457898912489307
2024-09-20,512660.SH,127900,0.791,101168.90000000001,0.8126237374401877,0.1113079285290987
2024-09-23,512880.SH,126000,0.816,102816.0,0.8145312294256032,0.11312894144988951
2024-09-23,510300.SH,33600,3.072,103219.2,3.182082364404706,0.11357258435753613
2024-09-23,510500.SH,23300,4.414,102846.2,4.409525460899999,0.11316217065576979
2024-09-24,512880.SH,126000,0.866,109116.0,0.8145312294256032,0.11797382225886864
2024-09-24,510300.SH,33600,3.216,108057.6,3.182082364404706,0.11682950342864407
2024-09-24,510500.SH,23300,4.626,107785.8,4.409525460899999,0.11653563923924964
2024-09-25,512880.SH,126000,0.882,111132.0,0.8145312294256032,0.11958621273820703
2024-09-25,510300.SH,33600,3.263,109636.8,3.182082364404706,0.11797726747234151
2024-09-25,510500.SH,23300,4.66,108578.0,4.409525460899999,0.11683792073110394
2024-09-26,512880.SH,126000,0.938,118188.0,0.8145312294256032,0.12470818633731633
2024-09-26,510300.SH,33600,3.429,115214.4,3.182082364404706,0.12157053900516208
2024-09-26,510500.SH,23300,4.908,114356.40000000001,4.409525460899999,0.12066520492828951
2024-09-27,512880.SH,126000,1.006,126756.0,0.8145312294256032,0.13013369115336051
2024-09-27,510300.SH,33600,3.658,122908.8,3.182082364404706,0.12618397408588278
2024-09-27,510500.SH,23300,5.34,124422.0,4.409525460899999,0.12773749661304729
2024-09-30,512880.SH,102700,1.107,113688.9,0.8145312294256032,0.11199573700197807
2024-09-30,510500.SH,20000,5.842,116840.0,4.409525460899999,0.1150999078301498
2024-09-30,159915.SZ,56400,2.232,125884.80000000002,2.0016002999999998,0.1240100040843619
2024-10-08,512880.SH,102700,1.218,125088.59999999999,0.8145312294256032,0.11837751782354809
2024-10-08,510500.SH,20000,6.093,121860.0,4.409525460899999,0.11532213424706625
2024-10-08,159915.SZ,56400,2.678,151039.19999999998,2.0016002999999998,0.14293585178868773
2024-10-09,512880.SH,102700,1.179,121083.3,0.8145312294256032,0.11865833860204558
2024-10-09,510500.SH,20000,5.71,114200.0,4.409525460899999,0.11191289193764628
2024-10-09,159915.SZ,56400,2.242,126448.8,2.0016002999999998,0.12391638257482528
2024-10-10,512880.SH,102700,1.113,114305.1,0.8145312294256032,0.11335933151181084
2024-10-10,510500.SH,20000,5.636,112720.0,4.409525460899999,0.111787346741408
2024-10-10,159915.SZ,56400,2.174,122613.59999999999,2.0016002999999998,0.12159908639471526
2024-10-11,512880.SH,102700,1.116,114613.20000000001,0.8145312294256032,0.11489335570572416
2024-10-11,510500.SH,20000,5.403,108059.99999999999,4.409525460899999,0.10832413733811246
2024-10-11,159915.SZ,56400,2.06,116184.0,2.0016002999999998,0.11646799530345418
2024-10-14,512880.SH,292600,1.124,328882.4,1.0179114942057568,0.3249506540954254
2024-10-14,510500.SH,60800,5.54,336832.0,5.088502520559867,0.33280521767133275
2024-10-14,159915.SZ,158700,2.116,335809.2,2.0519203045173913,0.331794645111023
2024-10-15,512880.SH,292600,1.087,318056.2,1.0179114942057568,0.32409340652583435
2024-10-15,510500.SH,60800,5.398,328198.39999999997,5.088502520559867,0.33442812142108336
2024-10-15,159915.SZ,158700,2.045,324541.5,2.0519203045173913,0.33070180771198315
2024-10-16,512880.SH,292600,1.094,320104.4,1.0179114942057568,0.3279843160725681
2024-10-16,510500.SH,60800,5.393,327894.39999999997,5.088502520559867,0.3359660802164077
2024-10-16,159915.SZ,158700,2.0,317400.0,2.0519203045173913,0.3252133426514384
2024-10-17,512880.SH,292600,1.088,318348.80000000005,1.0179114942057568,0.32794093567652355
2024-10-17,510500.SH,60800,5.349,325219.2,5.088502520559867,0.33501834700796873
2024-10-17,159915.SZ,158700,1.995,316606.5,2.0519203045173913,0.3261461386104463
2024-10-18,512880.SH,292600,1.169,342049.4,1.0179114942057568,0.33070946605945656
2024-10-18,510500.SH,60800,5.584,339507.19999999995,5.088502520559867,0.32825154739444395
2024-10-18,159915.SZ,158700,2.156,342157.2,2.0519203045173913,0.33081369217545387
2024-10-21,512880.SH,296600,1.137,337234.2,1.0196500108044655,0.327767489501744
2024-10-21,159915.SZ,157000,2.167,340219.0,2.0519203045173913,0.3306685013287319
2024-10-21,588080.SH,337500,1.01,340875.0,1.0068049508999999,0.3313060863456523
2024-10-22,512880.SH,296600,1.146,339903.6,1.0196500108044655,0.3306188968936365
2024-10-22,159915.SZ,157000,2.175,341475.0,2.0519203045173913,0.33214737301033154
2024-10-22,588080.SH,337500,0.996,336150.0,1.0068049508999999,0.3269678290868232
2024-10-23,512880.SH,296600,1.14,338124.0,1.0196500108044655,0.3307686330060066
2024-10-23,159915.SZ,157000,2.162,339434.0,2.0519203045173913,0.3320501359730775
2024-10-23,588080.SH,337500,0.99,334125.0,1.0068049508999999,0.3268566250935514
2024-10-24,512880.SH,296600,1.138,337530.8,1.0196500108044655,0.3322410257657314
2024-10-24,159915.SZ,157000,2.132,334724.0,2.0519203045173913,0.32947821386495296
2024-10-24,588080.SH,337500,0.987,333112.5,1.0068049508999999,0.3278919692525458
2024-10-25,512880.SH,296600,1.147,340200.2,1.0196500108044655,0.3288940092260349
2024-10-25,159915.SZ,157000,2.196,344772.0,2.0519203045173913,0.3333138703295251
2024-10-25,588080.SH,337500,1.004,338850.0,1.0068049508999999,0.32758868168285005
2024-10-28,512880.SH,297300,1.149,341597.7,1.0199656720639234,0.3314389833284275
2024-10-28,159915.SZ,155400,2.188,340015.2,2.0519203045173913,0.329903545030344
2024-10-28,588080.SH,339700,0.995,338001.5,1.006798275621872,0.32794973011669426
2024-10-29,512880.SH,297300,1.136,337732.8,1.0199656720639234,0.3326917752355414
2024-10-29,159915.SZ,155400,2.135,331778.99999999994,2.0519203045173913,0.32682684209491253
2024-10-29,588080.SH,339700,0.985,334604.5,1.006798275621872,0.32961016847283037
2024-10-30,512880.SH,297300,1.133,336840.9,1.0199656720639234,0.3353599045778306
2024-10-30,159915.SZ,155400,2.111,328049.4,2.0519203045173913,0.32660705834954895
2024-10-30,588080.SH,339700,0.967,328489.89999999997,1.006798275621872,0.32704562159399614
2024-10-31,512880.SH,297300,1.166,346651.8,1.0199656720639234,0.33985042862640824
2024-10-31,159915.SZ,155400,2.122,329758.8,2.0519203045173913,0.32328887235932435
2024-10-31,588080.SH,339700,0.979,332566.3,1.006798275621872,0.3260412886986269
2024-11-01,512880.SH,297300,1.153,342786.9,1.0199656720639234,0.3426527728842656
2024-11-01,159915.SZ,155400,2.084,323853.60000000003,2.0519203045173913,0.3237268811863925
2024-11-01,588080.SH,339700,0.95,322715.0,1.006798275621872,0.3225887267026417
2024-11-04,512880.SH,284700,1.198,341070.6,1.0199656720639234,0.33194547230492416
2024-11-04,159915.SZ,158600,2.145,340197.0,2.052559551841126,0.3310952449191408
2024-11-04,588080.SH,348500,0.963,335605.5,1.0053146084038735,0.32662658759104485
2024-11-05,512880.SH,284700,1.265,360145.5,1.0199656720639234,0.3341809317688025
2024-11-05,159915.SZ,158600,2.249,356691.4,2.052559551841126,0.3309758539421391
2024-11-05,588080.SH,348500,1.005,350242.49999999994,1.0053146084038735,0.32499188521037964
2024-11-06,512880.SH,284700,1.257,357867.89999999997,1.0199656720639234,0.3339430699344167
2024-11-06,159915.SZ,158600,2.223,352567.8,2.052559551841126,0.3289973017753854
2024-11-06,588080.SH,348500,1.006,350591.0,1.0053146084038735,0.3271526583730396
2024-11-07,512880.SH,284700,1.364,388330.80000000005,1.0199656720639234,0.3445339418474708
2024-11-07,159915.SZ,158600,2.306,365731.60000000003,2.052559551841126,0.3244835326123564
2024-11-07,588080.SH,348500,1.04,362440.0,1.0053146084038735,0.32156316697824977
2024-11-08,512880.SH,284700,1.32,375804.0,1.0199656720639234,0.33853503686994973
2024-11-08,159915.SZ,158600,2.282,361925.2,2.052559551841126,0.3260326152094281
2024-11-08,588080.SH,348500,1.038,361743.0,1.0053146084038735,0.3258684842163634
2024-11-11,512880.SH,278900,1.321,368426.89999999997,1.0199656720639234,0.323885902832369
2024-11-11,159915.SZ,161100,2.349,378423.9,2.055671988963393,0.3326743147822435
2024-11-11,588080.SH,349300,1.085,378990.5,1.0054049705947607,0.3331724156335788
2024-11-12,512880.SH,278900,1.289,359502.1,1.0199656720639234,0.3209075611678954
2024-11-12,159915.SZ,161100,2.345,377779.50000000006,2.055671988963393,0.3372227811860542
2024-11-12,588080.SH,349300,1.063,371305.89999999997,1.0054049705947607,0.33144415795137344
2024-11-13,512880.SH,278900,1.286,358665.4,1.0199656720639234,0.3181708870818579
2024-11-13,159915.SZ,161100,2.372,382129.19999999995,2.055671988963393,0.33898554626089017
2024-11-13,588080.SH,349300,1.073,374798.89999999997,1.0054049705947607,0.3324828614366051
2024-11-14,512880.SH,278900,1.265,352808.5,1.0199656720639234,0.32200603345172424
2024-11-14,159915.SZ,161100,2.288,368596.8,2.055671988963393,0.3364159126296518
2024-11-14,588080.SH,349300,1.038,362573.4,1.0054049705947607,0.33091839445224647
2024-11-15,512880.SH,278900,1.215,338863.5,1.0199656720639234,0.32143874241137593
2024-11-15,159915.SZ,161100,2.204,355064.4,2.055671988963393,0.3368065731807933
2024-11-15,588080.SH,349300,0.998,348601.4,1.0054049705947607,0.3306759082015178
2024-11-18,512880.SH,286400,1.199,343393.60000000003,1.0251064322228642,0.33199959080118446
2024-11-18,159915.SZ,157800,2.149,339112.2,2.055671988963393,0.32786025026584487
2024-11-18,588080.SH,347900,0.979,340594.1,1.0054049705947607,0.3292929799195375
2024-11-19,512880.SH,286400,1.225,350840.0,1.0251064322228642,0.3301658258443568
2024-11-19,159915.SZ,157800,2.215,349527.0,2.055671988963393,0.32893019783918737
2024-11-19,588080.SH,347900,1.009,351031.1,1.0054049705947607,0.3303456647718418
2024-11-20,512880.SH,286400,1.225,350840.0,1.0251064322228642,0.32934325613979293
2024-11-20,159915.SZ,157800,2.223,350789.39999999997,2.055671988963393,0.3292957565138646
2024-11-20,588080.SH,347900,1.013,352422.69999999995,1.0054049705947607,0.3308289806053397
2024-11-21,512880.SH,286400,1.237,354276.80000000005,1.0251064322228642,0.33063891260161776
2024-11-21,159915.SZ,157800,2.223,350789.39999999997,2.055671988963393,0.3273841972383569
2024-11-21,588080.SH,347900,1.021,355205.89999999997,1.0054049705947607,0.33150602163528337
2024-11-22,512880.SH,286400,1.178,337379.19999999995,1.0251064322228642,0.3284143912070284
2024-11-22,159915.SZ,157800,2.136,337060.80000000005,2.055671988963393,0.3281044517022804
2024-11-22,588080.SH,347900,0.982,341637.8,1.0054049705947607,0.33255983208303463
2024-11-25,512880.SH,287800,1.167,335862.60000000003,1.025865552774942,0.32971604601094257
2024-11-25,159915.SZ,158300,2.132,337495.60000000003,2.0559733092762063,0.33131916080590895
2024-11-25,588080.SH,345400,0.968,334347.2,1.0054049705947607,0.3282283790419946
2024-11-26,512880.SH,287800,1.167,335862.60000000003,1.025865552774942,0.33168887203227093
2024-11-26,159915.SZ,158300,2.109,333854.7,2.0559733092762063,0.3297059239869881
2024-11-26,588080.SH,345400,0.961,331929.39999999997,1.0054049705947607,0.32780454948049725
2024-11-27,512880.SH,287800,1.196,344208.8,1.025865552774942,0.3303717533102011
2024-11-27,159915.SZ,158300,2.165,342719.5,2.0559733092762063,0.3289423225338674
2024-11-27,588080.SH,345400,0.996,344018.4,1.0054049705947607,0.3301890073088488
2024-11-28,512880.SH,287800,1.184,340755.2,1.025865552774942,0.33022698196645384
2024-11-28,159915.SZ,158300,2.128,336862.4,2.0559733092762063,0.32645445671841944
2024-11-28,588080.SH,345400,0.994,343327.6,1.0054049705947607,0.33271990324369477
2024-11-29,512880.SH,287800,1.216,349964.8,1.025865552774942,0.3308422308906996
2024-11-29,159915.SZ,158300,2.179,344935.69999999995,2.0559733092762063,0.3260879279911725
2024-11-29,588080.SH,345400,1.019,351962.6,1.0054049705947607,0.33273086828758475
2024-12-02,512880.SH,287700,1.23,353871.0,1.025865552774942,0.33082327974812253
2024-12-02,159915.SZ,160000,2.211,353760.0,2.0572488816151466,0.3307195092101241
2024-12-02,588080.SH,341500,1.027,350720.49999999994,1.0054049705947607,0.32787797272141933
2024-12-03,512880.SH,287700,1.229,353583.30000000005,1.025865552774942,0.3324577477458934
2024-12-03,159915.SZ,160000,2.198,351680.0,2.0572488816151466,0.3306681642692847
2024-12-03,588080.SH,341500,1.016,346964.0,1.0054049705947607,0.3262339312657191
2024-12-04,512880.SH,287700,1.214,349267.8,1.025865552774942,0.33189080391370895
2024-12-04,159915.SZ,160000,2.17,347200.0,2.0572488816151466,0.32992588242843957
2024-12-04,588080.SH,341500,1.009,344573.49999999994,1.0054049705947607,0.32743005774468864
2024-12-05,512880.SH,287700,1.228,353295.6,1.025865552774942,0.3336529912141358
2024-12-05,159915.SZ,160000,2.177,348320.0,2.0572488816151466,0.3289540257498474
2024-12-05,588080.SH,341500,1.013,345939.49999999994,1.0054049705947607,0.326705877328001
2024-12-06,512880.SH,287700,1.244,357898.8,1.025865552774942,0.33279473832527684
2024-12-06,159915.SZ,160000,2.224,355840.00000000006,2.0572488816151466,0.3308803485389349
2024-12-06,588080.SH,341500,1.026,350379.0,1.0054049705947607,0.3258023989453784
2024-12-09,512880.SH,285300,1.232,351489.6,1.025865552774942,0.3301531339440258
2024-12-09,159915.SZ,159400,2.206,351636.39999999997,2.0572488816151466,0.3302910227466048
2024-12-09,588080.SH,345500,1.013,349991.49999999994,1.005640652556037,0.32874597307792464
2024-12-10,512880.SH,285300,1.244,354913.2,1.025865552774942,0.330597715367236
2024-12-10,159915.SZ,159400,2.221,354027.4,2.0572488816151466,0.32977260247689466
2024-12-10,588080.SH,345500,1.022,353101.0,1.005640652556037,0.32890967113617187
2024-12-11,512880.SH,285300,1.241,354057.30000000005,1.025865552774942,0.33063697117714025
2024-12-11,159915.SZ,159400,2.218,353549.2,2.0572488816151466,0.33016248118624014
2024-12-11,588080.SH,345500,1.018,351719.0,1.005640652556037,0.3284533460133503
2024-12-12,512880.SH,285300,1.259,359192.69999999995,1.025865552774942,0.33203616941683783
2024-12-12,159915.SZ,159400,2.248,358331.2,2.0572488816151466,0.33123980256430274
2024-12-12,588080.SH,345500,1.021,352755.49999999994,1.005640652556037,0.3260856497382083
2024-12-13,512880.SH,285300,1.219,347780.7,1.025865552774942,0.3297440723275939
2024-12-13,159915.SZ,159400,2.193,349564.2,2.0572488816151466,0.3314350763223419
2024-12-13,588080.SH,345500,1.001,345845.49999999994,1.005640652556037,0.3279092358091546
2024-12-16,512880.SH,285200,1.201,342525.2,1.025865552774942,0.32984721463547706
2024-12-16,159915.SZ,158600,2.158,342258.8,2.0572488816151466,0.3295906749765588
2024-12-16,588080.SH,347700,0.985,342484.5,1.00561617589333,0.32980802107647567
2024-12-17,512880.SH,285200,1.203,343095.60000000003,1.025865552774942,0.33093983796827214
2024-12-17,159915.SZ,158600,2.159,342417.39999999997,2.0572488816151466,0.33028566636679985
2024-12-17,588080.SH,347700,0.978,340050.6,1.00561617589333,0.3280027212969613
2024-12-18,512880.SH,285200,1.202,342810.39999999997,1.025865552774942,0.3293697010081795
2024-12-18,159915.SZ,158600,2.158,342258.8,2.0572488816151466,0.32883972780119364
2024-12-18,588080.SH,347700,0.991,344570.7,1.00561617589333,0.33106098425012526
2024-12-19,512880.SH,285200,1.198,341669.6,1.025865552774942,0.32678361526662375
2024-12-19,159915.SZ,158600,2.171,344320.6,2.0572488816151466,0.3293191155396121
2024-12-19,588080.SH,347700,1.002,348395.4,1.00561617589333,0.33321638317913416
2024-12-20,512880.SH,285200,1.203,343095.60000000003,1.025865552774942,0.3257438341927691
2024-12-20,159915.SZ,158600,2.169,344003.4,2.0572488816151466,0.32660572298609725
2024-12-20,588080.SH,347700,1.021,355001.69999999995,1.00561617589333,0.33704779339330243
2024-12-23,512880.SH,288800,1.188,343094.39999999997,1.028073467629548,0.3294779183264124
2024-12-23,159915.SZ,160300,2.147,344164.1,2.0584130453784297,0.33050516484875075
2024-12-23,588080.SH,339700,1.009,342757.3,1.00561617589333,0.329154196906687
2024-12-24,512880.SH,288800,1.209,349159.2,1.028073467629548,0.33048221306576947
2024-12-24,159915.SZ,160300,2.17,347851.0,2.0584130453784297,0.32924399041222735
2024-12-24,588080.SH,339700,1.025,348192.49999999994,1.00561617589333,0.32956722312602077
2024-12-25,512880.SH,288800,1.201,346848.80000000005,1.028073467629548,0.32939768972759914
2024-12-25,159915.SZ,160300,2.156,345606.80000000005,2.0584130453784297,0.32821817885530646
2024-12-25,588080.SH,339700,1.028,349211.60000000003,1.00561617589333,0.3316416094450333
2024-12-26,512880.SH,288800,1.204,347715.2,1.028073467629548,0.32839095280488695
2024-12-26,159915.SZ,160300,2.166,347209.8,2.0584130453784297,0.32791364037348447
2024-12-26,588080.SH,339700,1.038,352608.60000000003,1.00561617589333,0.3330124024523439
2024-12-27,512880.SH,288800,1.213,350314.4,1.028073467629548,0.3310330651627969
2024-12-27,159915.SZ,160300,2.163,346728.89999999997,2.0584130453784297,0.32764491139252305
2024-12-27,588080.SH,339700,1.03,349891.0,1.00561617589333,0.33063296913537144
2024-12-30,512880.SH,288100,1.225,352922.5,1.028073467629548,0.33231521297702576
2024-12-30,159915.SZ,161400,2.165,349431.0,2.0591300995920836,0.3290275830693002
2024-12-30,588080.SH,338200,1.03,348346.0,1.00561617589333,0.3280059366566173
2024-12-31,512880.SH,288100,1.17,337077.0,1.028073467629548,0.3253646640747551
2024-12-31,159915.SZ,161400,2.102,339262.8,2.0591300995920836,0.32747451459180194
2024-12-31,588080.SH,338200,1.03,348346.0,1.00561617589333,0.33624210275926464
2025-01-02,512880.SH,288100,1.106,318638.60000000003,1.028073467629548,0.3243081004201112
2025-01-02,159915.SZ,161400,2.019,325866.60000000003,2.0591300995920836,0.3316647074031841
2025-01-02,588080.SH,338200,0.966,326701.2,1.00561617589333,0.3325141573461936
2025-01-03,512880.SH,288100,1.076,309995.60000000003,1.028073467629548,0.32048913013658537
2025-01-03,159915.SZ,161400,1.978,319249.2,2.0591300995920836,0.3300559698421551
2025-01-03,588080.SH,338200,0.966,326701.2,1.00561617589333,0.3377602243469862
2025-01-06,512880.SH,101700,1.077,109530.9,1.028073467629548,0.11410184586671258
2025-01-06,159995.SZ,94900,1.141,108280.9,1.14591617175,0.1127996808399175
2025-01-06,510880.SH,36700,2.963,108742.1,2.9603668437,0.11328012764820382
2025-01-07,512880.SH,101700,1.089,110751.3,1.028073467629548,0.11469910880323127
2025-01-07,159995.SZ,94900,1.193,113215.70000000001,1.14591617175,0.11725135409276452
2025-01-07,510880.SH,36700,2.949,108228.29999999999,2.9603668437,0.11208617467504899
2025-01-08,512880.SH,101700,1.077,109530.9,1.028073467629548,0.1135823397113732
2025-01-08,159995.SZ,94900,1.195,113405.5,1.14591617175,0.11760025733503636
2025-01-08,510880.SH,36700,2.943,108008.1,2.9603668437,0.11200321284477685
2025-01-09,512880.SH,101700,1.073,109124.09999999999,1.028073467629548,0.11336467894380034
2025-01-09,159995.SZ,94900,1.198,113690.2,1.14591617175,0.11810821827677342
2025-01-09,510880.SH,36700,2.899,106393.3,2.9603668437,0.1105277596449495
2025-01-10,512880.SH,101700,1.054,107191.8,1.028073467629548,0.1117552854149565
2025-01-10,159995.SZ,94900,1.195,113405.5,1.14591617175,0.11823352178175801
2025-01-10,510880.SH,36700,2.866,105182.2,2.9603668437,0.10966013054704779
2025-01-13,512880.SH,104000,1.057,109928.0,1.028418930845433,0.11455045799064191
2025-01-13,159995.SZ,91700,1.186,108756.2,1.14591617175,0.11332938395424141
2025-01-13,588080.SH,114300,0.961,109842.3,0.9477577420499999,0.11446115431687547
2025-01-14,512880.SH,104000,1.103,114712.0,1.028418930845433,0.11804037614378063
2025-01-14,159995.SZ,91700,1.229,112699.3,1.14591617175,0.11596927752232353
2025-01-14,588080.SH,114300,0.991,113271.3,0.9477577420499999,0.11655787413954093
2025-01-15,512880.SH,104000,1.09,113360.00000000001,1.028418930845433,0.11689714745412061
2025-01-15,159995.SZ,91700,1.225,112332.50000000001,1.14591617175,0.11583758659483066
2025-01-15,588080.SH,114300,0.988,112928.4,0.9477577420499999,0.11645208033307967
2025-01-16,512880.SH,104000,1.092,113568.00000000001,1.028418930845433,0.11771167817603763
2025-01-16,159995.SZ,91700,1.195,109581.5,1.14591617175,0.11357972546885976
2025-01-16,588080.SH,114300,0.967,110528.09999999999,0.9477577420499999,0.11456086341759036
2025-01-17,512880.SH,104000,1.094,113776.00000000001,1.028418930845433,0.11751133629292033
2025-01-17,159995.SZ,91700,1.22,111874.0,1.14591617175,0.11554689245916686
2025-01-17,588080.SH,114300,0.975,111442.5,0.9477577420499999,0.11510122604788156
2025-01-20,512880.SH,99200,1.099,109020.8,1.028418930845433,0.11254689871206022
2025-01-20,159995.SZ,89700,1.219,109344.3,1.14591617175,0.11288086178821956
2025-01-20,588080.SH,112600,0.975,109785.0,0.9477577420499999,0.11333581550588082
2025-01-21,512880.SH,99200,1.103,109417.59999999999,1.028418930845433,0.11265159510664359
2025-01-21,159995.SZ,89700,1.23,110331.0,1.14591617175,0.11359199196208923
2025-01-21,588080.SH,112600,0.986,111023.6,0.9477577420499999,0.1143050627548215
2025-01-22,512880.SH,99200,1.097,108822.4,1.028418930845433,0.11214895546195784
2025-01-22,159995.SZ,89700,1.226,109972.2,1.14591617175,0.11333390331267754
2025-01-22,588080.SH,112600,0.986,111023.6,0.9477577420499999,0.11441744320678669
2025-01-23,512880.SH,99200,1.101,109219.2,1.028418930845433,0.1128068456194921
2025-01-23,159995.SZ,89700,1.209,108447.3,1.14591617175,0.11200959015402737
2025-01-23,588080.SH,112600,0.977,110010.2,0.9477577420499999,0.11362382848408933
2025-01-24,512880.SH,99200,1.114,110508.8,1.028418930845433,0.11380752697452942
2025-01-24,159995.SZ,89700,1.216,109075.2,1.14591617175,0.11233113350477239
2025-01-24,588080.SH,112600,0.985,110911.0,0.9477577420499999,0.114221732787543
2025-01-27,159995.SZ,90700,1.181,107116.70000000001,1.1467176086656559,0.11124634889175847
2025-01-27,588080.SH,111500,0.966,107709.0,0.9477577420499999,0.11186148371619375
2025-01-27,159915.SZ,52700,2.028,106875.6,2.0876691128999996,0.11099595381127332
2025-02-05,159995.SZ,90700,1.22,110654.0,1.1467176086656559,0.11418177823484034
2025-02-05,588080.SH,111500,0.992,110608.0,0.9477577420499999,0.11413431170133226
2025-02-05,159915.SZ,52700,2.024,106664.8,2.0876691128999996,0.11006539789852691
2025-02-06,159995.SZ,90700,1.266,114826.2,1.1467176086656559,0.1172341014287173
2025-02-06,588080.SH,111500,1.021,113841.49999999999,0.9477577420499999,0.11622875230389336
2025-02-06,159915.SZ,52700,2.08,109616.0,2.0876691128999996,0.11191464371554816
2025-02-07,159995.SZ,90700,1.273,115461.09999999999,1.1467176086656559,0.11737724332734349
2025-02-07,588080.SH,111500,1.029,114733.49999999999,0.9477577420499999,0.11663756838708245
2025-02-07,159915.SZ,52700,2.131,112303.69999999998,2.0876691128999996,0.11416744445931128
2025-02-10,159995.SZ,87400,1.288,112571.2,1.1467176086656559,0.11386605723276418
2025-02-10,588080.SH,108100,1.048,113288.8,0.9477577420499999,0.11459191147141698
2025-02-10,512100.SH,46200,2.442,112820.40000000001,2.4159315621,0.1141181236712707
2025-02-11,159995.SZ,87400,1.274,111347.6,1.1467176086656559,0.1129551388916637
2025-02-11,588080.SH,108100,1.035,111883.49999999999,0.9477577420499999,0.11349877574537263
2025-02-11,512100.SH,46200,2.437,112589.4,2.4159315621,0.11421486690983083
2025-02-12,159995.SZ,87400,1.313,114756.2,1.1467176086656559,0.11559728094635846
2025-02-12,588080.SH,108100,1.052,113721.20000000001,0.9477577420499999,0.11455469513592313
2025-02-12,512100.SH,46200,2.474,114298.8,2.4159315621,0.11513652853119603
2025-02-13,159995.SZ,87400,1.276,111522.40000000001,1.1467176086656559,0.11314272349098349
2025-02-13,588080.SH,108100,1.027,111018.7,0.9477577420499999,0.11263170516800614
2025-02-13,512100.SH,46200,2.45,113190.00000000001,2.4159315621,0.11483455226882153
2025-02-14,159995.SZ,87400,1.276,111522.40000000001,1.1467176086656559,0.11302067644010179
2025-02-14,588080.SH,108100,1.033,111667.29999999999,0.9477577420499999,0.11316752313651586
2025-02-14,512100.SH,46200,2.459,113605.8,2.4159315621,0.11513206641462985
2025-02-17,159995.SZ,87300,1.297,113228.09999999999,1.1467176086656559,0.11429266021357853
2025-02-17,588080.SH,107900,1.048,113079.20000000001,0.9477577420499999,0.11414236026943217
2025-02-17,512100.SH,45300,2.47,111891.00000000001,2.4159315621,0.11294298892198595
2025-02-18,159995.SZ,87300,1.269,110783.7,1.1467176086656559,0.11269237478300449
2025-02-18,588080.SH,107900,1.021,110165.9,0.9477577420499999,0.11206393080486565
2025-02-18,512100.SH,45300,2.42,109626.0,2.4159315621,0.11151472895346203
2025-02-19,159995.SZ,87300,1.318,115061.40000000001,1.1467176086656559,0.11592741672821556
2025-02-19,588080.SH,107900,1.046,112863.40000000001,0.9477577420499999,0.11371287334556406
2025-02-19,512100.SH,45300,2.475,112117.5,2.4159315621,0.11296135928318017
2025-02-20,159995.SZ,87300,1.309,114275.7,1.1467176086656559,0.11516265231903866
2025-02-20,588080.SH,107900,1.044,112647.6,0.9477577420499999,0.11352191579989569
2025-02-20,512100.SH,45300,2.492,112887.6,2.4159315621,0.11376377856299029
2025-02-21,159995.SZ,87300,1.385,120910.5,1.1467176086656559,0.11994933824858581
2025-02-21,588080.SH,107900,1.108,119553.20000000001,0.9477577420499999,0.11860282792231304
2025-02-21,512100.SH,45300,2.54,115062.0,2.4159315621,0.11414733011242845
2025-02-24,159995.SZ,240600,1.39,334434.0,1.2966963625627876,0.3305585168230105
2025-02-24,588080.SH,299900,1.114,334088.60000000003,1.0509145751170224,0.330217119382228
2025-02-24,512100.SH,130800,2.544,332755.2,2.4977056569251146,0.32889917106856426
2025-02-25,159995.SZ,240600,1.381,332268.6,1.2966963625627876,0.32949434141651357
2025-02-25,588080.SH,299900,1.115,334388.5,1.0509145751170224,0.3315965414268934
2025-02-25,512100.SH,130800,2.533,331316.39999999997,2.4977056569251146,0.32855009175856575
2025-02-26,159995.SZ,240600,1.405,338043.0,1.2966963625627876,0.329084162250676
2025-02-26,588080.SH,299900,1.141,342185.9,1.0509145751170224,0.3331172668432525
2025-02-26,512100.SH,130800,2.573,336548.39999999997,2.4977056569251146,0.32762917223786736
2025-02-27,159995.SZ,240600,1.394,335396.39999999997,1.2966963625627876,0.3280334126168719
2025-02-27,588080.SH,299900,1.14,341885.99999999994,1.0509145751170224,0.3343805458434612
2025-02-27,512100.SH,130800,2.559,334717.2,2.4977056569251146,0.32736912315565714
2025-02-28,159995.SZ,240600,1.328,319516.8,1.2966963625627876,0.32606082585495866
2025-02-28,588080.SH,299900,1.09,326891.0,1.0509145751170224,0.3335860568976445
2025-02-28,512100.SH,130800,2.47,323076.0,2.4977056569251146,0.32969292185549126
2025-03-03,159995.SZ,243600,1.305,317898.0,1.2970982567019982,0.32800871154574474
2025-03-03,588080.SH,296500,1.074,318441.0,1.0509145751170224,0.32856898160208153
2025-03-03,512100.SH,130700,2.467,322436.9,2.4977056569251146,0.33269197076988266
2025-03-04,159995.SZ,243600,1.33,323988.0,1.2970982567019982,0.3288510230789101
2025-03-04,588080.SH,296500,1.093,324074.5,1.0509145751170224,0.3289388214340848
2025-03-04,512100.SH,130700,2.5,326750.0,2.4977056569251146,0.3316544803851806
2025-03-05,159995.SZ,243600,1.335,325206.0,1.2970982567019982,0.3285446780464766
2025-03-05,588080.SH,296500,1.097,325260.5,1.0509145751170224,0.3285997375624558
2025-03-05,512100.SH,130700,2.517,328971.89999999997,2.4977056569251146,0.33234924008732214
2025-03-06,159995.SZ,243600,1.379,335924.4,1.2970982567019982,0.32951885703521455
2025-03-06,588080.SH,296500,1.136,336823.99999999994,1.0509145751170224,0.3304013030968547
2025-03-06,512100.SH,130700,2.573,336291.1,2.4977056569251146,0.329878564650603
2025-03-07,159995.SZ,243600,1.358,330808.80000000005,1.2970982567019982,0.32794427932428294
2025-03-07,588080.SH,296500,1.122,332673.00000000006,1.0509145751170224,0.3297923369500666
2025-03-07,512100.SH,130700,2.562,334853.39999999997,2.4977056569251146,0.33195385655486137
2025-03-10,159995.SZ,244800,1.357,332193.6,1.2974107391037857,0.32956516457846724
2025-03-10,588080.SH,297200,1.119,332566.8,1.05108836632637,0.32993541168563817
2025-03-10,512100.SH,129600,2.565,332424.0,2.4977056569251146,0.32979374157067565
2025-03-11,159995.SZ,244800,1.346,329500.80000000005,1.2974107391037857,0.3276870309974755
2025-03-11,588080.SH,297200,1.112,330486.4,1.05108836632637,0.32866720566700924
2025-03-11,512100.SH,129600,2.583,334756.80000000005,2.4977056569251146,0.33291409883744044
2025-03-12,159995.SZ,244800,1.342,328521.60000000003,1.2974107391037857,0.32754098651809543
2025-03-12,588080.SH,297200,1.105,328406.0,1.05108836632637,0.32742573157582827
2025-03-12,512100.SH,129600,2.587,335275.2,2.4977056569251146,0.3342744275050765
2025-03-13,159995.SZ,244800,1.302,318729.60000000003,1.2974107391037857,0.3249408227187032
2025-03-13,588080.SH,297200,1.081,321273.2,1.05108836632637,0.3275339909612113
2025-03-13,512100.SH,129600,2.547,330091.2,2.4977056569251146,0.3365238311728939
2025-03-14,159995.SZ,244800,1.328,325094.4,1.2974107391037857,0.3254958454321379
2025-03-14,588080.SH,297200,1.101,327217.2,1.05108836632637,0.3276212667887757
2025-03-14,512100.SH,129600,2.59,335664.0,2.4977056569251146,0.33607849738762996
2025-03-17,159995.SZ,247700,1.319,326716.3,1.2978553967808104,0.32833029309950235
2025-03-17,588080.SH,298600,1.095,326967.0,1.051365159652368,0.3285822315686881
2025-03-17,512100.SH,127500,2.593,330607.5,2.4977056569251146,0.3322407158011208
2025-03-18,159995.SZ,247700,1.326,328450.2,1.2978553967808104,0.32844617999671516
2025-03-18,588080.SH,298600,1.101,328758.6,1.051365159652368,0.3287545762221124
2025-03-18,512100.SH,127500,2.604,332010.0,2.4977056569251146,0.3320059364272252
2025-03-19,159995.SZ,247700,1.308,323991.60000000003,1.2978553967808104,0.3274703703165617
2025-03-19,588080.SH,298600,1.088,324876.80000000005,1.051365159652368,0.3283650749070641
2025-03-19,512100.SH,127500,2.586,329715.0,2.4977056569251146,0.33325522374322397
2025-03-20,159995.SZ,247700,1.296,321019.2,1.2978553967808104,0.3271966266815003
2025-03-20,588080.SH,298600,1.075,320995.0,1.051365159652368,0.3271719609968132
2025-03-20,512100.SH,127500,2.575,328312.5,2.4977056569251146,0.3346302728851423
2025-03-21,159995.SZ,247700,1.263,312845.1,1.2978553967808104,0.32615440469192275
2025-03-21,588080.SH,298600,1.052,314127.2,1.051365159652368,0.3274910488083098
2025-03-21,512100.SH,127500,2.521,321427.5,2.4977056569251146,0.3351019239684847
2025-03-24,159995.SZ,250200,1.273,318504.6,1.2975334153981084,0.33154468937419396
2025-03-24,588080.SH,301000,1.057,318157.0,1.051375072000655,0.33118285807245934
2025-03-24,512100.SH,125500,2.501,313875.5,2.4977056569251146,0.326726066592664
2025-03-25,159995.SZ,250200,1.251,313000.19999999995,1.2975334153981084,0.32978014499622543
2025-03-25,588080.SH,301000,1.044,314244.0,1.051375072000655,0.3310906251312104
2025-03-25,512100.SH,125500,2.484,311742.0,2.4977056569251146,0.3284544928770439
2025-03-26,159995.SZ,250200,1.247,311999.4,1.2975334153981084,0.32914211443772595
2025-03-26,588080.SH,301000,1.04,313040.0,1.051375072000655,0.3302398898958963
2025-03-26,512100.SH,125500,2.492,312746.0,2.4977056569251146,0.32992973615314974
2025-03-27,159995.SZ,250200,1.254,313750.8,1.2975334153981084,0.3294395747910539
2025-03-27,588080.SH,301000,1.049,315749.0,1.051375072000655,0.33153769265512784
2025-03-27,512100.SH,125500,2.492,312746.0,2.4977056569251146,0.32838453083658414
2025-03-28,159995.SZ,250200,1.237,309497.4,1.2975334153981084,0.3283955864945594
2025-03-28,588080.SH,301000,1.041,313341.0,1.051375072000655,0.3324738801288532
2025-03-28,512100.SH,125500,2.466,309483.0,2.4977056569251146,0.3283803072177528
2025-03-31,588080.SH,298600,1.032,308155.2,1.051375072000655,0.33054349096501745
2025-03-31,512100.SH,125900,2.451,308580.9,2.49761676842019,0.33100011919684286
2025-03-31,512660.SH,299500,1.021,305789.5,1.03382655495,0.3280059165980233
2025-04-01,588080.SH,298600,1.035,309051.0,1.051375072000655,0.3292182711802184
2025-04-01,512100.SH,125900,2.462,309965.80000000005,2.49761676842019,0.3301927668928214
2025-04-01,512660.SH,299500,1.035,309982.5,1.03382655495,0.3302105566593282
2025-04-02,588080.SH,298600,1.032,308155.2,1.051375072000655,0.3294863631835003
2025-04-02,512100.SH,125900,2.47,310973.0,2.49761676842019,0.3324992173367921
2025-04-02,512660.SH,299500,1.023,306388.5,1.03382655495,0.32759736842424814
2025-04-03,588080.SH,298600,1.028,306960.8,1.051375072000655,0.33023747468948805
2025-04-03,512100.SH,125900,2.441,307321.89999999997,2.49761676842019,0.3306259567110047
2025-04-03,512660.SH,299500,1.02,305490.0,1.03382655495,0.32865514470542073
2025-04-07,588080.SH,298600,0.939,280385.39999999997,1.051375072000655,0.3322640272349646
2025-04-07,512100.SH,125900,2.193,276098.7,2.49761676842019,0.3271841756965175
2025-04-07,512660.SH,299500,0.927,277636.5,1.03382655495,0.32900650888890887
2025-04-08,588080.SH,298600,0.946,282475.6,1.051375072000655,0.3324198766615357
2025-04-08,512100.SH,125900,2.178,274210.2,2.49761676842019,0.3226930781396165
2025-04-08,512660.SH,299500,0.946,283327.0,1.03382655495,0.33342181198971854
2025-04-09,588080.SH,298600,0.987,294718.2,1.051375072000655,0.3338517535899983
2025-04-09,512100.SH,125900,2.217,279120.3,2.49761676842019,0.3161827183308204
2025-04-09,512660.SH,299500,0.999,299200.5,1.03382655495,0.3389292266307418
2025-04-10,588080.SH,298600,1.001,298898.6,1.051375072000655,0.33315304852417194
2025-04-10,512100.SH,125900,2.272,286044.8,2.49761676842019,0.3188261742761159
2025-04-10,512660.SH,299500,1.01,302495.0,1.03382655495,0.33716160401326534
2025-04-11,588080.SH,298600,1.021,304870.6,1.051375072000655,0.33493999024277193
2025-04-11,512100.SH,125900,2.302,289821.8,2.49761676842019,0.318406926952427
2025-04-11,512660.SH,299500,1.021,305789.5,1.03382655495,0.335949521358708
2025-04-14,512660.SH,101600,1.023,103936.79999999999,1.03382655495,0.11370836488464489
2025-04-14,159928.SZ,124800,0.83,103584.0,0.8316649246499999,0.11332239657379348
2025-04-14,159995.SZ,82000,1.249,102418.00000000001,1.2660121897499999,0.11204677568248747
2025-04-15,512660.SH,101600,1.005,102107.99999999999,1.03382655495,0.11209761499042549
2025-04-15,159928.SZ,124800,0.831,103708.79999999999,0.8316649246499999,0.11385502735847376
2025-04-15,159995.SZ,82000,1.231,100942.00000000001,1.2660121897499999,0.11081754076432339
2025-04-16,512660.SH,101600,1.0,101600.0,1.03382655495,0.11139580406907763
2025-04-16,159928.SZ,124800,0.834,104083.2,0.8316649246499999,0.11411842277640376
2025-04-16,159995.SZ,82000,1.247,102254.00000000001,1.2660121897499999,0.11211285973700262
2025-04-17,512660.SH,101600,1.001,101701.59999999999,1.03382655495,0.11140376765155702
2025-04-17,159928.SZ,124800,0.838,104582.4,0.8316649246499999,0.11455939129809362
2025-04-17,159995.SZ,82000,1.25,102500.0,1.2660121897499999,0.1122783337163289
2025-04-18,512660.SH,101600,0.995,101092.0,1.03382655495,0.11100088486867525
2025-04-18,159928.SZ,124800,0.832,103833.59999999999,0.8316649246499999,0.11401121235211567
2025-04-18,159995.SZ,82000,1.24,101680.0,1.2660121897499999,0.11164651973892
2025-04-21,159928.SZ,124100,0.827,102630.7,0.8316649246499999,0.11295437656457283
2025-04-21,510880.SH,35100,2.924,102632.4,2.9343460397999994,0.11295624756847478
2025-04-21,515300.SH,79500,1.285,102157.5,1.2970369944,0.11243357712551262
2025-04-22,159928.SZ,124100,0.829,102878.9,0.8316649246499999,0.11309358880770114
2025-04-22,510880.SH,35100,2.934,102983.40000000001,2.9343460397999994,0.11320846445305122
2025-04-22,515300.SH,79500,1.291,102634.5,1.2970369944,0.11282492270508339
2025-04-23,159928.SZ,124100,0.823,102134.29999999999,0.8316649246499999,0.11251528302406777
2025-04-23,510880.SH,35100,2.918,102421.8,2.9343460397999994,0.11283200467261699
2025-04-23,515300.SH,79500,1.283,101998.5,1.2970369944,0.11236568024190088
2025-04-24,159928.SZ,124100,0.822,102010.2,0.8316649246499999,0.11224901288590386
2025-04-24,510880.SH,35100,2.931,102878.1,2.9343460397999994,0.11320402442674661
2025-04-24,515300.SH,79500,1.292,102714.0,1.2970369944,0.11302345363074212
2025-04-25,159928.SZ,124100,0.82,101762.0,0.8316649246499999,0.11203908423920575
2025-04-25,510880.SH,35100,2.928,102772.8,2.9343460397999994,0.11315196632042457
2025-04-25,515300.SH,79500,1.29,102555.0,1.2970369944,0.11291217039908556
2025-04-28,159928.SZ,125400,0.817,102451.79999999999,0.8315881192110445,0.11280137217632093
2025-04-28,510880.SH,35100,2.931,102878.1,2.9343460397999994,0.11327073655019007
2025-04-28,159995.SZ,83600,1.235,103246.00000000001,1.2309841845,0.11367580141799787
2025-04-29,159928.SZ,125400,0.815,102201.0,0.8315881192110445,0.11249456922425674
2025-04-29,510880.SH,35100,2.919,102456.9,2.9343460397999994,0.11277624318306817
2025-04-29,159995.SZ,83600,1.246,104165.6,1.2309841845,0.11465704151609317
2025-04-30,159928.SZ,125400,0.817,102451.79999999999,0.8315881192110445,0.11274030060686925
2025-04-30,510880.SH,35100,2.895,101614.5,2.9343460397999994,0.11181891656385458
2025-04-30,159995.SZ,83600,1.256,105001.6,1.2309841845,0.1155461587615078
2025-05-06,159928.SZ,125400,0.819,102702.59999999999,0.8315881192110445,0.11282280694146411
2025-05-06,510880.SH,35100,2.887,101333.7,2.9343460397999994,0.11131901696514249
2025-05-06,159995.SZ,83600,1.275,106589.99999999999,1.2309841845,0.1170932672774658
2025-05-07,159928.SZ,125400,0.82,102828.0,0.8315881192110445,0.11288304731029314
2025-05-07,510880.SH,35100,2.906,102000.6,2.9343460397999994,0.11197473991012455
2025-05-07,159995.SZ,83600,1.273,106422.79999999999,1.2309841845,0.11682936522439281
2025-05-08,159928.SZ,125400,0.822,103078.79999999999,0.8315881192110445,0.11319286679271146
2025-05-08,510880.SH,35100,2.91,102141.0,2.9343460397999994,0.11216305008473461
2025-05-08,159995.SZ,83600,1.265,105753.99999999999,1.2309841845,0.11613055676624491
2025-05-09,159928.SZ,125400,0.823,103204.2,0.8315881192110445,0.11351149935315204
2025-05-09,510880.SH,35100,2.927,102737.7,2.9343460397999994,0.11299840866063908
2025-05-09,159995.SZ,83600,1.239,103580.40000000001,1.2309841845,0.11392527152576377
2025-05-12,159928.SZ,124900,0.823,102792.7,0.8315881192110445,0.11238614645156644
2025-05-12,510880.SH,35100,2.94,103194.0,2.9343460397999994,0.11282489901445285
2025-05-12,512660.SH,98400,1.096,107846.40000000001,1.0478377570499997,0.11791149862465151
2025-05-13,159928.SZ,124900,0.823,102792.7,0.8315881192110445,0.11269108707101695
2025-05-13,510880.SH,35100,2.962,103966.20000000001,2.9343460397999994,0.11397758884281436
2025-05-13,512660.SH,98400,1.063,104599.2,1.0478377570499997,0.11467154335627643
2025-05-14,159928.SZ,124900,0.833,104041.7,0.8315881192110445,0.11385548092850202
2025-05-14,510880.SH,35100,2.99,104949.00000000001,2.9343460397999994,0.11484836241589055
2025-05-14,512660.SH,98400,1.057,104008.79999999999,1.0478377570499997,0.11381947762095755
2025-05-15,159928.SZ,124900,0.831,103791.9,0.8315881192110445,0.11389792233417058
2025-05-15,510880.SH,35100,2.981,104633.09999999999,2.9343460397999994,0.11482102839801087
2025-05-15,512660.SH,98400,1.037,102040.79999999999,1.0478377570499997,0.11197632101654015
2025-05-16,159928.SZ,124900,0.823,102792.7,0.8315881192110445,0.11299146413256711
2025-05-16,510880.SH,35100,2.963,104001.3,2.9343460397999994,0.11431997757321632
2025-05-16,512660.SH,98400,1.038,102139.2,1.0478377570499997,0.1122731259450243
2025-05-19,159928.SZ,126200,0.818,103231.59999999999,0.831471366794449,0.11343989370376455
2025-05-19,510880.SH,34700,2.974,103197.8,2.9343460397999994,0.1134027513131866
2025-05-19,512010.SH,283800,0.363,103019.4,0.36329045445,0.11320670981972188
2025-05-20,159928.SZ,126200,0.824,103988.79999999999,0.831471366794449,0.11398200958386955
2025-05-20,510880.SH,34700,2.978,103336.6,2.9343460397999994,0.11326713387946102
2025-05-20,512010.SH,283800,0.368,104438.4,0.36329045445,0.11447481565057009
2025-05-21,159928.SZ,126200,0.826,104241.2,0.831471366794449,0.11399500836637039
2025-05-21,510880.SH,34700,3.007,104342.90000000001,2.9343460397999994,0.11410622439564538
2025-05-21,512010.SH,283800,0.371,105289.8,0.36329045445,0.115141725458777
2025-05-22,159928.SZ,126200,0.822,103736.4,0.831471366794449,0.11357185544925752
2025-05-22,510880.SH,34700,3.008,104377.6,2.9343460397999994,0.11427384890299282
2025-05-22,512010.SH,283800,0.369,104722.2,0.36329045445,0.11465112111783556
2025-05-23,159928.SZ,126200,0.818,103231.59999999999,0.831471366794449,0.1131669533639112
2025-05-23,510880.SH,34700,2.98,103406.0,2.9343460397999994,0.11335813820137053
2025-05-23,512010.SH,283800,0.37,105006.0,0.36329045445,0.11511212753585975
2025-05-26,510880.SH,34700,2.964,102850.8,2.9343460397999994,0.11306417308327886
2025-05-26,512010.SH,279900,0.365,102163.5,0.36329045445,0.11230862226442147
2025-05-26,510300.SH,27300,3.756,102538.79999999999,3.77401736565,0.11272119060767356
2025-05-27,510880.SH,34700,2.952,102434.4,2.9343460397999994,0.11265966525703489
2025-05-27,512010.SH,279900,0.367,102723.3,0.36329045445,0.11297740399805117
2025-05-27,510300.SH,27300,3.735,101965.5,3.77401736565,0.11214395845308013
2025-05-28,510880.SH,34700,2.957,102607.9,2.9343460397999994,0.11284250441029738
2025-05-28,512010.SH,279900,0.367,102723.3,0.36329045445,0.11296941496015707
2025-05-28,510300.SH,27300,3.731,101856.3,3.77401736565,0.11201593621901017
2025-05-29,510880.SH,34700,2.965,102885.5,2.9343460397999994,0.11285831933636856
2025-05-29,512010.SH,279900,0.372,104122.8,0.36329045445,0.11421555236254706
2025-05-29,510300.SH,27300,3.755,102511.5,3.77401736565,0.11244806705172396
2025-05-30,510880.SH,34700,2.979,103371.3,2.9343460397999994,0.11331978344927887
2025-05-30,512010.SH,279900,0.373,104402.7,0.36329045445,0.11445044567999074
2025-05-30,510300.SH,27300,3.748,102320.40000000001,3.77401736565,0.11216774453299508
2025-06-03,512010.SH,277500,0.375,104062.5,0.36329045445,0.11410482282476998
2025-06-03,512660.SH,98400,1.048,103123.2,1.04983935735,0.1130748777429268
2025-06-03,515300.SH,77900,1.326,103295.40000000001,1.3250593986,0.11326369552541737
2025-06-04,512010.SH,277500,0.379,105172.5,0.36329045445,0.11520399454772351
2025-06-04,512660.SH,98400,1.047,103024.79999999999,1.04983935735,0.11285144403223564
2025-06-04,515300.SH,77900,1.325,103217.5,1.3250593986,0.11306252401749176
2025-06-05,512010.SH,277500,0.376,104340.0,0.36329045445,0.11438355391384745
2025-06-05,512660.SH,98400,1.052,103516.8,1.04983935735,0.11348111437405564
2025-06-05,515300.SH,77900,1.32,102828.0,1.3250593986,0.11272601190198492
2025-06-06,512010.SH,277500,0.373,103507.5,0.36329045445,0.11359705731033204
2025-06-06,512660.SH,98400,1.047,103024.79999999999,1.04983935735,0.11306730536420545
2025-06-06,515300.SH,77900,1.324,103139.6,1.3250593986,0.11319329567581791
2025-06-09,512010.SH,276800,0.378,104630.4,0.36329045445,0.1145981280502205
2025-06-09,515300.SH,78000,1.324,103272.0,1.3251217089864105,0.11311031860723435
2025-06-09,510880.SH,34600,2.985,103281.0,2.9833852471499993,0.11312017600195377
2025-06-10,512010.SH,276800,0.379,104907.2,0.36329045445,0.11485452664901474
2025-06-10,515300.SH,78000,1.323,103194.0,1.3251217089864105,0.11297888060131647
2025-06-10,510880.SH,34600,2.99,103454.00000000001,2.9833852471499993,0.11326353386561812
2025-06-11,512010.SH,276800,0.378,104630.4,0.36329045445,0.11448848235507268
2025-06-11,515300.SH,78000,1.329,103662.0,1.3251217089864105,0.11342884150200654
2025-06-11,510880.SH,34600,2.999,103765.40000000001,2.9833852471499993,0.11354198365835418
2025-06-12,512010.SH,276800,0.383,106014.40000000001,0.36329045445,0.11583622923301953
2025-06-12,515300.SH,78000,1.329,103662.0,1.3251217089864105,0.11326588835812182
2025-06-12,510880.SH,34600,2.997,103696.2,2.9833852471499993,0.11330325685749332
2025-06-13,512010.SH,276800,0.377,104353.6,0.36329045445,0.11434262306733585
2025-06-13,515300.SH,78000,1.324,103272.0,1.3251217089864105,0.11315748924244019
2025-06-13,510880.SH,34600,2.982,103177.20000000001,2.9833852471499993,0.11305361471710727
2025-06-16,512010.SH,274700,0.374,102737.8,0.36329045445,0.11264971027505133
2025-06-16,515300.SH,78200,1.324,103536.8,1.3251742365849106,0.1135257959855665
2025-06-16,510880.SH,34600,2.988,103384.8,2.9833852471499993,0.1133591313697989
2025-06-17,512010.SH,274700,0.367,100814.9,0.36329045445,0.11075270443359947
2025-06-17,515300.SH,78200,1.325,103615.0,1.3251742365849106,0.11382882361523355
2025-06-17,510880.SH,34600,2.991,103488.6,2.9833852471499993,0.113689963765743
2025-06-18,512010.SH,274700,0.365,100265.5,0.36329045445,0.11015156765584629
2025-06-18,515300.SH,78200,1.33,104006.0,1.3251742365849106,0.11426087682816072
2025-06-18,510880.SH,34600,2.995,103627.0,2.9833852471499993,0.11384450784639166
2025-06-19,512010.SH,274700,0.361,99166.7,0.36329045445,0.10916242816787834
2025-06-19,515300.SH,78200,1.327,103771.4,1.3251742365849106,0.11423126914962553
2025-06-19,510880.SH,34600,2.981,103142.59999999999,2.9833852471499993,0.11353908785457424
2025-06-20,512010.SH,274700,0.363,99716.09999999999,0.36329045445,0.10957756318973964
2025-06-20,515300.SH,78200,1.333,104240.59999999999,1.3251742365849106,0.11454951540860878
2025-06-20,510880.SH,34600,2.997,103696.2,2.9833852471499993,0.11395127675506644
2025-06-23,512010.SH,284600,0.363,103309.8,0.36326942985739635,0.1134528187144793
2025-06-23,515300.SH,77300,1.335,103195.5,1.3251742365849106,0.11332729667127464
2025-06-23,510880.SH,34400,3.01,103543.99999999999,2.9833852471499993,0.11371001261227921
2025-06-24,512010.SH,284600,0.365,103879.0,0.36326942985739635,0.11393144080531607
2025-06-24,515300.SH,77300,1.341,103659.3,1.3251742365849106,0.11369048028832104
2025-06-24,510880.SH,34400,3.014,103681.59999999999,2.9833852471499993,0.11371493827434283
2025-06-25,512010.SH,284600,0.369,105017.4,0.36326942985739635,0.11490871557087347
2025-06-25,515300.SH,77300,1.347,104123.09999999999,1.3251742365849106,0.11393018378152206
2025-06-25,510880.SH,34400,3.03,104232.0,2.9833852471499993,0.11404934078908147
2025-06-26,512010.SH,284600,0.366,104163.59999999999,0.36326942985739635,0.11401239770324809
2025-06-26,515300.SH,77300,1.351,104432.3,1.3251742365849106,0.11430650362184983
2025-06-26,510880.SH,34400,3.037,104472.8,2.9833852471499993,0.11435083294713219
2025-06-27,512010.SH,284600,0.365,103879.0,0.36326942985739635,0.11403135623035351
2025-06-27,515300.SH,77300,1.332,102963.6,1.3251742365849106,0.11302649188343772
2025-06-27,510880.SH,34400,3.011,103578.40000000001,2.9833852471499993,0.11370137783546289
2025-06-30,512100.SH,41300,2.521,104117.3,2.4939939738,0.11377551157190459
2025-06-30,512660.SH,93300,1.147,107015.1,1.10588416575,0.1169421195941359
2025-06-30,512880.SH,90500,1.136,102807.99999999999,1.13991137085,0.11234475724672427
2025-07-01,512100.SH,41300,2.528,104406.4,2.4939939738,0.1141696665194973
2025-07-01,512660.SH,93300,1.143,106641.90000000001,1.10588416575,0.11661421292186666
2025-07-01,512880.SH,90500,1.13,102264.99999999999,1.13991137085,0.11182801961006594
2025-07-02,512100.SH,41300,2.505,103456.5,2.4939939738,0.11358289384423362
2025-07-02,512660.SH,93300,1.12,104496.00000000001,1.10588416575,0.11472414082389253
2025-07-02,512880.SH,90500,1.124,101722.00000000001,1.13991137085,0.1116786197834175
2025-07-03,512100.SH,41300,2.516,103910.8,2.4939939738,0.11389896667974245
2025-07-03,512660.SH,93300,1.124,104869.20000000001,1.10588416575,0.11494949049118328
2025-07-03,512880.SH,90500,1.131,102355.5,1.13991137085,0.1121941673434174
2025-07-04,512100.SH,41300,2.506,103497.79999999999,2.4939939738,0.11359062409659426
2025-07-04,512660.SH,93300,1.116,104122.8,1.10588416575,0.11427657239752793
2025-07-04,512880.SH,90500,1.131,102355.5,1.13991137085,0.11233693010594385
2025-07-07,512100.SH,120000,2.509,301080.0,2.5005575547837497,0.3298214189398294
2025-07-07,512660.SH,269100,1.118,300853.80000000005,1.1130760919115383,0.32957362564580733
2025-07-07,512880.SH,266500,1.132,301678.0,1.1319800766030956,0.3304765046596581
2025-07-08,512100.SH,120000,2.545,305400.0,2.5005575547837497,0.33095203425953196
2025-07-08,512660.SH,269100,1.125,302737.5,1.1130760919115383,0.32806676971723986
2025-07-08,512880.SH,266500,1.146,305409.0,1.1319800766030956,0.3309617872664355
2025-07-09,512100.SH,120000,2.537,304440.0,2.5005575547837497,0.33160583525872095
2025-07-09,512660.SH,269100,1.116,300315.60000000003,1.1130760919115383,0.32711340618586243
2025-07-09,512880.SH,266500,1.141,304076.5,1.1319800766030956,0.3312098993727778
2025-07-10,512100.SH,120000,2.542,305040.0,2.5005575547837497,0.3309889966367146
2025-07-10,512660.SH,269100,1.113,299508.3,1.1130760919115383,0.324986728630239
2025-07-10,512880.SH,266500,1.155,307807.5,1.1319800766030956,0.3339919210013622
2025-07-11,512100.SH,120000,2.568,308160.0,2.5005575547837497,0.3293408543712405
2025-07-11,512660.SH,269100,1.128,303544.8,1.1130760919115383,0.3244084364354469
2025-07-11,512880.SH,266500,1.181,314736.5,1.1319800766030956,0.33636937893241803
2025-07-14,512100.SH,120200,2.566,308433.19999999995,2.5007168350586517,0.331214919204876
2025-07-14,512660.SH,274000,1.123,307702.0,1.1133713136255292,0.33042971077425765
2025-07-14,512880.SH,260600,1.17,304902.0,1.1319800766030956,0.327422895120905
2025-07-15,512100.SH,120200,2.557,307351.39999999997,2.5007168350586517,0.3313846351278471
2025-07-15,512660.SH,274000,1.119,306606.0,1.1133713136255292,0.33058094883579087
2025-07-15,512880.SH,260600,1.164,303338.39999999997,1.1319800766030956,0.32705783999768645
2025-07-16,512100.SH,120200,2.568,308673.60000000003,2.5007168350586517,0.332808142868619
2025-07-16,512660.SH,274000,1.118,306332.0,1.1133713136255292,0.33028345806453735
2025-07-16,512880.SH,260600,1.16,302296.0,1.1319800766030956,0.3259318916700749
2025-07-17,512100.SH,120200,2.599,312399.80000000005,2.5007168350586517,0.33228014984571475
2025-07-17,512660.SH,274000,1.145,313730.0,1.1133713136255292,0.3336950004804615
2025-07-17,512880.SH,260600,1.166,303859.6,1.1319800766030956,0.3231964726611827
2025-07-18,512100.SH,120200,2.605,313121.0,2.5007168350586517,0.33136807663673284
2025-07-18,512660.SH,274000,1.155,316470.0,1.1133713136255292,0.33491223908082446
2025-07-18,512880.SH,260600,1.171,305162.60000000003,1.1319800766030956,0.32294590213835755
2025-07-21,512100.SH,119600,2.627,314189.19999999995,2.5007168350586517,0.3288812174767285
2025-07-21,512660.SH,269500,1.168,314776.0,1.1133713136255292,0.329495457235496
2025-07-21,512880.SH,266500,1.187,316335.5,1.1328313565207007,0.33112788208859395
2025-07-22,512100.SH,119600,2.643,316102.8,2.5007168350586517,0.33003906823120144
2025-07-22,512660.SH,269500,1.168,314776.0,1.1133713136255292,0.32865377257507583
2025-07-22,512880.SH,266500,1.189,316868.5,1.1328313565207007,0.3308385262383581
2025-07-23,512100.SH,119600,2.633,314906.8,2.5007168350586517,0.32967616588736864
2025-07-23,512660.SH,269500,1.153,310733.5,1.1133713136255292,0.3253071349769604
2025-07-23,512880.SH,266500,1.199,319533.5,1.1328313565207007,0.33451986159896047
2025-07-24,512100.SH,119600,2.669,319212.4,2.5007168350586517,0.3277469356993541
2025-07-24,512660.SH,269500,1.174,316393.0,1.1133713136255292,0.3248521555764304
2025-07-24,512880.SH,266500,1.232,328328.0,1.1328313565207007,0.33710625246480874
2025-07-25,512100.SH,119600,2.667,318973.19999999995,2.5007168350586517,0.32803069051581474
2025-07-25,512660.SH,269500,1.174,316393.0,1.1133713136255292,0.32537722374284167
2025-07-25,512880.SH,266500,1.227,326995.5,1.1328313565207007,0.33628078992393123
2025-07-28,512100.SH,120200,2.675,321535.0,2.501600115416096,0.3277220040400771
2025-07-28,512660.SH,273200,1.192,325654.39999999997,1.1142186710178628,0.3319206698880958
2025-07-28,512880.SH,261400,1.238,323613.2,1.1328313565207007,0.3298401929426728
2025-07-29,512100.SH,120200,2.698,324299.6,2.501600115416096,0.3279913452607466
2025-07-29,512660.SH,273200,1.205,329206.0,1.1142186710178628,0.33295359848704514
2025-07-29,512880.SH,261400,1.243,324920.2,1.1328313565207007,0.32861901001540195
2025-07-30,512100.SH,120200,2.673,321294.6,2.501600115416096,0.32906386966992174
2025-07-30,512660.SH,273200,1.188,324561.6,1.1142186710178628,0.33240986945395684
2025-07-30,512880.SH,261400,1.225,320215.0,1.1328313565207007,0.3279581637112918
2025-07-31,512100.SH,120200,2.654,319010.8,2.501600115416096,0.3300674721063299
2025-07-31,512660.SH,273200,1.186,324015.2,1.1142186710178628,0.3352453208105397
2025-07-31,512880.SH,261400,1.198,313157.2,1.1328313565207007,0.32401099077490914
2025-08-01,512100.SH,120200,2.652,318770.4,2.501600115416096,0.3323153122265872
2025-08-01,512660.SH,273200,1.167,318824.4,1.1142186710178628,0.332371606747221
2025-08-01,512880.SH,261400,1.191,311327.4,1.1328313565207007,0.32455605079923233
2025-08-04,512100.SH,119300,2.685,320320.5,2.501600115416096,0.3294242095360557
2025-08-04,512660.SH,271100,1.199,325048.9,1.1142186710178628,0.33428699363001874
2025-08-04,512880.SH,265600,1.193,316860.8,1.133700328292587,0.32586618269190465
2025-08-05,512100.SH,119300,2.701,322229.3,2.501600115416096,0.32911189094595233
2025-08-05,512660.SH,271100,1.205,326675.5,1.1142186710178628,0.3336530586471015
2025-08-05,512880.SH,265600,1.205,320048.0,1.133700328292587,0.3268839999139438
2025-08-06,512100.SH,119300,2.73,325689.0,2.501600115416096,0.32723969633242284
2025-08-06,512660.SH,271100,1.247,338061.7,1.1142186710178628,0.33967130621428
2025-08-06,512880.SH,265600,1.21,321376.0,1.133700328292587,0.3229061609342923
2025-08-07,512100.SH,119300,2.731,325808.3,2.501600115416096,0.32821242881987195
2025-08-07,512660.SH,271100,1.238,335621.8,1.1142186710178628,0.338098342316317
2025-08-07,512880.SH,265600,1.209,321110.4,1.133700328292587,0.3234798631689881
2025-08-08,512100.SH,119300,2.722,324734.6,2.501600115416096,0.3287249983638941
2025-08-08,512660.SH,271100,1.234,334537.4,1.1142186710178628,0.33864825696941875
2025-08-08,512880.SH,265600,1.199,318454.4,1.133700328292587,0.32236762611367836
2025-08-11,512100.SH,119600,2.762,330335.2,2.5022031970663896,0.3307236283075287
2025-08-11,512660.SH,264000,1.241,327624.0,1.1142186710178628,0.32800924031294815
2025-08-11,512880.SH,271900,1.215,330358.5,1.1352224380084999,0.33074695570509205
2025-08-12,512100.SH,119600,2.772,331531.19999999995,2.5022031970663896,0.33159588774638976
2025-08-12,512660.SH,264000,1.234,325776.0,1.1142186710178628,0.3258395648025522
2025-08-12,512880.SH,271900,1.221,331989.9,1.1352224380084999,0.33205467724707416
2025-08-13,512100.SH,119600,2.813,336434.80000000005,2.5022031970663896,0.33157967121126997
2025-08-13,512660.SH,264000,1.25,330000.0,1.1142186710178628,0.3252377325405073
2025-08-13,512880.SH,271900,1.242,337699.8,1.1352224380084999,0.33282641585267514
2025-08-14,512100.SH,119600,2.782,332727.2,2.5022031970663896,0.33103267026410493
2025-08-14,512660.SH,264000,1.229,324456.0,1.1142186710178628,0.3228035942454071
2025-08-14,512880.SH,271900,1.241,337427.9,1.1352224380084999,0.3357094303038927
2025-08-15,512100.SH,119600,2.84,339664.0,2.5022031970663896,0.3291975522982481
2025-08-15,512660.SH,264000,1.243,328152.0,1.1142186710178628,0.3180402844628065
2025-08-15,512880.SH,271900,1.3,353470.0,1.1352224380084999,0.34257813253939706
2025-08-18,512100.SH,120000,2.882,345840.0,2.503392261409502,0.3297773816582912
2025-08-18,512660.SH,274100,1.27,348107.0,1.1191157294736074,0.33193909032189095
2025-08-18,512880.SH,260900,1.317,343605.3,1.1352224380084999,0.3276464728137625
2025-08-19,512100.SH,120000,2.884,346080.0,2.503392261409502,0.3340108972869269
2025-08-19,512660.SH,274100,1.248,342076.8,1.1191157294736074,0.33014730382871194
2025-08-19,512880.SH,260900,1.291,336821.89999999997,1.1352224380084999,0.32507566182642034
2025-08-20,512100.SH,120000,2.917,350040.0,2.503392261409502,0.3347449799524059
2025-08-20,512660.SH,274100,1.257,344543.69999999995,1.1191157294736074,0.32948884113023574
2025-08-20,512880.SH,260900,1.303,339952.7,1.1352224380084999,0.32509844516702735
2025-08-21,512100.SH,120000,2.89,346800.0,2.503392261409502,0.3342168173277895
2025-08-21,512660.SH,274100,1.249,342350.9,1.1191157294736074,0.32992914707988563
2025-08-21,512880.SH,260900,1.293,337343.69999999995,1.1352224380084999,0.3251036267577296
2025-08-22,512100.SH,120000,2.941,352920.0,2.503392261409502,0.3317749040638622
2025-08-22,512660.SH,274100,1.279,350573.89999999997,1.1191157294736074,0.3295693699416128
2025-08-22,512880.SH,260900,1.338,349084.2,1.1352224380084999,0.32816892487025406
2025-08-25,512100.SH,119500,2.98,356110.0,2.503392261409502,0.33006205808863853
2025-08-25,512660.SH,275400,1.304,359121.60000000003,1.119905790663456,0.3328533722728506
2025-08-25,512880.SH,260500,1.352,352196.0,1.1352224380084999,0.326434350651726
2025-08-26,512100.SH,119500,2.98,356110.0,2.503392261409502,0.33218868848828315
2025-08-26,512660.SH,275400,1.295,356643.0,1.119905790663456,0.33268588477865485
2025-08-26,512880.SH,260500,1.335,347767.5,1.1352224380084999,0.3244065870766028
2025-08-27,512100.SH,119500,2.927,349776.5,2.503392261409502,0.33304878622191647
2025-08-27,512660.SH,275400,1.272,350308.8,1.119905790663456,0.33355562950300005
2025-08-27,512880.SH,260500,1.3,338650.0,1.1352224380084999,0.32245440003559994
2025-08-28,512100.SH,119500,2.968,354676.0,2.503392261409502,0.33167924621989003
2025-08-28,512660.SH,275400,1.299,357744.6,1.119905790663456,0.3345488819859141
2025-08-28,512880.SH,260500,1.326,345423.0,1.1352224380084999,0.32302619931152116
2025-08-29,512100.SH,119500,2.965,354317.5,2.503392261409502,0.33027308553981227
2025-08-29,512660.SH,275400,1.311,361049.39999999997,1.119905790663456,0.3365481506566791
2025-08-29,512880.SH,260500,1.328,345944.0,1.1352224380084999,0.32246782138614327
2025-09-01,512100.SH,119200,2.997,357242.39999999997,2.503392261409502,0.3333185294964671
2025-09-01,512660.SH,270200,1.307,353151.39999999997,1.119905790663456,0.32950149628828673
2025-09-01,512880.SH,266300,1.314,349918.2,1.1395197333879619,0.3264848177821297
2025-09-02,512100.SH,119200,2.918,347825.60000000003,2.503392261409502,0.3316895662662455
2025-09-02,512660.SH,270200,1.274,344234.8,1.119905790663456,0.32826534765051146
2025-09-02,512880.SH,266300,1.296,345124.8,1.1395197333879619,0.32911405951639183
2025-09-03,512100.SH,119200,2.873,342461.60000000003,2.503392261409502,0.33854135906220456
2025-09-03,512660.SH,270200,1.202,324780.39999999997,1.119905790663456,0.3210625600440061
2025-09-03,512880.SH,266300,1.25,332875.0,1.1395197333879619,0.32906449919591374
2025-09-04,512100.SH,119200,2.805,334356.0,2.503392261409502,0.3366403067557559
2025-09-04,512660.SH,270200,1.166,315053.19999999995,1.119905790663456,0.31720563080184744
2025-09-04,512880.SH,266300,1.248,332342.4,1.1395197333879619,0.33461294992147333
2025-09-05,512100.SH,119200,2.888,344249.6,2.503392261409502,0.3407169447950304
2025-09-05,512660.SH,270200,1.184,319916.8,1.119905790663456,0.31663384557194196
2025-09-05,512880.SH,266300,1.257,334739.1,1.1395197333879619,0.33130404060146523
2025-09-08,512660.SH,280500,1.193,334636.5,1.1224458568173468,0.3329721034167666
2025-09-08,159915.SZ,113100,2.908,328894.8,2.9483572419,0.32725896116782466
2025-09-08,516160.SH,129200,2.567,331656.4,2.58106358685,0.33000682567392536
2025-09-09,512660.SH,280500,1.168,327624.0,1.1224458568173468,0.3321617255433183
2025-09-09,159915.SZ,113100,2.845,321769.5,2.9483572419,0.3262261383391044
2025-09-09,516160.SH,129200,2.532,327134.4,2.58106358685,0.33166534438434947
2025-09-10,512660.SH,280500,1.178,330429.0,1.1224458568173468,0.3347437102891999
2025-09-10,159915.SZ,113100,2.875,325162.5,2.9483572419,0.3294084408357377
2025-09-10,516160.SH,129200,2.49,321708.0,2.58106358685,0.3259088323050275
2025-09-11,512660.SH,280500,1.203,337441.5,1.1224458568173468,0.331369776236661
2025-09-11,159915.SZ,113100,3.025,342127.5,2.9483572419,0.3359714591104183
2025-09-11,516160.SH,129200,2.546,328943.19999999995,2.58106358685,0.3230243896455273
2025-09-12,512660.SH,280500,1.2,336600.0,1.1224458568173468,0.3326866052374076
2025-09-12,159915.SZ,113100,2.995,338734.5,2.9483572419,0.33479628901304415
2025-09-12,516160.SH,129200,2.528,326617.6,2.58106358685,0.3228202630861245
2025-09-15,159915.SZ,111100,3.037,337410.7,2.9483572419,0.3330008760246566
2025-09-15,516160.SH,132100,2.566,338968.6,2.5799642772219533,0.3345384148897809
2025-09-15,159995.SZ,196800,1.658,326294.39999999997,1.6983578545499998,0.32202986165506814
2025-09-16,159915.SZ,111100,3.059,339854.9,2.9483572419,0.3331425507307952
2025-09-16,516160.SH,132100,2.567,339100.7,2.5799642772219533,0.33240324665790655
2025-09-16,159995.SZ,196800,1.68,330624.0,1.6983578545499998,0.3240939668453167
2025-09-17,159915.SZ,111100,3.119,346520.9,2.9483572419,0.3347018804860325
2025-09-17,516160.SH,132100,2.606,344252.6,2.5799642772219533,0.33251094690740424
2025-09-17,159995.SZ,196800,1.697,333969.60000000003,1.6983578545499998,0.32257867604859647
2025-09-18,159915.SZ,111100,3.067,340743.7,2.9483572419,0.3302007916331391
2025-09-18,516160.SH,132100,2.569,339364.89999999997,2.5799642772219533,0.32886465291214795
2025-09-18,159995.SZ,196800,1.734,341251.2,1.6983578545499998,0.33069258913887084
2025-09-19,159915.SZ,111100,3.062,340188.19999999995,2.9483572419,0.3317599771841534
2025-09-19,516160.SH,132100,2.57,339497.0,2.5799642772219533,0.33108590178638925
2025-09-19,159995.SZ,196800,1.703,335150.4,1.6983578545499998,0.32684698957006714
2025-09-22,159915.SZ,110200,3.082,339636.39999999997,2.9483572419,0.3268168181234668
2025-09-22,516160.SH,131600,2.557,336501.2,2.5799642772219533,0.3237999563024703
2025-09-22,159995.SZ,199000,1.77,352230.0,1.698399470730854,0.33893507247052646
2025-09-23,159915.SZ,110200,3.093,340848.6,2.9483572419,0.3270855002290237
2025-09-23,516160.SH,131600,2.574,338738.39999999997,2.5799642772219533,0.3250605078347956
2025-09-23,159995.SZ,199000,1.767,351633.0,1.698399470730854,0.33743443775926407
2025-09-24,159915.SZ,110200,3.16,348232.0,2.9483572419,0.3229692221168175
2025-09-24,516160.SH,131600,2.664,350582.4,2.5799642772219533,0.3251491104087131
2025-09-24,159995.SZ,199000,1.852,368548.0,1.698399470730854,0.34181138112726245
2025-09-25,159915.SZ,110200,3.211,353852.2,2.9483572419,0.32423210922790024
2025-09-25,516160.SH,131600,2.709,356504.4,2.5799642772219533,0.32666230013838277
2025-09-25,159995.SZ,199000,1.86,370140.0,1.698399470730854,0.3391564978531008
2025-09-26,159915.SZ,110200,3.129,344815.8,2.9483572419,0.32068705338489656
2025-09-26,516160.SH,131600,2.69,354004.0,2.5799642772219533,0.32923230213484106
2025-09-26,159995.SZ,199000,1.837,365563.0,1.698399470730854,0.33998245236019625
2025-09-29,159915.SZ,113600,3.213,364996.8,2.953764808603697,0.33166906594656576
2025-09-29,516160.SH,131000,2.779,364049.0,2.5799642772219533,0.33080780924320796
2025-09-29,159995.SZ,193700,1.858,359894.60000000003,1.698399470730854,0.3270327460986313
2025-09-30,159915.SZ,113600,3.217,365451.2,2.953764808603697,0.327511952319226
2025-09-30,516160.SH,131000,2.841,372171.0,2.5799642772219533,0.33353413754448924
2025-09-30,159995.SZ,193700,1.893,366674.1,1.698399470730854,0.3286078971854384
2025-10-09,159915.SZ,113600,3.235,367496.0,2.953764808603697,0.3218796636094166
2025-10-09,516160.SH,131000,2.949,386319.0,2.5799642772219533,0.3383662128728645
2025-10-09,159995.SZ,193700,1.943,376359.10000000003,1.698399470730854,0.32964260972729714
2025-10-10,159915.SZ,113600,3.095,351592.0,2.953764808603697,0.3254626227778487
2025-10-10,516160.SH,131000,2.77,362870.0,2.5799642772219533,0.33590247197717227
2025-10-10,159995.SZ,193700,1.829,354277.3,1.698399470730854,0.32794835846280557
2025-10-13,159915.SZ,115500,3.054,352737.0,2.9538033476829435,0.32585692638915575
2025-10-13,516160.SH,128600,2.789,358665.4,2.5799642772219533,0.33133355686003196
2025-10-13,159995.SZ,194500,1.852,360214.0,1.698653360825534,0.33276414689228334
2025-10-14,159915.SZ,115500,2.934,338877.0,2.9538033476829435,0.3255881156538201
2025-10-14,516160.SH,128600,2.73,351078.0,2.5799642772219533,0.3373106598190844
2025-10-14,159995.SZ,194500,1.748,339986.0,1.698653360825534,0.3266536267987491
2025-10-15,159915.SZ,115500,3.003,346846.5,2.9538033476829435,0.3269296462836742
2025-10-15,516160.SH,128600,2.779,357379.39999999997,2.5799642772219533,0.3368577189940556
2025-10-15,159995.SZ,194500,1.778,345821.0,1.698653360825534,0.32596303323650805
2025-10-16,159915.SZ,115500,3.014,348117.0,2.9538033476829435,0.32785873449554553
2025-10-16,516160.SH,128600,2.791,358922.6,2.5799642772219533,0.3380355151223608
2025-10-16,159995.SZ,194500,1.768,343876.0,1.698653360825534,0.3238645345771399
2025-10-17,159915.SZ,115500,2.915,336682.5,2.9538033476829435,0.32988398152446474
2025-10-17,516160.SH,128600,2.658,341818.8,2.5799642772219533,0.33491656591570607
2025-10-17,159995.SZ,194500,1.703,331233.5,1.698653360825534,0.3245450113810008
2025-10-20,159915.SZ,114900,2.971,341367.9,2.9538033476829435,0.33094320098269436
2025-10-20,516160.SH,127500,2.667,340042.5,2.5799642772219533,0.32965827607152826
2025-10-20,159995.SZ,196900,1.72,338668.0,1.69915674494955,0.32832575057703767
2025-10-21,159915.SZ,114900,3.062,351823.8,2.9538033476829435,0.33253618129737583
2025-10-21,516160.SH,127500,2.711,345652.5,2.5799642772219533,0.32670320315422435
2025-10-21,159995.SZ,196900,1.773,349103.69999999995,1.69915674494955,0.32996520211192276
2025-10-22,159915.SZ,114900,3.039,349181.10000000003,2.9538033476829435,0.3327209728147022
2025-10-22,516160.SH,127500,2.671,340552.5,2.5799642772219533,0.3244991183499876
2025-10-22,159995.SZ,196900,1.769,348316.1,1.69915674494955,0.33189674824617676
2025-10-23,159915.SZ,114900,3.038,349066.19999999995,2.9538033476829435,0.33168019916036956
2025-10-23,516160.SH,127500,2.712,345780.0,2.5799642772219533,0.32855767549442655
2025-10-23,159995.SZ,196900,1.758,346150.2,1.69915674494955,0.32890943687874036
2025-10-24,159915.SZ,114900,3.147,361590.3,2.9538033476829435,0.33228872644606705
2025-10-24,516160.SH,127500,2.763,352282.5,2.5799642772219533,0.32373518668569545
2025-10-24,159995.SZ,196900,1.843,362886.7,1.69915674494955,0.3334800723006563
2025-10-27,159915.SZ,113800,3.209,365184.2,2.9538033476829435,0.32941208636523733
2025-10-27,516160.SH,130700,2.789,364522.30000000005,2.5852525948416147,0.3288150236775166
2025-10-27,159995.SZ,193800,1.894,367057.19999999995,1.69915674494955,0.3311016141097621
2025-10-28,159915.SZ,113800,3.205,364729.0,2.9538033476829435,0.3309794821497992
2025-10-28,516160.SH,130700,2.767,361646.89999999997,2.5852525948416147,0.32818257852564564
2025-10-28,159995.SZ,193800,1.877,363762.6,1.69915674494955,0.33010250617160836
2025-10-29,159915.SZ,113800,3.3,375540.0,2.9538033476829435,0.3305327123248151
2025-10-29,516160.SH,130700,2.94,384258.0,2.5852525948416147,0.3382058874487639
2025-10-29,159995.SZ,193800,1.881,364537.8,1.69915674494955,0.3208490913855275
2025-10-30,159915.SZ,113800,3.239,368598.2,2.9538033476829435,0.3277935681948004
2025-10-30,516160.SH,130700,2.966,387656.2,2.5852525948416147,0.34474180565948825
2025-10-30,159995.SZ,193800,1.839,356398.2,1.69915674494955,0.31694413503973734
2025-10-31,159915.SZ,113800,3.166,360290.8,2.9538033476829435,0.3285116325073519
2025-10-31,516160.SH,130700,2.927,382558.9,2.5852525948416147,0.3488155922083406
2025-10-31,159995.SZ,193800,1.765,342057.0,1.69915674494955,0.311886130538352
2025-11-03,159915.SZ,114200,3.176,362699.2,2.954546859599991,0.33029704871357607
2025-11-03,516160.SH,123100,2.963,364745.3,2.5852525948416147,0.3321603580105716
2025-11-03,159995.SZ,205700,1.744,358740.8,1.7022369947338734,0.3266922769422906
2025-11-04,159915.SZ,114200,3.112,355390.4,2.954546859599991,0.329316400932587
2025-11-04,516160.SH,123100,2.877,354158.69999999995,2.5852525948416147,0.3281750673146033
2025-11-04,159995.SZ,205700,1.739,357712.30000000005,1.7022369947338734,0.3314679496275585
2025-11-05,159915.SZ,114200,3.142,358816.39999999997,2.954546859599991,0.32844080422683997
2025-11-05,516160.SH,123100,2.979,366714.9,2.5852525948416147,0.3356706568539376
2025-11-05,159995.SZ,205700,1.726,355038.2,1.7022369947338734,0.3249824476786726
2025-11-06,159915.SZ,114200,3.201,365554.2,2.954546859599991,0.3265847570992597
2025-11-06,516160.SH,123100,3.027,372623.7,2.5852525948416147,0.33290062199785264
2025-11-06,159995.SZ,205700,1.795,369231.5,1.7022369947338734,0.32987004318619595
2025-11-07,159915.SZ,114200,3.185,363727.0,2.954546859599991,0.32497443762824557
2025-11-07,516160.SH,123100,3.083,379517.30000000005,2.5852525948416147,0.33908239184248123
2025-11-07,159995.SZ,205700,1.77,364089.0,1.7022369947338734,0.3252978690656187
2025-11-10,159915.SZ,115900,3.158,366012.2,2.9582137305118112,0.32924383357358183
2025-11-10,516160.SH,119300,3.063,365415.9,2.5852525948416147,0.32870743588530826
2025-11-10,159995.SZ,209100,1.76,368016.0,1.7034584759290186,0.33104633850023385
2025-11-11,159915.SZ,115900,3.113,360796.7,2.9582137305118112,0.328859692782617
2025-11-11,516160.SH,119300,3.039,362552.7,2.5852525948416147,0.3304602551506383
2025-11-11,159995.SZ,209100,1.729,361533.9,1.7034584759290186,0.3295316373029504
2025-11-12,159915.SZ,115900,3.108,360217.2,2.9582137305118112,0.3318271671781624
2025-11-12,516160.SH,119300,2.961,353247.3,2.5852525948416147,0.325406590446915
2025-11-12,159995.SZ,209100,1.721,359861.10000000003,1.7034584759290186,0.3314991327194188
2025-11-13,159915.SZ,115900,3.182,368793.8,2.9582137305118112,0.3303886365116149
2025-11-13,516160.SH,119300,3.099,369710.7,2.5852525948416147,0.33121005308862217
2025-11-13,159995.SZ,209100,1.748,365506.8,1.7034584759290186,0.32744393557517376
2025-11-14,159915.SZ,115900,3.093,358478.7,2.9582137305118112,0.3297154194143523
2025-11-14,516160.SH,119300,3.051,363984.30000000005,2.5852525948416147,0.33477926620114234
2025-11-14,159995.SZ,209100,1.686,352542.6,1.7034584759290186,0.3242556146862456
2025-11-17,159915.SZ,116200,3.084,358360.8,2.958559659778993,0.33030647577449446
2025-11-17,516160.SH,117400,3.064,359713.60000000003,2.5852525948416147,0.33155337164153054
2025-11-17,159995.SZ,212200,1.673,355010.60000000003,1.7032100731232696,0.3272185466395564
2025-11-18,159915.SZ,116200,3.051,354526.2,2.958559659778993,0.330323519876842
2025-11-18,516160.SH,117400,2.972,348912.8,2.5852525948416147,0.3250933336551279
2025-11-18,159995.SZ,212200,1.687,357981.4,1.7032100731232696,0.33354284139913987
2025-11-19,159915.SZ,116200,3.057,355223.39999999997,2.958559659778993,0.3309641192493557
2025-11-19,516160.SH,117400,2.988,350791.2,2.5852525948416147,0.3268346075974291
2025-11-19,159995.SZ,212200,1.675,355435.0,1.7032100731232696,0.3311612684451383
2025-11-20,159915.SZ,116200,3.026,351621.19999999995,2.958559659778993,0.33187139268434884
2025-11-20,516160.SH,117400,2.941,345273.39999999997,2.5852525948416147,0.3258801349715553
2025-11-20,159995.SZ,212200,1.653,350766.6,1.7032100731232696,0.33106479373016734
2025-11-21,159915.SZ,116200,2.904,337444.8,2.958559659778993,0.33421791795719175
2025-11-21,516160.SH,117400,2.76,324024.0,2.5852525948416147,0.32092545698781283
2025-11-21,159995.SZ,212200,1.585,336337.0,1.7032100731232696,0.3331207115118325
2025-11-24,516160.SH,41400,2.73,113022.0,2.5852525948416147,0.11197134919505948
2025-11-24,510880.SH,36900,3.084,113799.6,3.1124884664999994,0.11274172063720418
2025-11-24,515300.SH,86500,1.32,114180.0,1.3280617990499999,0.11311858444454966
2025-11-25,516160.SH,41400,2.783,115216.2,2.5852525948416147,0.11380194779273026
2025-11-25,510880.SH,36900,3.1,114390.0,3.1124884664999994,0.11298588920664294
2025-11-25,515300.SH,86500,1.323,114439.5,1.3280617990499999,0.11303478160559152
2025-11-26,516160.SH,41400,2.789,115464.6,2.5852525948416147,0.11413877414817344
2025-11-26,510880.SH,36900,3.083,113762.70000000001,3.1124884664999994,0.11245641626772546
2025-11-26,515300.SH,86500,1.318,114007.0,1.3280617990499999,0.11269791108539595
2025-11-27,516160.SH,41400,2.785,115299.0,2.5852525948416147,0.11394787322493989
2025-11-27,510880.SH,36900,3.087,113910.3,3.1124884664999994,0.1125754466510106
2025-11-27,515300.SH,86500,1.321,114266.5,1.3280617990499999,0.11292747253538708
2025-11-28,516160.SH,41400,2.829,117120.6,2.5852525948416147,0.11557957622896944
2025-11-28,510880.SH,36900,3.087,113910.3,3.1124884664999994,0.11241151601097311
2025-11-28,515300.SH,86500,1.317,113920.5,1.3280617990499999,0.11242158180364781
2025-12-01,516160.SH,40400,2.834,114493.6,2.5852525948416147,0.11285518103298134
2025-12-01,510880.SH,37100,3.102,115084.2,3.1124941540121287,0.11343732946676346
2025-12-01,515300.SH,87100,1.322,115146.20000000001,1.328047539814294,0.11349844223834238
2025-12-02,516160.SH,40400,2.798,113039.2,2.5852525948416147,0.1115076987619418
2025-12-02,510880.SH,37100,3.106,115232.59999999999,3.1124941540121287,0.11367138168312704
2025-12-02,515300.SH,87100,1.328,115668.8,1.328047539814294,0.11410167186741674
2025-12-03,516160.SH,40400,2.763,111625.2,2.5852525948416147,0.11029899916082184
2025-12-03,510880.SH,37100,3.098,114935.79999999999,3.1124941540121287,0.11357026646087429
2025-12-03,515300.SH,87100,1.328,115668.8,1.328047539814294,0.11429455780713736
2025-12-04,516160.SH,40400,2.766,111746.4,2.5852525948416147,0.11052478187794527
2025-12-04,510880.SH,37100,3.085,114453.5,3.1124941540121287,0.11320228770383127
2025-12-04,515300.SH,87100,1.321,115059.09999999999,1.328047539814294,0.11380126724952834
2025-12-05,516160.SH,40400,2.793,112837.20000000001,2.5852525948416147,0.11152994758223114
2025-12-05,510880.SH,37100,3.083,114379.3,3.1124941540121287,0.11305418189650479
2025-12-05,515300.SH,87100,1.317,114710.7,1.328047539814294,0.11338174252924603
2025-12-08,516160.SH,41000,2.844,116604.0,2.588391264185396,0.11471988142634956
2025-12-08,159915.SZ,36900,3.171,117009.9,3.10348126515,0.11511922278574507
2025-12-08,510300.SH,24900,4.609,114764.1,4.5916710882,0.11290971102193513
2025-12-09,516160.SH,41000,2.831,116071.0,2.588391264185396,0.11425206769847893
2025-12-09,159915.SZ,36900,3.188,117637.20000000001,3.10348126515,0.11579372399875512
2025-12-09,510300.SH,24900,4.585,114166.5,4.5916710882,0.11237741284987976
2025-12-10,516160.SH,41000,2.813,115333.0,2.588391264185396,0.11360836316363314
2025-12-10,159915.SZ,36900,3.192,117784.8,3.10348126515,0.11602350006984902
2025-12-10,510300.SH,24900,4.579,114017.09999999999,4.5916710882,0.11231214052928715
2025-12-11,516160.SH,41000,2.808,115128.0,2.588391264185396,0.11371435491280135
2025-12-11,159915.SZ,36900,3.146,116087.4,3.10348126515,0.11466197453707469
2025-12-11,510300.SH,24900,4.545,113170.5,4.5916710882,0.11178089085764702
2025-12-12,516160.SH,41000,2.815,115415.0,2.588391264185396,0.11377671264999335
2025-12-12,159915.SZ,36900,3.174,117120.59999999999,3.10348126515,0.11545810208027388
2025-12-12,510300.SH,24900,4.571,113817.9,4.5916710882,0.11220228308907575
2025-12-15,516160.SH,40800,2.766,112852.8,2.588391264185396,0.11164274397730901
2025-12-15,159915.SZ,36500,3.12,113880.0,3.10348126515,0.11265892989926657
2025-12-15,512660.SH,93000,1.245,115785.00000000001,1.2339865849500002,0.11454350367392502
2025-12-16,516160.SH,40800,2.702,110241.59999999999,2.588391264185396,0.1097728212496911
2025-12-16,159915.SZ,36500,3.06,111690.0,3.10348126515,0.11121506223946313
2025-12-16,512660.SH,93000,1.226,114018.0,1.2339865849500002,0.11353316291896418
2025-12-17,516160.SH,40800,2.777,113301.6,2.588391264185396,0.11205482816372699
2025-12-17,159915.SZ,36500,3.164,115486.0,3.10348126515,0.11421519100627153
2025-12-17,512660.SH,93000,1.226,114018.0,1.2339865849500002,0.11276334489161514
2025-12-18,516160.SH,40800,2.722,111057.6,2.588391264185396,0.11023486816985557
2025-12-18,159915.SZ,36500,3.092,112858.0,3.10348126515,0.1120219305289648
2025-12-18,512660.SH,93000,1.239,115227.00000000001,1.2339865849500002,0.11437338061157408
2025-12-19,516160.SH,40800,2.744,111955.20000000001,2.588391264185396,0.11080322928633755
2025-12-19,159915.SZ,36500,3.107,113405.50000000001,3.10348126515,0.11223860632495636
2025-12-19,512660.SH,93000,1.255,116714.99999999999,1.2339865849500002,0.11551405299758194
2025-12-22,516160.SH,41600,2.785,115856.0,2.591664999489523,0.1141186433729967
2025-12-22,159915.SZ,36500,3.175,115887.5,3.10348126515,0.11414967100442061
2025-12-22,512660.SH,90600,1.262,114337.2,1.2339865849500002,0.11262261903627777
2025-12-23,516160.SH,41600,2.831,117769.59999999999,2.591664999489523,0.11593991439286966
2025-12-23,159915.SZ,36500,3.185,116252.5,3.10348126515,0.11444638427877042
2025-12-23,512660.SH,90600,1.243,112615.8,1.2339865849500002,0.11086618457806201
2025-12-24,516160.SH,41600,2.855,118768.0,2.591664999489523,0.1163324377699594
2025-12-24,159915.SZ,36500,3.212,117238.0,3.10348126515,0.11483381331060975
2025-12-24,512660.SH,90600,1.278,115786.8,1.2339865849500002,0.11341237290838217
2025-12-25,516160.SH,41600,2.855,118768.0,2.591664999489523,0.1158899172268258
2025-12-25,159915.SZ,36500,3.222,117603.0,3.10348126515,0.11475314845435129
2025-12-25,512660.SH,90600,1.317,119320.2,1.2339865849500002,0.11642873586730684
2025-12-26,516160.SH,41600,2.927,121763.2,2.591664999489523,0.11829309268690331
2025-12-26,159915.SZ,36500,3.226,117749.0,3.10348126515,0.11439329264334527
2025-12-26,512660.SH,90600,1.332,120679.20000000001,1.2339865849500002,0.11723998540594649
2025-12-29,516160.SH,39800,2.881,114663.79999999999,2.591664999489523,0.11150861062405241
2025-12-29,159915.SZ,36200,3.205,116021.0,3.10348126515,0.11282846472219817
2025-12-29,512660.SH,87400,1.35,117990.00000000001,1.2339865849500002,0.11474328399662272
2025-12-30,516160.SH,39800,2.888,114942.4,2.591664999489523,0.11174983272526322
2025-12-30,159915.SZ,36200,3.229,116889.8,3.10348126515,0.11364314297673855
2025-12-30,512660.SH,87400,1.34,117116.0,1.2339865849500002,0.11386306018885918
2025-12-31,516160.SH,39800,2.859,113788.2,2.591664999489523,0.11060904416554895
2025-12-31,159915.SZ,36200,3.186,115333.2,3.10348126515,0.11211087803967451
2025-12-31,512660.SH,87400,1.373,120000.2,1.2339865849500002,0.11664748560636962
