date,symbol,close,ma60,r20,r60,r120,volatility_20,avg_turnover,listed_days,score,rank,eligible,hold_signal,buy_signal,passed_listing,passed_liquidity,passed_trend,passed_score,primary_candidate,secondary_candidate,market_regime_on,risk_off,regime_signal,510300_sh_strong,510300_sh_weak,512100_sh_strong,512100_sh_weak
2023-01-06,159915.SZ,2.35,,,,,,,4,0.0,,False,False,False,False,False,False,False,False,False,False,True,confirmed_risk_off,False,True,False,True
2023-01-06,159928.SZ,1.058,,,,,,,4,0.0,,False,False,False,False,False,False,False,False,False,False,True,confirmed_risk_off,False,True,False,True
2023-01-06,159995.SZ,1.012,,,,,,,4,0.0,,False,False,False,False,False,False,False,False,False,False,True,confirmed_risk_off,False,True,False,True
2023-01-06,510300.SH,3.701,,,,,,,4,0.0,,False,False,False,False,False,False,False,False,False,False,True,confirmed_risk_off,False,True,False,True
2023-01-06,510500.SH,5.8,,,,,,,4,0.0,,False,False,False,False,False,False,False,False,False,False,True,confirmed_risk_off,False,True,False,True
2023-01-06,510880.SH,2.343,,,,,,,4,0.0,,False,False,False,False,False,False,False,False,False,False,True,confirmed_risk_off,False,True,False,True
2023-01-06,512010.SH,0.491,,,,,,,4,0.0,,False,False,False,False,False,False,False,False,False,False,True,confirmed_risk_off,False,True,False,True
2023-01-06,512100.SH,2.517,,,,,,,4,0.0,,False,False,False,False,False,False,False,False,False,False,True,confirmed_risk_off,False,True,False,True
2023-01-06,512660.SH,1.096,,,,,,,4,0.0,,False,False,False,False,False,False,False,False,False,False,True,confirmed_risk_off,False,True,False,True
2023-01-06,512880.SH,0.884,,,,,,,4,0.0,,False,False,False,False,False,False,False,False,False,False,True,confirmed_risk_off,False,True,False,True
2023-01-06,515300.SH,0.85,,,,,,,4,0.0,,False,False,False,False,False,False,False,False,False,False,True,confirmed_risk_off,False,True,False,True
2023-01-06,516160.SH,3.351,,,,,,,4,0.0,,False,False,False,False,False,False,False,False,False,False,True,confirmed_risk_off,False,True,False,True
2023-01-13,159915.SZ,2.417,,,,,,,9,0.0,,False,False,False,False,False,False,False,False,False,False,True,confirmed_risk_off,False,True,False,True
2023-01-13,159928.SZ,1.097,,,,,,,9,0.0,,False,False,False,False,False,False,False,False,False,False,True,confirmed_risk_off,False,True,False,True
2023-01-13,159995.SZ,1.014,,,,,,,9,0.0,,False,False,False,False,False,False,False,False,False,False,True,confirmed_risk_off,False,True,False,True
2023-01-13,510300.SH,3.8,,,,,,,9,0.0,,False,False,False,False,False,False,False,False,False,False,True,confirmed_risk_off,False,True,False,True
2023-01-13,510500.SH,5.844,,,,,,,9,0.0,,False,False,False,False,False,False,False,False,False,False,True,confirmed_risk_off,False,True,False,True
2023-01-13,510880.SH,2.353,,,,,,,9,0.0,,False,False,False,False,False,False,False,False,False,False,True,confirmed_risk_off,False,True,False,True
2023-01-13,512010.SH,0.511,,,,,,,9,0.0,,False,False,False,False,False,False,False,False,False,False,True,confirmed_risk_off,False,True,False,True
2023-01-13,512100.SH,2.53,,,,,,,9,0.0,,False,False,False,False,False,False,False,False,False,False,True,confirmed_risk_off,False,True,False,True
2023-01-13,512660.SH,1.062,,,,,,,9,0.0,,False,False,False,False,False,False,False,False,False,False,True,confirmed_risk_off,False,True,False,True
2023-01-13,512880.SH,0.918,,,,,,,9,0.0,,False,False,False,False,False,False,False,False,False,False,True,confirmed_risk_off,False,True,False,True
2023-01-13,515300.SH,0.862,,,,,,,9,0.0,,False,False,False,False,False,False,False,False,False,False,True,confirmed_risk_off,False,True,False,True
2023-01-13,516160.SH,3.381,,,,,,,9,0.0,,False,False,False,False,False,False,False,False,False,False,True,confirmed_risk_off,False,True,False,True
2023-01-13,588080.SH,0.986,,,,,,,2,0.0,,False,False,False,False,False,False,False,False,False,False,True,confirmed_risk_off,False,True,False,True
2023-01-20,159915.SZ,2.507,,,,,,,14,0.0,,False,False,False,False,False,False,False,False,False,False,True,confirmed_risk_off,False,True,False,True
2023-01-20,159928.SZ,1.091,,,,,,,14,0.0,,False,False,False,False,False,False,False,False,False,False,True,confirmed_risk_off,False,True,False,True
2023-01-20,159995.SZ,1.094,,,,,,,14,0.0,,False,False,False,False,False,False,False,False,False,False,True,confirmed_risk_off,False,True,False,True
2023-01-20,510300.SH,3.901,,,,,,,14,0.0,,False,False,False,False,False,False,False,False,False,False,True,confirmed_risk_off,False,True,False,True
2023-01-20,510500.SH,6.037,,,,,,,14,0.0,,False,False,False,False,False,False,False,False,False,False,True,confirmed_risk_off,False,True,False,True
2023-01-20,510880.SH,2.401,,,,,,,14,0.0,,False,False,False,False,False,False,False,False,False,False,True,confirmed_risk_off,False,True,False,True
2023-01-20,512010.SH,0.532,,,,,,,14,0.0,,False,False,False,False,False,False,False,False,False,False,True,confirmed_risk_off,False,True,False,True
2023-01-20,512100.SH,2.619,,,,,,,14,0.0,,False,False,False,False,False,False,False,False,False,False,True,confirmed_risk_off,False,True,False,True
2023-01-20,512660.SH,1.118,,,,,,,14,0.0,,False,False,False,False,False,False,False,False,False,False,True,confirmed_risk_off,False,True,False,True
2023-01-20,512880.SH,0.969,,,,,,,14,0.0,,False,False,False,False,False,False,False,False,False,False,True,confirmed_risk_off,False,True,False,True
2023-01-20,515300.SH,0.877,,,,,,,14,0.0,,False,False,False,False,False,False,False,False,False,False,True,confirmed_risk_off,False,True,False,True
2023-01-20,516160.SH,3.497,,,,,,,14,0.0,,False,False,False,False,False,False,False,False,False,False,True,confirmed_risk_off,False,True,False,True
2023-01-20,588080.SH,1.04,,,,,,,7,0.0,,False,False,False,False,False,False,False,False,False,False,True,confirmed_risk_off,False,True,False,True
2023-02-03,159915.SZ,2.5,,,,,,,19,0.0,,False,False,False,False,False,False,False,False,False,False,True,confirmed_risk_off,False,True,False,True
2023-02-03,159928.SZ,1.086,,,,,,,19,0.0,,False,False,False,False,False,False,False,False,False,False,True,confirmed_risk_off,False,True,False,True
2023-02-03,159995.SZ,1.098,,,,,,,19,0.0,,False,False,False,False,False,False,False,False,False,False,True,confirmed_risk_off,False,True,False,True
2023-02-03,510300.SH,3.857,,,,,,,19,0.0,,False,False,False,False,False,False,False,False,False,False,True,confirmed_risk_off,False,True,False,True
2023-02-03,510500.SH,6.117,,,,,,,19,0.0,,False,False,False,False,False,False,False,False,False,False,True,confirmed_risk_off,False,True,False,True
2023-02-03,510880.SH,2.383,,,,,,,19,0.0,,False,False,False,False,False,False,False,False,False,False,True,confirmed_risk_off,False,True,False,True
2023-02-03,512010.SH,0.515,,,,,,,19,0.0,,False,False,False,False,False,False,False,False,False,False,True,confirmed_risk_off,False,True,False,True
2023-02-03,512100.SH,2.684,,,,,,,19,0.0,,False,False,False,False,False,False,False,False,False,False,True,confirmed_risk_off,False,True,False,True
2023-02-03,512660.SH,1.157,,,,,,,19,0.0,,False,False,False,False,False,False,False,False,False,False,True,confirmed_risk_off,False,True,False,True
2023-02-03,512880.SH,0.953,,,,,,,19,0.0,,False,False,False,False,False,False,False,False,False,False,True,confirmed_risk_off,False,True,False,True
2023-02-03,515300.SH,0.864,,,,,,,19,0.0,,False,False,False,False,False,False,False,False,False,False,True,confirmed_risk_off,False,True,False,True
2023-02-03,516160.SH,3.494,,,,,,,19,0.0,,False,False,False,False,False,False,False,False,False,False,True,confirmed_risk_off,False,True,False,True
2023-02-10,159915.SZ,2.465,,0.04893617021276575,,,0.010414118655247285,955131303.6215999,24,0.0195744680851063,,False,False,False,False,True,False,True,False,False,False,True,confirmed_risk_off,False,True,False,True
2023-02-10,159928.SZ,1.08,,0.020793950850661602,,,0.01209198579865514,283292464.9867,24,0.008317580340264641,,False,False,False,False,True,False,True,False,False,False,True,confirmed_risk_off,False,True,False,True
2023-02-10,159995.SZ,1.103,,0.08992094861660083,,,0.015937762184003397,584379287.53085,24,0.03596837944664033,,False,False,False,False,True,False,True,False,False,False,True,confirmed_risk_off,False,True,False,True
2023-02-10,510300.SH,3.823,,0.03296406376654959,,,0.008643622805013762,2995797591.15,24,0.013185625506619836,,False,False,False,False,True,False,True,False,False,False,True,confirmed_risk_off,False,True,False,True
2023-02-10,510500.SH,6.116,,0.05448275862068952,,,0.006052577785420747,2003894435.25,24,0.02179310344827581,,False,False,False,False,True,False,True,False,False,False,True,confirmed_risk_off,False,True,False,True
2023-02-10,510880.SH,2.384,,0.017498932991890648,,,0.005566729007646487,241002704.05,24,0.006999573196756259,,False,False,False,False,True,False,True,False,False,False,True,confirmed_risk_off,False,True,False,True
2023-02-10,512010.SH,0.51,,0.0386965376782078,,,0.015867002840265133,585098094.75,24,0.01547861507128312,,False,False,False,False,True,False,True,False,False,False,True,confirmed_risk_off,False,True,False,True
2023-02-10,512100.SH,2.708,,0.07588398887564574,,,0.007242378973012589,2014490890.2,24,0.030353595550258294,,False,False,False,False,True,False,True,False,False,False,True,confirmed_risk_off,False,True,False,True
2023-02-10,512660.SH,1.137,,0.037408759124087476,,,0.011893638842491212,499606636.4,24,0.014963503649634991,,False,False,False,False,True,False,True,False,False,False,True,confirmed_risk_off,False,True,False,True
2023-02-10,512880.SH,0.936,,0.05882352941176472,,,0.014740851259414703,1198999324.45,24,0.02352941176470589,,False,False,False,False,True,False,True,False,False,False,True,confirmed_risk_off,False,True,False,True
2023-02-10,515300.SH,0.866,,0.018823529411764683,,,0.006765642704641764,3324718.35,24,0.007529411764705874,,False,False,False,False,False,False,True,False,False,False,True,confirmed_risk_off,False,True,False,True
2023-02-10,516160.SH,3.423,,0.0214861235452104,,,0.010390749235497357,152593254.2,24,0.00859444941808416,,False,False,False,False,True,False,True,False,False,False,True,confirmed_risk_off,False,True,False,True
2023-02-17,159915.SZ,2.378,,-0.016135705419941915,,,0.011438043198658689,993758367.93225,29,-0.006454282167976767,,False,False,False,False,True,False,False,False,False,False,True,confirmed_risk_off,False,True,False,True
2023-02-17,159928.SZ,1.085,,-0.010938924339106704,,,0.011145704660674672,271907737.98585,29,-0.0043755697356426815,,False,False,False,False,True,False,False,False,False,False,True,confirmed_risk_off,False,True,False,True
2023-02-17,159995.SZ,1.047,,0.032544378698224685,,,0.01863013921601755,641633788.8209001,29,0.013017751479289874,,False,False,False,False,True,False,True,False,False,False,True,confirmed_risk_off,False,True,False,True
2023-02-17,510300.SH,3.749,,-0.01342105263157889,,,0.009035176036986246,3054351045.85,29,-0.005368421052631556,,False,False,False,False,True,False,False,False,False,False,True,confirmed_risk_off,False,True,False,True
2023-02-17,510500.SH,6.02,,0.03011635865845297,,,0.007200644080276587,2210695957.45,29,0.012046543463381187,,False,False,False,False,True,False,True,False,False,False,True,confirmed_risk_off,False,True,False,True
2023-02-17,510880.SH,2.383,,0.012749681257968382,,,0.0052282114559686595,254836962.65,29,0.005099872503187353,,False,False,False,False,True,False,True,False,False,False,True,confirmed_risk_off,False,True,False,True
2023-02-17,512010.SH,0.502,,-0.017612524461839585,,,0.014508033561337143,599933842.3,29,-0.007045009784735834,,False,False,False,False,True,False,False,False,False,False,True,confirmed_risk_off,False,True,False,True
2023-02-17,512100.SH,2.664,,0.052964426877470494,,,0.008884057480884841,2145355944.55,29,0.0211857707509882,,False,False,False,False,True,False,True,False,False,False,True,confirmed_risk_off,False,True,False,True
2023-02-17,512660.SH,1.112,,0.04708097928436916,,,0.012128531443273242,474950118.6,29,0.018832391713747666,,False,False,False,False,True,False,True,False,False,False,True,confirmed_risk_off,False,True,False,True
2023-02-17,512880.SH,0.909,,-0.009803921568627416,,,0.014505465741472112,1200057129.75,29,-0.0039215686274509665,,False,False,False,False,True,False,False,False,False,False,True,confirmed_risk_off,False,True,False,True
2023-02-17,515300.SH,0.86,,-0.002320185614849146,,,0.005902188498892701,3626754.3,29,-0.0009280742459396585,,False,False,False,False,False,False,False,False,False,False,True,confirmed_risk_off,False,True,False,True
2023-02-17,516160.SH,3.258,,-0.03637976929902387,,,0.011808701551075815,156259338.9,29,-0.014551907719609548,,False,False,False,False,True,False,False,False,False,False,True,confirmed_risk_off,False,True,False,True
2023-02-24,159915.SZ,2.357,,-0.059832469086557594,,,0.010644707750040228,1033338239.7938,34,-0.023932987634623037,,False,False,False,False,True,False,False,False,False,False,True,confirmed_risk_off,False,True,False,True
2023-02-24,159928.SZ,1.079,,-0.010999083409715893,,,0.010987083481189222,243052831.83255,34,-0.004399633363886358,,False,False,False,False,True,False,False,False,False,False,True,confirmed_risk_off,False,True,False,True
2023-02-24,159995.SZ,1.045,,-0.04478976234003673,,,0.016028623788351612,630124253.6974499,34,-0.017915904936014693,,False,False,False,False,True,False,False,False,False,False,True,confirmed_risk_off,False,True,False,True
2023-02-24,510300.SH,3.78,,-0.03101768777236602,,,0.010542739029342729,2920225854.45,34,-0.01240707510894641,,False,False,False,False,True,False,False,False,False,False,True,confirmed_risk_off,False,True,False,True
2023-02-24,510500.SH,6.124,,0.014411131356633966,,,0.0074619689002788665,2190917708.65,34,0.005764452542653587,,False,False,False,False,True,False,True,False,False,False,True,confirmed_risk_off,False,True,False,True
2023-02-24,510880.SH,2.47,,0.02873802582257401,,,0.006647034232789343,258055541.7,34,0.011495210329029604,,False,False,False,False,True,False,True,False,False,False,True,confirmed_risk_off,False,True,False,True
2023-02-24,512010.SH,0.494,,-0.07142857142857151,,,0.010664331876993026,556621616.95,34,-0.028571428571428605,,False,False,False,False,True,False,False,False,False,False,True,confirmed_risk_off,False,True,False,True
2023-02-24,512100.SH,2.694,,0.028636884306987298,,,0.008700762538644373,1972229239.1,34,0.01145475372279492,,False,False,False,False,True,False,True,False,False,False,True,confirmed_risk_off,False,True,False,True
2023-02-24,512660.SH,1.14,,0.019677996422182265,,,0.011740184679802005,440986444.7,34,0.007871198568872907,,False,False,False,False,True,False,True,False,False,False,True,confirmed_risk_off,False,True,False,True
2023-02-24,512880.SH,0.931,,-0.039215686274509776,,,0.015161202724792835,1127973237.55,34,-0.01568627450980391,,False,False,False,False,True,False,False,False,False,False,True,confirmed_risk_off,False,True,False,True
2023-02-24,515300.SH,0.879,,0.0022805017103761926,,,0.008355178320043788,3474910.35,34,0.0009122006841504771,,False,False,False,False,False,False,True,False,False,False,True,confirmed_risk_off,False,True,False,True
2023-02-24,516160.SH,3.274,,-0.06376894480983697,,,0.011931781157769938,149566947.95,34,-0.02550757792393479,,False,False,False,False,True,False,False,False,False,False,True,confirmed_risk_off,False,True,False,True
2023-03-03,159915.SZ,2.352,,-0.05920000000000003,,,0.010150794505663445,1074309527.78985,39,-0.023680000000000014,,False,False,False,False,True,False,False,False,False,False,True,confirmed_risk_off,False,True,False,True
2023-03-03,159928.SZ,1.089,,0.0027624309392264568,,,0.009952707874627199,218320386.6889,39,0.0011049723756905827,,False,False,False,False,True,False,True,False,False,False,True,confirmed_risk_off,False,True,False,True
2023-03-03,159995.SZ,1.056,,-0.03825136612021862,,,0.015961386330122663,595012052.8349501,39,-0.015300546448087449,,False,False,False,False,True,False,False,False,False,False,True,confirmed_risk_off,False,True,False,True
2023-03-03,510300.SH,3.844,,-0.0033704952035261693,,,0.010342604033517357,2566651681.55,39,-0.0013481980814104679,,False,False,False,False,True,False,False,False,False,False,True,confirmed_risk_off,False,True,False,True
2023-03-03,510500.SH,6.161,,0.007193068497629573,,,0.0072828856968366155,2024672925.35,39,0.0028772273990518293,,False,False,False,False,True,False,True,False,False,False,True,confirmed_risk_off,False,True,False,True
2023-03-03,510880.SH,2.528,,0.06084767100293753,,,0.006150175230773328,251470507.3,39,0.024339068401175015,,False,False,False,False,True,False,True,False,False,False,True,confirmed_risk_off,False,True,False,True
2023-03-03,512010.SH,0.492,,-0.044660194174757306,,,0.009413740590793062,536176634.95,39,-0.017864077669902924,,False,False,False,False,True,False,False,False,False,False,True,confirmed_risk_off,False,True,False,True
2023-03-03,512100.SH,2.701,,0.006333830104321869,,,0.00847085734599794,1792727706.35,39,0.002533532041728748,,False,False,False,False,True,False,True,False,False,False,True,confirmed_risk_off,False,True,False,True
2023-03-03,512660.SH,1.168,,0.009507346585998278,,,0.010665312041036873,413041271.75,39,0.0038029386343993114,,False,False,False,False,True,False,True,False,False,False,True,confirmed_risk_off,False,True,False,True
2023-03-03,512880.SH,0.944,,-0.009443861490031513,,,0.01397491167787081,940366235.7,39,-0.0037775445960126055,,False,False,False,False,True,False,False,False,False,False,True,confirmed_risk_off,False,True,False,True
2023-03-03,515300.SH,0.927,,0.07291666666666674,,,0.01015619439700878,3367424.2,39,0.0291666666666667,,False,False,False,False,False,False,True,False,False,False,True,confirmed_risk_off,False,True,False,True
2023-03-03,516160.SH,3.225,,-0.07698912421293647,,,0.010519151875278398,139812326.35,39,-0.03079564968517459,,False,False,False,False,True,False,False,False,False,False,True,confirmed_risk_off,False,True,False,True
2023-03-10,159915.SZ,2.3,,-0.06693711967545646,,,0.009428991391113821,1291006497.977,44,-0.026774847870182583,,False,False,False,False,True,False,False,False,False,False,True,confirmed_risk_off,False,True,False,True
2023-03-10,159928.SZ,1.034,,-0.042592592592592626,,,0.009885296171758944,191981472.41685,44,-0.017037037037037052,,False,False,False,False,True,False,False,False,False,False,True,confirmed_risk_off,False,True,False,True
2023-03-10,159995.SZ,1.04,,-0.05711695376246595,,,0.013918448974623411,606166734.04765,44,-0.022846781504986383,,False,False,False,False,True,False,False,False,False,False,True,confirmed_risk_off,False,True,False,True
2023-03-10,510300.SH,3.681,,-0.03714360449908449,,,0.010227912727140015,2576609728.4,44,-0.014857441799633797,,False,False,False,False,True,False,False,False,False,False,True,confirmed_risk_off,False,True,False,True
2023-03-10,510500.SH,5.986,,-0.021255722694571544,,,0.0076365021426881,1735488332.0,44,-0.008502289077828618,,False,False,False,False,True,False,False,False,False,False,True,confirmed_risk_off,False,True,False,True
2023-03-10,510880.SH,2.461,,0.03229865771812079,,,0.007392232022486041,268886676.6,44,0.012919463087248319,,False,False,False,False,True,False,True,False,False,False,True,confirmed_risk_off,False,True,False,True
2023-03-10,512010.SH,0.48,,-0.05882352941176472,,,0.007858353986487846,536330000.45,44,-0.02352941176470589,,False,False,False,False,True,False,False,False,False,False,True,confirmed_risk_off,False,True,False,True
2023-03-10,512100.SH,2.635,,-0.026957163958641228,,,0.00859545600162599,1564770332.55,44,-0.010782865583456492,,False,False,False,False,True,False,False,False,False,False,True,confirmed_risk_off,False,True,False,True
2023-03-10,512660.SH,1.138,,0.0008795074758134458,,,0.0108973376552223,430991869.65,44,0.00035180299032537836,,False,False,False,False,True,False,True,False,False,False,True,confirmed_risk_off,False,True,False,True
2023-03-10,512880.SH,0.896,,-0.042735042735042805,,,0.013696220116440632,939780034.15,44,-0.017094017094017123,,False,False,False,False,True,False,False,False,False,False,True,confirmed_risk_off,False,True,False,True
2023-03-10,515300.SH,0.892,,0.03002309468822184,,,0.011359900265550638,3708481.2,44,0.012009237875288736,,False,False,False,False,False,False,True,False,False,False,True,confirmed_risk_off,False,True,False,True
2023-03-10,516160.SH,3.174,,-0.07274320771253284,,,0.01051763717109564,153878254.9,44,-0.029097283085013137,,False,False,False,False,True,False,False,False,False,False,True,confirmed_risk_off,False,True,False,True
2023-03-17,159915.SZ,2.228,,-0.06307821698906635,,,0.007578607976543357,1741598363.6405997,49,-0.025231286795626542,,False,False,False,False,True,False,False,False,False,False,True,confirmed_risk_off,False,True,False,True
2023-03-17,159928.SZ,1.028,,-0.052534562211981495,,,0.009744403615063188,173732382.58025,49,-0.0210138248847926,,False,False,False,False,True,False,False,False,False,False,True,confirmed_risk_off,False,True,False,True
2023-03-17,159995.SZ,1.075,,0.026743075453677267,,,0.013069275760717423,618127883.1652,49,0.010697230181470908,,False,False,False,False,True,False,True,False,False,False,True,confirmed_risk_off,False,True,False,True
2023-03-17,510300.SH,3.674,,-0.02000533475593491,,,0.010246677471355107,2461532792.75,49,-0.008002133902373965,,False,False,False,False,True,False,False,False,False,False,True,confirmed_risk_off,False,True,False,True
2023-03-17,510500.SH,5.961,,-0.009800664451827146,,,0.007747624064720259,1622190563.75,49,-0.0039202657807308585,,False,False,False,False,True,False,False,False,False,False,True,confirmed_risk_off,False,True,False,True
2023-03-17,510880.SH,2.501,,0.04951741502308016,,,0.008172182834626169,258545349.4,49,0.019806966009232065,,False,False,False,False,True,False,True,False,False,False,True,confirmed_risk_off,False,True,False,True
2023-03-17,512010.SH,0.463,,-0.07768924302788838,,,0.007930368138500723,570374203.6,49,-0.031075697211155353,,False,False,False,False,True,False,False,False,False,False,True,confirmed_risk_off,False,True,False,True
2023-03-17,512100.SH,2.615,,-0.01839339339339341,,,0.008424841989685827,1412624751.25,49,-0.007357357357357364,,False,False,False,False,True,False,False,False,False,False,True,confirmed_risk_off,False,True,False,True
2023-03-17,512660.SH,1.121,,0.008093525179855954,,,0.011708437994828567,416764873.3,49,0.0032374100719423818,,False,False,False,False,True,False,True,False,False,False,True,confirmed_risk_off,False,True,False,True
2023-03-17,512880.SH,0.905,,-0.004400440044004417,,,0.013812708880369076,876522426.45,49,-0.0017601760176017668,,False,False,False,False,True,False,False,False,False,False,True,confirmed_risk_off,False,True,False,True
2023-03-17,515300.SH,0.929,,0.08023255813953489,,,0.012392779495605582,3879791.55,49,0.03209302325581396,,False,False,False,False,False,False,True,False,False,False,True,confirmed_risk_off,False,True,False,True
2023-03-17,516160.SH,2.979,,-0.08563535911602205,,,0.011158508081371818,169135294.5,49,-0.03425414364640882,,False,False,False,False,True,False,False,False,False,False,True,confirmed_risk_off,False,True,False,True
2023-03-24,159915.SZ,2.297,,-0.025456088247772568,,,0.008333204444277204,2207070882.7226,54,-0.010182435299109028,,False,False,False,False,True,False,False,False,False,False,True,confirmed_risk_off,False,True,False,True
2023-03-24,159928.SZ,1.038,,-0.03799814643188126,,,0.010149667904554361,162649521.89935002,54,-0.015199258572752505,,False,False,False,False,True,False,False,False,False,False,True,confirmed_risk_off,False,True,False,True
2023-03-24,159995.SZ,1.134,,0.08516746411483256,,,0.015918601862428203,707914067.96975,54,0.03406698564593302,,False,False,False,False,True,False,True,False,False,False,True,confirmed_risk_off,False,True,False,True
2023-03-24,510300.SH,3.746,,-0.008994708994709,,,0.00843113389745812,2276720225.2,54,-0.0035978835978836,,False,False,False,False,True,False,False,False,False,False,True,confirmed_risk_off,False,True,False,True
2023-03-24,510500.SH,6.084,,-0.006531678641410799,,,0.007379730237801829,1445799027.15,54,-0.0026126714565643198,,False,False,False,False,True,False,False,False,False,False,True,confirmed_risk_off,False,True,False,True
2023-03-24,510880.SH,2.478,,0.0032388663967610754,,,0.007011801370066321,225144815.7,54,0.0012955465587044302,,False,False,False,False,True,False,True,False,False,False,True,confirmed_risk_off,False,True,False,True
2023-03-24,512010.SH,0.469,,-0.0506072874493928,,,0.010903875153501346,586583135.55,54,-0.020242914979757123,,False,False,False,False,True,False,False,False,False,False,True,confirmed_risk_off,False,True,False,True
2023-03-24,512100.SH,2.661,,-0.012249443207126953,,,0.008474369865667618,1311354067.6,54,-0.004899777282850782,,False,False,False,False,True,False,False,False,False,False,True,confirmed_risk_off,False,True,False,True
2023-03-24,512660.SH,1.126,,-0.012280701754386003,,,0.012326117951773337,403365461.9,54,-0.004912280701754402,,False,False,False,False,True,False,False,False,False,False,True,confirmed_risk_off,False,True,False,True
2023-03-24,512880.SH,0.911,,-0.02148227712137485,,,0.010180518203021056,795356808.4,54,-0.008592910848549939,,False,False,False,False,True,False,False,False,False,False,True,confirmed_risk_off,False,True,False,True
2023-03-24,515300.SH,0.93,,0.058020477815699634,,,0.011975126071121372,4207014.7,54,0.023208191126279854,,False,False,False,False,False,False,True,False,False,False,True,confirmed_risk_off,False,True,False,True
2023-03-24,516160.SH,3.051,,-0.06811240073304825,,,0.010625945026592892,189689921.15,54,-0.0272449602932193,,False,False,False,False,True,False,False,False,False,False,True,confirmed_risk_off,False,True,False,True
2023-03-31,159915.SZ,2.327,,-0.010629251700680187,,,0.008604308223149192,2309449515.53375,59,-0.0042517006802720745,,False,False,False,False,True,False,False,False,False,False,True,confirmed_risk_off,False,True,False,True
2023-03-31,159928.SZ,1.066,,-0.02112029384756653,,,0.010671019067380851,159447230.95859998,59,-0.008448117539026611,,False,False,False,False,True,False,False,False,False,False,True,confirmed_risk_off,False,True,False,True
2023-03-31,159995.SZ,1.143,,0.08238636363636354,,,0.017834764653548076,803366344.68045,59,0.03295454545454542,,False,False,False,False,True,False,True,False,False,False,True,confirmed_risk_off,False,True,False,True
2023-03-31,510300.SH,3.77,,-0.019250780437044757,,,0.008206077494978098,2237231463.65,59,-0.007700312174817903,,False,False,False,False,True,False,False,False,False,False,True,confirmed_risk_off,False,True,False,True
2023-03-31,510500.SH,6.119,,-0.006817075150137963,,,0.007375733020326206,1529309033.65,59,-0.0027268300600551856,,False,False,False,False,True,False,False,False,False,False,True,confirmed_risk_off,False,True,False,True
2023-03-31,510880.SH,2.478,,-0.01977848101265811,,,0.006868824636639781,208368052.0,59,-0.007911392405063245,,False,False,False,False,True,False,False,False,False,False,True,confirmed_risk_off,False,True,False,True
2023-03-31,512010.SH,0.47,,-0.04471544715447162,,,0.010782571236079907,573361163.6,59,-0.01788617886178865,,False,False,False,False,True,False,False,False,False,False,True,confirmed_risk_off,False,True,False,True
2023-03-31,512100.SH,2.664,,-0.013698630136986245,,,0.00824708191180885,1261808041.4,59,-0.005479452054794498,,False,False,False,False,True,False,False,False,False,False,True,confirmed_risk_off,False,True,False,True
2023-03-31,512660.SH,1.091,,-0.06592465753424659,,,0.011865434352522068,383648544.7,59,-0.026369863013698636,,False,False,False,False,True,False,False,False,False,False,True,confirmed_risk_off,False,True,False,True
2023-03-31,512880.SH,0.905,,-0.041313559322033844,,,0.009263317954406705,797578323.4,59,-0.016525423728813538,,False,False,False,False,True,False,False,False,False,False,True,confirmed_risk_off,False,True,False,True
2023-03-31,515300.SH,0.924,,-0.003236245954692518,,,0.01066567519206593,4297243.35,59,-0.0012944983818770073,,False,False,False,False,False,False,False,False,False,False,True,confirmed_risk_off,False,True,False,True
2023-03-31,516160.SH,3.083,,-0.04403100775193791,,,0.011136709001867804,206555999.85,59,-0.017612403100775165,,False,False,False,False,True,False,False,False,False,False,True,confirmed_risk_off,False,True,False,True
2023-04-07,159915.SZ,2.369,2.3800000000000003,0.0286582718193662,0.016738197424892798,,0.00824855976224212,2299379051.2613997,63,0.0181585876977036,,False,False,False,False,True,False,True,False,False,False,True,risk_on_setup,True,False,True,False
2023-04-07,159928.SZ,1.052,1.0722833333333335,0.0019047619047618536,-0.005671077504725952,,0.010269670405995383,167644804.06735,63,-0.0015065262399856397,,False,False,False,False,True,False,False,False,False,False,True,risk_on_setup,True,False,True,False
2023-04-07,159995.SZ,1.282,1.0812166666666667,0.22562141491395793,0.26429980276134124,,0.020299631391823576,1021580638.0771,63,0.19596848707011966,,False,False,False,False,True,True,True,False,False,False,True,risk_on_setup,True,False,True,False
2023-04-07,510300.SH,3.837,3.7891166666666662,0.02703426124197006,0.04124830393487122,,0.007732239469715437,2095500797.25,63,0.027313026070736515,,False,False,False,False,True,True,True,False,False,False,True,risk_on_setup,True,False,True,False
2023-04-07,510500.SH,6.235,6.0529166666666665,0.027860204418068024,0.07741489545533109,,0.0069138429500062775,1474144282.95,63,0.04211003994935965,,False,False,False,False,True,True,True,False,False,False,True,risk_on_setup,True,False,True,False
2023-04-07,510880.SH,2.496,2.4373833333333335,-0.0019992003198719965,0.06303236797274292,,0.007299798071274692,195986979.1,63,0.02441326706114837,,False,False,False,False,True,True,True,False,False,False,True,risk_on_setup,True,False,True,False
2023-04-07,512010.SH,0.483,0.49423333333333336,0.006250000000000089,-0.022267206477732837,,0.01187260583313383,652070634.05,63,-0.006406882591093101,,False,False,False,False,True,False,False,False,False,False,True,risk_on_setup,True,False,True,False
2023-04-07,512100.SH,2.73,2.6527499999999997,0.020560747663551426,0.08635097493036215,,0.007950738128587905,1230866712.7,63,0.04276468903756543,,False,False,False,False,True,True,True,False,False,False,True,risk_on_setup,True,False,True,False
2023-04-07,512660.SH,1.125,1.1235666666666666,-0.026816608996539704,0.020871143375680523,,0.011651600771250489,382094485.75,63,-0.002378186248343673,,False,False,False,False,True,True,False,False,False,False,True,risk_on_setup,True,False,True,False
2023-04-07,512880.SH,0.949,0.9264166666666667,0.04515418502202628,0.07474518686296716,,0.012262913739613775,938931616.55,63,0.04795974875399738,,False,False,False,False,True,True,True,False,False,False,True,risk_on_setup,True,False,True,False
2023-04-07,515300.SH,0.946,0.8916833333333334,0.03841931942919863,0.10772833723653386,,0.011036144730873556,3963543.75,63,0.058459062666293,,False,False,False,False,False,True,True,False,False,False,True,risk_on_setup,True,False,True,False
2023-04-07,516160.SH,3.038,3.27005,-0.05240174672489084,-0.06263498920086397,,0.011216759765043802,237969492.55,63,-0.04601469437030192,,False,False,False,False,True,False,False,False,False,False,True,risk_on_setup,True,False,True,False
2023-04-14,159915.SZ,2.355,2.3783,0.054635020152261404,-0.01133501259445846,,0.007578020025127522,2010824845.3882499,68,0.01732000302312118,,False,False,False,False,True,False,True,False,False,True,False,confirmed_risk_on,True,False,True,False
2023-04-14,159928.SZ,1.003,1.0679666666666667,-0.030917874396135248,-0.06086142322097399,,0.009869822071464645,169958449.62594998,68,-0.0367117190468437,,False,False,False,False,True,False,False,False,False,True,False,confirmed_risk_on,True,False,True,False
2023-04-14,159995.SZ,1.274,1.1004166666666666,0.20075400565504253,0.25765054294175727,,0.02526579810215971,1129384723.2318,68,0.18336181943871993,,False,False,False,False,True,True,True,False,False,True,False,confirmed_risk_on,True,False,True,False
2023-04-14,510300.SH,3.804,3.7957833333333335,0.04133588831097712,0.017656500802568198,,0.00586162498632248,2097356714.5,68,0.023596955645418128,,False,False,False,False,True,True,True,False,False,True,False,confirmed_risk_on,True,False,True,False
2023-04-14,510500.SH,6.2,6.085416666666666,0.04641350210970474,0.070257206973934,,0.005020425388296632,1652368740.2,68,0.0466682836334555,,False,False,False,False,True,True,True,False,False,True,False,confirmed_risk_on,True,False,True,False
2023-04-14,510880.SH,2.549,2.4533666666666667,0.02699435938759054,0.09024807527801526,,0.005831045779059449,200297950.0,68,0.04689697386624232,,False,False,False,False,True,True,True,False,False,True,False,confirmed_risk_on,True,False,True,False
2023-04-14,512010.SH,0.488,0.49335,0.031712473572938826,-0.016129032258064502,,0.01250640917108873,735678614.45,68,0.00623337652594973,,False,False,False,False,True,False,True,False,False,True,False,confirmed_risk_on,True,False,True,False
2023-04-14,512100.SH,2.721,2.668583333333333,0.04855491329479755,0.08233890214797146,,0.006170788229016145,1163706873.25,68,0.05235752617710761,,False,False,False,False,True,True,True,False,False,True,False,confirmed_risk_on,True,False,True,False
2023-04-14,512660.SH,1.109,1.1264833333333333,-0.0026978417266187993,0.04131455399061035,,0.009475348954217516,380403739.75,68,0.01544668490559662,,False,False,False,False,True,False,True,False,False,True,False,confirmed_risk_on,True,False,True,False
2023-04-14,512880.SH,0.941,0.93055,0.057303370786516705,0.04555555555555557,,0.012189269455777417,1066132744.9,68,0.04114357053682891,,False,False,False,False,True,True,True,False,False,True,False,confirmed_risk_on,True,False,True,False
2023-04-14,515300.SH,0.967,0.9006166666666667,0.057986870897155374,0.13764705882352946,,0.008954378444403279,3562292.85,68,0.07825357188827393,,False,False,False,False,False,True,True,False,False,True,False,confirmed_risk_on,True,False,True,False
2023-04-14,516160.SH,3.064,3.2446666666666664,0.020652898067954784,-0.09536462946560376,,0.010461145733048977,296659787.55,68,-0.029884692559059588,,False,False,False,False,True,False,False,False,False,True,False,confirmed_risk_on,True,False,True,False
2023-04-21,159915.SZ,2.269,2.3670833333333334,-0.008304195804195613,-0.09094551282051277,,0.00858941534009928,1488394405.17705,73,-0.03969988344988336,,False,False,False,False,True,False,False,False,False,False,True,confirmed_risk_off,False,True,False,True
2023-04-21,159928.SZ,0.994,1.0599833333333335,-0.04331087584215587,-0.09057639524245198,,0.008854326906744352,169075495.4438,73,-0.05355490843384314,,False,False,False,False,True,False,False,False,False,False,True,confirmed_risk_off,False,True,False,True
2023-04-21,159995.SZ,1.196,1.1157499999999998,0.04728546409807355,0.09825528007346196,,0.02830701825201496,1158054809.7476,73,0.058216297668614206,,False,False,False,False,True,True,True,False,False,False,True,confirmed_risk_off,False,True,False,True
2023-04-21,510300.SH,3.75,3.7941000000000003,-0.00026659557451347293,-0.03300670448684895,,0.007582209063024187,1992506581.4,73,-0.01330932002454497,,False,False,False,False,True,False,False,False,False,False,True,confirmed_risk_off,False,True,False,True
2023-04-21,510500.SH,6.029,6.106516666666667,-0.007735352205398227,0.006174899866488559,,0.007216268455104199,1528375430.6,73,-0.000624180935563867,,False,False,False,False,True,False,False,False,False,False,True,confirmed_risk_off,False,True,False,True
2023-04-21,510880.SH,2.576,2.472066666666667,0.03205128205128216,0.08554572271386429,,0.006394990896591452,224008471.95,73,0.04703880190605858,,False,False,False,False,True,True,True,False,False,False,True,confirmed_risk_off,False,True,False,True
2023-04-21,512010.SH,0.464,0.48941666666666667,-0.016949152542372725,-0.13108614232209737,,0.01060465273147277,792630963.5,73,-0.05921411794578804,,False,False,False,False,True,False,False,False,False,False,True,confirmed_risk_off,False,True,False,True
2023-04-21,512100.SH,2.63,2.679666666666667,-0.010906355772846932,0.013878180416345476,,0.00806260957360085,1085521147.8,73,0.0011887298573994174,,False,False,False,False,True,False,True,False,False,False,True,confirmed_risk_off,False,True,False,True
2023-04-21,512660.SH,1.091,1.12765,-0.03876651982378854,-0.017117117117117275,,0.007595547281075931,389110125.7,73,-0.022353454776362323,,False,False,False,False,True,False,False,False,False,False,True,confirmed_risk_off,False,True,False,True
2023-04-21,512880.SH,0.916,0.9303666666666666,0.007700770077007757,-0.060512820512820475,,0.015603361216767074,1190517641.5,73,-0.021124820174325088,,False,False,False,False,True,False,False,False,False,False,True,confirmed_risk_off,False,True,False,True
2023-04-21,515300.SH,0.987,0.9114833333333333,0.047770700636942776,0.13318025258323773,,0.011583741859911772,3333327.65,73,0.07238038128807221,,False,False,False,False,False,True,True,False,False,False,True,confirmed_risk_off,False,True,False,True
2023-04-21,516160.SH,2.957,3.2136666666666667,-0.028580814717477088,-0.13840326340326348,,0.012115930034797962,366167212.5,73,-0.06679363124829624,,False,False,False,False,True,False,False,False,False,False,True,confirmed_risk_off,False,True,False,True
2023-04-28,159915.SZ,2.255,2.34275,-0.025075659316904586,-0.10657686212361339,,0.010065392464384964,1503364248.0629501,78,-0.052661008576207195,,False,False,False,False,True,False,False,False,False,False,True,confirmed_risk_off,False,True,False,True
2023-04-28,159928.SZ,1.002,1.0512333333333332,-0.05649717514124297,-0.08659981768459435,,0.009569734085584428,190746064.36385,78,-0.05723879713033493,,False,False,False,False,True,False,False,False,False,False,True,confirmed_risk_off,False,True,False,True
2023-04-28,159995.SZ,1.119,1.119,-0.013227513227513144,0.0191256830601092,,0.028268281322740424,1201638958.07045,78,0.0023592679330384225,,False,False,False,False,True,False,True,False,False,False,True,confirmed_risk_off,False,True,False,True
2023-04-28,510300.SH,3.745,3.7771999999999997,-0.003989361702127603,-0.03974358974358971,,0.008356382459486769,2177932924.6,78,-0.01749318057828693,,False,False,False,False,True,False,False,False,False,False,True,confirmed_risk_off,False,True,False,True
2023-04-28,510500.SH,6.037,6.0955666666666675,-0.00576416337285901,-0.01757526444263624,,0.00882895468641645,1510864604.4,78,-0.0093357711261981,,False,False,False,False,True,False,False,False,False,False,True,confirmed_risk_off,False,True,False,True
2023-04-28,510880.SH,2.643,2.489333333333333,0.06960744637798455,0.10079133694294051,,0.006217591525061489,283967375.7,78,0.06815951332837003,,False,False,False,False,True,True,True,False,False,False,True,confirmed_risk_off,False,True,False,True
2023-04-28,512010.SH,0.461,0.4841166666666667,-0.025369978858350906,-0.1134615384615385,,0.010790803612579421,859711054.0,78,-0.055532606927955766,,False,False,False,False,True,False,False,False,False,False,True,confirmed_risk_off,False,True,False,True
2023-04-28,512100.SH,2.614,2.6741,-0.010598031794095353,-0.02716784518049864,,0.009789906855189635,1213569957.25,78,-0.015106350789837599,,False,False,False,False,True,False,False,False,False,False,True,confirmed_risk_off,False,True,False,True
2023-04-28,512660.SH,1.091,1.1221166666666667,0.0027573529411764053,-0.045494313210848736,,0.00944385054694329,385566422.9,78,-0.01709478410786893,,False,False,False,False,True,False,False,False,False,False,True,confirmed_risk_off,False,True,False,True
2023-04-28,512880.SH,0.928,0.9256,0.02428256070640189,-0.03433922996878247,,0.016556588228516047,1259720051.85,78,-0.004022667704952233,,False,False,False,False,True,True,False,False,False,False,True,confirmed_risk_off,False,True,False,True
2023-04-28,515300.SH,1.011,0.9214666666666667,0.0941558441558441,0.1594036697247705,,0.012038173307436487,3359356.6,78,0.10142380555224585,,False,False,False,False,False,True,True,False,False,False,True,confirmed_risk_off,False,True,False,True
2023-04-28,516160.SH,2.934,3.1592666666666664,-0.04429967426710091,-0.1746835443037975,,0.018977680914815824,451795502.95,78,-0.08759328742835937,,False,False,False,False,True,False,False,False,False,False,True,confirmed_risk_off,False,True,False,True
2023-05-05,159915.SZ,2.202,2.3338166666666664,-0.0693153000845309,-0.10777957860615883,,0.009402643126430396,1394912971.15525,80,-0.07083795147627589,,False,False,False,False,True,False,False,False,False,False,True,confirmed_risk_off,False,True,False,True
2023-05-05,159928.SZ,0.995,1.0484166666666668,-0.06484962406015038,-0.0674789128397375,,0.009911786162340118,189545177.33635002,80,-0.05293141475995515,,False,False,False,False,True,False,False,False,False,False,True,confirmed_risk_off,False,True,False,True
2023-05-05,159995.SZ,1.083,1.1188666666666667,-0.09825145711906758,0.0009242144177448175,,0.02610613314351227,1167571969.9311001,80,-0.0389308970805291,,False,False,False,False,True,False,False,False,False,False,True,confirmed_risk_off,False,True,False,True
2023-05-05,510300.SH,3.729,3.77415,-0.018684210526315748,-0.018684210526315748,,0.008149983757172618,2065504122.4,80,-0.014947368421052598,,False,False,False,False,True,False,False,False,False,False,True,confirmed_risk_off,False,True,False,True
2023-05-05,510500.SH,5.982,6.092483333333333,-0.032508491023774844,-0.017411300919842332,,0.008440417602320982,1413941259.85,80,-0.019967916777446873,,False,False,False,False,True,False,False,False,False,False,True,confirmed_risk_off,False,True,False,True
2023-05-05,510880.SH,2.742,2.5010833333333333,0.09723889555822329,0.15793918918918926,,0.008101061025189326,298453212.05,80,0.10207123389896502,,False,False,False,False,True,True,True,False,False,False,True,confirmed_risk_off,False,True,False,True
2023-05-05,512010.SH,0.455,0.4824333333333334,-0.023605150214592308,-0.09542743538767395,,0.011078935661644501,854705771.15,80,-0.04761303424090651,,False,False,False,False,True,False,False,False,False,False,True,confirmed_risk_off,False,True,False,True
2023-05-05,512100.SH,2.578,2.67115,-0.04553868937430594,-0.03734129947722187,,0.009180848978768781,1200478718.75,80,-0.03315199554061112,,False,False,False,False,True,False,False,False,False,False,True,confirmed_risk_off,False,True,False,True
2023-05-05,512660.SH,1.077,1.1198166666666667,-0.028854824165915227,-0.061846689895470375,,0.00896432295762324,365720917.6,80,-0.03628060562455424,,False,False,False,False,True,False,False,False,False,False,True,confirmed_risk_off,False,True,False,True
2023-05-05,512880.SH,0.953,0.9256666666666666,0.011677282377919429,0.019251336898395532,,0.014489351545076936,1252310405.45,80,0.012371447710525986,,False,False,False,False,True,True,True,False,False,False,True,confirmed_risk_off,False,True,False,True
2023-05-05,515300.SH,1.055,0.9246500000000001,0.14177489177489155,0.22106481481481466,,0.014661085547101252,3446815.25,79,0.1451358826358825,,False,False,False,False,False,True,True,False,False,False,True,confirmed_risk_off,False,True,False,True
2023-05-05,516160.SH,2.869,3.1397833333333334,-0.07421748951274598,-0.1688876013904982,,0.01901869026372556,457510776.15,80,-0.09724203636129768,,False,False,False,False,True,False,False,False,False,False,True,confirmed_risk_off,False,True,False,True
2023-05-05,588080.SH,1.058,,,,,,,10,0.0,,False,False,False,False,False,False,False,False,False,False,True,confirmed_risk_off,False,True,False,True
2023-05-12,159915.SZ,2.185,2.310933333333333,-0.07493649449618967,-0.12424849699398799,,0.010296835147323853,1475317733.57225,85,-0.07967399659607106,,False,False,False,False,True,False,False,False,False,False,True,confirmed_risk_off,False,True,False,True
2023-05-12,159928.SZ,0.971,1.0403333333333333,-0.05636540330417872,-0.12047101449275377,,0.008934985277722726,172218990.06635,85,-0.070734567118773,,False,False,False,False,True,False,False,False,False,False,True,confirmed_risk_off,False,True,False,True
2023-05-12,159995.SZ,1.044,1.1161,-0.16077170418006426,-0.05520361990950218,,0.02275169491245665,986378952.9794499,85,-0.08639012963582658,,False,False,False,False,True,False,False,False,False,False,True,confirmed_risk_off,False,True,False,True
2023-05-12,510300.SH,3.652,3.76495,-0.04197271773347322,-0.052658884565499275,,0.00903021076394016,2218790907.75,85,-0.037852640919588995,,False,False,False,False,True,False,False,False,False,False,True,confirmed_risk_off,False,True,False,True
2023-05-12,510500.SH,5.874,6.0792166666666665,-0.051203359715716434,-0.04549886252843682,,0.008603127869513151,1280591961.9,85,-0.0386808888976613,,False,False,False,False,True,False,False,False,False,False,True,confirmed_risk_off,False,True,False,True
2023-05-12,510880.SH,2.707,2.5323666666666664,0.07591414944356112,0.13311008790288836,,0.012676249541144397,372999365.8,85,0.0836096949385798,,False,False,False,False,True,True,True,False,False,False,True,confirmed_risk_off,False,True,False,True
2023-05-12,512010.SH,0.449,0.4777666666666666,-0.0742268041237113,-0.1264591439688716,,0.009066033861225044,770146195.3,85,-0.08027437923703316,,False,False,False,False,True,False,False,False,False,False,True,confirmed_risk_off,False,True,False,True
2023-05-12,512100.SH,2.532,2.6595333333333335,-0.06430155210643018,-0.0738844184345282,,0.009382348667677724,1224579746.25,85,-0.055274388216383356,,False,False,False,False,True,False,False,False,False,False,True,confirmed_risk_off,False,True,False,True
2023-05-12,512660.SH,1.057,1.1151666666666666,-0.04688908926961233,-0.07604895104895104,,0.012245220238255838,364972599.75,85,-0.04917521612742535,,False,False,False,False,True,False,False,False,False,False,True,confirmed_risk_off,False,True,False,True
2023-05-12,512880.SH,0.941,0.9276,-0.008429926238145424,-0.0010615711252653925,,0.016308907720441905,1343303198.85,85,-0.0037965989453643267,,False,False,False,False,True,True,False,False,False,False,True,confirmed_risk_off,False,True,False,True
2023-05-12,515300.SH,1.029,0.9419500000000001,0.08773784355179703,0.18822170900692825,,0.02127535169790939,4273891.95,84,0.11038382102349012,,False,False,False,False,False,True,True,False,False,False,True,confirmed_risk_off,False,True,False,True
2023-05-12,516160.SH,2.879,3.0928666666666667,-0.06918849013902362,-0.16210710128055883,,0.019389791243659915,431085809.15,85,-0.09251823656783299,,False,False,False,False,True,False,False,False,False,False,True,confirmed_risk_off,False,True,False,True
2023-05-12,588080.SH,1.022,,,,,,,15,0.0,,False,False,False,False,False,False,False,False,False,False,True,confirmed_risk_off,False,True,False,True
2023-05-19,159915.SZ,2.215,2.2933666666666666,-0.059048428207306825,-0.07823553890969626,,0.011321113659897795,1543003450.4456499,90,-0.05491358684680124,,False,False,False,False,True,False,False,False,False,False,True,confirmed_risk_off,False,True,False,True
2023-05-19,159928.SZ,0.96,1.02945,-0.057899901864573056,-0.1304347826086958,,0.008466693688762371,161078846.83555,90,-0.07533387378930755,,False,False,False,False,True,False,False,False,False,False,True,confirmed_risk_off,False,True,False,True
2023-05-19,159995.SZ,1.097,1.11565,-0.11532258064516132,0.03588290840415498,,0.018792252329710362,921028677.6896,90,-0.031775868896402534,,False,False,False,False,True,False,False,False,False,False,True,confirmed_risk_off,False,True,False,True
2023-05-19,510300.SH,3.664,3.753416666666667,-0.05371900826446274,-0.04929942916450436,,0.008974123462538727,2332501607.45,90,-0.041207374971586844,,False,False,False,False,True,False,False,False,False,False,True,confirmed_risk_off,False,True,False,True
2023-05-19,510500.SH,5.918,6.063133333333332,-0.04840006431902233,-0.03269042170643999,,0.008974691532343967,1127032922.65,90,-0.03243619441018493,,False,False,False,False,True,False,False,False,False,False,True,confirmed_risk_off,False,True,False,True
2023-05-19,510880.SH,2.652,2.5558166666666664,0.01921598770176791,0.09270704573547595,,0.013210981539359503,380764124.05,90,0.044769213374897546,,False,False,False,False,True,True,True,False,False,False,True,confirmed_risk_off,False,True,False,True
2023-05-19,512010.SH,0.459,0.4737166666666666,-0.05360824742268033,-0.0982318271119843,,0.010291543239000401,673383997.65,90,-0.06073602981386586,,False,False,False,False,True,False,False,False,False,False,True,confirmed_risk_off,False,True,False,True
2023-05-19,512100.SH,2.562,2.6462000000000003,-0.05530973451327448,-0.049703264094955624,,0.009744798453228492,1250497739.65,90,-0.04200519944329205,,False,False,False,False,True,False,False,False,False,False,True,confirmed_risk_off,False,True,False,True
2023-05-19,512660.SH,1.107,1.1127833333333332,0.0,-0.008064516129032362,,0.015147779853684004,389075333.6,90,-0.003225806451612945,,False,False,False,False,True,False,False,False,False,False,True,confirmed_risk_off,False,True,False,True
2023-05-19,512880.SH,0.928,0.9286333333333334,-0.03534303534303529,-0.019027484143763096,,0.01552499165802718,1262712613.4,90,-0.021748207794719355,,False,False,False,False,True,False,False,False,False,False,True,confirmed_risk_off,False,True,False,True
2023-05-19,515300.SH,1.029,0.9504499999999999,0.07187499999999991,0.18411967779056382,,0.02186705114688471,4872468.55,87,0.1023978711162255,,False,False,False,False,False,True,True,False,False,False,True,confirmed_risk_off,False,True,False,True
2023-05-19,516160.SH,2.911,3.061,-0.06368607269218396,-0.11600364409353181,,0.020816120469853223,395058654.1,90,-0.07187588671428631,,False,False,False,False,True,False,False,False,False,False,True,confirmed_risk_off,False,True,False,True
2023-05-19,588080.SH,1.051,,,,,,,17,0.0,,False,False,False,False,False,False,False,False,False,False,True,confirmed_risk_off,False,True,False,True
2023-05-26,159915.SZ,2.167,2.27805,-0.011855905152758917,-0.073931623931624,,0.009590434205698873,1535549138.6665998,95,-0.03431501163375317,,False,False,False,False,True,False,False,False,False,False,True,confirmed_risk_off,False,True,False,True
2023-05-26,159928.SZ,0.945,1.0183833333333332,-0.042553191489361764,-0.12983425414364647,,0.008858425739296313,156668003.85635,95,-0.06895497825320329,,False,False,False,False,True,False,False,False,False,False,True,confirmed_risk_off,False,True,False,True
2023-05-26,159995.SZ,1.088,1.11805,-0.04056437389770706,0.05939629990262918,,0.013629180353026354,828651041.6070501,95,0.007532770401968848,,False,False,False,False,True,False,True,False,False,False,True,confirmed_risk_off,False,True,False,True
2023-05-26,510300.SH,3.57,3.7363833333333334,-0.029891304347826164,-0.05179282868525903,,0.008774089393992449,2223191210.6,95,-0.03267365321323408,,False,False,False,False,True,False,False,False,False,False,True,confirmed_risk_off,False,True,False,True
2023-05-26,510500.SH,5.833,6.038250000000001,-0.010181571355845853,-0.04235757675258578,,0.00732071075326034,1081793513.45,95,-0.021015659243372654,,False,False,False,False,True,False,False,False,False,False,True,confirmed_risk_off,False,True,False,True
2023-05-26,510880.SH,2.575,2.5654333333333335,-0.006941766293868001,0.04040404040404044,,0.014179710044989285,362588971.45,95,0.013384909644068979,,False,False,False,False,True,True,True,False,False,False,True,confirmed_risk_off,False,True,False,True
2023-05-26,512010.SH,0.453,0.47028333333333333,-0.00439560439560438,-0.0736196319018404,,0.008985144346688062,579975711.2,95,-0.031206094518977913,,False,False,False,False,True,False,False,False,False,False,True,confirmed_risk_off,False,True,False,True
2023-05-26,512100.SH,2.544,2.632533333333334,-0.006249999999999978,-0.04932735426008972,,0.007567527693678374,1197901209.75,95,-0.02223094170403588,,False,False,False,False,True,False,False,False,False,False,True,confirmed_risk_off,False,True,False,True
2023-05-26,512660.SH,1.078,1.1088999999999998,0.02083333333333326,-0.05022026431718052,,0.01462121205612761,351443131.85,95,-0.011754772393538906,,False,False,False,False,True,False,False,False,False,False,True,confirmed_risk_off,False,True,False,True
2023-05-26,512880.SH,0.903,0.9262666666666666,-0.0011061946902655162,-0.017410228509249226,,0.013005987043299843,1217488995.75,95,-0.007406569279805897,,False,False,False,False,True,False,False,False,False,False,True,confirmed_risk_off,False,True,False,True
2023-05-26,515300.SH,0.991,0.9569666666666666,-0.01491053677932408,0.12104072398190047,,0.024067948237761386,5416423.5,90,0.04245207488103056,,False,False,False,False,False,True,True,False,False,False,True,confirmed_risk_off,False,True,False,True
2023-05-26,516160.SH,2.866,3.0289,0.027608461814270235,-0.12381534698868846,,0.01828873847012912,330009906.25,95,-0.03848275406976729,,False,False,False,False,True,False,False,False,False,False,True,confirmed_risk_off,False,True,False,True
2023-05-26,588080.SH,1.052,,0.06693711967545646,,,0.013847212034129022,470116349.15,22,0.026774847870182583,,False,False,False,False,True,False,True,False,False,False,True,confirmed_risk_off,False,True,False,True
2023-06-02,159915.SZ,2.175,2.2607333333333335,-0.012261580381471404,-0.07878017789072445,,0.009346932145571177,1639098491.0814,100,-0.03641670330887835,,False,False,False,False,True,False,False,False,False,False,True,confirmed_risk_off,False,True,False,True
2023-06-02,159928.SZ,0.933,1.0046166666666665,-0.062311557788944705,-0.1400921658986174,,0.009675124690781113,143275743.10635,100,-0.08096148947502485,,False,False,False,False,True,False,False,False,False,False,True,confirmed_risk_off,False,True,False,True
2023-06-02,159995.SZ,1.097,1.1224666666666667,0.012927054478301114,0.03588290840415498,,0.010627581183025727,709273811.97515,100,0.01952398515298244,,False,False,False,False,True,False,True,False,False,False,True,confirmed_risk_off,False,True,False,True
2023-06-02,510300.SH,3.583,3.71335,-0.039152587825154184,-0.061796281749148974,,0.00904275010009759,2314332445.5,100,-0.040379547829721266,,False,False,False,False,True,False,False,False,False,False,True,confirmed_risk_off,False,True,False,True
2023-06-02,510500.SH,5.914,6.013616666666667,-0.01136743564025422,-0.0404024014278761,,0.0064138895762034746,1089724673.2,100,-0.02070793482725213,,False,False,False,False,True,False,False,False,False,False,True,confirmed_risk_off,False,True,False,True
2023-06-02,510880.SH,2.568,2.571833333333333,-0.06345733041575485,0.02147971360381873,,0.01243328563911245,337526351.2,100,-0.01679104672477445,,False,False,False,False,True,False,False,False,False,False,True,confirmed_risk_off,False,True,False,True
2023-06-02,512010.SH,0.443,0.46623333333333333,-0.02637362637362639,-0.0959183673469387,,0.009959312228737234,586400058.3,100,-0.04891679748822604,,False,False,False,False,True,False,False,False,False,False,True,confirmed_risk_off,False,True,False,True
2023-06-02,512100.SH,2.575,2.619866666666667,-0.001163692785104642,-0.04981549815498143,,0.0064698834644502995,1110795284.4,100,-0.02039167637603443,,False,False,False,False,True,False,False,False,False,False,True,confirmed_risk_off,False,True,False,True
2023-06-02,512660.SH,1.08,1.1026500000000001,0.002785515320334442,-0.08085106382978724,,0.01382610652336457,352774736.8,100,-0.031226219403781123,,False,False,False,False,True,False,False,False,False,False,True,confirmed_risk_off,False,True,False,True
2023-06-02,512880.SH,0.899,0.9228666666666666,-0.05666316894018886,-0.033333333333333326,,0.011245502727288054,1118260201.7,100,-0.03599860090940887,,False,False,False,False,True,False,False,False,False,False,True,confirmed_risk_off,False,True,False,True
2023-06-02,515300.SH,1.001,0.9668166666666667,0.0030060120240480437,0.14793577981651373,,0.023268051445685296,5927968.3,95,0.06037671673622471,,False,False,False,False,False,True,True,False,False,False,True,confirmed_risk_off,False,True,False,True
2023-06-02,516160.SH,2.808,2.9894333333333334,-0.021261763680725076,-0.14390243902439026,,0.015430089965062295,277339412.3,100,-0.06606568108204613,,False,False,False,False,True,False,False,False,False,False,True,confirmed_risk_off,False,True,False,True
2023-06-09,159915.SZ,2.086,2.2435833333333335,-0.04530892448512591,-0.0878880629645824,,0.009866978258816026,1652084059.7324,105,-0.05327879497988333,,False,False,False,False,True,False,False,False,False,False,True,confirmed_risk_off,False,True,False,True
2023-06-09,159928.SZ,0.917,0.9934666666666666,-0.05561277033985579,-0.1299810246679317,,0.010265421511831926,141623303.64785,105,-0.074237518003115,,False,False,False,False,True,False,False,False,False,False,True,confirmed_risk_off,False,True,False,True
2023-06-09,159995.SZ,1.061,1.1251833333333334,0.016283524904214364,0.02215799614643532,,0.012107674680931206,657554541.82485,105,0.015376608420259875,,False,False,False,False,True,False,True,False,False,False,True,confirmed_risk_off,False,True,False,True
2023-06-09,510300.SH,3.564,3.697866666666667,-0.02409638554216864,-0.043221476510067136,,0.008484200455087723,2104307987.5,105,-0.02692714482089431,,False,False,False,False,True,False,False,False,False,False,True,confirmed_risk_off,False,True,False,True
2023-06-09,510500.SH,5.829,5.9949,-0.00766087844739527,-0.03188839063278526,,0.007210344569379165,1074825433.4,105,-0.01581970763207221,,False,False,False,False,True,False,False,False,False,False,True,confirmed_risk_off,False,True,False,True
2023-06-09,510880.SH,2.625,2.5813333333333333,-0.030291835980790438,0.05252606255012027,,0.009515261845385679,279125266.65,105,0.008893690627731932,,False,False,False,False,True,True,True,False,False,False,True,confirmed_risk_off,False,True,False,True
2023-06-09,512010.SH,0.428,0.46208333333333335,-0.04677060133630295,-0.10272536687631029,,0.011166092521224935,545918841.5,105,-0.0597983872850453,,False,False,False,False,True,False,False,False,False,False,True,confirmed_risk_off,False,True,False,True
2023-06-09,512100.SH,2.526,2.609266666666667,-0.0023696682464455776,-0.04607250755287018,,0.007153085558726615,1090504260.45,105,-0.019376870319726302,,False,False,False,False,True,False,False,False,False,False,True,confirmed_risk_off,False,True,False,True
2023-06-09,512660.SH,1.042,1.0938333333333332,-0.014191106906338624,-0.0939130434782608,,0.01166883207694294,318967461.85,105,-0.04324166015383977,,False,False,False,False,True,False,False,False,False,False,True,confirmed_risk_off,False,True,False,True
2023-06-09,512880.SH,0.892,0.9214333333333333,-0.05207226354941541,-0.008888888888888946,,0.008371244402746414,911628921.4,105,-0.024384460975321744,,False,False,False,False,True,False,False,False,False,False,True,confirmed_risk_off,False,True,False,True
2023-06-09,515300.SH,1.035,0.9761166666666665,-0.066726780883679,0.12622415669205655,,0.01740915709744648,6429479.5,100,0.02379895032335102,,False,False,False,False,False,True,True,False,False,False,True,confirmed_risk_off,False,True,False,True
2023-06-09,516160.SH,2.698,2.9484333333333335,-0.0628690517540813,-0.14021669853409813,,0.01460122695169442,272855037.6,105,-0.08123430011527177,,False,False,False,False,True,False,False,False,False,False,True,confirmed_risk_off,False,True,False,True
2023-06-09,588080.SH,1.042,,0.024582104228122015,,,0.014455487440846373,507494238.45,25,0.009832841691248807,,False,False,False,False,True,False,True,False,False,False,True,confirmed_risk_off,False,True,False,True
2023-06-16,159915.SZ,2.208,2.2347166666666665,-0.0031602708803609714,-0.008086253369272156,,0.01216801933032025,1849008089.0518997,110,-0.004498609699853251,,False,False,False,False,True,False,False,False,False,False,True,mixed,True,False,False,True
2023-06-16,159928.SZ,0.974,0.9868333333333333,0.014583333333333393,-0.038499506416584284,,0.011940215642721014,170959008.62685,110,-0.009566469233300358,,False,False,False,False,True,False,False,False,False,False,True,mixed,True,False,False,True
2023-06-16,159995.SZ,1.102,1.1265166666666666,0.004557885141294626,0.004557885141294626,,0.012527965139754788,615375262.6391001,110,0.0036463081130357015,,False,False,False,False,True,False,True,False,False,False,True,mixed,True,False,False,True
2023-06-16,510300.SH,3.699,3.6936166666666663,0.009552401746724781,0.012869660460021803,,0.008898538093264801,1991957538.45,110,0.008968824882698635,,False,False,False,False,True,True,True,False,False,False,True,mixed,True,False,False,True
2023-06-16,510500.SH,5.969,5.9895499999999995,0.008617776275768874,0.004543924604510252,,0.0071082818887121665,1096940611.25,110,0.0052646803521116505,,False,False,False,False,True,False,True,False,False,False,True,mixed,True,False,False,True
2023-06-16,510880.SH,2.573,2.5888,-0.02978883861236814,0.03416398713826374,,0.008869310715167382,246927589.3,110,0.0017500594103582387,,False,False,False,False,True,False,True,False,False,False,True,mixed,True,False,False,True
2023-06-16,512010.SH,0.443,0.45921666666666666,-0.034858387799564294,-0.028508771929824595,,0.010792743425404568,533859398.0,110,-0.025346863891755556,,False,False,False,False,True,False,False,False,False,False,True,mixed,True,False,False,True
2023-06-16,512100.SH,2.596,2.60495,0.013270882123341154,-0.003072196620583667,,0.006984708957652805,1089634160.3,110,0.004079474201102995,,False,False,False,False,True,False,True,False,False,False,True,mixed,True,False,False,True
2023-06-16,512660.SH,1.064,1.0872,-0.038843721770550954,-0.038843721770550954,,0.008570281308825397,312720849.0,110,-0.031074977416440764,,False,False,False,False,True,False,False,False,False,False,True,mixed,True,False,False,True
2023-06-16,512880.SH,0.906,0.9212833333333332,-0.0237068965517242,0.012290502793296021,,0.008265467668832405,925564817.65,110,-0.004566557503371272,,False,False,False,False,True,False,False,False,False,False,True,mixed,True,False,False,True
2023-06-16,515300.SH,1.007,0.9844333333333333,-0.03728489483747621,0.10659340659340644,,0.015113115986531677,5734294.4,105,0.02772340470237209,,False,False,False,False,False,True,True,False,False,False,True,mixed,True,False,False,True
2023-06-16,516160.SH,2.831,2.9239166666666665,-0.02748196496049471,-0.05601867289096374,,0.016241973532324674,268320046.95,110,-0.03340025514058338,,False,False,False,False,True,False,False,False,False,False,True,mixed,True,False,False,True
2023-06-16,588080.SH,1.061,,0.02019230769230762,,,0.014310572851238847,532632972.15,27,0.00807692307692305,,False,False,False,False,True,False,True,False,False,False,True,mixed,True,False,False,True
2023-06-30,159915.SZ,2.164,2.2165833333333333,0.01548568747067125,-0.06441850410722005,,0.013186658027791202,1780404323.2912498,118,-0.01957312665461952,,False,False,False,False,True,False,False,False,False,False,True,confirmed_risk_off,False,True,False,True
2023-06-30,159928.SZ,0.926,0.9728333333333333,0.015350877192982448,-0.128060263653484,,0.011009495668967298,189882727.38765,118,-0.04508375458420062,,False,False,False,False,True,False,False,False,False,False,True,confirmed_risk_off,False,True,False,True
2023-06-30,159995.SZ,1.051,1.11945,-0.044545454545454666,-0.07319223985890655,,0.01413774563157491,615832291.389,118,-0.047095077761744486,,False,False,False,False,True,False,False,False,False,False,True,confirmed_risk_off,False,True,False,True
2023-06-30,510300.SH,3.602,3.6776833333333334,0.022714366837024436,-0.04202127659574462,,0.00870517894102556,1812264081.45,118,-0.007722763903488073,,False,False,False,False,True,False,False,False,False,False,True,confirmed_risk_off,False,True,False,True
2023-06-30,510500.SH,5.855,5.959950000000001,0.0005126452494874645,-0.03573781291172584,,0.009143323653912034,1177342374.1,118,-0.01409006706489535,,False,False,False,False,True,False,False,False,False,False,True,confirmed_risk_off,False,True,False,True
2023-06-30,510880.SH,2.522,2.592833333333333,-0.019440124416796323,0.02063941723998375,,0.009752341214002846,253568996.85,118,0.00047971712927497023,,False,False,False,False,True,False,True,False,False,False,True,confirmed_risk_off,False,True,False,True
2023-06-30,512010.SH,0.425,0.45315,-0.027459954233409634,-0.10147991543340373,,0.010856780838933567,488551732.6,118,-0.051575947866725355,,False,False,False,False,True,False,False,False,False,False,True,confirmed_risk_off,False,True,False,True
2023-06-30,512100.SH,2.581,2.592533333333334,0.011760094080752515,-0.023088569265707792,,0.00976771657225363,1257431048.4,118,-0.004531390073982112,,False,False,False,False,True,False,False,False,False,False,True,confirmed_risk_off,False,True,False,True
2023-06-30,512660.SH,1.124,1.0847,0.04460966542750944,0.03308823529411775,,0.012327579163792748,381869777.45,118,0.03107916028865088,,False,False,False,False,True,True,True,False,False,False,True,confirmed_risk_off,False,True,False,True
2023-06-30,512880.SH,0.879,0.9171833333333334,-0.013468013468013518,-0.0298013245033113,,0.010501938872137632,867172444.15,118,-0.017307735188529925,,False,False,False,False,True,False,False,False,False,False,True,confirmed_risk_off,False,True,False,True
2023-06-30,515300.SH,0.997,0.9931666666666666,0.0,0.0583864118895967,,0.010496677208298092,6456947.05,113,0.02335456475583868,,False,False,False,False,False,True,True,False,False,False,True,confirmed_risk_off,False,True,False,True
2023-06-30,516160.SH,2.844,2.8900833333333336,0.03305484925535773,-0.07361563517915304,,0.014817063137029192,255775555.5,118,-0.01622431436951812,,False,False,False,False,True,False,False,False,False,False,True,confirmed_risk_off,False,True,False,True
2023-06-30,588080.SH,1.016,,-0.005870841487279899,,,0.012821809349318881,618384698.25,35,-0.0023483365949119595,,False,False,False,False,True,False,False,False,False,False,True,confirmed_risk_off,False,True,False,True
2023-07-07,512660.SH,1.101,1.0854333333333335,0.06069364161849711,-0.021333333333333315,-0.0009074410163339985,0.011365468561909517,386399658.8,123,0.01556263511079872,1,True,True,True,True,True,True,True,True,False,False,True,confirmed_risk_off,False,True,False,True
2023-07-07,510880.SH,2.543,2.59635,-0.024549290372075205,0.018830128205128194,0.08304940374787062,0.010033345829346882,252037320.0,123,0.01432221588279532,2,True,True,True,True,True,False,True,False,True,False,True,confirmed_risk_off,False,True,False,True
2023-07-07,512100.SH,2.547,2.5814666666666666,0.010714285714285676,-0.06703296703296702,0.013529645841623639,0.008658832101291255,1267355401.45,123,-0.01982154335914781,3,True,True,True,True,True,False,False,False,True,False,True,confirmed_risk_off,False,True,False,True
2023-07-07,512880.SH,0.89,0.9132,0.007927519818799578,-0.06217070600632235,0.007927519818799578,0.010513265287896211,811025882.95,123,-0.020111770511249197,4,True,True,False,True,True,False,False,False,True,False,True,confirmed_risk_off,False,True,False,True
2023-07-07,510300.SH,3.588,3.6623500000000004,0.020477815699658786,-0.06489444878811579,-0.02632293080054271,0.00845202453736343,1651814403.3,123,-0.023031239395491346,5,True,True,False,True,True,False,False,False,True,False,True,confirmed_risk_off,False,True,False,True
2023-07-07,510500.SH,5.816,5.933066666666666,0.0043170436884820695,-0.06720128307939066,0.005011232071885141,0.008098351401840575,1156787821.25,123,-0.02415144934198641,6,True,True,False,True,True,False,False,False,True,False,True,confirmed_risk_off,False,True,False,True
2023-07-07,159915.SZ,2.118,2.19975,0.020722891566264945,-0.10595187842971732,-0.09098712446351942,0.011732847390598955,1578681621.4053,123,-0.05228901963808484,7,True,False,False,True,True,False,False,False,True,False,True,confirmed_risk_off,False,True,False,True
2023-07-07,516160.SH,2.75,2.86965,0.028037383177570208,-0.0947992100065832,-0.15149645171243442,0.01366904539192276,235930238.05,123,-0.05700402107409209,8,True,False,False,True,True,False,False,False,True,False,True,confirmed_risk_off,False,True,False,True
2023-07-07,159928.SZ,0.926,0.9621333333333333,0.01758241758241752,-0.11977186311787069,-0.12476370510396972,0.011481035800942136,190317911.61835,123,-0.06582851923497522,9,True,False,False,True,True,False,False,False,True,False,True,confirmed_risk_off,False,True,False,True
2023-07-07,159995.SZ,1.051,1.1062666666666665,-0.01867413632119519,-0.18018720748829964,0.03648915187376711,0.014142957676189725,610013135.8366001,123,-0.0722467071490445,10,True,False,False,True,True,False,False,False,True,False,True,confirmed_risk_off,False,True,False,True
2023-07-07,512010.SH,0.421,0.44934999999999997,-0.011737089201877993,-0.12836438923395443,-0.14777327935222673,0.010362991204292614,489796482.2,123,-0.08559524724477832,11,True,False,False,True,True,False,False,False,True,False,True,confirmed_risk_off,False,True,False,True
2023-07-07,515300.SH,1.0,0.9999333333333332,-0.011857707509881465,0.08225108225108224,,0.010576031696046352,7338490.0,118,0.02815734989648031,,False,False,False,False,False,True,True,False,False,False,True,confirmed_risk_off,False,True,False,True
2023-07-07,588080.SH,1.003,,-0.018590998043052975,,,0.011755376909853368,632063264.65,40,-0.0074363992172211905,,False,False,False,False,True,False,False,False,False,False,True,confirmed_risk_off,False,True,False,True
2023-07-14,512660.SH,1.094,1.0846000000000002,0.05293551491819071,-0.013525698827772659,0.027230046948356845,0.012253021366559667,381128903.55,128,0.02120993582583859,1,True,True,True,True,True,True,True,True,False,False,True,confirmed_risk_off,False,True,False,True
2023-07-14,510300.SH,3.672,3.6483833333333333,0.020850708924103456,-0.034700315457413144,-0.017656500802568198,0.009113818172434236,1693819007.85,128,-0.009071142773837516,2,True,True,True,True,True,True,False,False,True,False,True,confirmed_risk_off,False,True,False,True
2023-07-14,510880.SH,2.576,2.5980166666666666,0.0027247956403271267,0.010592389172224381,0.10179640718562877,0.009579708420518673,238497668.6,128,0.025686155362146357,3,True,True,True,True,True,False,True,False,True,False,True,confirmed_risk_off,False,True,False,True
2023-07-14,512880.SH,0.901,0.9091500000000001,0.013498312710911176,-0.04250797024442077,0.0011111111111110628,0.010578634027771018,772884188.8,128,-0.011381640791181624,4,True,True,False,True,True,False,False,False,True,False,True,confirmed_risk_off,False,True,False,True
2023-07-14,510500.SH,5.886,5.9058166666666665,0.0023841961852861804,-0.05064516129032259,0.01605385810460902,0.009019861430461061,1081937172.65,128,-0.01609361442109276,5,True,True,False,True,True,False,False,False,True,False,True,confirmed_risk_off,False,True,False,True
2023-07-14,512100.SH,2.553,2.5681333333333334,-0.001954652071931129,-0.061742006615215006,0.015513126491646823,0.009390894118020849,1259745417.7,128,-0.02237603817652909,6,True,True,False,True,True,False,False,False,True,False,True,confirmed_risk_off,False,True,False,True
2023-07-14,159915.SZ,2.169,2.183516666666667,0.02991452991453003,-0.0789808917197452,-0.08942065491183881,0.012944648954810385,1439546700.68895,128,-0.037510675704453836,7,True,False,False,True,True,False,False,False,True,False,True,confirmed_risk_off,False,True,False,True
2023-07-14,516160.SH,2.805,2.849966666666667,0.04977544910179632,-0.08453002610966054,-0.17183348095659867,0.01521828224608273,247117898.85,128,-0.04826852699446542,8,True,False,False,True,True,False,False,False,True,False,True,confirmed_risk_off,False,True,False,True
2023-07-14,159928.SZ,0.946,0.9552833333333333,-0.009424083769633551,-0.05682951146560311,-0.11423220973782777,0.011191822173760694,174592817.69775,128,-0.04934788004166022,9,True,False,False,True,True,False,False,False,True,False,True,confirmed_risk_off,False,True,False,True
2023-07-14,159995.SZ,1.077,1.0912666666666666,-0.01553930530164549,-0.15463108320251184,0.06317867719644621,0.01486507188878051,594734114.44345,128,-0.05543241996237369,10,True,False,False,True,True,False,False,False,True,False,True,confirmed_risk_off,False,True,False,True
2023-07-14,512010.SH,0.431,0.44449999999999995,0.0,-0.11680327868852458,-0.13104838709677424,0.011060270090917472,486587734.75,128,-0.07293098889476468,11,True,False,False,True,True,False,False,False,True,False,True,confirmed_risk_off,False,True,False,True
2023-07-14,515300.SH,1.025,1.0058833333333335,0.02499999999999991,0.08350951374207183,0.20023419203747062,0.009201374598609226,7127825.0,123,0.08345064390432283,,False,False,False,True,False,True,True,False,False,False,True,confirmed_risk_off,False,True,False,True
2023-07-14,588080.SH,1.001,,-0.03934740882917476,,,0.010011781621299523,594524664.3,45,-0.015738963531669904,,False,False,False,False,True,False,False,False,False,False,True,confirmed_risk_off,False,True,False,True
2023-07-21,159928.SZ,0.952,0.9496833333333332,0.011689691817215797,-0.04225352112676062,-0.12900274473924978,0.010718853122547122,153260370.00985,133,-0.038026080671667885,1,True,True,True,True,True,True,False,False,True,False,True,confirmed_risk_off,False,True,False,True
2023-07-21,510880.SH,2.562,2.5955999999999997,0.028089887640449396,-0.005434782608695787,0.07964601769911495,0.008752543754967007,206219113.05,133,0.024991245552524435,2,True,True,True,True,True,False,True,False,True,False,True,confirmed_risk_off,False,True,False,True
2023-07-21,512880.SH,0.899,0.905,0.022753128555176305,-0.018558951965065518,-0.07794871794871794,0.009331704548840272,672516297.0,133,-0.013912072953699273,3,True,True,True,True,True,False,False,False,True,False,True,confirmed_risk_off,False,True,False,True
2023-07-21,512660.SH,1.067,1.0833666666666668,-0.0211009174311928,-0.021998166819431786,-0.0387387387387389,0.010573479653307998,305717962.4,133,-0.024987381447997614,4,True,True,False,True,True,False,False,False,True,False,True,confirmed_risk_off,False,True,False,True
2023-07-21,510500.SH,5.79,5.877683333333334,-0.007371849819989729,-0.039641731630452814,-0.03371161548731638,0.007695903851427401,1145298999.95,133,-0.025547755677640296,5,True,True,False,True,True,False,False,False,True,False,True,confirmed_risk_off,False,True,False,True
2023-07-21,510300.SH,3.61,3.6315,0.000831716107568603,-0.03733333333333333,-0.06910778751933988,0.007353037687784654,1780074326.9,133,-0.028422204394173867,6,True,True,False,True,True,False,False,False,True,False,True,confirmed_risk_off,False,True,False,True
2023-07-21,512100.SH,2.5,2.554133333333333,-0.021526418786692814,-0.049429657794676785,-0.03623747108712405,0.008337957325889728,1252448900.55,133,-0.035629924849972655,7,True,False,False,True,True,False,False,False,True,False,True,confirmed_risk_off,False,True,False,True
2023-07-21,512010.SH,0.429,0.44025000000000003,0.009411764705882453,-0.07543103448275867,-0.1966292134831461,0.008605327722387894,462809694.05,133,-0.06573355060737972,8,True,False,False,True,True,False,False,False,True,False,True,confirmed_risk_off,False,True,False,True
2023-07-21,159915.SZ,2.11,2.1668,-0.02133580705009286,-0.07007492287351269,-0.1546474358974359,0.009194400763966834,1201373906.7583,133,-0.0674937791489294,9,True,False,False,True,True,False,False,False,True,False,True,confirmed_risk_off,False,True,False,True
2023-07-21,159995.SZ,1.03,1.07545,-0.028301886792452824,-0.1387959866220735,-0.05417814508723595,0.01285216493764738,593592692.68615,133,-0.07767477838325773,10,True,False,False,True,True,False,False,False,True,False,True,confirmed_risk_off,False,True,False,True
2023-07-21,516160.SH,2.704,2.824866666666667,-0.023474178403755874,-0.08555968887385856,-0.21212121212121204,0.010919225874465375,218359497.8,133,-0.08603778933528819,11,True,False,False,True,True,False,False,False,True,False,True,confirmed_risk_off,False,True,False,True
2023-07-21,515300.SH,1.023,1.0114166666666666,0.03857868020304567,0.05791106514994815,0.20352941176470574,0.008674167506676007,8145207.8,128,0.07930178049413868,,False,False,False,True,False,True,True,False,False,False,True,confirmed_risk_off,False,True,False,True
2023-07-21,588080.SH,0.965,,-0.06128404669260701,,,0.006614445738725457,542037804.05,50,-0.024513618677042805,,False,False,False,False,True,False,False,False,False,False,True,confirmed_risk_off,False,True,False,True
2023-07-28,512880.SH,1.017,0.9084,0.15699658703071662,0.09590517241379293,0.0582726326742975,0.022855322596415407,979152793.4,138,0.11281523031266331,1,True,True,True,True,True,True,True,True,False,False,True,mixed,True,False,False,True
2023-07-28,510880.SH,2.67,2.596366666666667,0.05868358445678035,0.010215664018161208,0.11203665139525198,0.007780604259568085,204031846.0,138,0.049967029669027024,2,True,True,True,True,True,True,True,True,False,False,True,mixed,True,False,False,True
2023-07-28,510300.SH,3.788,3.63105,0.051637978900610726,0.011481975967957192,-0.02871794871794875,0.010844627126371478,2183209106.5,138,0.019504392203837418,3,True,True,True,True,True,True,True,True,False,False,True,mixed,True,False,False,True
2023-07-28,159928.SZ,0.993,0.9480500000000001,0.07235421166306688,-0.008982035928143728,-0.09480401093892432,0.013041074142674565,183718040.07665,138,0.006388068106184395,4,True,True,False,True,True,True,True,True,False,False,True,mixed,True,False,False,True
2023-07-28,510500.SH,5.917,5.869116666666667,0.010589239965841157,-0.019877422560874658,-0.03710333604556548,0.007893493317702973,941967487.2,138,-0.011135940247126497,5,True,True,False,True,True,True,False,False,True,False,True,mixed,True,False,False,True
2023-07-28,512010.SH,0.448,0.43865,0.054117647058823604,-0.02819956616052066,-0.13846153846153852,0.009143260908715417,498998551.05,138,-0.01732507533298653,6,True,True,False,True,True,True,False,False,True,False,True,mixed,True,False,False,True
2023-07-28,159915.SZ,2.163,2.15855,-0.0004621072088726308,-0.04079822616407991,-0.14302694136291605,0.010311502518134893,1237286888.5708,138,-0.04510952162176422,7,True,False,False,True,True,True,False,False,True,False,True,mixed,True,False,False,True
2023-07-28,512100.SH,2.525,2.5484,-0.02169701666020929,-0.034047436878347326,-0.060290286564942286,0.007444989506667051,1162204988.8,138,-0.03435583872841111,8,True,False,False,True,True,False,False,False,True,False,True,mixed,True,False,False,True
2023-07-28,512660.SH,1.071,1.0833833333333334,-0.047153024911032126,-0.018331805682859748,-0.06299212598425208,0.008206625979960863,284057194.4,138,-0.03879235743440717,9,True,False,False,True,True,False,False,False,True,False,True,mixed,True,False,False,True
2023-07-28,159995.SZ,1.033,1.0676999999999999,-0.01712654614652709,-0.0768543342269884,-0.059198542805100285,0.013245918998662207,562168493.3126,138,-0.049432060710426245,10,True,False,False,True,True,False,False,False,True,False,True,mixed,True,False,False,True
2023-07-28,516160.SH,2.737,2.80925,-0.03762306610407873,-0.06714383094751197,-0.23009845288326303,0.011787556207231558,209970176.95,138,-0.08792644939728889,11,True,False,False,True,True,False,False,False,True,False,True,mixed,True,False,False,True
2023-07-28,515300.SH,1.081,1.0156333333333332,0.08425275827482448,0.09523809523809512,0.24110218140068884,0.010277659410059503,8983268.95,133,0.12001677768530561,,False,False,False,True,False,True,True,False,False,False,True,mixed,True,False,False,True
2023-07-28,588080.SH,0.972,,-0.04330708661417326,,,0.00818470198806187,513878431.15,55,-0.017322834645669305,,False,False,False,False,True,False,False,False,False,False,True,mixed,True,False,False,True
2023-08-04,512880.SH,1.063,0.91435,0.19438202247190994,0.11308900523560217,0.12605932203389836,0.02348666610477447,1593421067.15,143,0.1482002754897845,1,True,True,True,True,True,True,True,True,False,False,True,mixed,True,False,False,True
2023-08-04,510300.SH,3.814,3.6353666666666666,0.0629877369007803,0.02858683926645078,-0.008578112815180616,0.010557607947265396,3062080122.5,143,0.034914207903856305,2,True,True,True,True,True,True,True,True,False,False,True,mixed,True,False,False,True
2023-08-04,510880.SH,2.66,2.5890166666666667,0.04600865119937092,-0.02456912357902452,0.11717765644687117,0.007942330371503938,220419465.35,143,0.032011342337512794,3,True,True,True,True,True,True,True,True,False,False,True,mixed,True,False,False,True
2023-08-04,159928.SZ,0.987,0.9481333333333333,0.06587473002159827,0.006116207951070374,-0.0844155844155845,0.012092899835486854,222174615.33325,143,0.011913258305950563,4,True,True,False,True,True,True,True,True,False,False,True,mixed,True,False,False,True
2023-08-04,510500.SH,6.001,5.866766666666667,0.03180880330123803,0.008063161431211219,-0.022001303780964765,0.007803867172978578,991137134.15,143,0.011548525136786747,5,True,True,False,True,True,True,True,True,False,False,True,mixed,True,False,False,True
2023-08-04,159915.SZ,2.204,2.156566666666667,0.040604343720491265,0.002273760800364011,-0.11592458884877643,0.01024806254072617,1288036114.0759,143,-0.006033675961413177,6,True,True,False,True,True,True,False,False,True,False,True,mixed,True,False,False,True
2023-08-04,512100.SH,2.55,2.5449,0.0011778563015309995,-0.006622516556291536,-0.06318883174136669,0.007419201347903619,1161249893.8,143,-0.014815630450177553,7,True,False,False,True,True,True,False,False,True,False,True,mixed,True,False,False,True
2023-08-04,159995.SZ,1.047,1.0656,-0.0038058991436726863,-0.0019065776930410339,-0.05590622182146088,0.012011291191354743,553182188.5926,143,-0.013466235098977665,8,True,False,False,True,True,False,False,False,True,False,True,mixed,True,False,False,True
2023-08-04,512660.SH,1.071,1.0820666666666667,-0.027247956403269824,-0.011080332409972304,-0.06707317073170727,0.007631610463537502,272228025.15,143,-0.028745949671638307,9,True,False,False,True,True,False,False,False,True,False,True,mixed,True,False,False,True
2023-08-04,512010.SH,0.431,0.43671666666666664,0.02375296912114022,-0.05066079295154191,-0.158203125,0.011150803816266446,593669639.65,143,-0.04240375453216068,10,True,False,False,True,True,False,False,False,True,False,True,mixed,True,False,False,True
2023-08-04,516160.SH,2.795,2.7996833333333333,0.016363636363636358,-0.033540802213001375,-0.19776119402985082,0.011869193643026776,218188154.85,143,-0.046423105145716174,11,True,False,False,True,True,False,False,False,True,False,True,mixed,True,False,False,True
2023-08-04,515300.SH,1.088,1.02315,0.08800000000000008,0.07616221562809122,0.2477064220183487,0.010970601486169053,10503504.25,138,0.11520617065490626,,False,False,False,True,False,True,True,False,False,False,True,mixed,True,False,False,True
2023-08-04,588080.SH,0.986,1.0157833333333333,-0.016949152542372836,,,0.008057684934357736,543338922.4,60,-0.006779661016949135,,False,False,False,False,True,False,False,False,False,False,True,mixed,True,False,False,True
2023-08-11,512880.SH,1.027,0.9233333333333333,0.1398446170921197,0.08792372881355925,0.10907127429805596,0.02630005603836551,1959342840.15,148,0.11292159322188278,1,True,True,True,True,True,True,True,True,False,False,True,confirmed_risk_off,False,True,False,True
2023-08-11,510880.SH,2.596,2.58295,0.007763975155279601,-0.02662167229096357,0.0916736753574432,0.008850055473515086,215245169.55,148,0.01079165621721505,2,True,True,True,True,True,True,True,True,False,False,True,confirmed_risk_off,False,True,False,True
2023-08-11,510300.SH,3.67,3.6404833333333335,-0.0005446623093682268,-0.0002724053391446324,-0.035986340950879936,0.011712985814927085,3805518652.4,148,-0.0075240952495811315,3,True,True,True,True,True,True,False,False,True,False,True,confirmed_risk_off,False,True,False,True
2023-08-11,159928.SZ,0.957,0.9483,0.011627906976744207,-0.004162330905306932,-0.12282309807516045,0.012056618047907907,237202499.37265,148,-0.02157838918645718,4,True,True,False,True,True,True,False,False,True,False,True,confirmed_risk_off,False,True,False,True
2023-08-11,510500.SH,5.774,5.865283333333333,-0.01902820251444104,-0.021853294934778833,-0.04939084622983203,0.008259106351320017,1303404116.05,148,-0.026230768225654354,5,True,True,False,True,True,False,False,False,True,False,True,confirmed_risk_off,False,True,False,True
2023-08-11,512100.SH,2.458,2.54195,-0.037211124167645826,-0.03190232374950763,-0.08590554109334325,0.007422150852456469,1162562600.4,148,-0.04482648738553004,6,True,True,False,True,True,False,False,False,True,False,True,confirmed_risk_off,False,True,False,True
2023-08-11,159915.SZ,2.129,2.1526,-0.018441678192715583,-0.04486316733961426,-0.1260262725779967,0.01037361201556757,1308013924.3688,148,-0.050527192728531276,7,True,False,False,True,True,False,False,False,True,False,True,confirmed_risk_off,False,True,False,True
2023-08-11,512660.SH,1.04,1.0796333333333334,-0.04936014625228524,-0.06137184115523475,-0.07390917186108636,0.0067379796535177545,296484664.55,148,-0.059074629335225275,8,True,False,False,True,True,False,False,False,True,False,True,confirmed_risk_off,False,True,False,True
2023-08-11,159995.SZ,1.006,1.0628833333333332,-0.06592386258124416,-0.06331471135940414,-0.07024029574861379,0.009063254041439315,530287231.3838,148,-0.06574348872598208,9,True,False,False,True,True,False,False,False,True,False,True,confirmed_risk_off,False,True,False,True
2023-08-11,512010.SH,0.421,0.43388333333333334,-0.023201856148491906,-0.08278867102396525,-0.16633663366336637,0.012891424216726975,709859233.5,148,-0.07566353760165614,10,True,False,False,True,True,False,False,False,True,False,True,confirmed_risk_off,False,True,False,True
2023-08-11,516160.SH,2.711,2.7835166666666664,-0.033511586452762976,-0.08996307485733479,-0.1871064467766117,0.01060060289743475,199514972.65,148,-0.08681115387936145,11,True,False,False,True,True,False,False,False,True,False,True,confirmed_risk_off,False,True,False,True
2023-08-11,515300.SH,1.059,1.0235333333333334,0.0331707317073171,0.013397129186602852,0.228538283062645,0.011772007177752425,14652928.1,143,0.06433480097009699,,False,False,False,True,False,True,True,False,False,False,True,confirmed_risk_off,False,True,False,True
2023-08-11,588080.SH,0.948,1.0130000000000001,-0.05294705294705293,-0.06784660766961648,,0.008129102505452736,558486883.55,65,-0.04831746424666777,,False,False,False,False,True,False,False,False,False,False,True,confirmed_risk_off,False,True,False,True
2023-08-18,512880.SH,1.021,0.9323833333333333,0.13570634037819795,0.13570634037819795,0.07814149947201687,0.026863564473389098,2235964744.0,153,0.12419337219696175,1,True,True,True,True,True,True,True,True,False,False,True,confirmed_risk_off,False,True,False,True
2023-08-18,510880.SH,2.613,2.5810666666666666,0.019906323185011843,0.019906323185011843,0.05447941888619856,0.008723684679045827,244938354.0,153,0.026820942325249186,2,True,True,True,True,True,True,True,True,False,False,True,confirmed_risk_off,False,True,False,True
2023-08-18,510300.SH,3.572,3.6382499999999998,-0.010526315789473606,-0.0005595970900951208,-0.06467661691542281,0.012136363037362515,4257109853.0,153,-0.017369688534912053,3,True,True,True,True,True,False,False,False,True,False,True,confirmed_risk_off,False,True,False,True
2023-08-18,510500.SH,5.648,5.8526333333333325,-0.024525043177892947,-0.025870989996550575,-0.07983056370153152,0.00896160798044222,1405633580.15,153,-0.036124526010083716,4,True,True,False,True,True,False,False,False,True,False,True,confirmed_risk_off,False,True,False,True
2023-08-18,512660.SH,1.037,1.0746333333333333,-0.028116213683224034,-0.03714020427112352,-0.07575757575757591,0.009924138385067734,347785963.45,153,-0.04125408233325421,5,True,True,False,True,True,False,False,False,True,False,True,confirmed_risk_off,False,True,False,True
2023-08-18,159928.SZ,0.934,0.9467,-0.018907563025210017,-0.020964360587002018,-0.14311926605504588,0.012931445183807089,229177452.0828,153,-0.04457262265589399,6,True,True,False,True,True,False,False,False,True,False,True,confirmed_risk_off,False,True,False,True
2023-08-18,159915.SZ,2.065,2.1432,-0.02132701421800942,-0.05405405405405406,-0.1341719077568133,0.010600702116081594,1341351040.85285,153,-0.05698680886018806,7,True,False,False,True,True,False,False,False,True,False,True,confirmed_risk_off,False,True,False,True
2023-08-18,512100.SH,2.385,2.532166666666667,-0.04600000000000004,-0.0558194774346793,-0.11797337278106523,0.008924430278226711,1123384897.15,153,-0.06432246553008478,8,True,False,False,True,True,False,False,False,True,False,True,confirmed_risk_off,False,True,False,True
2023-08-18,512010.SH,0.416,0.4306666666666666,-0.030303030303030276,-0.08571428571428574,-0.16465863453815266,0.012776039244674221,755788454.05,153,-0.07933865331455695,9,True,False,False,True,True,False,False,False,True,False,True,confirmed_risk_off,False,True,False,True
2023-08-18,159995.SZ,0.95,1.05375,-0.07766990291262144,-0.10377358490566047,-0.09523809523809534,0.01050048546263144,528503863.1929,153,-0.09162501417493182,10,True,False,False,True,True,False,False,False,True,False,True,confirmed_risk_off,False,True,False,True
2023-08-18,516160.SH,2.585,2.7589499999999996,-0.04400887573964507,-0.11411925976696369,-0.22349053769900873,0.011172366840559151,196427843.9,153,-0.10794936174244525,11,True,False,False,True,True,False,False,False,True,False,True,confirmed_risk_off,False,True,False,True
2023-08-18,515300.SH,1.053,1.0250333333333332,0.029325513196480912,0.021338506304558802,0.2159353348729791,0.012376735563275055,16218289.05,148,0.06345267477501171,,False,False,False,True,False,True,True,False,False,False,True,confirmed_risk_off,False,True,False,True
2023-08-18,588080.SH,0.916,1.0023833333333332,-0.050777202072538774,-0.13421550094517964,,0.009484352580056574,594423406.1,70,-0.07399708120708737,,False,False,False,False,True,False,False,False,False,False,True,confirmed_risk_off,False,True,False,True
2023-08-25,512880.SH,0.998,0.9402166666666667,-0.018682399213372558,0.12008978675645343,0.06510138740661686,0.018843748797246908,2136003763.9,158,0.053583232498555726,1,True,True,True,True,True,True,True,True,False,False,True,confirmed_risk_off,False,True,False,True
2023-08-25,510880.SH,2.599,2.582666666666667,-0.0265917602996254,0.010497667185070059,0.03422204536410667,0.007101925175263275,235190314.3,158,0.00040677182699919677,2,True,True,True,True,True,True,True,True,False,False,True,confirmed_risk_off,False,True,False,True
2023-08-25,159928.SZ,0.929,0.9459166666666667,-0.06445115810674718,0.018640350877193068,-0.15004574565416284,0.010055823971297242,192624315.0702,158,-0.048333472022654214,3,True,True,True,True,True,False,False,False,True,False,True,confirmed_risk_off,False,True,False,True
2023-08-25,510300.SH,3.504,3.6348666666666665,-0.07497360084477289,-0.005110732538330387,-0.08631029986962191,0.008716154263195308,4475967944.95,158,-0.049295793327165695,4,True,True,False,True,True,False,False,False,True,False,True,confirmed_risk_off,False,True,False,True
2023-08-25,510500.SH,5.446,5.82725,-0.07960114923102923,-0.0693779904306221,-0.11648280337443218,0.008344373835150184,1630326120.15,158,-0.08288821653954696,5,True,True,False,True,True,False,False,False,True,False,True,confirmed_risk_off,False,True,False,True
2023-08-25,512660.SH,0.994,1.0693166666666667,-0.07189542483660127,-0.07620817843866179,-0.13187772925764196,0.011745430018713962,350281531.85,158,-0.08561698716163361,6,True,True,False,True,True,False,False,False,True,False,True,confirmed_risk_off,False,True,False,True
2023-08-25,159915.SZ,1.991,2.131283333333333,-0.07951918631530275,-0.06569685593618002,-0.15168299957392406,0.010613418435701277,1395070913.5558498,158,-0.08842301681537793,7,True,False,False,True,True,False,False,False,True,False,True,confirmed_risk_off,False,True,False,True
2023-08-25,512010.SH,0.409,0.42739999999999995,-0.08705357142857151,-0.06407322654462244,-0.1670061099796334,0.013381218213955227,762498852.1,158,-0.09385194118520426,8,True,False,False,True,True,False,False,False,True,False,True,confirmed_risk_off,False,True,False,True
2023-08-25,512100.SH,2.29,2.5150333333333332,-0.09306930693069304,-0.10231281850254803,-0.15341959334565625,0.00899973867521994,1153331583.85,158,-0.10883676884242768,9,True,False,False,True,True,False,False,False,True,False,True,confirmed_risk_off,False,True,False,True
2023-08-25,159995.SZ,0.923,1.0410666666666666,-0.10648596321393988,-0.1609090909090909,-0.103883495145631,0.012301983694150432,525807161.2283,158,-0.12773472067833852,10,True,False,False,True,True,False,False,False,True,False,True,confirmed_risk_off,False,True,False,True
2023-08-25,516160.SH,2.442,2.729283333333333,-0.10778224333211539,-0.11296767163094801,-0.2413793103448275,0.01178886887078918,196926936.85,158,-0.13657582805419086,11,True,False,False,True,True,False,False,False,True,False,True,confirmed_risk_off,False,True,False,True
2023-08-25,515300.SH,1.043,1.0286666666666666,-0.03515263644773359,0.04613841524573714,0.1812004530011324,0.010838501941813197,17080633.15,153,0.0406344021194279,,False,False,False,True,False,True,True,False,False,False,True,confirmed_risk_off,False,True,False,True
2023-08-25,588080.SH,0.878,0.9901666666666666,-0.0967078189300411,-0.14090019569471623,,0.011054201073350213,640428926.15,75,-0.09504320584990295,,False,False,False,False,True,False,False,False,False,False,True,confirmed_risk_off,False,True,False,True
2023-09-01,512880.SH,0.969,0.94875,-0.08842897460018817,0.09739524348810868,0.06718061674008813,0.018959844266217024,1958444457.8,163,0.017022630903185832,1,True,True,True,True,True,True,True,True,False,False,True,confirmed_risk_off,False,True,False,True
2023-09-01,510880.SH,2.606,2.5855166666666665,-0.020300751879699375,-0.0003835826620638416,0.04198320671731315,0.00827875092900958,241055144.0,163,0.00012290752675734283,2,True,True,True,True,True,True,True,True,False,False,True,confirmed_risk_off,False,True,False,True
2023-09-01,159928.SZ,0.944,0.94735,-0.0435663627152989,0.03736263736263723,-0.10095238095238102,0.010498750952675221,164194093.36545,163,-0.022671966331540873,3,True,True,True,True,True,False,False,False,True,False,True,confirmed_risk_off,False,True,False,True
2023-09-01,510300.SH,3.582,3.6370833333333334,-0.06082852648138448,0.018771331058020424,-0.0412205567451821,0.009329641630369789,4760978883.7,163,-0.02506698951838205,4,True,True,False,True,True,False,False,False,True,False,True,confirmed_risk_off,False,True,False,True
2023-09-01,512660.SH,1.029,1.0663,-0.03921568627450989,-0.008670520231213952,-0.10986159169550169,0.013858404120294753,361309175.9,163,-0.041126800941389874,5,True,True,False,True,True,False,False,False,True,False,True,confirmed_risk_off,False,True,False,True
2023-09-01,512010.SH,0.416,0.4258833333333333,-0.03480278422273786,-0.023474178403755874,-0.1333333333333333,0.012829498219867654,692313256.15,163,-0.04997745171726416,6,True,True,False,True,True,False,False,False,True,False,True,confirmed_risk_off,False,True,False,True
2023-09-01,510500.SH,5.612,5.806266666666668,-0.06482252957840362,-0.030910032809532084,-0.0748433893834487,0.010176375817239243,2037662067.0,163,-0.05326170283186402,7,True,False,False,True,True,False,False,False,True,False,True,confirmed_risk_off,False,True,False,True
2023-09-01,159915.SZ,2.049,2.124566666666667,-0.07032667876588028,-0.012530120481927809,-0.11029092488059056,0.012205925799256723,1477108786.4487,163,-0.055200904675241344,8,True,False,False,True,True,False,False,False,True,False,True,confirmed_risk_off,False,True,False,True
2023-09-01,159995.SZ,0.987,1.0316666666666667,-0.05730659025787965,-0.07843137254901955,-0.05640535372848954,0.01609970414134327,573070954.72305,163,-0.0655762558684576,9,True,False,False,True,True,False,False,False,True,False,True,confirmed_risk_off,False,True,False,True
2023-09-01,512100.SH,2.38,2.4997833333333337,-0.06666666666666665,-0.05555555555555558,-0.11028037383177569,0.01188553613186317,1289753324.25,163,-0.07094496365524404,10,True,False,False,True,True,False,False,False,True,False,True,confirmed_risk_off,False,True,False,True
2023-09-01,516160.SH,2.472,2.7076333333333333,-0.11556350626118062,-0.07588785046728963,-0.2289457267623206,0.011794193930993778,184006084.9,163,-0.12236968804385223,11,True,False,False,True,True,False,False,False,True,False,True,confirmed_risk_off,False,True,False,True
2023-09-01,515300.SH,1.035,1.0316666666666667,-0.04871323529411775,0.022727272727272707,0.13986784140969144,0.010498312905439533,18092484.3,158,0.017579183255200272,,False,False,False,True,False,True,True,False,False,False,True,confirmed_risk_off,False,True,False,True
2023-09-01,588080.SH,0.945,0.9815666666666666,-0.04158215010141997,-0.07534246575342474,,0.01631693662242212,878918974.05,80,-0.046769846341937885,,False,False,False,False,True,False,False,False,False,False,True,confirmed_risk_off,False,True,False,True
2023-09-08,512880.SH,0.964,0.95515,-0.06134371957156759,0.08436445444319451,0.08314606741573027,0.016131775043654567,1679106340.3,168,0.025837507431796823,1,True,True,True,True,True,True,True,True,False,False,True,confirmed_risk_off,False,True,False,True
2023-09-08,510880.SH,2.598,2.5872,0.0007704160246533309,0.011288439081354573,0.04673650282030617,0.008367425343679138,258771750.15,168,0.014170842606464396,2,True,True,True,True,True,True,True,True,False,False,True,confirmed_risk_off,False,True,False,True
2023-09-08,512660.SH,1.062,1.0668333333333335,0.02115384615384608,0.022136669874879722,-0.04496402877697847,0.015339347845861953,356436282.55,168,0.008323400656094626,3,True,True,True,True,True,False,True,False,True,False,True,confirmed_risk_off,False,True,False,True
2023-09-08,510300.SH,3.529,3.6381,-0.03841961852861031,-0.01890464275785375,-0.033944702983848885,0.009246426551223189,4388696021.6,168,-0.029718645111355402,4,True,True,False,True,True,False,False,False,True,False,True,confirmed_risk_off,False,True,False,True
2023-09-08,159928.SZ,0.932,0.9484666666666667,-0.026123301985370828,-0.02408376963350778,-0.09951690821256032,0.011107612868841191,160041643.37395,168,-0.03998621029006351,5,True,True,False,True,True,False,False,False,True,False,True,confirmed_risk_off,False,True,False,True
2023-09-08,510500.SH,5.567,5.788683333333333,-0.0358503636993418,-0.051941416893732884,-0.060421940928270024,0.010456660305868904,2001509166.4,168,-0.04720110042288388,6,True,True,False,True,True,False,False,False,True,False,True,confirmed_risk_off,False,True,False,True
2023-09-08,512100.SH,2.375,2.4880833333333334,-0.033767290480065215,-0.0715402658326817,-0.08477842003853575,0.012529855048013286,1360456974.0,168,-0.05907870653280592,7,True,False,False,True,True,False,False,False,True,False,True,confirmed_risk_off,False,True,False,True
2023-09-08,159995.SZ,0.985,1.0252333333333334,-0.020874751491053667,-0.09963436928702019,-0.07163053722902923,0.01847111497900284,625974750.17865,168,-0.0625297557570354,8,True,False,False,True,True,False,False,False,True,False,True,confirmed_risk_off,False,True,False,True
2023-09-08,159915.SZ,1.998,2.11965,-0.06153123532174731,-0.05128205128205121,-0.10523958799820876,0.012089215853835976,1453160141.85605,168,-0.06617323224116116,9,True,False,False,True,True,False,False,False,True,False,True,confirmed_risk_off,False,True,False,True
2023-09-08,512010.SH,0.405,0.42456666666666665,-0.03800475059382413,-0.0603248259860788,-0.14376321353065524,0.011289176247983783,574527061.2,168,-0.06808447333809223,10,True,False,False,True,True,False,False,False,True,False,True,confirmed_risk_off,False,True,False,True
2023-09-08,516160.SH,2.384,2.6881833333333334,-0.12061969752858726,-0.10778443113772462,-0.2058627581612258,0.012379308160436794,187503135.25,168,-0.1325342030987699,11,True,False,False,True,True,False,False,False,True,False,True,confirmed_risk_off,False,True,False,True
2023-09-08,515300.SH,1.03,1.0334999999999999,-0.02738432483474973,0.030000000000000027,0.1306256860592756,0.010498620601339844,15249713.85,163,0.027171407277955244,,False,False,False,True,False,False,True,False,False,False,True,confirmed_risk_off,False,True,False,True
2023-09-08,588080.SH,0.909,0.9721333333333333,-0.041139240506329,-0.1276391554702495,,0.017950785760545478,993661406.2,85,-0.06751135839063141,,False,False,False,False,True,False,False,False,False,False,True,confirmed_risk_off,False,True,False,True
2023-09-15,510880.SH,2.669,2.5957000000000003,0.02143130501339452,0.0710272873194222,0.06931089743589736,0.008932820816984302,255041522.75,173,0.05084561642030617,1,True,True,True,True,True,True,True,True,False,False,True,confirmed_risk_off,False,True,False,True
2023-09-15,512880.SH,0.957,0.96085,-0.06268364348677757,0.0887372013651877,0.05280528052805278,0.015830117878660815,1479355297.1,173,0.020982479256974607,2,True,True,True,True,True,False,True,False,True,False,True,confirmed_risk_off,False,True,False,True
2023-09-15,159928.SZ,0.929,0.9466166666666668,-0.005353319057815886,-0.012752391073326153,-0.10587102983638097,0.009438878102967558,158483876.27159998,173,-0.02841649001973301,3,True,True,True,True,True,False,False,False,True,False,True,confirmed_risk_off,False,True,False,True
2023-09-15,512010.SH,0.417,0.42263333333333336,0.0024038461538462563,-0.018823529411764683,-0.11652542372881358,0.012540220679997023,576648555.1,173,-0.02987295804893009,4,True,True,False,True,True,False,False,False,True,False,True,confirmed_risk_off,False,True,False,True
2023-09-15,510300.SH,3.507,3.6275666666666666,-0.018197088465845446,-0.027723870252287286,-0.06504932018128495,0.008886526719416709,4256117520.95,173,-0.03137824752351009,5,True,True,False,True,True,False,False,False,True,False,True,confirmed_risk_off,False,True,False,True
2023-09-15,510500.SH,5.573,5.7611,-0.013279036827195334,-0.04457397565575172,-0.08278472679394322,0.010259132104052592,2022824640.85,173,-0.03969815035196747,6,True,True,False,True,True,False,False,False,True,False,True,confirmed_risk_off,False,True,False,True
2023-09-15,512660.SH,1.03,1.0637666666666667,-0.0067502410800385215,-0.05504587155963303,-0.09251101321585897,0.013504867603476453,306063402.2,173,-0.04322064769904042,7,True,False,False,True,True,False,False,False,True,False,True,confirmed_risk_off,False,True,False,True
2023-09-15,512100.SH,2.369,2.4713666666666665,-0.006708595387840521,-0.07279843444227008,-0.10906355772846921,0.012033038715198258,1331480530.8,173,-0.05361552347773808,8,True,False,False,True,True,False,False,False,True,False,True,confirmed_risk_off,False,True,False,True
2023-09-15,159995.SZ,0.963,1.0148833333333334,0.013684210526315743,-0.09150943396226419,-0.15674255691768824,0.017549546056065225,592084530.2411001,173,-0.06247860075791703,9,True,False,False,True,True,False,False,False,True,False,True,confirmed_risk_off,False,True,False,True
2023-09-15,159915.SZ,1.954,2.101933333333333,-0.05375302663438253,-0.09369202226345086,-0.14597902097902093,0.011974284143055151,1443939464.1127,173,-0.08817382375493754,10,True,False,False,True,True,False,False,False,True,False,True,confirmed_risk_off,False,True,False,True
2023-09-15,516160.SH,2.329,2.6523666666666665,-0.09903288201160532,-0.15890213073311665,-0.2348883048620236,0.012526069383113464,175714538.2,173,-0.1501516660702935,11,True,False,False,True,True,False,False,False,True,False,True,confirmed_risk_off,False,True,False,True
2023-09-15,515300.SH,1.044,1.0374833333333333,-0.008547008547008406,0.05989847715736052,0.1422319474835887,0.010385517578030126,13682883.2,168,0.04898697694085859,,False,False,False,True,False,True,True,False,False,False,True,confirmed_risk_off,False,True,False,True
2023-09-15,588080.SH,0.893,0.9594833333333334,-0.02510917030567683,-0.13132295719844356,,0.01748162840146349,981031203.5,90,-0.06257285100164817,,False,False,False,False,True,False,False,False,False,False,True,confirmed_risk_off,False,True,False,True
2023-09-22,510880.SH,2.695,2.6113,0.036937283570603885,0.06859635210150672,0.09065155807365421,0.008704550266887951,253420539.05,178,0.06034376588357508,1,True,True,True,True,True,True,True,True,False,False,True,confirmed_risk_off,False,True,False,True
2023-09-22,512880.SH,0.974,0.9683499999999999,-0.024048096192384794,0.1080773606370875,0.07505518763796903,0.013392697966242997,1286391485.25,178,0.0486227433054749,2,True,True,True,True,True,True,True,True,False,False,True,confirmed_risk_off,False,True,False,True
2023-09-22,510300.SH,3.537,3.6209166666666666,0.009417808219178037,-0.018045530260966114,-0.059308510638297784,0.009105078118340994,4033730997.9,178,-0.01531279094437479,3,True,True,True,True,True,False,False,False,True,False,True,confirmed_risk_off,False,True,False,True
2023-09-22,512010.SH,0.419,0.42234999999999995,0.02444987775061125,-0.014117647058823568,-0.11416490486257924,0.010911482201068792,532233609.3,178,-0.018700088695800775,4,True,True,False,True,True,False,False,False,True,False,True,confirmed_risk_off,False,True,False,True
2023-09-22,159928.SZ,0.932,0.9466166666666667,0.0032292787944026013,0.00647948164146861,-0.12241054613935964,0.009869946668032132,154818088.2595,178,-0.02059860505352345,5,True,True,False,True,True,False,False,False,True,False,True,confirmed_risk_off,False,True,False,True
2023-09-22,510500.SH,5.571,5.740616666666666,0.02295262578038937,-0.0485055508112725,-0.08250988142292492,0.00965605224209255,2112307084.6,178,-0.02672314629693824,6,True,True,False,True,True,False,False,False,True,False,True,confirmed_risk_off,False,True,False,True
2023-09-22,512100.SH,2.361,2.4553333333333334,0.03100436681222707,-0.08523827973653608,-0.10635881907645717,0.011526030803476939,1241915084.3,178,-0.04296532898501504,7,True,False,False,True,True,False,False,False,True,False,True,confirmed_risk_off,False,True,False,True
2023-09-22,512660.SH,1.012,1.0563166666666666,0.01810865191146882,-0.09964412811387913,-0.06985294117647067,0.012116313145785448,273772931.25,178,-0.04658477871625827,8,True,False,False,True,True,False,False,False,True,False,True,confirmed_risk_off,False,True,False,True
2023-09-22,159995.SZ,0.951,1.0063166666666665,0.03033586132177679,-0.09514747859181727,-0.16137566137566128,0.016292985554284024,562825484.3820499,178,-0.05819977918314845,9,True,False,False,True,True,False,False,False,True,False,True,confirmed_risk_off,False,True,False,True
2023-09-22,159915.SZ,1.964,2.0860499999999997,-0.013561024610748484,-0.09242144177449174,-0.15088629485516658,0.011687711242998446,1343964272.49515,178,-0.0725702455251294,10,True,False,False,True,True,False,False,False,True,False,True,confirmed_risk_off,False,True,False,True
2023-09-22,516160.SH,2.313,2.611633333333333,-0.05282555282555279,-0.18670886075949356,-0.24657980456026052,0.011644268494070402,163094664.75,178,-0.14512972634607063,11,True,False,False,True,True,False,False,False,True,False,True,confirmed_risk_off,False,True,False,True
2023-09-22,515300.SH,1.058,1.0430333333333333,0.014381591562799834,0.06118355065195602,0.12314225053078576,0.00826701617615046,12913644.25,173,0.054854506992059494,,False,False,False,True,False,True,True,False,False,False,True,confirmed_risk_off,False,True,False,True
2023-09-22,588080.SH,0.89,0.94795,0.013667425968109326,-0.12401574803149606,,0.016540391275393328,944095607.15,95,-0.0441393288253547,,False,False,False,False,True,False,False,False,False,False,True,confirmed_risk_off,False,True,False,True
2023-10-13,510880.SH,2.64,2.6279,0.008788689338937727,0.030847325263569036,0.032459913961673914,0.006288091684512544,218991711.35,187,0.02234638863333749,1,True,True,True,True,True,True,True,True,False,False,True,confirmed_risk_off,False,True,False,True
2023-10-13,512010.SH,0.435,0.42291666666666666,0.07407407407407396,0.004618937644341736,-0.11042944785276076,0.011600481535606895,542601513.75,187,0.009391315116814129,2,True,True,True,True,True,True,True,True,False,False,True,confirmed_risk_off,False,True,False,True
2023-10-13,512880.SH,0.931,0.9758833333333333,-0.029197080291970767,0.03100775193798455,-0.009574468085106314,0.01144297180364618,808711616.75,187,-0.0011906249586157503,3,True,True,True,True,True,False,False,False,True,False,True,confirmed_risk_off,False,True,False,True
2023-10-13,510300.SH,3.456,3.598716666666667,-0.02647887323943654,-0.059335873707131226,-0.0864393338620143,0.0076037140593190585,3477630488.7,187,-0.051613765551029964,4,True,True,False,True,True,False,False,False,True,False,True,confirmed_risk_off,False,True,False,True
2023-10-13,512100.SH,2.371,2.425183333333334,0.00042194092826997043,-0.07237871674491392,-0.12315088757396453,0.008082337012228947,1039040804.85,187,-0.053412887841450485,5,True,True,False,True,True,False,False,False,True,False,True,confirmed_risk_off,False,True,False,True
2023-10-13,510500.SH,5.5,5.689366666666667,-0.012390016160890638,-0.0693739424703892,-0.11075181891673402,0.006846752776167811,1707053137.0,187,-0.05485594723585874,6,True,True,False,True,True,False,False,False,True,False,True,confirmed_risk_off,False,True,False,True
2023-10-13,159928.SZ,0.888,0.9428166666666667,-0.054313099041533475,-0.0672268907563025,-0.12166172106824913,0.008916957904182104,134196001.42074999,187,-0.07294834013278423,7,True,False,False,True,True,False,False,False,True,False,True,confirmed_risk_off,False,True,False,True
2023-10-13,159995.SZ,0.975,0.9897833333333333,-0.0040858018386108474,-0.09133271202236715,-0.19686985172981875,0.009940474779133443,406989084.6894,187,-0.07754137589035495,8,True,False,False,True,True,False,False,False,True,False,True,confirmed_risk_off,False,True,False,True
2023-10-13,512660.SH,0.981,1.0391000000000001,-0.05491329479768792,-0.10737033666969975,-0.11382113821138207,0.01025843630910843,232439287.25,187,-0.08767768022923149,9,True,False,False,True,True,False,False,False,True,False,True,confirmed_risk_off,False,True,False,True
2023-10-13,159915.SZ,1.945,2.0555333333333334,-0.02895656515227163,-0.10861594867094404,-0.165951972555746,0.008948229602638292,1202558324.3802,187,-0.08821940004043548,10,True,False,False,True,True,False,False,False,True,False,True,confirmed_risk_off,False,True,False,True
2023-10-13,516160.SH,2.297,2.5343999999999998,-0.050826446280991644,-0.19403508771929823,-0.23965574313141336,0.012600963259659747,153827696.5,187,-0.14587576222639864,11,True,False,False,True,True,False,False,False,True,False,True,confirmed_risk_off,False,True,False,True
2023-10-13,515300.SH,1.05,1.0492166666666667,0.01449275362318847,0.027397260273972712,0.10410094637223977,0.0067462565528487815,11348024.9,182,0.037576194833312426,,False,False,False,True,False,True,True,False,False,False,True,confirmed_risk_off,False,True,False,True
2023-10-13,588080.SH,0.899,0.9304333333333333,-0.008820286659316445,-0.10547263681592023,,0.009382920930751102,576062603.5,104,-0.045717169390094674,,False,False,False,False,True,False,False,False,False,False,True,confirmed_risk_off,False,True,False,True
2023-10-20,512880.SH,0.938,0.9790333333333333,-0.02393340270551514,0.046875,-0.013669821240799185,0.010822899384077402,785694132.95,192,0.006442674669634109,1,True,True,True,True,True,False,True,False,True,False,True,confirmed_risk_off,False,True,False,True
2023-10-20,510880.SH,2.564,2.632516666666667,-0.038620172478440074,0.0007806401249024209,-0.01118395680678752,0.006542845130333499,222169966.35,192,-0.017372604302772567,2,True,True,True,True,True,False,False,False,True,False,True,confirmed_risk_off,False,True,False,True
2023-10-20,512010.SH,0.408,0.42225,-0.007299270072992692,-0.037735849056603765,-0.13375796178343946,0.012764700120272587,568117462.45,192,-0.044765640008526474,3,True,True,True,True,True,False,False,False,True,False,True,confirmed_risk_off,False,True,False,True
2023-10-20,510500.SH,5.283,5.6498333333333335,-0.05186647523330934,-0.08709175738724717,-0.14542219346489804,0.007120643342962701,1572432468.7,192,-0.08466773174120222,4,True,True,False,True,True,False,False,False,True,False,True,confirmed_risk_off,False,True,False,True
2023-10-20,510300.SH,3.302,3.5763666666666665,-0.0629965947786606,-0.08481152993348118,-0.1362804080565001,0.00897765701294954,3821105240.1,192,-0.08637933149615673,5,True,True,False,True,True,False,False,False,True,False,True,confirmed_risk_off,False,True,False,True
2023-10-20,512100.SH,2.249,2.4056833333333336,-0.05025337837837829,-0.10147822612864565,-0.1670370370370371,0.008442347458767189,1034070065.3,192,-0.094100049210217,6,True,True,False,True,True,False,False,False,True,False,True,confirmed_risk_off,False,True,False,True
2023-10-20,159995.SZ,0.937,0.9804999999999999,-0.015756302521008347,-0.09643201542912239,-0.25928853754940706,0.011854058715326694,414560013.12485,192,-0.09673303468993372,7,True,False,False,True,True,False,False,False,True,False,True,confirmed_risk_off,False,True,False,True
2023-10-20,159928.SZ,0.844,0.9367166666666668,-0.09925293489861264,-0.09635974304068529,-0.1551551551551552,0.010727210215521428,132275027.19235,192,-0.10927610220675021,8,True,False,False,True,True,False,False,False,True,False,True,confirmed_risk_off,False,True,False,True
2023-10-20,159915.SZ,1.85,2.0343,-0.05612244897959173,-0.12030432715168815,-0.20051858254105448,0.009936699721772467,1216358097.0753,192,-0.11067442696072285,9,True,False,False,True,True,False,False,False,True,False,True,confirmed_risk_off,False,True,False,True
2023-10-20,512660.SH,0.937,1.0281666666666667,-0.08940719144800768,-0.1242990654205608,-0.141941391941392,0.008966755991961792,220418468.35,192,-0.11387078113570578,10,True,False,False,True,True,False,False,False,True,False,True,confirmed_risk_off,False,True,False,True
2023-10-20,516160.SH,2.219,2.4897,-0.05654761904761907,-0.1862852951961863,-0.25761124121779866,0.013971096688074733,164208107.7,192,-0.1486554139410819,11,True,False,False,True,True,False,False,False,True,False,True,confirmed_risk_off,False,True,False,True
2023-10-20,515300.SH,1.013,1.0503333333333333,-0.03615604186489063,-0.007835455435847183,0.055208333333333304,0.008453388209078214,12225833.6,187,-0.006554932253628465,,False,False,False,True,False,False,False,False,False,False,True,confirmed_risk_off,False,True,False,True
2023-10-20,588080.SH,0.87,0.9212833333333333,-0.020270270270270285,-0.1049382716049383,,0.01021981012717994,560928108.2,109,-0.05008341675008344,,False,False,False,False,True,False,False,False,False,False,True,confirmed_risk_off,False,True,False,True
2023-10-27,512010.SH,0.426,0.4204,0.026506024096385472,-0.03401360544217691,-0.07189542483660138,0.01413948272077773,621281539.95,197,-0.017382117505636854,1,True,True,True,True,True,True,False,False,True,False,True,confirmed_risk_off,False,True,False,True
2023-10-27,512880.SH,0.947,0.9801166666666666,0.002116402116402183,0.01175213675213671,0.04295154185022021,0.014316563585977138,912653753.0,197,0.0141377239174596,2,True,True,True,True,True,False,True,False,True,False,True,confirmed_risk_off,False,True,False,True
2023-10-27,510880.SH,2.599,2.6308999999999996,-0.030585602387168898,-0.007257448433918956,-0.0030686612965094007,0.007361535492660539,213316884.85,197,-0.015750952587737024,3,True,True,True,True,True,False,False,False,True,False,True,confirmed_risk_off,False,True,False,True
2023-10-27,159995.SZ,0.954,0.9722000000000001,0.02470461868958096,-0.07017543859649134,-0.1382113821138211,0.013422261657139294,419442961.03185,197,-0.04583060438552837,4,True,True,False,True,True,False,False,False,True,False,True,confirmed_risk_off,False,True,False,True
2023-10-27,512100.SH,2.305,2.3834333333333335,-0.0034587116299178433,-0.07910507391130639,-0.10450660450660443,0.01178765339899023,1027656790.05,197,-0.05392683511781058,5,True,True,False,True,True,False,False,False,True,False,True,confirmed_risk_off,False,True,False,True
2023-10-27,510500.SH,5.355,5.600316666666667,-0.021560387356111765,-0.08068669527896988,-0.09924306139613115,0.010846405948919516,1647881893.4,197,-0.06074744533325889,6,True,True,False,True,True,False,False,False,True,False,True,confirmed_risk_off,False,True,False,True
2023-10-27,159928.SZ,0.89,0.9286166666666666,-0.026258205689277947,-0.08624229979466114,-0.10191725529767914,0.01284561303151463,131638528.77579999,197,-0.06538365325311146,7,True,False,False,True,True,False,False,False,True,False,True,confirmed_risk_off,False,True,False,True
2023-10-27,510300.SH,3.356,3.5461,-0.030618139803581856,-0.09100758396533049,-0.09444144630329199,0.010155060205716814,4482662010.25,197,-0.06753857876822333,8,True,False,False,True,True,False,False,False,True,False,True,confirmed_risk_off,False,True,False,True
2023-10-27,512660.SH,0.964,1.01735,-0.03503503503503502,-0.10158434296365326,-0.11397058823529416,0.010404478360481655,238186735.05,197,-0.07744186884653415,9,True,False,False,True,True,False,False,False,True,False,True,confirmed_risk_off,False,True,False,True
2023-10-27,159915.SZ,1.881,2.0105,-0.018779342723004744,-0.11648661343353683,-0.16026785714285718,0.012707647371018668,1324562087.3862,197,-0.08615995389118808,10,True,False,False,True,True,False,False,False,True,False,True,confirmed_risk_off,False,True,False,True
2023-10-27,516160.SH,2.213,2.4441,-0.026824978012313094,-0.18369605311693094,-0.24983050847457633,0.017838566605240587,189442256.75,197,-0.13417451414661288,11,True,False,False,True,True,False,False,False,True,False,True,confirmed_risk_off,False,True,False,True
2023-10-27,515300.SH,1.024,1.0483666666666667,-0.031220435193945018,-0.021032504780114758,0.015873015873015817,0.00902347079561269,13155268.85,192,-0.01772657281502075,,False,False,False,True,False,False,False,False,False,False,True,confirmed_risk_off,False,True,False,True
2023-10-27,588080.SH,0.87,0.9121166666666667,0.0023041474654377225,-0.09563409563409564,,0.012596651119116438,600687582.95,114,-0.037331979267463164,,False,False,False,False,True,False,False,False,False,False,True,confirmed_risk_off,False,True,False,True
2023-11-03,512010.SH,0.435,0.42034999999999995,0.016355140186915973,0.0023041474654377225,-0.039735099337748325,0.014223016906520771,662907066.0,202,-0.00048330480660818687,1,True,True,True,True,True,True,False,False,True,False,True,confirmed_risk_off,False,True,False,True
2023-11-03,159995.SZ,0.997,0.96765,0.05391120507399583,-0.051379638439581266,-0.06032045240339301,0.01630879410911178,486770035.4802,202,-0.011051463826912777,2,True,True,True,True,True,True,False,False,True,False,True,confirmed_risk_off,False,True,False,True
2023-11-03,159928.SZ,0.913,0.9217500000000001,0.002195389681668436,-0.07591093117408898,-0.07497467071935149,0.012469929291403363,149512611.7019,202,-0.04448115074083852,3,True,True,True,True,True,False,False,False,True,False,True,confirmed_risk_off,False,True,False,True
2023-11-03,512880.SH,0.946,0.9734166666666666,-0.001055966209081327,-0.10246679316888052,-0.03763987792472023,0.011687822711688552,935553847.35,202,-0.048937079336128786,4,True,True,False,True,True,False,False,False,True,False,True,confirmed_risk_off,False,True,False,True
2023-11-03,510880.SH,2.558,2.6215166666666665,-0.03870725291243904,-0.04230625233994756,-0.08479427549194996,0.00800723009389553,210614792.4,202,-0.04936425719934463,5,True,True,False,True,True,False,False,False,True,False,True,confirmed_risk_off,False,True,False,True
2023-11-03,512100.SH,2.324,2.3655,-0.019822859552931282,-0.08323471400394489,-0.09289617486338797,0.011604123960145499,945473221.75,202,-0.05980226439542806,6,True,True,False,True,True,False,False,False,True,False,True,confirmed_risk_off,False,True,False,True
2023-11-03,510500.SH,5.365,5.5522833333333335,-0.033681556195965356,-0.09983221476510062,-0.1004359490274983,0.010391817743255745,1492395241.55,202,-0.07349269818992606,7,True,False,False,True,True,False,False,False,True,False,True,confirmed_risk_off,False,True,False,True
2023-11-03,512660.SH,0.969,1.0083666666666666,-0.03486055776892438,-0.09608208955223885,-0.11263736263736268,0.0109849122763861,241545144.8,202,-0.07490453145593784,8,True,False,False,True,True,False,False,False,True,False,True,confirmed_risk_off,False,True,False,True
2023-11-03,510300.SH,3.373,3.5109,-0.031859931113662365,-0.11073029264434486,-0.0978871355977533,0.008916709245487013,4400977221.4,202,-0.07661351662275356,9,True,False,False,True,True,False,False,False,True,False,True,confirmed_risk_off,False,True,False,True
2023-11-03,159915.SZ,1.918,1.9887333333333332,-0.017921146953405076,-0.12299954275262914,-0.12018348623853226,0.012993075512132378,1346448782.002,202,-0.08040497313012014,10,True,False,False,True,True,False,False,False,True,False,True,confirmed_risk_off,False,True,False,True
2023-11-03,516160.SH,2.171,2.3970833333333332,-0.06663800515907148,-0.21793948126801155,-0.2347550229115264,0.01770004153698148,199707246.7,202,-0.1607819991531385,11,True,False,False,True,True,False,False,False,True,False,True,confirmed_risk_off,False,True,False,True
2023-11-03,515300.SH,1.018,1.0429666666666666,-0.025837320574162548,-0.06175115207373272,0.02208835341365467,0.009363863961627509,14196524.55,197,-0.030617718376427176,,False,False,False,True,False,False,False,False,False,False,True,confirmed_risk_off,False,True,False,True
2023-11-03,588080.SH,0.883,0.9039,-0.013407821229050265,-0.09897959183673466,,0.01247745438486645,599073640.45,119,-0.044954965226313974,,False,False,False,False,True,False,False,False,False,False,True,confirmed_risk_off,False,True,False,True
2023-11-10,512010.SH,0.44,0.4218666666666666,0.011494252873563315,0.030444964871194413,-0.049676025917926636,0.013916322292057482,669146935.3,207,0.0068404819143177645,1,True,True,True,True,True,True,True,True,False,False,True,confirmed_risk_off,False,True,False,True
2023-11-10,159995.SZ,1.005,0.9660333333333334,0.03076923076923066,-0.02237354085603127,-0.05810684161199631,0.01702094413591651,523413134.67565,207,-0.008263092357119506,2,True,True,True,True,True,True,False,False,True,False,True,confirmed_risk_off,False,True,False,True
2023-11-10,512880.SH,0.975,0.9665,0.047261009667024734,-0.09217877094972071,0.030655391120507414,0.01395190296393101,1127465115.75,207,-0.011836026288976908,3,True,True,True,True,True,True,False,False,True,False,True,confirmed_risk_off,False,True,False,True
2023-11-10,512100.SH,2.371,2.3532333333333333,0.0,-0.05349301397205586,-0.06136183689627861,0.01252016403638091,885110322.05,207,-0.03366957296807807,4,True,True,False,True,True,True,False,False,True,False,True,confirmed_risk_off,False,True,False,True
2023-11-10,510880.SH,2.557,2.614316666666667,-0.03143939393939399,-0.030705079605761965,-0.04589552238805983,0.007860432388370838,224108149.35,207,-0.034036893895674346,5,True,True,False,True,True,False,False,False,True,False,True,confirmed_risk_off,False,True,False,True
2023-11-10,159928.SZ,0.899,0.9156333333333334,0.012387387387387427,-0.07889344262295073,-0.07415036045314105,0.011691622730830334,146569614.1923,207,-0.04143249418485353,6,True,True,False,True,True,False,False,False,True,False,True,confirmed_risk_off,False,True,False,True
2023-11-10,512660.SH,0.976,1.0016166666666666,-0.0050968399592252744,-0.07047619047619058,-0.09713228492136905,0.010663740169706082,230438771.0,207,-0.04965566915844015,7,True,False,False,True,True,False,False,False,True,False,True,confirmed_risk_off,False,True,False,True
2023-11-10,510500.SH,5.433,5.512083333333334,-0.012181818181818183,-0.07837150127226455,-0.07930859176410776,0.010938656709118123,1532199822.45,207,-0.05208304613445465,8,True,False,False,True,True,False,False,False,True,False,True,confirmed_risk_off,False,True,False,True
2023-11-10,588080.SH,0.897,0.89765,-0.0022246941045606095,-0.07334710743801653,-0.11538461538461542,0.01258196312344908,643813847.9,124,-0.05330564369395394,9,True,False,False,True,True,False,False,False,True,False,True,confirmed_risk_off,False,True,False,True
2023-11-10,159915.SZ,1.955,1.9706833333333333,0.005141388174807249,-0.10485347985347993,-0.12253141831238779,0.014619591774944174,1431873256.85635,207,-0.06439112033394663,10,True,False,False,True,True,False,False,False,True,False,True,confirmed_risk_off,False,True,False,True
2023-11-10,510300.SH,3.375,3.479516666666667,-0.0234375,-0.10358565737051795,-0.08734451054624115,0.00899345907899828,4349479635.1,207,-0.0682781650574554,11,True,False,False,True,True,False,False,False,True,False,True,confirmed_risk_off,False,True,False,True
2023-11-10,516160.SH,2.229,2.3525333333333336,-0.029603831084022647,-0.1970461095100864,-0.25276567214213874,0.018430436773484635,209117079.0,207,-0.1412131106660714,12,True,False,False,True,True,False,False,False,True,False,True,confirmed_risk_off,False,True,False,True
2023-11-10,515300.SH,1.016,1.03765,-0.0323809523809524,-0.06012950971322839,-0.034220532319391705,0.008279479690768306,15829653.75,202,-0.04384829130155066,,False,False,False,True,False,False,False,False,False,False,True,confirmed_risk_off,False,True,False,True
2023-11-17,159995.SZ,0.998,0.9682999999999999,0.06510138740661686,0.03850156087408951,-0.06203007518796999,0.015469785044985572,500411587.47775,212,0.02903516427468856,1,True,True,True,True,True,True,True,True,False,False,True,mixed,False,True,True,False
2023-11-17,512010.SH,0.435,0.4230666666666666,0.06617647058823528,0.0308056872037914,-0.05844155844155852,0.012934687802552348,644216853.7,212,0.02710455142849897,2,True,True,True,True,True,True,True,True,False,False,True,mixed,False,True,True,False
2023-11-17,512100.SH,2.42,2.350283333333333,0.07603379279679845,-0.005751848808545734,-0.04423380726698267,0.011364967414253841,826568101.35,212,0.019266016141904554,3,True,True,True,True,True,True,True,True,False,False,True,mixed,False,True,True,False
2023-11-17,512880.SH,0.979,0.9620833333333334,0.04371002132196167,-0.05684007707129102,0.07228915662650603,0.01407780116250437,1186512011.15,212,0.009205809025569466,4,True,True,False,True,True,True,True,True,False,False,True,mixed,False,True,True,False
2023-11-17,512660.SH,1.0,0.9991833333333333,0.06723585912486651,-0.04489016236867238,-0.07578558225508325,0.011146089622441015,253165942.05,212,-0.006218837748538998,5,True,True,False,True,True,True,False,False,True,False,True,mixed,False,True,True,False
2023-11-17,588080.SH,0.898,0.8955166666666667,0.03218390804597715,-0.02285092491838958,-0.16387337057728124,0.0119276598836824,641482083.85,129,-0.029041480864421224,6,True,True,False,True,True,True,False,False,True,False,True,mixed,False,True,True,False
2023-11-17,510500.SH,5.486,5.4901,0.03842513723263297,-0.044417348893920905,-0.06125941136208091,0.010197988590631186,1529953776.95,212,-0.014648766936931356,7,True,False,False,True,True,False,False,False,True,False,True,mixed,False,True,True,False
2023-11-17,510880.SH,2.553,2.6104166666666666,-0.00429017160686429,-0.022588055130168483,-0.019585253456221308,0.0064452257701720795,203694384.8,212,-0.014668341386057372,8,True,False,False,True,True,False,False,False,True,False,True,mixed,False,True,True,False
2023-11-17,159928.SZ,0.888,0.9111999999999999,0.05213270142180093,-0.0691823899371069,-0.08169596690796277,0.008775879388503022,138913468.62554997,212,-0.023159068787714943,9,True,False,False,True,True,False,False,False,True,False,True,mixed,False,True,True,False
2023-11-17,159915.SZ,1.934,1.9576666666666667,0.045405405405405386,-0.07640878701050613,-0.11568358481938723,0.013826367097753627,1408233759.07235,212,-0.03553806960591775,10,True,False,False,True,True,False,False,False,True,False,True,mixed,False,True,True,False
2023-11-17,510300.SH,3.354,3.4572666666666665,0.015748031496062964,-0.07399226946438431,-0.07526881720430101,0.0071606911667255625,4027950694.65,212,-0.03835145862818874,11,True,False,False,True,True,False,False,False,True,False,True,mixed,False,True,True,False
2023-11-17,516160.SH,2.206,2.3174166666666665,-0.005858494817485349,-0.1560826319816373,-0.2406196213425129,0.01780623495844516,213266470.1,212,-0.11290037498815164,12,True,False,False,True,True,False,False,False,True,False,True,mixed,False,True,True,False
2023-11-17,515300.SH,1.013,1.0342999999999998,0.0,-0.037986704653371395,-0.01554907677356654,0.005749914120596514,21383092.65,207,-0.018304497216061866,,False,False,False,True,False,False,False,False,False,False,True,mixed,False,True,True,False
2023-11-24,512010.SH,0.434,0.42519999999999997,0.018779342723004744,0.05339805825242716,-0.029082774049216997,0.011196235043403219,573920588.25,217,0.023054405580329364,1,True,True,True,True,True,True,True,True,False,False,True,mixed,False,True,True,False
2023-11-24,512100.SH,2.381,2.354833333333333,0.03297180043383929,0.022327179046800927,-0.06627450980392158,0.009785570258849097,762778944.65,217,0.008864689831471772,2,True,True,True,True,True,True,True,True,False,False,True,mixed,False,True,True,False
2023-11-24,512880.SH,0.957,0.9597,0.010559662090813049,-0.035282258064516125,0.06688963210702337,0.01107914778671641,1098730671.0,217,0.003488888031923442,3,True,True,True,True,True,False,True,False,True,False,True,mixed,False,True,True,False
2023-11-24,510880.SH,2.593,2.60805,-0.002308580223162826,-0.0011556240369799964,-0.004606525911708292,0.005627154190205555,196417307.15,217,-0.0023069868863987877,4,True,True,False,True,True,False,False,False,True,False,True,mixed,False,True,True,False
2023-11-24,159995.SZ,0.964,0.9711166666666667,0.01048218029350112,0.019027484143763207,-0.11963470319634706,0.014556401793873717,490786999.0382,217,-0.012123074864363682,5,True,True,False,True,True,False,False,False,True,False,True,mixed,False,True,True,False
2023-11-24,510500.SH,5.433,5.482266666666666,0.014565826330532161,-0.014689880304679104,-0.07270865335381471,0.007590921382214899,1311394145.65,217,-0.014591352260421719,6,True,True,False,True,True,False,False,False,True,False,True,mixed,False,True,True,False
2023-11-24,159928.SZ,0.899,0.9089500000000001,0.010112359550561889,-0.0322927879440259,-0.03125,0.006860530867708542,132722688.19890001,217,-0.015122171357385606,7,True,False,False,True,True,False,False,False,True,False,True,mixed,False,True,True,False
2023-11-24,512660.SH,0.983,0.9973499999999998,0.01970954356846466,-0.027695351137487556,-0.08302238805970152,0.012602454725989807,250551783.0,217,-0.019798800639549467,8,True,False,False,True,True,False,False,False,True,False,True,mixed,False,True,True,False
2023-11-24,510300.SH,3.325,3.4423833333333334,-0.009237187127532631,-0.05297636001139272,-0.0654862282180999,0.006381382206265552,3266327581.25,217,-0.037982664499190126,9,True,False,False,True,True,False,False,False,True,False,True,mixed,False,True,True,False
2023-11-24,588080.SH,0.872,0.8940833333333333,0.0022988505747125743,-0.02460850111856827,-0.15830115830115832,0.010500569772319801,598606407.65,134,-0.040584091877773946,10,True,False,False,True,True,False,False,False,True,False,True,mixed,False,True,True,False
2023-11-24,159915.SZ,1.888,1.9482,0.0037214247740562367,-0.06256206554121146,-0.12389791183294663,0.012325690742722863,1268089192.9334,217,-0.04831583867345142,11,True,False,False,True,True,False,False,False,True,False,True,mixed,False,True,True,False
2023-11-24,516160.SH,2.119,2.2892166666666665,-0.04247627654767283,-0.13686354378818733,-0.24104584527220618,0.014257944247774386,193503804.95,217,-0.11994509718878531,12,True,False,False,True,True,False,False,False,True,False,True,mixed,False,True,True,False
2023-11-24,515300.SH,1.018,1.03235,-0.005859375,-0.013565891472868241,0.013944223107569709,0.004518899116365834,21379183.55,212,-0.004981261967633356,,False,False,False,True,False,False,False,False,False,False,True,mixed,False,True,True,False
2023-12-01,512010.SH,0.434,0.4266166666666667,-0.0022988505747126853,0.03579952267303099,0.002309468822170979,0.009967033009858735,526767826.2,222,0.013862162603761519,1,True,True,True,True,True,True,True,True,False,False,True,mixed,False,True,True,False
2023-12-01,512100.SH,2.391,2.357716666666667,0.028829604130808928,0.0037783375314861534,-0.05119047619047623,0.008889742730206533,724024248.05,222,0.0028050814268227846,2,True,True,True,True,True,True,True,True,False,False,True,mixed,False,True,True,False
2023-12-01,159995.SZ,0.976,0.9721833333333333,-0.02106318956870612,-0.017119838872104776,-0.08528584817244611,0.00939535117042114,417333993.009,222,-0.03233038101081358,3,True,True,True,True,True,True,False,False,True,False,True,mixed,False,True,True,False
2023-12-01,510880.SH,2.586,2.605,0.01094605160281481,0.003103180760279267,0.0038819875776396895,0.004484928659448236,184313047.15,222,0.006396090460765569,4,True,True,False,True,True,False,True,False,True,False,True,mixed,False,True,True,False
2023-12-01,512880.SH,0.945,0.955,-0.0010570824524313016,-0.023760330578512456,0.0714285714285714,0.011224883148408853,1037838091.65,222,0.004358749073336776,5,True,True,False,True,True,False,True,False,True,False,True,mixed,False,True,True,False
2023-12-01,510500.SH,5.424,5.470116666666667,0.010997204100652302,-0.03246521584017115,-0.0627268014515292,0.007147906593152689,1219992690.9,222,-0.021132564986113378,6,True,True,False,True,True,False,False,False,True,False,True,mixed,False,True,True,False
2023-12-01,512660.SH,0.981,0.9942833333333334,0.01238390092879249,-0.05217391304347818,-0.0621414913957935,0.011010023440758255,231524253.8,222,-0.02834430312503298,7,True,False,False,True,True,False,False,False,True,False,True,mixed,False,True,True,False
2023-12-01,159928.SZ,0.879,0.9051000000000001,-0.03723986856516981,-0.05787781350482324,-0.042483660130719025,0.006128366939585149,106562388.17750001,222,-0.04654380485414103,8,True,False,False,True,True,False,False,False,True,False,True,mixed,False,True,True,False
2023-12-01,510300.SH,3.268,3.42,-0.031129558256744905,-0.08176454060129257,-0.07369614512471667,0.006266284169471709,3076641681.2,222,-0.05989686856815833,9,True,False,False,True,True,False,False,False,True,False,True,mixed,False,True,True,False
2023-12-01,159915.SZ,1.881,1.9349333333333332,-0.01929092805005206,-0.08333333333333337,-0.10683760683760679,0.01082322875778186,1161103343.2323,222,-0.062417225920875535,10,True,False,False,True,True,False,False,False,True,False,True,mixed,False,True,True,False
2023-12-01,588080.SH,0.876,0.8904,-0.007927519818799578,-0.07886435331230279,-0.14619883040935677,0.008877097934060175,563761047.25,139,-0.0639565153343123,11,True,False,False,True,True,False,False,False,True,False,True,mixed,False,True,True,False
2023-12-01,516160.SH,2.035,2.2546999999999997,-0.06264394288346364,-0.1777777777777777,-0.2521131936787945,0.013470338083361217,189516298.05,222,-0.14659132700025543,12,True,False,False,True,True,False,False,False,True,False,True,mixed,False,True,True,False
2023-12-01,515300.SH,1.012,1.0296,-0.005893909626719096,-0.014605647517039855,0.008973080757726848,0.004817345334362021,22031749.8,217,-0.006405206705958211,,False,False,False,True,False,False,False,False,False,False,True,mixed,False,True,True,False
2023-12-08,510880.SH,2.555,2.5997,-0.0007821666014860007,-0.023691249522353797,-0.01236954000773094,0.004721473464424504,167165890.65,227,-0.012263274451082107,1,True,True,True,True,True,False,False,False,True,False,True,confirmed_risk_off,False,True,False,True
2023-12-08,512010.SH,0.416,0.4268166666666666,-0.054545454545454564,0.027160493827160348,-0.030303030303030276,0.010819258823192996,536104689.05,227,-0.01701459034792374,2,True,True,True,True,True,False,False,False,True,False,True,confirmed_risk_off,False,True,False,True
2023-12-08,512880.SH,0.925,0.9520166666666667,-0.05128205128205121,-0.035453597497393075,0.04166666666666674,0.006882073092033071,894359687.4,227,-0.026360926178444367,3,True,True,True,True,True,False,False,False,True,False,True,confirmed_risk_off,False,True,False,True
2023-12-08,512100.SH,2.339,2.3537666666666666,-0.013496415014761731,-0.013080168776371415,-0.08238524911730094,0.008603514073525293,682908609.0,227,-0.02710768333991345,4,True,True,False,True,True,False,False,False,True,False,True,confirmed_risk_off,False,True,False,True
2023-12-08,510500.SH,5.354,5.4466,-0.014540769372354045,-0.03860657209552876,-0.08712702472293266,0.006919603482298532,1160526711.0,227,-0.038684341531739656,5,True,True,False,True,True,False,False,False,True,False,True,confirmed_risk_off,False,True,False,True
2023-12-08,588080.SH,0.872,0.88405,-0.027870680044593144,-0.03858875413450935,-0.17345971563981033,0.009807790365417046,521305088.95,144,-0.061275716799603065,6,True,True,False,True,True,False,False,False,True,False,True,confirmed_risk_off,False,True,False,True
2023-12-08,159928.SZ,0.861,0.8979166666666668,-0.04226918798665191,-0.08306709265175716,-0.08501594048884165,0.007676849927207291,101655305.64140001,227,-0.06713770035313196,7,True,False,False,True,True,False,False,False,True,False,True,confirmed_risk_off,False,True,False,True
2023-12-08,512660.SH,0.944,0.9880166666666667,-0.032786885245901676,-0.09055876685934494,-0.09230769230769242,0.012286970845474946,233220348.2,227,-0.06779979930363714,8,True,False,False,True,True,False,False,False,True,False,True,confirmed_risk_off,False,True,False,True
2023-12-08,159995.SZ,0.939,0.9673666666666667,-0.06567164179104468,-0.04085801838610836,-0.1432481751824819,0.010794510057063413,369613645.5144,227,-0.0712614991073576,9,True,False,False,True,True,False,False,False,True,False,True,confirmed_risk_off,False,True,False,True
2023-12-08,159915.SZ,1.843,1.9176333333333335,-0.057289002557544766,-0.07988017973040451,-0.1269540502131692,0.009009273182932582,1081529876.06375,227,-0.08025848295781356,10,True,False,False,True,True,False,False,False,True,False,True,confirmed_risk_off,False,True,False,True
2023-12-08,510300.SH,3.181,3.3862,-0.05748148148148147,-0.10394366197183091,-0.11565193216569358,0.0065498992426345735,2991499545.45,227,-0.08770044381446368,11,True,False,False,True,True,False,False,False,True,False,True,confirmed_risk_off,False,True,False,True
2023-12-08,516160.SH,2.015,2.2166333333333332,-0.09600717810677428,-0.1673553719008264,-0.2548076923076923,0.011144887557752637,174016880.7,227,-0.15630655846457875,12,True,False,False,True,True,False,False,False,True,False,True,confirmed_risk_off,False,True,False,True
2023-12-08,515300.SH,0.995,1.0258166666666666,-0.02066929133858264,-0.03864734299516903,-0.017769002961500413,0.0057489715193453006,23136560.35,222,-0.027280454325800754,,False,False,False,True,False,False,False,False,False,False,True,confirmed_risk_off,False,True,False,True
2023-12-15,510880.SH,2.562,2.5956833333333336,0.003525264394829586,-0.03937007874015752,0.021123953766440717,0.005692458897948652,186025846.85,232,-0.010113134984843033,1,True,True,True,True,True,False,False,False,True,False,True,confirmed_risk_off,False,True,False,True
2023-12-15,512880.SH,0.921,0.9489166666666667,-0.0592441266598569,-0.04162330905306966,0.02905027932960902,0.007178582398610554,829456005.0,232,-0.03453691841924883,2,True,True,True,True,True,False,False,False,True,False,True,confirmed_risk_off,False,True,False,True
2023-12-15,512010.SH,0.407,0.4270333333333333,-0.06436781609195408,-0.009732360097323589,-0.06651376146789001,0.009892544460532919,538196499.7,232,-0.04294282276928907,3,True,True,True,True,True,False,False,False,True,False,True,confirmed_risk_off,False,True,False,True
2023-12-15,512100.SH,2.322,2.350466666666667,-0.04049586776859504,-0.019425675675675547,-0.10966257668711654,0.00801453315690243,728325461.3,232,-0.04590113271513155,4,True,True,False,True,True,False,False,False,True,False,True,confirmed_risk_off,False,True,False,True
2023-12-15,510500.SH,5.304,5.427850000000001,-0.033175355450236865,-0.04809763101220388,-0.10976837865055389,0.007172634839317964,1256362093.8,232,-0.05446287031508708,5,True,True,False,True,True,False,False,False,True,False,True,confirmed_risk_off,False,True,False,True
2023-12-15,159995.SZ,0.936,0.9652833333333334,-0.06212424849699394,-0.01680672268907557,-0.15140525838621932,0.011243739911563695,351655131.72515,232,-0.06185344015167167,6,True,True,False,True,True,False,False,False,True,False,True,confirmed_risk_off,False,True,False,True
2023-12-15,588080.SH,0.856,0.8812666666666666,-0.04677060133630295,-0.03603603603603611,-0.1947318908748824,0.009775145312592631,525943367.65,149,-0.07206903312391211,7,True,False,False,True,True,False,False,False,True,False,True,confirmed_risk_off,False,True,False,True
2023-12-15,512660.SH,0.951,0.9810166666666666,-0.049000000000000044,-0.07580174927113703,-0.13780598368087038,0.010944351012878885,199361929.15,232,-0.07748189644462891,8,True,False,False,True,True,False,False,False,True,False,True,confirmed_risk_off,False,True,False,True
2023-12-15,159915.SZ,1.802,1.9046166666666666,-0.06825232678386761,-0.08061224489795915,-0.18461538461538463,0.009324556475152559,1130446253.41945,232,-0.09646890559580765,9,True,False,False,True,True,False,False,False,True,False,True,confirmed_risk_off,False,True,False,True
2023-12-15,510300.SH,3.132,3.35545,-0.0661896243291592,-0.11123723041997724,-0.14472965592572362,0.007238521068411574,2858056482.05,232,-0.0999166730847993,10,True,False,False,True,True,False,False,False,True,False,True,confirmed_risk_off,False,True,False,True
2023-12-15,159928.SZ,0.826,0.8896999999999999,-0.06981981981981988,-0.1184631803628603,-0.13235294117647056,0.009769113188732489,107454245.522,232,-0.10178378830836618,11,True,False,False,True,True,False,False,False,True,False,True,confirmed_risk_off,False,True,False,True
2023-12-15,516160.SH,1.954,2.1826166666666666,-0.11423390752493201,-0.16921768707482987,-0.3033868092691623,0.01061507092166145,162454263.15,232,-0.17405799969373723,12,True,False,False,True,True,False,False,False,True,False,True,confirmed_risk_off,False,True,False,True
2023-12-15,515300.SH,0.981,1.0218666666666667,-0.031589338598222994,-0.06660323501427212,-0.006079027355623157,0.006188087186355722,17996464.95,227,-0.040492834916122676,,False,False,False,True,False,False,False,False,False,False,True,confirmed_risk_off,False,True,False,True
2023-12-22,510880.SH,2.525,2.5840166666666664,-0.026224450443501746,-0.05818724356583371,0.0031783869686135002,0.005331427124014071,194257101.05,237,-0.03312900021001148,1,True,True,True,True,True,False,False,False,True,False,True,confirmed_risk_off,False,True,False,True
2023-12-22,159995.SZ,0.927,0.9640500000000001,-0.038381742738589186,-0.004296455424274925,-0.107795957651588,0.011824189496545734,333246805.43175,237,-0.03863047079546325,2,True,True,True,True,True,False,False,False,True,False,True,confirmed_risk_off,False,True,False,True
2023-12-22,512880.SH,0.89,0.9447333333333334,-0.07001044932079414,-0.05820105820105814,0.03128621089223649,0.00863752793925185,851500778.95,237,-0.04502736083029363,3,True,True,True,True,True,False,False,False,True,False,True,confirmed_risk_off,False,True,False,True
2023-12-22,512010.SH,0.403,0.4257666666666667,-0.0714285714285714,-0.028915662650602303,-0.04275534441805218,0.009622231851829852,558689083.1,237,-0.04868876251527992,4,True,True,False,True,True,False,False,False,True,False,True,confirmed_risk_off,False,True,False,True
2023-12-22,588080.SH,0.85,0.8787166666666667,-0.025229357798165153,-0.020737327188940058,-0.16007905138339928,0.00985759630323298,520378983.75,154,-0.05040248427152194,5,True,True,False,True,True,False,False,False,True,False,True,confirmed_risk_off,False,True,False,True
2023-12-22,512100.SH,2.236,2.343283333333333,-0.06089878202435939,-0.03329009943795935,-0.11968503937007868,0.008212949391742583,709108506.95,237,-0.061612560458943234,6,True,True,False,True,True,False,False,False,True,False,True,confirmed_risk_off,False,True,False,True
2023-12-22,510500.SH,5.17,5.3994333333333335,-0.04840787778391309,-0.055362689566965106,-0.10584572812175719,0.006623425263263772,1261558338.65,237,-0.06267737256470271,7,True,False,False,True,True,False,False,False,True,False,True,confirmed_risk_off,False,True,False,True
2023-12-22,512660.SH,0.933,0.9737000000000001,-0.05086469989827058,-0.06606606606606602,-0.15412511332728918,0.01161832677869297,194835175.6,237,-0.07759732905119249,8,True,False,False,True,True,False,False,False,True,False,True,confirmed_risk_off,False,True,False,True
2023-12-22,159915.SZ,1.78,1.8904333333333332,-0.05720338983050843,-0.0714658320292123,-0.16392672616251758,0.01036046279629172,1172571695.42015,237,-0.0842530339763918,9,True,False,False,True,True,False,False,False,True,False,True,confirmed_risk_off,False,True,False,True
2023-12-22,510300.SH,3.126,3.3233166666666665,-0.059849624060150486,-0.09705372616984409,-0.126571668063705,0.0073481444806576465,3247972484.75,237,-0.08807567370473884,10,True,False,False,True,True,False,False,False,True,False,True,confirmed_risk_off,False,True,False,True
2023-12-22,159928.SZ,0.824,0.8806833333333334,-0.08342602892102347,-0.09846827133479219,-0.1091891891891893,0.009803022771281825,103635866.3013,237,-0.09459555794016411,11,True,False,False,True,True,False,False,False,True,False,True,confirmed_risk_off,False,True,False,True
2023-12-22,516160.SH,1.98,2.1504833333333333,-0.0655969797074093,-0.12928759894459108,-0.29159212880143115,0.013744464771441558,168688943.75,237,-0.13627225722108638,12,True,False,False,True,True,False,False,False,True,False,True,confirmed_risk_off,False,True,False,True
2023-12-22,515300.SH,0.984,1.0159999999999998,-0.03339882121807469,-0.06906338694418157,-0.007063572149344055,0.006385810330849946,17990147.3,232,-0.04239759769477131,,False,False,False,True,False,False,False,False,False,False,True,confirmed_risk_off,False,True,False,True
2023-12-29,512880.SH,0.902,0.9392166666666666,-0.04550264550264538,-0.04751847940865883,0.019209039548022666,0.010357987321864612,884030839.9,242,-0.033366642054917156,1,True,True,True,True,True,False,False,False,True,False,True,confirmed_risk_off,False,True,False,True
2023-12-29,510880.SH,2.515,2.5702833333333333,-0.027455529775715304,-0.05486659150695228,-0.003960396039603853,0.005675978078785353,227023891.4,242,-0.03372092772098781,2,True,True,True,True,True,False,False,False,True,False,True,confirmed_risk_off,False,True,False,True
2023-12-29,512010.SH,0.411,0.4241333333333333,-0.05299539170506917,-0.03971962616822433,-0.026066350710900466,0.010067261408939354,559825220.95,242,-0.042299277291497496,3,True,True,True,True,True,False,False,False,True,False,True,confirmed_risk_off,False,True,False,True
2023-12-29,512100.SH,2.296,2.3338833333333335,-0.03973232956921802,-0.03163222269084787,-0.10242376856919466,0.01047960202231999,764352668.85,242,-0.04903057461786529,4,True,True,False,True,True,False,False,False,True,False,True,confirmed_risk_off,False,True,False,True
2023-12-29,510500.SH,5.279,5.36945,-0.026733038348082716,-0.04917146974063391,-0.09482167352537718,0.008473044397207157,1429724782.3,242,-0.04932613794056209,5,True,True,False,True,True,False,False,False,True,False,True,confirmed_risk_off,False,True,False,True
2023-12-29,159995.SZ,0.932,0.9620666666666667,-0.04508196721311464,-0.014799154334038,-0.12734082397003743,0.014219100622660462,344079081.5335,242,-0.04942061341286854,6,True,True,False,True,True,False,False,False,True,False,True,confirmed_risk_off,False,True,False,True
2023-12-29,159928.SZ,0.853,0.87365,-0.029579067121729308,-0.06366630076838642,-0.07683982683982693,0.012182581678483788,103374679.1486,242,-0.052666112524011675,7,True,False,False,True,True,False,False,False,True,False,True,confirmed_risk_off,False,True,False,True
2023-12-29,512660.SH,0.96,0.9692166666666666,-0.021406727828746197,-0.043824701195219196,-0.13669064748201454,0.013002986239505762,222480639.1,242,-0.05343070110598906,8,True,False,False,True,True,False,False,False,True,False,True,confirmed_risk_off,False,True,False,True
2023-12-29,510300.SH,3.219,3.294766666666667,-0.014993880048959629,-0.07606199770378874,-0.10558488469019178,0.009767188971436502,3871300257.8,242,-0.05753932803913771,9,True,False,False,True,True,False,False,False,True,False,True,confirmed_risk_off,False,True,False,True
2023-12-29,159915.SZ,1.842,1.8774000000000002,-0.020733652312599604,-0.056835637480798784,-0.13804398689751984,0.013797339251052941,1339506210.0531,242,-0.05863651329686333,10,True,False,False,True,True,False,False,False,True,False,True,confirmed_risk_off,False,True,False,True
2023-12-29,516160.SH,2.087,2.1328833333333335,0.01904296875,-0.10275150472914873,-0.2575595873354677,0.018842870272583634,182628776.35,241,-0.08499533185875305,11,True,False,False,True,True,False,False,False,True,False,True,confirmed_risk_off,False,True,False,True
2023-12-29,515300.SH,0.997,1.0109833333333333,-0.014822134387351804,-0.04593301435406694,0.0020100502512563345,0.006205834482833395,16762066.85,237,-0.02390004944631623,,False,False,False,True,False,False,False,False,False,False,True,confirmed_risk_off,False,True,False,True
2024-01-05,510880.SH,2.628,2.5677666666666665,0.028974158183242116,-0.00605143721633894,0.03873517786561287,0.007162220683481176,333246886.0,246,0.016916123959883844,1,True,True,True,True,True,True,True,True,False,False,True,confirmed_risk_off,False,True,False,True
2024-01-05,512880.SH,0.877,0.9359833333333333,-0.05901287553648071,-0.0680127523910733,-0.013498312710911176,0.010373830173233456,875396283.15,246,-0.05350991371320384,2,True,True,True,True,True,False,False,False,True,False,True,confirmed_risk_off,False,True,False,True
2024-01-05,510500.SH,5.136,5.349783333333334,-0.038562336203669,-0.07124773960217001,-0.11843460350154467,0.008357762977914362,1486531621.5,246,-0.06761095102264454,3,True,True,True,True,True,False,False,False,True,False,True,confirmed_risk_off,False,True,False,True
2024-01-05,512010.SH,0.393,0.42205,-0.0461165048543688,-0.10068649885583525,-0.07529411764705873,0.008831816340384279,539084492.25,246,-0.07378002501349337,4,True,True,False,True,True,False,False,False,True,False,True,confirmed_risk_off,False,True,False,True
2024-01-05,512100.SH,2.214,2.326516666666667,-0.05546075085324231,-0.06818181818181812,-0.12524693796918218,0.01035234027174789,810784203.0,246,-0.07450641520786061,5,True,True,False,True,True,False,False,False,True,False,True,confirmed_risk_off,False,True,False,True
2024-01-05,510300.SH,3.116,3.2734,-0.018273471959672327,-0.10741907762818681,-0.13708114095818336,0.009374871220681211,4157996290.35,246,-0.07769324802678032,6,True,True,False,True,True,False,False,False,True,False,True,confirmed_risk_off,False,True,False,True
2024-01-05,512660.SH,0.915,0.9654166666666666,-0.044885177453027114,-0.08132530120481929,-0.16208791208791207,0.014066678537105805,249452195.75,246,-0.08290177388072098,7,True,False,False,True,True,False,False,False,True,False,True,confirmed_risk_off,False,True,False,True
2024-01-05,159928.SZ,0.814,0.8685833333333333,-0.05348837209302326,-0.1005524861878454,-0.12378902045209916,0.01224910599931182,103410241.21959999,246,-0.0863741474027673,8,True,False,False,True,True,False,False,False,True,False,True,confirmed_risk_off,False,True,False,True
2024-01-05,588080.SH,0.813,0.8722833333333334,-0.04689331770222749,-0.08548931383577063,-0.19023904382470125,0.011231009815249104,537357665.05,161,-0.0910008613801395,9,True,False,False,True,True,False,False,False,True,False,True,confirmed_risk_off,False,True,False,True
2024-01-05,159995.SZ,0.871,0.9571833333333334,-0.05735930735930739,-0.10758196721311475,-0.1736242884250475,0.01405707899060394,367431476.6258,246,-0.10070136751397836,10,True,False,False,True,True,False,False,False,True,False,True,confirmed_risk_off,False,True,False,True
2024-01-05,159915.SZ,1.728,1.8652,-0.055221432476763255,-0.12195121951219512,-0.19214586255259458,0.014459146097613097,1448298643.7103,246,-0.10929823330610228,11,True,False,False,True,True,False,False,False,True,False,True,confirmed_risk_off,False,True,False,True
2024-01-05,516160.SH,1.99,2.11435,-0.023552502453385582,-0.12986445124617396,-0.294576391350585,0.019299874197833924,181275299.35,245,-0.12028205974994083,12,True,False,False,True,True,False,False,False,True,False,True,confirmed_risk_off,False,True,False,True
2024-01-05,515300.SH,1.012,1.0089333333333332,0.02016129032258074,-0.03435114503816794,0.007968127490039834,0.005185376222151433,17955131.0,241,-0.004082316388226914,,False,False,False,True,False,True,False,False,False,False,True,confirmed_risk_off,False,True,False,True
2024-01-12,510880.SH,2.594,2.5649,0.005816207832493037,0.0027058368766910146,0.008945935433683161,0.007877869943167316,363991731.55,251,0.005198004970410253,1,True,True,True,True,True,True,True,True,False,False,True,confirmed_risk_off,False,True,False,True
2024-01-12,516160.SH,2.057,2.093,0.05271238485158647,-0.07425742574257432,-0.2571325388226797,0.019790951301766398,201963520.4,250,-0.060044524120931086,2,True,True,True,True,True,False,False,False,True,False,True,confirmed_risk_off,False,True,False,True
2024-01-12,510500.SH,5.052,5.317466666666666,-0.05534779356768893,-0.050554407066340956,-0.13685289595079453,0.00956488835535112,1438497300.35,251,-0.06973145944377086,3,True,True,True,True,True,False,False,False,True,False,True,confirmed_risk_off,False,True,False,True
2024-01-12,510300.SH,3.069,3.2458166666666672,-0.022300095571838097,-0.07560240963855414,-0.15594059405940597,0.009062596813371931,4496807629.0,251,-0.07034912089603809,4,True,True,False,True,True,False,False,False,True,False,True,confirmed_risk_off,False,True,False,True
2024-01-12,512880.SH,0.853,0.9294666666666667,-0.07383279044516833,-0.08770053475935835,-0.05641592920353988,0.01037016379418247,810061265.1,251,-0.07589651592251866,5,True,True,False,True,True,False,False,False,True,False,True,confirmed_risk_off,False,True,False,True
2024-01-12,512010.SH,0.384,0.41895,-0.06796116504854366,-0.07469879518072287,-0.09859154929577463,0.009271761318623896,555092324.95,251,-0.07678229395086154,6,True,True,False,True,True,False,False,False,True,False,True,confirmed_risk_off,False,True,False,True
2024-01-12,512100.SH,2.165,2.3126666666666664,-0.07439076528430955,-0.04835164835164829,-0.14629337539432175,0.012328141330425457,744483967.55,251,-0.07835564053324748,7,True,False,False,True,True,False,False,False,True,False,True,confirmed_risk_off,False,True,False,True
2024-01-12,512660.SH,0.888,0.9584333333333334,-0.0740354535974973,-0.0652631578947368,-0.1860678276810266,0.014887651072571308,269182907.2,251,-0.09293301013309896,8,True,False,False,True,True,False,False,False,True,False,True,confirmed_risk_off,False,True,False,True
2024-01-12,159915.SZ,1.714,1.8490666666666666,-0.05408388520971308,-0.08194965184788428,-0.1934117647058824,0.014778877860541481,1653851430.23155,251,-0.09309576776421542,9,True,False,False,True,True,False,False,False,True,False,True,confirmed_risk_off,False,True,False,True
2024-01-12,588080.SH,0.783,0.8632666666666667,-0.10820045558086555,-0.11923509561304835,-0.2130653266331658,0.011952701115144506,531760385.6,166,-0.13358728580419874,10,True,False,False,True,True,False,False,False,True,False,True,confirmed_risk_off,False,True,False,True
2024-01-12,159995.SZ,0.829,0.9474166666666667,-0.11995753715498936,-0.13011542497376705,-0.21347248576850097,0.014883492354160777,383608742.07265,251,-0.14272368200520275,11,True,False,False,True,True,False,False,False,True,False,True,confirmed_risk_off,False,True,False,True
2024-01-12,159928.SZ,0.806,0.8628,-0.020656136087484733,-0.051764705882352824,-0.1370449678800857,0.011033452716072058,99995870.45525,251,-0.05637733036395216,,False,False,False,True,False,False,False,False,False,False,True,confirmed_risk_off,False,True,False,True
2024-01-12,515300.SH,1.005,1.0054166666666666,0.015151515151515138,-0.017595307917888547,-0.02237354085603127,0.005658195722581487,15710896.1,246,-0.005452225277755618,,False,False,False,True,False,False,False,False,False,False,True,confirmed_risk_off,False,True,False,True
2024-01-19,510880.SH,2.534,2.5662,0.0019770660340054924,-0.02086553323029372,-0.02874664622460721,0.008768135431461955,412381349.8,256,-0.013304716123436732,1,True,True,True,True,True,False,False,False,True,False,True,confirmed_risk_off,False,True,False,True
2024-01-19,516160.SH,2.022,2.08075,0.06477093206951023,-0.0617169373549884,-0.2577092511013217,0.02193612342064482,216498514.55,255,-0.05032025233445561,2,True,True,True,True,True,False,False,False,True,False,True,confirmed_risk_off,False,True,False,True
2024-01-19,510300.SH,3.064,3.2268,-0.017948717948717996,-0.07207752877044216,-0.17099567099567103,0.010721415906263855,5595825712.6,256,-0.07020963288679827,3,True,True,True,True,True,False,False,False,True,False,True,confirmed_risk_off,False,True,False,True
2024-01-19,512010.SH,0.381,0.4166166666666667,-0.059259259259259345,-0.07524271844660191,-0.13409090909090904,0.01035052746457415,538100846.4,256,-0.08061897290052632,4,True,True,False,True,True,False,False,False,True,False,True,confirmed_risk_off,False,True,False,True
2024-01-19,512880.SH,0.846,0.9224499999999999,-0.052631578947368474,-0.10286320254506887,-0.10570824524312894,0.010630511689975159,788446847.3,256,-0.08333956164560073,5,True,True,False,True,True,False,False,False,True,False,True,confirmed_risk_off,False,True,False,True
2024-01-19,510500.SH,4.866,5.29495,-0.061704589278827715,-0.07331936773947834,-0.1706153059485257,0.010520583536907005,1443495224.0,256,-0.08813264399702755,6,True,True,False,True,True,False,False,False,True,False,True,confirmed_risk_off,False,True,False,True
2024-01-19,159915.SZ,1.669,1.83695,-0.06603245663122548,-0.08747949699289226,-0.21826697892271651,0.015528274591054917,1870033579.17905,256,-0.1050581772341904,7,True,False,False,True,True,False,False,False,True,False,True,confirmed_risk_off,False,True,False,True
2024-01-19,512100.SH,2.057,2.3022833333333335,-0.088209219858156,-0.09022556390977454,-0.18470075307174005,0.012753257035090256,759792162.95,256,-0.10831406412152023,8,True,False,False,True,True,False,False,False,True,False,True,confirmed_risk_off,False,True,False,True
2024-01-19,588080.SH,0.769,0.8554833333333334,-0.09953161592505855,-0.10268378063010497,-0.19895833333333324,0.013643073338287934,541453536.85,171,-0.12067782528873205,9,True,False,False,True,True,False,False,False,True,False,True,confirmed_risk_off,False,True,False,True
2024-01-19,159995.SZ,0.831,0.9390666666666666,-0.11217948717948723,-0.10836909871244649,-0.20019249278152063,0.015759131514811422,412043468.4926,256,-0.1282579329130776,10,True,False,False,True,True,False,False,False,True,False,True,confirmed_risk_off,False,True,False,True
2024-01-19,512660.SH,0.825,0.9505,-0.0993449781659389,-0.13793103448275867,-0.23327137546468413,0.016060637731296075,296307131.65,256,-0.14156468015241586,11,True,False,False,True,True,False,False,False,True,False,True,confirmed_risk_off,False,True,False,True
2024-01-19,159928.SZ,0.795,0.8580000000000001,-0.03284671532846706,-0.08830275229357798,-0.17871900826446274,0.012154179876462862,98378949.33395,256,-0.08420358870171057,,False,False,False,True,False,False,False,False,False,False,True,confirmed_risk_off,False,True,False,True
2024-01-19,515300.SH,1.003,1.0053166666666666,0.027663934426229497,-0.019550342130987275,-0.042024832855778405,0.006335829473075875,16513920.25,251,-0.005159529653058792,,False,False,False,True,False,False,False,False,False,False,True,confirmed_risk_off,False,True,False,True
2024-01-26,510880.SH,2.664,2.5649999999999995,0.0656000000000001,0.035769828926905056,0.003389830508474745,0.01375941918846455,507958945.1,261,0.04122589767245701,1,True,True,True,True,True,True,True,True,False,False,True,confirmed_risk_off,False,True,False,True
2024-01-26,512880.SH,0.89,0.91625,-0.013303769401330379,-0.048128342245989386,-0.1257367387033399,0.01573970374300205,939050753.7,261,-0.04972019239959589,2,True,True,True,True,True,False,False,False,True,False,True,confirmed_risk_off,False,True,False,True
2024-01-26,510300.SH,3.118,3.202183333333333,-0.02835774384543477,-0.06786248131539618,-0.17008251264306629,0.01156280451733173,6368405724.05,261,-0.07250459259294564,3,True,True,True,True,True,False,False,False,True,False,True,confirmed_risk_off,False,True,False,True
2024-01-26,510500.SH,4.869,5.246116666666667,-0.06991404011461333,-0.08546205860255451,-0.18016501094460347,0.016749443683499392,1457990906.7,261,-0.09818344167578782,4,True,True,False,True,True,False,False,False,True,False,True,confirmed_risk_off,False,True,False,True
2024-01-26,512100.SH,2.042,2.2762333333333333,-0.09725906277630425,-0.1098517872711422,-0.19384129490722468,0.019423093520450057,729594479.65,261,-0.12161259900042352,5,True,True,False,True,True,False,False,False,True,False,True,confirmed_risk_off,False,True,False,True
2024-01-26,512010.SH,0.371,0.41180000000000005,-0.09512195121951217,-0.14318706697459582,-0.133177570093458,0.011783558737932576,561446387.75,261,-0.12195912129633481,6,True,True,False,True,True,False,False,False,True,False,True,confirmed_risk_off,False,True,False,True
2024-01-26,516160.SH,1.957,2.0622,-0.06942463147883982,-0.10516689529035195,-0.2883636363636364,0.018344912720227376,210488915.85,260,-0.12750933798040398,7,True,False,False,True,True,False,False,False,True,False,True,confirmed_risk_off,False,True,False,True
2024-01-26,512660.SH,0.839,0.9380833333333333,-0.1159114857744995,-0.11777076761303895,-0.21808014911463192,0.020794542450070976,299956736.95,261,-0.13708893117794177,8,True,False,False,True,True,False,False,False,True,False,True,confirmed_risk_off,False,True,False,True
2024-01-26,159915.SZ,1.637,1.8153833333333331,-0.10692853246044731,-0.1338624338624338,-0.2435304990757856,0.014737707574301852,2075575138.5097504,261,-0.1450224863443096,9,True,False,False,True,True,False,False,False,True,False,True,confirmed_risk_off,False,True,False,True
2024-01-26,588080.SH,0.75,0.8458666666666665,-0.09638554216867468,-0.15062287655719142,-0.23391215526046982,0.016464069332277294,559267099.0,176,-0.14558579854244041,10,True,False,False,True,True,False,False,False,True,False,True,confirmed_risk_off,False,True,False,True
2024-01-26,159995.SZ,0.8,0.9247666666666666,-0.14163090128755362,-0.180327868852459,-0.23591212989493782,0.016341703459795347,431609412.41920006,261,-0.1759659340349926,11,True,False,False,True,True,False,False,False,True,False,True,confirmed_risk_off,False,True,False,True
2024-01-26,159928.SZ,0.793,0.8482000000000001,-0.07251461988304087,-0.12375690607734802,-0.1924643584521385,0.011113245506202159,99013843.95495,261,-0.11700148207458325,,False,False,False,True,False,False,False,False,False,False,True,confirmed_risk_off,False,True,False,True
2024-01-26,515300.SH,1.052,1.0051833333333333,0.054108216432865675,0.02734375,-0.014981273408239737,0.010066152700476777,16029673.5,256,0.029584531891498327,,False,False,False,True,False,True,True,False,False,False,True,confirmed_risk_off,False,True,False,True
2024-02-02,510880.SH,2.627,2.5729333333333333,-0.0003805175038052999,0.02417153996101362,0.0038211692777989636,0.01362301081608007,487717764.45,266,0.010280642838443122,1,True,True,True,True,True,True,True,True,False,False,True,confirmed_risk_off,False,True,False,True
2024-02-02,510300.SH,2.977,3.1706833333333333,-0.04460847240051358,-0.12492651381540276,-0.20824468085106385,0.011919501751700581,6501684906.6,266,-0.10946293065657932,2,True,True,True,True,True,False,False,False,True,False,True,confirmed_risk_off,False,True,False,True
2024-02-02,512880.SH,0.833,0.9063833333333332,-0.05017103762827824,-0.14564102564102566,-0.20892687559354228,0.016747507099682625,1012624125.3,266,-0.12011020042643002,3,True,True,True,True,True,False,False,False,True,False,True,confirmed_risk_off,False,True,False,True
2024-02-02,510500.SH,4.397,5.1744,-0.14388629283489096,-0.19365486887951588,-0.25436662709852464,0.01841036932480758,1459800631.0,266,-0.18588979010546766,4,True,True,False,True,True,False,False,False,True,False,True,confirmed_risk_off,False,True,False,True
2024-02-02,512010.SH,0.334,0.40386666666666665,-0.15012722646310428,-0.24263038548752835,-0.2159624413145539,0.015331337504559108,586846170.35,266,-0.20029553304316383,5,True,True,False,True,True,False,False,False,True,False,True,confirmed_risk_off,False,True,False,True
2024-02-02,159915.SZ,1.508,1.7805333333333335,-0.12731481481481477,-0.23335027961362487,-0.30634774609015636,0.01664369862177913,2425116097.7530003,266,-0.20553558698940713,6,True,True,False,True,True,False,False,False,True,False,True,confirmed_risk_off,False,True,False,True
2024-02-02,516160.SH,1.727,2.0281000000000002,-0.13216080402010044,-0.22729306487695744,-0.3756326825741142,0.02174430954516638,213280042.4,265,-0.218908084073646,7,True,False,False,True,True,False,False,False,True,False,True,confirmed_risk_off,False,True,False,True
2024-02-02,512660.SH,0.747,0.9222666666666667,-0.18360655737704923,-0.23305954825462005,-0.2885714285714286,0.021785638561178607,287670035.0,266,-0.22438072796695346,8,True,False,False,True,True,False,False,False,True,False,True,confirmed_risk_off,False,True,False,True
2024-02-02,588080.SH,0.675,0.8302499999999999,-0.1697416974169741,-0.24832962138084624,-0.3098159509202454,0.019391105993566558,649713315.9,181,-0.22919171770317723,9,True,False,False,True,True,False,False,False,True,False,True,confirmed_risk_off,False,True,False,True
2024-02-02,512100.SH,1.771,2.2350166666666667,-0.20009033423667577,-0.2543157894736843,-0.29357798165137616,0.021770652052485965,718697433.15,266,-0.24047804581441928,10,True,False,False,True,True,False,False,False,True,False,True,confirmed_risk_off,False,True,False,True
2024-02-02,159995.SZ,0.71,0.9020666666666667,-0.1848450057405282,-0.29633300297324083,-0.30799220272904493,0.01987402911468151,433939219.76850003,266,-0.2540696440313166,11,True,False,False,True,True,False,False,False,True,False,True,confirmed_risk_off,False,True,False,True
2024-02-02,159928.SZ,0.774,0.8373666666666666,-0.0491400491400491,-0.14569536423841056,-0.20777891504605928,0.011653615531866215,97881380.07530001,266,-0.11948994836059573,,False,False,False,True,False,False,False,False,False,False,True,confirmed_risk_off,False,True,False,True
2024-02-02,515300.SH,1.045,1.0079833333333332,0.032608695652173836,0.02350636630754166,-0.029712163416898862,0.01128974692118473,17207163.1,261,0.016503592100506427,,False,False,False,True,False,True,True,False,False,False,True,confirmed_risk_off,False,True,False,True
2024-02-23,510880.SH,2.867,2.604716666666667,0.12167449139280118,0.11773879142300192,0.10015349194167311,0.014512686359197023,593837796.55,275,0.11579601151465588,1,True,True,True,True,True,True,True,True,False,False,True,mixed,True,False,False,True
2024-02-23,510300.SH,3.267,3.1411000000000002,0.06869479882237495,-0.019213449414590245,-0.07790008467400511,0.012786488046308548,6855322051.95,275,0.004212522828312859,2,True,True,True,True,True,True,True,True,False,False,True,mixed,True,False,False,True
2024-02-23,159928.SZ,0.849,0.8268333333333333,0.06792452830188678,-0.054565701559020074,-0.08216216216216221,0.01489060894855993,107018699.70805,275,-0.011088901735285761,3,True,True,True,True,True,True,False,False,True,False,True,mixed,True,False,False,True
2024-02-23,512880.SH,0.902,0.8914000000000001,0.054970760233918226,-0.06431535269709543,-0.10159362549800799,0.0212513945702894,1244040883.3,275,-0.02405656208487248,4,True,True,False,True,True,True,False,False,True,False,True,mixed,True,False,False,True
2024-02-23,510500.SH,5.041,5.084933333333334,0.02751732572360388,-0.07129697862932938,-0.09949982136477309,0.031046970891766692,3526043675.85,275,-0.03741182543524482,5,True,True,False,True,True,False,False,False,True,False,True,mixed,True,False,False,True
2024-02-23,159915.SZ,1.709,1.7396333333333334,0.015448603683897888,-0.10005265929436546,-0.16143277723258087,0.021419630743740956,3394909070.1118,275,-0.0661281776907032,6,True,True,False,True,True,False,False,False,True,False,True,mixed,True,False,False,True
2024-02-23,512010.SH,0.375,0.39355,-0.015748031496062964,-0.13394919168591224,-0.08536585365853655,0.02288692184209993,582560282.1,275,-0.07695206000449739,7,True,False,False,True,True,False,False,False,True,False,True,mixed,True,False,False,True
2024-02-23,512660.SH,0.851,0.8939666666666667,0.014302741358760418,-0.14300100704934549,-0.17618586640851885,0.029102575593984083,263185182.35,275,-0.0867164795579378,8,True,False,False,True,True,False,False,False,True,False,True,mixed,True,False,False,True
2024-02-23,588080.SH,0.768,0.8069833333333333,-0.005181347150259086,-0.14571746384872075,-0.16157205240174677,0.02505888748031565,998792589.15,190,-0.09267393487994129,9,True,False,False,True,True,False,False,False,True,False,True,mixed,True,False,False,True
2024-02-23,159995.SZ,0.82,0.8702666666666666,-0.014423076923076983,-0.15376676986584115,-0.13774973711882232,0.025776307530133675,450173714.72269994,275,-0.09482588613933171,10,True,False,False,True,True,False,False,False,True,False,True,mixed,True,False,False,True
2024-02-23,512100.SH,2.027,2.1590833333333332,-0.02735124760076768,-0.15259197324414708,-0.14580699536451747,0.034220141380396814,1929487572.3,275,-0.1011386874108694,11,True,False,False,True,True,False,False,False,True,False,True,mixed,True,False,False,True
2024-02-23,516160.SH,1.918,1.9713833333333333,-0.06210268948655262,-0.12539899680802558,-0.24279510461902887,0.02426726421503345,185138421.95,274,-0.12355969544163706,12,True,False,False,True,True,False,False,False,True,False,True,mixed,True,False,False,True
2024-02-23,515300.SH,1.127,1.01965,0.12362911266201415,0.10925196850393704,0.07846889952153124,0.011874753571238544,31909971.35,270,0.10884621237068673,,False,False,False,True,False,True,True,False,False,False,True,mixed,True,False,False,True
2024-03-01,510880.SH,2.822,2.62415,0.0758673274876096,0.10019493177387928,0.06853464596743652,0.011979583884250493,540378444.1,280,0.08413183289808286,1,True,True,True,True,True,True,True,True,False,False,True,mixed,True,False,False,True
2024-03-01,510300.SH,3.319,3.137666666666667,0.062419974391805244,0.01250762660158622,-0.07264599050013976,0.011993836988748162,5974838094.6,280,0.015441842297328635,2,True,True,True,True,True,True,True,True,False,False,True,mixed,True,False,False,True
2024-03-01,510500.SH,5.227,5.058833333333333,0.06110434429557454,-0.0348966026587888,-0.07223997160099394,0.029850036270077127,3688148807.6,280,-0.003964897665484491,3,True,True,True,True,True,True,False,False,True,False,True,mixed,True,False,False,True
2024-03-01,159995.SZ,0.899,0.8607999999999999,0.08969696969696983,-0.07605344295991778,-0.06839378238341964,0.03141780993560528,496045615.3216001,280,-0.00822134578186311,4,True,True,False,True,True,True,False,False,True,False,True,mixed,True,False,False,True
2024-03-01,588080.SH,0.821,0.7999666666666667,0.06485084306095978,-0.06278538812785395,-0.06492027334851946,0.027836265369707538,1069386779.3,195,-0.012157872696461557,5,True,True,False,True,True,True,False,False,True,False,True,mixed,True,False,False,True
2024-03-01,512880.SH,0.92,0.88775,0.03370786516853941,-0.017094017094017144,-0.0944881889763779,0.01826564081567602,1224095501.4,280,-0.012252098565466675,6,True,True,False,True,True,True,False,False,True,False,True,mixed,True,False,False,True
2024-03-01,159928.SZ,0.846,0.8225833333333333,0.0641509433962264,-0.04622322435174753,-0.10095642933049942,0.014463759757546973,103991081.35515001,280,-0.013020198248308336,7,True,False,False,True,True,True,False,False,True,False,True,mixed,True,False,False,True
2024-03-01,159915.SZ,1.775,1.7271833333333333,0.05970149253731338,-0.04927691483663632,-0.1412675374939527,0.022764694803191942,3386201848.6334505,280,-0.024083676418519717,8,True,False,False,True,True,True,False,False,True,False,True,mixed,True,False,False,True
2024-03-01,512660.SH,0.897,0.88435,0.057783018867924474,-0.08841463414634143,-0.12997090203685735,0.02856318304699195,246710605.25,280,-0.03824682651873826,9,True,False,False,True,True,True,False,False,True,False,True,mixed,True,False,False,True
2024-03-01,516160.SH,1.986,1.9564833333333334,-0.00501002004008011,-0.05112279025322508,-0.19235461569743806,0.02491832479679766,179777429.4,279,-0.060924047256809694,10,True,False,False,True,True,True,False,False,True,False,True,mixed,True,False,False,True
2024-03-01,512100.SH,2.097,2.131283333333333,0.013533107781537046,-0.12038590604026844,-0.11779554059739161,0.03440443962636168,2123330091.0,280,-0.06630022742297088,11,True,False,False,True,True,False,False,False,True,False,True,mixed,True,False,False,True
2024-03-01,512010.SH,0.378,0.38875,-0.010471204188481686,-0.12903225806451613,-0.10213776722090262,0.023123503453760217,567304055.0,280,-0.07622893834537965,12,True,False,False,True,True,False,False,False,True,False,True,mixed,True,False,False,True
2024-03-01,515300.SH,1.112,1.0274833333333333,0.07129094412331405,0.11088911088911102,0.06309751434034427,0.011149966166157618,34262182.4,275,0.08549152487303889,,False,False,False,True,False,True,True,False,False,False,True,mixed,True,False,False,True
2024-03-08,510880.SH,2.904,2.649433333333333,0.10882016036655195,0.13748531139835496,0.10502283105022814,0.010626452355979494,503404902.55,285,0.1195267549160084,1,True,True,True,True,True,True,True,True,False,False,True,mixed,True,False,False,True
2024-03-08,510300.SH,3.322,3.145516666666667,0.1047555703358829,0.04366949418787325,-0.08054248546913922,0.0105392153673387,5766153182.85,285,0.04326152871567461,2,True,True,True,True,True,True,True,True,False,False,True,mixed,True,False,False,True
2024-03-08,159995.SZ,0.889,0.8552666666666667,0.20297699594046015,-0.04817987152034264,-0.11011011011011007,0.02803864285931066,502969273.16555005,285,0.03989682774602499,3,True,True,True,True,True,True,True,True,False,False,True,mixed,True,False,False,True
2024-03-08,510500.SH,5.194,5.0428,0.14784530386740324,-0.02679407907063891,-0.08119582522554392,0.027966730057029876,4096842857.2,285,0.03218132487359695,4,True,True,False,True,True,True,True,True,False,False,True,mixed,True,False,False,True
2024-03-08,159915.SZ,1.756,1.7200666666666669,0.13436692506459935,-0.0425299890948746,-0.14632960622265434,0.01989302225816268,3418472000.21175,285,0.0074688531433590374,5,True,True,False,True,True,True,True,True,False,False,True,mixed,True,False,False,True
2024-03-08,588080.SH,0.807,0.7950333333333333,0.1561604584527223,-0.07134637514384345,-0.14603174603174596,0.023933825716627326,1184789836.25,200,0.004719284117202349,6,True,True,False,True,True,True,True,True,False,False,True,mixed,True,False,False,True
2024-03-08,516160.SH,1.993,1.9522333333333333,0.11403018446059265,-0.0015030060120240218,-0.2018422106527833,0.02200133605441921,171239537.0,284,0.0046424292488707955,7,True,False,False,True,True,True,True,True,False,False,True,mixed,True,False,False,True
2024-03-08,512660.SH,0.892,0.8775833333333334,0.15245478036175708,-0.07564766839378234,-0.13899613899613905,0.026337985836155972,241910474.25,285,0.002923616987962084,8,True,False,False,True,True,True,True,True,False,False,True,mixed,True,False,False,True
2024-03-08,159928.SZ,0.834,0.8200000000000001,0.07751937984496116,-0.03583815028901738,-0.12486883525708292,0.013838543474075869,106201496.80905,285,-0.008301275229039076,9,True,False,False,True,True,True,False,False,True,False,True,mixed,True,False,False,True
2024-03-08,512880.SH,0.892,0.8846,0.04694835680751175,-0.037756202804746564,-0.07755946225439503,0.01798396928757049,1211778782.7,285,-0.01183503084977293,10,True,False,False,True,True,True,False,False,True,False,True,mixed,True,False,False,True
2024-03-08,512100.SH,2.079,2.1075833333333334,0.13235294117647056,-0.11381074168797944,-0.1348314606741572,0.03156129911114908,2370226298.25,285,-0.019549412339434996,11,True,False,False,True,True,False,False,False,True,False,True,mixed,True,False,False,True
2024-03-08,512010.SH,0.37,0.38493333333333335,0.07558139534883734,-0.11270983213429253,-0.1148325358851674,0.02145806197800773,514204423.1,285,-0.03781788189121556,12,True,False,False,True,True,False,False,False,True,False,True,mixed,True,False,False,True
2024-03-08,515300.SH,1.139,1.0382166666666666,0.08891013384321211,0.15283400809716596,0.09099616858237547,0.010476721030182885,35955389.65,280,0.11489689049262633,,False,False,False,True,False,True,True,False,False,False,True,mixed,True,False,False,True
2024-03-15,510880.SH,2.786,2.6691000000000003,0.024264705882352855,0.08362504861921427,0.06579954093343532,0.012294685973256083,452387363.7,290,0.05631580998731392,1,True,True,True,True,True,True,True,True,False,False,True,mixed,True,False,False,True
2024-03-15,510300.SH,3.35,3.1598833333333336,0.06315455410980642,0.06180665610142633,-0.05686936936936937,0.008210535538091849,4430415612.8,290,0.03861061021061923,2,True,True,True,True,True,True,True,True,False,False,True,mixed,True,False,False,True
2024-03-15,159915.SZ,1.833,1.7197166666666668,0.09042236763831046,0.006037321624588365,-0.08258258258258255,0.01625414825762801,2419742590.77695,290,0.022067359188643026,3,True,True,True,True,True,True,True,True,False,False,True,mixed,True,False,False,True
2024-03-15,516160.SH,2.061,1.9574833333333332,0.09861407249466958,0.025883524141363967,-0.14267886855241263,0.018448414980888037,183993840.2,289,0.021263264943930896,4,True,True,False,True,True,True,True,True,False,False,True,mixed,True,False,False,True
2024-03-15,510500.SH,5.309,5.033733333333333,0.05989219405070867,-0.010806782187441688,-0.058019872249822524,0.013433362347209077,2733545304.4,290,0.008030190295342285,5,True,True,False,True,True,True,True,True,False,False,True,mixed,True,False,False,True
2024-03-15,159995.SZ,0.887,0.8512000000000001,0.12420785804816226,-0.061375661375661306,-0.09118852459016391,0.022653602282550093,489278240.81360006,290,0.006895173750967598,6,True,True,False,True,True,True,True,True,False,False,True,mixed,True,False,False,True
2024-03-15,512100.SH,2.16,2.0894999999999997,0.11397627643115005,-0.07967618236046015,-0.10336239103362377,0.018251477779995726,1512853020.6,290,-0.006952440578448793,7,True,False,False,True,True,True,False,False,True,False,True,mixed,True,False,False,True
2024-03-15,512880.SH,0.896,0.8820166666666667,0.017026106696935273,-0.031351351351351364,-0.07438016528925617,0.011268285390740271,1172339362.45,290,-0.02060613091961767,8,True,False,False,True,True,True,False,False,True,False,True,mixed,True,False,False,True
2024-03-15,512660.SH,0.901,0.8728833333333335,0.08293269230769229,-0.06438213914849422,-0.1402671755725191,0.016758166460691955,223924168.75,290,-0.0206332138508246,9,True,False,False,True,True,True,False,False,True,False,True,mixed,True,False,False,True
2024-03-15,588080.SH,0.814,0.7911666666666668,0.07671957671957674,-0.08022598870056508,-0.10451045104510459,0.017522876887552066,876267109.55,205,-0.022304655001416256,10,True,False,False,True,True,True,False,False,True,False,True,mixed,True,False,False,True
2024-03-15,512010.SH,0.384,0.38239999999999996,0.04347826086956519,-0.07021791767554475,-0.07021791767554475,0.014864536142518174,483114549.75,290,-0.024739446257500776,11,True,False,False,True,True,True,False,False,True,False,True,mixed,True,False,False,True
2024-03-15,159928.SZ,0.867,0.8209166666666666,0.050909090909091015,0.03956834532374098,-0.07961783439490444,0.012574889603047987,90536201.6306,290,0.02026740761415191,,False,False,False,True,False,True,True,False,False,False,True,mixed,True,False,False,True
2024-03-15,515300.SH,1.111,1.0478333333333334,0.04123711340206193,0.1143430290872618,0.06724303554274735,0.011226558474628645,51231473.4,285,0.07568066410427897,,False,False,False,True,False,True,True,False,False,False,True,mixed,True,False,False,True
2024-03-22,510880.SH,2.783,2.686916666666667,-0.029298918730380263,0.09180070615927804,0.033803863298662584,0.009182288028700792,377988898.45,295,0.031761487631291635,1,True,True,True,True,True,True,True,True,False,False,True,mixed,True,False,False,True
2024-03-22,510300.SH,3.328,3.1797,0.018671564126109486,0.07737131757850424,-0.053200568990042774,0.008248978666342433,4105282762.5,295,0.027777038883836938,2,True,True,True,True,True,True,True,True,False,False,True,mixed,True,False,False,True
2024-03-22,159915.SZ,1.817,1.7251166666666669,0.06319485078993559,0.035327635327635276,-0.06915983606557374,0.017735906541890025,2281389507.5308,295,0.0255770272339136,3,True,True,True,True,True,True,True,True,False,False,True,mixed,True,False,False,True
2024-03-22,510500.SH,5.225,5.0382,0.03650069430668501,0.010247486465583933,-0.06025179856115104,0.014391530213935423,2240597560.35,295,0.006648912596677371,4,True,True,False,True,True,True,True,True,False,False,True,mixed,True,False,False,True
2024-03-22,512660.SH,0.907,0.87135,0.06580493537015286,-0.0011013215859030367,-0.10019841269841268,0.017702881620683737,217906332.55,295,0.005841762974017391,5,True,True,False,True,True,True,True,True,False,False,True,mixed,True,False,False,True
2024-03-22,159995.SZ,0.888,0.8483333333333333,0.08292682926829276,-0.04103671706263501,-0.06230200633579719,0.023342965183808326,485680544.46750003,295,0.004295643615103659,6,True,True,False,True,True,True,True,True,False,False,True,mixed,True,False,False,True
2024-03-22,516160.SH,1.999,1.9681666666666666,0.04223149113660063,0.04223149113660063,-0.1511677282377919,0.020422239250664068,192425278.1,294,0.003551647261722121,7,True,False,False,True,True,True,True,True,False,False,True,mixed,True,False,False,True
2024-03-22,512100.SH,2.168,2.0804,0.06956092747903297,-0.033868092691622165,-0.07862303442413943,0.018693061415572747,1296143681.85,295,-0.001447472969863561,8,True,False,False,True,True,True,False,False,True,False,True,mixed,True,False,False,True
2024-03-22,512880.SH,0.89,0.88105,-0.013303769401330379,-0.0033594624860022737,-0.06903765690376562,0.012764958395599343,1168062742.1,295,-0.020472824135686185,9,True,False,False,True,True,True,False,False,True,False,True,mixed,True,False,False,True
2024-03-22,588080.SH,0.798,0.7872,0.0390625,-0.0589622641509433,-0.10638297872340419,0.018838417489709713,823720401.75,210,-0.029236501405058162,10,True,False,False,True,True,True,False,False,True,False,True,mixed,True,False,False,True
2024-03-22,512010.SH,0.371,0.3801166666666667,-0.010666666666666713,-0.0748129675810475,-0.11876484560570066,0.01550945534348412,487507322.55,295,-0.057944822820225825,11,True,False,False,True,True,False,False,False,True,False,True,mixed,True,False,False,True
2024-03-22,159928.SZ,0.866,0.8255,0.020023557126030544,0.06781750924784213,-0.07181136120042875,0.01214980588994776,91643415.1179,295,0.02077415430946332,,False,False,False,True,False,True,True,False,False,False,True,mixed,True,False,False,True
2024-03-22,515300.SH,1.108,1.05845,-0.01685891748003543,0.13524590163934436,0.05523809523809531,0.009299260960995263,40691343.7,290,0.05840241271134264,,False,False,False,True,False,True,True,False,False,False,True,mixed,True,False,False,True
2024-03-29,510880.SH,2.787,2.7085333333333335,-0.012402551381998639,0.10683081810961093,0.041479820627802644,0.007637579201905709,370206886.55,300,0.04606727081660545,1,True,True,True,True,True,True,True,True,False,False,True,mixed,True,False,False,True
2024-03-29,510300.SH,3.315,3.1947666666666663,-0.001205182283820383,0.060799999999999965,-0.04959862385321101,0.006525528056576847,3476797500.75,300,0.013918202315829633,2,True,True,True,True,True,True,True,True,False,False,True,mixed,True,False,False,True
2024-03-29,159915.SZ,1.768,1.7245666666666668,-0.003943661971830936,0.0028360748723768037,-0.08771929824561397,0.01618211965990952,2051905601.7792003,300,-0.017986894488904448,3,True,True,True,True,True,True,False,False,True,False,True,mixed,True,False,False,True
2024-03-29,510500.SH,5.131,5.032983333333333,-0.018366175626554404,-0.00019485580670297598,-0.07030259104910308,0.011871456734696577,2136996240.1,300,-0.02148493078312357,4,True,True,False,True,True,True,False,False,True,False,True,mixed,True,False,False,True
2024-03-29,516160.SH,1.983,1.9692166666666668,-0.0015105740181268201,0.0,-0.13894919669995653,0.020500873435297065,175173230.25,299,-0.028394068947242036,5,True,True,False,True,True,True,False,False,True,False,True,mixed,True,False,False,True
2024-03-29,512660.SH,0.9,0.86705,0.0033444816053511683,-0.03743315508021394,-0.0899898887765419,0.01718927680652606,211408967.95,300,-0.03163344714525349,6,True,True,False,True,True,True,False,False,True,False,True,mixed,True,False,False,True
2024-03-29,512100.SH,2.109,2.0690166666666667,0.005722460658083017,-0.047855530474040564,-0.09794696321642438,0.0145654493034851,1202264949.05,300,-0.0364426205696679,7,True,False,False,True,True,True,False,False,True,False,True,mixed,True,False,False,True
2024-03-29,159995.SZ,0.845,0.8427666666666667,-0.0600667408231369,-0.07346491228070184,-0.09431939978563786,0.014854235338592894,419870391.93525004,300,-0.07227654119866307,8,True,False,False,True,True,True,False,False,True,False,True,mixed,True,False,False,True
2024-03-29,512880.SH,0.856,0.8788166666666667,-0.06956521739130439,-0.02947845804988669,-0.10084033613445376,0.012628326066608067,1074699442.6,300,-0.05978553740336719,9,True,False,False,True,True,False,False,False,True,False,True,mixed,True,False,False,True
2024-03-29,512010.SH,0.363,0.3769666666666666,-0.039682539682539764,-0.09925558312655092,-0.14184397163120566,0.014567068218728826,447534703.25,300,-0.08394404344987741,10,True,False,False,True,True,False,False,False,True,False,True,mixed,True,False,False,True
2024-03-29,588080.SH,0.767,0.7806833333333334,-0.06577344701583432,-0.09123222748815163,-0.13820224719101126,0.012775777562196661,744406633.65,215,-0.09044271923979663,11,True,False,False,True,True,False,False,False,True,False,True,mixed,True,False,False,True
2024-03-29,159928.SZ,0.865,0.8286166666666667,0.022458628841607542,0.04216867469879526,-0.06080347448425627,0.011779574479279539,86947125.71079999,300,0.013690226519309864,,False,False,False,True,False,True,True,False,False,False,True,mixed,True,False,False,True
2024-03-29,515300.SH,1.117,1.069,0.004496402877697703,0.12261306532663308,0.059772296015180304,0.008090618753572828,36812091.75,295,0.06279824648476838,,False,False,False,True,False,True,True,False,False,False,True,mixed,True,False,False,True
2024-04-12,510880.SH,2.879,2.7433833333333335,0.03449514911965501,0.09801678108314271,0.08273787138021826,0.0055195378751370806,338578100.0,308,0.06955234635716274,1,True,True,True,True,True,True,True,True,False,False,True,mixed,True,False,False,True
2024-04-12,510300.SH,3.255,3.2177000000000002,-0.02951699463327373,0.05784855378615528,-0.0462935833577498,0.006970680702924468,2680825224.8,308,0.002073906989602659,2,True,True,True,True,True,True,True,True,False,False,True,mixed,True,False,False,True
2024-04-12,510500.SH,5.117,5.032933333333333,-0.026631158455392767,0.018916766228594062,-0.05989344111703099,0.012237080832229214,1736505612.25,308,-0.01506444511412568,3,True,True,True,True,True,True,False,False,True,False,True,mixed,True,False,False,True
2024-04-12,512100.SH,2.066,2.0523,-0.03412809724170174,-0.04129930394431558,-0.1186006825938567,0.01553778423693547,959270143.1,308,-0.05389109699317827,4,True,True,False,True,True,True,False,False,True,False,True,mixed,True,False,False,True
2024-04-12,159915.SZ,1.713,1.7242833333333334,-0.06952743074416068,0.004103165298944944,-0.10125918153200408,0.014424417016045108,1453430516.54445,308,-0.04642154248448711,5,True,True,False,True,True,False,False,False,True,False,True,mixed,True,False,False,True
2024-04-12,516160.SH,1.954,1.9686166666666665,-0.06507177033492817,-0.02104208416833664,-0.1493252067914672,0.018282158610382997,152850332.25,307,-0.06431058315959937,6,True,True,False,True,True,False,False,False,True,False,True,mixed,True,False,False,True
2024-04-12,512660.SH,0.847,0.8590833333333333,-0.06820682068206829,-0.040770101925254876,-0.1294964028776978,0.017178290664096398,191019371.25,308,-0.06949004961846883,7,True,False,False,True,True,False,False,False,True,False,True,mixed,True,False,False,True
2024-04-12,512880.SH,0.811,0.8734000000000001,-0.09688195991091308,-0.054778554778554644,-0.12701829924650165,0.012892594194623472,927327042.4,308,-0.08606786572508743,8,True,False,False,True,True,False,False,False,True,False,True,mixed,True,False,False,True
2024-04-12,159995.SZ,0.808,0.8337,-0.10222222222222221,-0.04378698224852062,-0.1485774499473128,0.015045121669467452,348908133.18334997,308,-0.08811917177775971,9,True,False,False,True,True,False,False,False,True,False,True,mixed,True,False,False,True
2024-04-12,588080.SH,0.742,0.7717500000000002,-0.09401709401709402,-0.058375634517766506,-0.18191841234840134,0.013169883477783783,499965330.35,223,-0.09734077388362448,10,True,False,False,True,True,False,False,False,True,False,True,mixed,True,False,False,True
2024-04-12,512010.SH,0.348,0.3712666666666667,-0.09610389610389614,-0.10769230769230775,-0.1869158878504673,0.010327165997746756,395814589.5,308,-0.11890165908857503,11,True,False,False,True,True,False,False,False,True,False,True,mixed,True,False,False,True
2024-04-12,159928.SZ,0.825,0.8325999999999999,-0.04844290657439454,0.02867830423940143,-0.05714285714285716,0.011539866945190753,85694366.97415,308,-0.01933441236256868,,False,False,False,True,False,False,False,False,False,False,True,mixed,True,False,False,True
2024-04-12,515300.SH,1.13,1.0865333333333331,0.02262443438914019,0.12214498510427019,0.0792741165234001,0.006109559618047812,14661679.75,303,0.07376259110204417,,False,False,False,True,False,True,True,False,False,False,True,mixed,True,False,False,True
2024-04-19,510880.SH,3.023,2.7752833333333333,0.09015506671474927,0.15469824293353707,0.19297553275453838,0.006954793464366222,399370274.25,313,0.1365364304102222,1,True,True,True,True,True,True,True,True,False,False,True,mixed,True,False,False,True
2024-04-19,510300.SH,3.32,3.2389,-0.012198750371913203,0.07547781017168753,0.017156862745097978,0.00926567583875009,2861018283.4,313,0.028742996468929326,2,True,True,True,True,True,True,True,True,False,False,True,mixed,True,False,False,True
2024-04-19,510500.SH,5.154,5.042066666666667,-0.0339268978444236,0.023837902264600697,0.003504672897196137,0.014642567554497745,1770869637.2,313,-0.003334663652489934,3,True,True,True,True,True,True,False,False,True,False,True,mixed,True,False,False,True
2024-04-19,512660.SH,0.877,0.8578666666666667,-0.046739130434782616,0.019767441860465196,-0.05393743257820938,0.02087392471958911,209406055.7,313,-0.021576161945368842,4,True,True,False,True,True,True,False,False,True,False,True,mixed,True,False,False,True
2024-04-19,159915.SZ,1.705,1.7259333333333335,-0.08135775862068961,-0.0017564402810303914,-0.06060606060606055,0.015631625492448464,1370521205.77525,313,-0.04536689168190011,5,True,True,False,True,True,False,False,False,True,False,True,mixed,True,False,False,True
2024-04-19,512100.SH,2.035,2.041166666666667,-0.07289293849658296,-0.054368029739776946,-0.07077625570776247,0.020190785001716356,997282792.95,313,-0.06505963843609647,6,True,True,False,True,True,False,False,False,True,False,True,mixed,True,False,False,True
2024-04-19,512880.SH,0.827,0.8706166666666666,-0.08314855875831495,-0.04171494785631524,-0.0951859956236325,0.01334481559180369,895950820.7,313,-0.06898260177057858,7,True,False,False,True,True,False,False,False,True,False,True,mixed,True,False,False,True
2024-04-19,159995.SZ,0.795,0.83185,-0.1146993318485523,-0.046762589928057485,-0.1311475409836066,0.01767621710336983,338748621.59115,313,-0.09081427690736524,8,True,False,False,True,True,False,False,False,True,False,True,mixed,True,False,False,True
2024-04-19,516160.SH,1.905,1.9607500000000002,-0.08413461538461542,-0.07389402041808457,-0.14150518251464617,0.020412841329390422,136504029.25,312,-0.09151249082400922,9,True,False,False,True,True,False,False,False,True,False,True,mixed,True,False,False,True
2024-04-19,588080.SH,0.734,0.76855,-0.10378510378510375,-0.06138107416879801,-0.16400911161731213,0.01484163025003768,483802854.6,228,-0.09886829350502313,10,True,False,False,True,True,False,False,False,True,False,True,mixed,True,False,False,True
2024-04-19,512010.SH,0.347,0.36828333333333335,-0.08443271767810034,-0.09870129870129873,-0.15158924205378976,0.011629191563772411,381243575.15,313,-0.10357145496251759,11,True,False,False,True,True,False,False,False,True,False,True,mixed,True,False,False,True
2024-04-19,159928.SZ,0.842,0.8358833333333333,-0.04100227790432809,0.045962732919254456,0.0,0.013325874925605207,90030017.34494999,313,0.001984182005970548,,False,False,False,True,False,True,True,False,False,False,True,mixed,True,False,False,True
2024-04-19,515300.SH,1.181,1.0998833333333333,0.06492335437330943,0.15670910871694432,0.17746759720837502,0.007687175770530913,28506720.5,308,0.1241465046777765,,False,False,False,True,False,True,True,False,False,False,True,mixed,True,False,False,True
2024-04-26,510880.SH,2.879,2.806633333333333,0.03747747747747754,0.1594844945630285,0.12548866301798278,0.011078828336594862,443348747.5,318,0.10388252141979898,1,True,True,True,True,True,True,True,True,False,False,True,risk_on_setup,True,False,True,False
2024-04-26,510500.SH,5.221,5.068333333333333,0.04503602882305846,0.10896346644010202,-0.03314814814814815,0.014222446321312789,1762107555.3,318,0.054970168475634566,2,True,True,True,True,True,True,True,True,False,False,True,risk_on_setup,True,False,True,False
2024-04-26,510300.SH,3.362,3.2627666666666664,0.02437538086532598,0.11435200530328138,-0.0029655990510082386,0.009351000017755573,2832345311.7,318,0.0548978346572413,3,True,True,True,True,True,True,True,True,False,False,True,risk_on_setup,True,False,True,False
2024-04-26,512660.SH,0.892,0.8636999999999999,0.04694835680751175,0.11639549436795993,-0.08418891170431209,0.019735444228376055,229421480.25,318,0.04849975812932626,4,True,True,False,True,True,True,True,True,False,False,True,risk_on_setup,True,False,True,False
2024-04-26,159915.SZ,1.774,1.7316666666666665,0.018369690011481143,0.08038976857490865,-0.07892004153686394,0.015707273023145698,1218649309.123,318,0.02371977512718313,5,True,True,False,True,True,True,True,True,False,False,True,risk_on_setup,True,False,True,False
2024-04-26,512100.SH,2.099,2.0431833333333334,0.030436917034855293,0.0676500508647,-0.10145547945205469,0.019244008313040732,977164233.9,318,0.018943691269411183,6,True,True,False,True,True,True,True,True,False,False,True,risk_on_setup,True,False,True,False
2024-04-26,512880.SH,0.878,0.8700833333333333,0.031727379553466495,0.03905325443786989,-0.06892895015906675,0.01759262992352621,889920060.0,318,0.014526463564721204,7,True,False,False,True,True,True,True,True,False,False,True,risk_on_setup,True,False,True,False
2024-04-26,588080.SH,0.757,0.7669166666666667,0.0,0.005312084993359889,-0.11565420560747663,0.01528997473924795,398403813.25,233,-0.02100600712415137,8,True,False,False,True,True,False,False,False,True,False,True,risk_on_setup,True,False,True,False
2024-04-26,159995.SZ,0.826,0.8306166666666667,-0.037296037296037365,0.023543990086740907,-0.13417190775681342,0.019426717727536607,319094262.21215,317,-0.03233520043508127,9,True,False,False,True,True,False,False,False,True,False,True,risk_on_setup,True,False,True,False
2024-04-26,516160.SH,1.896,1.9508166666666666,-0.026194144838212696,-0.04097116843702586,-0.14324446452779038,0.018114678597764364,126378239.05,317,-0.05551501821565351,10,True,False,False,True,True,False,False,False,True,False,True,risk_on_setup,True,False,True,False
2024-04-26,512010.SH,0.359,0.36621666666666663,-0.011019283746556474,-0.04266666666666674,-0.18036529680365299,0.01299107019275364,393394332.65,318,-0.057547439526019886,11,True,False,False,True,True,False,False,False,True,False,True,risk_on_setup,True,False,True,False
2024-04-26,159928.SZ,0.873,0.8424166666666666,0.015116279069767424,0.12210796915167088,-0.031076581576026663,0.0131621080834727,94176535.66685,318,0.04867438297337,,False,False,False,True,False,True,True,False,False,False,True,risk_on_setup,True,False,True,False
2024-04-26,515300.SH,1.161,1.1131666666666666,0.045004500450045004,0.1703629032258065,0.1449704142011834,0.008998372607680848,33028949.8,313,0.11514104431057727,,False,False,False,True,False,True,True,False,False,False,True,risk_on_setup,True,False,True,False
2024-05-10,510880.SH,2.927,2.8358833333333333,0.032451499118165916,0.11760213822069487,0.15236220472440953,0.011064450355700821,462725826.7,325,0.09049389588042622,1,True,True,True,True,True,True,True,True,False,True,False,confirmed_risk_on,True,False,True,False
2024-05-10,510500.SH,5.383,5.141099999999999,0.03838734567901225,0.18961325966850828,-0.015004574565416262,0.014440473762264145,1897845406.75,325,0.08819932722592497,2,True,True,True,True,True,True,True,True,False,True,False,confirmed_risk_on,True,False,True,False
2024-05-10,510300.SH,3.447,3.3047999999999997,0.04076086956521752,0.1463252411040905,0.014121800529567574,0.009534501564277873,3091794292.45,325,0.07765880437363672,3,True,True,True,True,True,True,True,True,False,True,False,confirmed_risk_on,True,False,True,False
2024-05-10,159915.SZ,1.84,1.7601,0.03545301069217799,0.18863049095607232,-0.06646372399797063,0.016940325906122152,1323612709.55125,325,0.07634065585970601,4,True,True,False,True,True,True,True,True,False,True,False,confirmed_risk_on,True,False,True,False
2024-05-10,512100.SH,2.162,2.06665,0.020774315391879128,0.1775599128540304,-0.09577582601422008,0.019236861806163137,1087738693.55,325,0.060178526095519796,5,True,True,False,True,True,True,True,True,False,True,False,confirmed_risk_on,True,False,True,False
2024-05-10,516160.SH,1.99,1.9621666666666668,-0.031158714703018453,0.11235326998323081,-0.1072229699416779,0.02075564545683986,127954789.8,324,0.01103322812374936,6,True,True,False,True,True,True,True,True,False,True,False,confirmed_risk_on,True,False,True,False
2024-05-10,512010.SH,0.371,0.36749999999999994,0.027700831024930705,0.0784883720930234,-0.16629213483146066,0.013295373615975856,419379696.0,325,0.009217254280889514,7,True,False,False,True,True,True,True,True,False,True,False,confirmed_risk_on,True,False,True,False
2024-05-10,512880.SH,0.876,0.8702500000000001,0.03668639053254452,0.028169014084507005,-0.10520939734422874,0.01790189383876529,1071350885.65,325,0.004900282377974862,8,True,False,False,True,True,True,True,True,False,True,False,confirmed_risk_on,True,False,True,False
2024-05-10,588080.SH,0.771,0.7726,0.025265957446808596,0.1045845272206305,-0.14046822742474918,0.016429854942682943,430093322.1,240,0.023846548382025802,9,True,False,False,True,True,False,True,False,True,True,False,confirmed_risk_on,True,False,True,False
2024-05-10,159928.SZ,0.9,0.8551833333333333,0.05263157894736836,0.16279069767441867,-0.0066225165562914245,0.011264276010533857,92988556.67555,325,0.08484440733745653,,False,False,False,True,False,True,True,False,False,True,False,confirmed_risk_on,True,False,True,False
2024-05-10,515300.SH,1.18,1.1200166666666667,0.043324491600353676,0.1216730038022813,0.15234375,0.008791144246369427,34283385.95,316,0.096467748161054,,False,False,False,True,False,True,True,False,False,True,False,confirmed_risk_on,True,False,True,False
2024-05-17,512660.SH,0.918,0.8761333333333333,0.053960964408725554,0.18604651162790709,-0.060388945752302914,0.019327608972386653,264343068.2,325,0.08392520126419248,1,True,True,True,True,True,True,True,True,False,True,False,confirmed_risk_on,True,False,True,False
2024-05-17,159928.SZ,0.903,0.8626666666666666,0.07500000000000018,0.09454545454545471,0.002219755826859071,0.00852235445387848,112330541.4741,330,0.06826213298355377,2,True,True,True,True,True,True,True,True,False,True,False,confirmed_risk_on,True,False,True,False
2024-05-17,512100.SH,2.162,2.095066666666667,0.10531697341513291,0.11500773594636393,-0.10624224886316669,0.015679067702447022,1102215855.6,330,0.0668814339719654,3,True,True,True,True,True,True,True,True,False,True,False,confirmed_risk_on,True,False,True,False
2024-05-17,510300.SH,3.465,3.3352833333333334,0.05127427184466016,0.09965090447476999,0.020618556701030855,0.007935305000818293,3154490476.2,330,0.06449378186797823,4,True,True,False,True,True,True,True,True,False,True,False,confirmed_risk_on,True,False,True,False
2024-05-17,510880.SH,2.945,2.8569,-0.004731328151402536,0.08272058823529393,0.14994142912924646,0.009526750168546433,440384095.55,330,0.06118398985940586,5,True,True,False,True,True,True,True,True,False,True,False,confirmed_risk_on,True,False,True,False
2024-05-17,159915.SZ,1.824,1.7776500000000002,0.06479859894921192,0.08506841165972645,-0.07080998471726951,0.015313597483993349,1233864489.4077,330,0.045784807300121445,6,True,True,False,True,True,True,True,True,False,True,False,confirmed_risk_on,True,False,True,False
2024-05-17,510500.SH,5.351,5.195533333333333,0.06170634920634921,0.06827710121780783,-0.0314932126696833,0.012664344287608173,1938349682.1,330,0.04569473763572616,7,True,False,False,True,True,True,True,True,False,True,False,confirmed_risk_on,True,False,True,False
2024-05-17,512010.SH,0.369,0.3688,0.06034482758620685,0.0027173913043478937,-0.16136363636363638,0.012389852754729501,433350061.5,330,-0.0070478397165053795,8,True,False,False,True,True,True,False,False,True,True,False,confirmed_risk_on,True,False,True,False
2024-05-17,512880.SH,0.871,0.87165,0.07663782447465994,-0.011350737797956922,-0.11483739837398377,0.017187924109770488,1117311999.7,330,0.003147354995884453,9,True,False,False,True,True,False,True,False,True,True,False,confirmed_risk_on,True,False,True,False
2024-05-17,516160.SH,1.944,1.9757166666666666,0.01144640998959412,0.03624733475479758,-0.12786002691790044,0.0182361872133864,124786670.1,329,-0.006494507485823409,10,True,False,False,True,True,False,False,False,True,True,False,confirmed_risk_on,True,False,True,False
2024-05-17,588080.SH,0.758,0.7760666666666667,0.029891304347826164,0.002645502645502562,-0.16057585825027687,0.01529035500576921,421251186.85,245,-0.019100448852723884,11,True,False,False,True,True,False,False,False,True,True,False,confirmed_risk_on,True,False,True,False
2024-05-17,159995.SZ,0.828,0.8320833333333334,-0.03383897316219375,0.03499999999999992,-0.15163934426229508,0.020665744106130705,311567088.11600006,321,-0.029863458117336553,12,True,False,False,True,True,False,False,False,True,True,False,confirmed_risk_on,True,False,True,False
2024-05-17,515300.SH,1.187,1.1308833333333332,0.04673721340388015,0.13588516746411505,0.1625857002938298,0.008796519050863457,34345104.25,321,0.10556609240596404,,False,False,False,True,False,True,True,False,False,True,False,confirmed_risk_on,True,False,True,False
2024-05-24,510880.SH,2.953,2.8684333333333334,0.022506925207756323,0.029996512033484413,0.15126705653021433,0.006746725515129529,379945525.45,335,0.05125478620253916,1,True,True,True,True,True,True,True,True,False,True,False,mixed,True,False,False,True
2024-05-24,510300.SH,3.391,3.3534333333333333,0.0313260340632604,0.0379553106825834,0.018012608826178278,0.008024889774560916,3073734852.15,335,0.031315059663573175,2,True,True,True,True,True,True,True,True,False,True,False,mixed,True,False,False,True
2024-05-24,159928.SZ,0.883,0.8678333333333333,0.020809248554913395,0.04004711425206131,-0.016703786191536785,0.008641307071264922,100546345.55469999,335,0.021001787884482526,3,True,True,True,True,True,True,True,True,False,True,False,mixed,True,False,False,True
2024-05-24,159915.SZ,1.781,1.7870666666666668,0.0445747800586509,0.042129900526623576,-0.062137967351237555,0.015359009852158184,1265516255.7312,335,0.022254278763862278,4,True,True,False,True,True,False,True,False,True,True,False,mixed,True,False,False,True
2024-05-24,512660.SH,0.883,0.8854500000000001,0.017281105990783363,0.09147095179233622,-0.12833168805528128,0.01897388011844772,278862790.55,329,0.017834485502191577,5,True,True,False,True,True,False,True,False,True,True,False,mixed,True,False,False,True
2024-05-24,510500.SH,5.178,5.219783333333333,0.025956013473350525,0.027177147391390433,-0.04605747973470897,0.011806347705364666,1994449016.9,335,0.012041768398954588,6,True,True,False,True,True,False,True,False,True,True,False,mixed,True,False,False,True
2024-05-24,159995.SZ,0.795,0.8385499999999999,-0.003759398496240629,0.11971830985915499,-0.21209117938553013,0.019836612872068882,315963586.43075,326,0.003965328668059723,7,True,False,False,True,True,False,True,False,True,True,False,mixed,True,False,False,True
2024-05-24,512100.SH,2.076,2.1080666666666668,0.029251363411006537,0.024173655648741965,-0.13210702341137115,0.013941729633380702,1084914199.65,335,-0.005051397058374832,8,True,False,False,True,True,False,False,False,True,True,False,mixed,True,False,False,True
2024-05-24,516160.SH,1.938,1.98165,0.03304904051172719,0.010427528675703845,-0.11627906976744196,0.01962675974902064,136522150.85,334,-0.005865186278515976,9,True,False,False,True,True,False,False,False,True,True,False,mixed,True,False,False,True
2024-05-24,512880.SH,0.84,0.8691666666666666,0.01571946795646917,-0.06873614190687372,-0.12863070539419086,0.01779374747932049,1130286302.65,335,-0.046932810659,10,True,False,False,True,True,False,False,False,True,True,False,mixed,True,False,False,True
2024-05-24,512010.SH,0.355,0.3679,0.0056657223796034994,-0.053333333333333344,-0.18013856812933027,0.012295710334532629,422819872.4,335,-0.055094758007358,11,True,False,False,True,True,False,False,False,True,True,False,mixed,True,False,False,True
2024-05-24,588080.SH,0.731,0.77485,0.0,-0.04817708333333337,-0.18687430478309242,0.014890419415490882,414832191.45,250,-0.05664569428995183,12,True,False,False,True,True,False,False,False,True,True,False,mixed,True,False,False,True
2024-05-24,515300.SH,1.182,1.1403166666666666,0.009393680614858901,0.07945205479452055,0.15996074582924447,0.006803025967867325,34683507.45,326,0.06753044332960068,,False,False,False,True,False,True,True,False,False,True,False,mixed,True,False,False,True
2024-05-31,510880.SH,2.988,2.8836500000000003,0.045486354093771775,0.05882352941176472,0.16491228070175445,0.006994065196920852,358176650.45,340,0.0747064095425655,1,True,True,True,True,True,True,True,True,False,True,False,mixed,True,False,False,True
2024-05-31,512660.SH,0.905,0.8902333333333333,0.016853932584269593,0.07354685646500592,-0.10039761431411531,0.014947944680528586,270611445.45,334,0.01608079275688714,2,True,True,True,True,True,True,True,True,False,True,False,mixed,True,False,False,True
2024-05-31,510300.SH,3.371,3.363783333333333,-0.00472394449365221,0.015667369689665644,0.02837095790115929,0.007237498060198444,2782268384.8,340,0.010051561658637232,3,True,True,True,True,True,True,True,True,False,True,False,mixed,True,False,False,True
2024-05-31,510500.SH,5.182,5.22555,-0.020230667422953208,-0.008609144824947346,-0.043205317577547975,0.009555247260126506,1787258856.1,340,-0.02017698841466982,4,True,True,False,True,True,False,False,False,True,True,False,mixed,True,False,False,True
2024-05-31,159915.SZ,1.772,1.7903166666666666,-0.024229074889867808,-0.0016901408450703537,-0.05088377075522221,0.010985209977465897,1139005179.03715,340,-0.02054444044501971,5,True,True,False,True,True,False,False,False,True,True,False,mixed,True,False,False,True
2024-05-31,159995.SZ,0.826,0.8432833333333333,-0.0024154589371980784,0.023543990086740907,-0.16984924623115583,0.01876139728491565,357764286.57815,331,-0.02551843678641403,6,True,True,False,True,True,False,False,False,True,True,False,mixed,True,False,False,True
2024-05-31,516160.SH,1.935,1.9819,-0.004629629629629539,-0.025679758308157052,-0.0754897276636407,0.016333846161957516,128540782.0,339,-0.02722170070784278,7,True,False,False,True,True,False,False,False,True,True,False,mixed,True,False,False,True
2024-05-31,512100.SH,2.08,2.1100666666666665,-0.023015500234851993,-0.008106819265617515,-0.12751677852348986,0.011449511664286106,893611177.1,340,-0.037952283504885775,8,True,False,False,True,True,False,False,False,True,True,False,mixed,True,False,False,True
2024-05-31,512880.SH,0.839,0.8637666666666667,-0.03894616265750295,-0.08804347826086967,-0.10363247863247871,0.010422351090955967,936283308.3,340,-0.07152235209384479,9,True,False,False,True,True,False,False,False,True,True,False,mixed,True,False,False,True
2024-05-31,588080.SH,0.747,0.7702833333333333,-0.032383419689119175,-0.09013398294762476,-0.14726027397260277,0.01126770853080691,391500322.6,255,-0.07845901584921813,10,True,False,False,True,True,False,False,False,True,True,False,mixed,True,False,False,True
2024-05-31,512010.SH,0.352,0.3660833333333333,-0.0434782608695653,-0.06878306878306883,-0.1889400921658987,0.009218048739472504,372023658.4,340,-0.08269255029423339,11,True,False,False,True,True,False,False,False,True,True,False,mixed,True,False,False,True
2024-05-31,159928.SZ,0.866,0.8705333333333333,-0.015909090909090873,0.023640661938534313,-0.02367531003382184,0.008933445898539985,89753266.2897,340,-0.0016424335949869924,,False,False,False,True,False,False,False,False,False,True,False,mixed,True,False,False,True
2024-05-31,515300.SH,1.189,1.1470166666666666,0.02765773552290418,0.07894736842105265,0.1691248770894791,0.006383260644874658,40898607.6,331,0.07646701699547856,,False,False,False,True,False,True,True,False,False,True,False,mixed,True,False,False,True
2024-06-07,510880.SH,2.976,2.890416666666667,0.01674069012640933,0.024793388429751984,0.16568742655699187,0.008129676807742634,339631053.9,345,0.0497511167338629,1,True,True,True,True,True,True,True,True,False,False,True,confirmed_risk_off,False,True,False,True
2024-06-07,512660.SH,0.902,0.8936833333333334,0.0033370411568409697,0.021517553793884536,-0.0879676440849343,0.014240782686828766,285620530.85,339,-0.007651690836696657,2,True,True,True,True,True,True,False,False,True,False,True,confirmed_risk_off,False,True,False,True
2024-06-07,510300.SH,3.365,3.3686499999999997,-0.02378880185668697,0.01294400963275133,0.057178762174049824,0.006095599270170831,2749799246.35,345,0.007097835545235709,3,True,True,True,True,True,False,True,False,True,False,True,confirmed_risk_off,False,True,False,True
2024-06-07,159995.SZ,0.842,0.8457000000000001,0.04987531172069826,0.02184466019417486,-0.13817809621289667,0.017136385277646618,411011358.64055,336,0.0010523695233699108,4,True,True,False,True,True,False,True,False,True,False,True,confirmed_risk_off,False,True,False,True
2024-06-07,159915.SZ,1.748,1.79155,-0.050000000000000044,-0.004555808656036442,-0.046892039258451534,0.009793357168482238,1135206307.4146,345,-0.0312007313141049,5,True,True,False,True,True,False,False,False,True,False,True,confirmed_risk_off,False,True,False,True
2024-06-07,510500.SH,5.091,5.221900000000001,-0.05424484488203596,-0.01983057373892949,-0.046093310848791424,0.008184157143468505,1570823870.95,345,-0.03884882961814447,6,True,True,False,True,True,False,False,False,True,False,True,confirmed_risk_off,False,True,False,True
2024-06-07,516160.SH,1.88,1.9774166666666666,-0.055276381909547756,-0.05669844455594586,-0.05811623246492992,0.014336944519412455,126514353.15,344,-0.05641317707918343,7,True,False,False,True,True,False,False,False,True,False,True,confirmed_risk_off,False,True,False,True
2024-06-07,512010.SH,0.352,0.36396666666666666,-0.05121293800539084,-0.04864864864864871,-0.15587529976019188,0.008414335384376486,362449573.85,345,-0.0711196946136542,8,True,False,False,True,True,False,False,False,True,False,True,confirmed_risk_off,False,True,False,True
2024-06-07,512100.SH,2.003,2.1059666666666668,-0.07354301572617938,-0.036556036556036564,-0.14620630861040063,0.010412869141163524,755971510.65,345,-0.0732808826349665,9,True,False,False,True,True,False,False,False,True,False,True,confirmed_risk_off,False,True,False,True
2024-06-07,588080.SH,0.743,0.7650833333333333,-0.036316472114137466,-0.0793060718711277,-0.14499424626006907,0.00912661680217582,386065518.5,260,-0.07524786684611989,10,True,False,False,True,True,False,False,False,True,False,True,confirmed_risk_off,False,True,False,True
2024-06-07,512880.SH,0.815,0.8576833333333334,-0.06963470319634713,-0.08632286995515703,-0.12081984897518894,0.010113432022355432,905559191.3,345,-0.08654699905563946,11,True,False,False,True,True,False,False,False,True,False,True,confirmed_risk_off,False,True,False,True
2024-06-07,159928.SZ,0.851,0.8722833333333333,-0.05444444444444452,0.020383693045563644,-0.016184971098265888,0.00810704102321092,85797664.32005,345,-0.01686129477920553,,False,False,False,True,False,False,False,False,False,False,True,confirmed_risk_off,False,True,False,True
2024-06-07,515300.SH,1.2,1.1539833333333334,0.016949152542372836,0.07623318385650224,0.18811881188118806,0.006503089348256309,52701113.3,336,0.07489669693578765,,False,False,False,True,False,True,True,False,False,False,True,confirmed_risk_off,False,True,False,True
2024-06-14,510880.SH,2.938,2.898816666666667,0.004787961696306464,0.05229226361031536,0.13305052063247214,0.00987734674443777,330467071.7,349,0.04944219424914316,1,True,True,True,True,True,True,True,True,False,False,True,confirmed_risk_off,False,True,False,True
2024-06-14,159995.SZ,0.87,0.8458833333333332,0.06227106227106227,-0.032258064516129115,-0.10585817060637204,0.014190455586767058,451161653.12965,340,-0.009166435019301145,2,True,True,True,True,True,True,False,False,True,False,True,confirmed_risk_off,False,True,False,True
2024-06-14,512660.SH,0.903,0.8943833333333333,-0.02060737527114964,0.004449388209121219,-0.08510638297872342,0.009844031047246595,266853821.15,343,-0.023484471420556055,3,True,True,True,True,True,True,False,False,True,False,True,confirmed_risk_off,False,True,False,True
2024-06-14,510300.SH,3.343,3.3670166666666663,-0.023656542056074703,0.0005986231667165498,0.04046062869592282,0.006237683945813802,2634366642.2,349,-0.0011310418165586967,4,True,True,False,True,True,False,False,False,True,False,True,confirmed_risk_off,False,True,False,True
2024-06-14,510500.SH,5.116,5.2115,-0.029774322017826704,-0.02254489873901422,-0.05713232583855521,0.008292387429672282,1495211836.75,349,-0.032354153470447414,5,True,True,False,True,True,False,False,False,True,False,True,confirmed_risk_off,False,True,False,True
2024-06-14,159915.SZ,1.756,1.785366666666667,-0.024986118822876158,-0.04148471615720528,-0.053879310344827624,0.009663047908901726,1127958027.82845,349,-0.0373641960609981,6,True,True,False,True,True,False,False,False,True,False,True,confirmed_risk_off,False,True,False,True
2024-06-14,588080.SH,0.759,0.76125,0.01200000000000001,-0.062962962962963,-0.12958715596330272,0.01053382265357052,461538123.9,264,-0.04630261637784574,7,True,False,False,True,True,False,False,False,True,False,True,confirmed_risk_off,False,True,False,True
2024-06-14,512880.SH,0.833,0.8522333333333333,-0.029137529137529206,-0.0650953984287318,-0.1100427350427351,0.009924848320178118,868924727.75,349,-0.05970171803505143,8,True,False,False,True,True,False,False,False,True,False,True,confirmed_risk_off,False,True,False,True
2024-06-14,512100.SH,2.021,2.09875,-0.04938852304797736,-0.04938852304797736,-0.14725738396624477,0.010652079939701721,732283381.15,349,-0.06896229523163085,9,True,False,False,True,True,False,False,False,True,False,True,confirmed_risk_off,False,True,False,True
2024-06-14,516160.SH,1.857,1.9624,-0.03682572614107882,-0.09898107714701598,-0.08023774145616647,0.014065185938376457,120486916.35,348,-0.07037026960647122,10,True,False,False,True,True,False,False,False,True,False,True,confirmed_risk_off,False,True,False,True
2024-06-14,512010.SH,0.347,0.36166666666666664,-0.05962059620596216,-0.10335917312661502,-0.16786570743405282,0.007649253687126716,366233240.25,349,-0.09876504921984144,11,True,False,False,True,True,False,False,False,True,False,True,confirmed_risk_off,False,True,False,True
2024-06-14,159928.SZ,0.831,0.8701166666666666,-0.06629213483146068,-0.03819444444444453,-0.03259604190919674,0.009187768648844371,64387005.10884999,349,-0.04831384009220144,,False,False,False,True,False,False,False,False,False,False,True,confirmed_risk_off,False,True,False,True
2024-06-14,515300.SH,1.182,1.1570666666666665,0.005957446808510625,0.037752414398595224,0.19635627530364363,0.007444042431277378,65870712.45,340,0.05675519954357107,,False,False,False,True,False,True,True,False,False,False,True,confirmed_risk_off,False,True,False,True
2024-06-21,510880.SH,2.914,2.9097,-0.01487491548343478,0.04933381346777099,0.142297138377107,0.009242951888918112,300619729.25,354,0.04224298686915589,1,True,True,True,True,True,True,True,True,False,False,True,confirmed_risk_off,False,True,False,True
2024-06-21,159995.SZ,0.894,0.8460833333333333,0.09558823529411775,0.0056242969628796935,-0.04282655246252676,0.014150710415302414,513553985.61569995,345,0.03191970241029363,2,True,True,True,True,True,True,True,True,False,False,True,confirmed_risk_off,False,True,False,True
2024-06-21,588080.SH,0.762,0.7564166666666667,0.02144772117962468,-0.059259259259259345,-0.10981308411214952,0.009441926959730083,522024578.35,269,-0.03708723205428378,3,True,True,True,True,True,True,False,False,True,False,True,confirmed_risk_off,False,True,False,True
2024-06-21,510300.SH,3.305,3.363983333333333,-0.037004662004661903,-0.016076213158678132,0.059294871794871806,0.005176028476119581,2653407525.25,354,-0.009373375706361653,4,True,True,False,True,True,False,False,False,True,False,True,confirmed_risk_off,False,True,False,True
2024-06-21,512660.SH,0.882,0.8941333333333333,-0.023255813953488413,-0.02970297029702973,-0.08411214953271029,0.011002902209879277,253016654.4,348,-0.03800594360674932,5,True,True,False,True,True,False,False,False,True,False,True,confirmed_risk_off,False,True,False,True
2024-06-21,510500.SH,5.002,5.188766666666667,-0.04359464627151066,-0.05764883195177095,-0.04432556362246853,0.007435257159635709,1228478010.15,354,-0.04936250401380636,6,True,True,False,True,True,False,False,False,True,False,True,confirmed_risk_off,False,True,False,True
2024-06-21,159915.SZ,1.723,1.7767833333333334,-0.04859193815571494,-0.06663055254604555,-0.032565974171813505,0.009029372363222883,1076180487.96475,354,-0.05260219111506691,7,True,False,False,True,True,False,False,False,True,False,True,confirmed_risk_off,False,True,False,True
2024-06-21,512880.SH,0.821,0.84585,-0.03525264394829619,-0.0938189845474614,-0.10566448801742934,0.00874320618121896,846415461.5,354,-0.07276154900178891,8,True,False,False,True,True,False,False,False,True,False,True,confirmed_risk_off,False,True,False,True
2024-06-21,512100.SH,1.968,2.08345,-0.06374881065651761,-0.1030082041932543,-0.13910761154855644,0.00976815777543827,733146476.0,354,-0.09452432824962005,9,True,False,False,True,True,False,False,False,True,False,True,confirmed_risk_off,False,True,False,True
2024-06-21,516160.SH,1.789,1.9419,-0.08444216990788134,-0.12901655306718596,-0.060892388451443624,0.009392132313654608,109817744.2,353,-0.09756196688031564,10,True,False,False,True,True,False,False,False,True,False,True,confirmed_risk_off,False,True,False,True
2024-06-21,512010.SH,0.334,0.35825,-0.0696378830083565,-0.11170212765957444,-0.1712158808933002,0.007756807241910929,353250759.75,354,-0.10677918044583243,11,True,False,False,True,True,False,False,False,True,False,True,confirmed_risk_off,False,True,False,True
2024-06-21,159928.SZ,0.796,0.8644833333333334,-0.108622620380739,-0.10056497175141244,-0.030450669914737993,0.007624379185133035,61657073.47840001,354,-0.08976517083580818,,False,False,False,True,False,False,False,False,False,False,True,confirmed_risk_off,False,True,False,True
2024-06-21,515300.SH,1.173,1.1618333333333333,-0.0076142131979695105,0.055805580558055956,0.17652958876629898,0.007426588231393647,65884452.3,345,0.05458246469729438,,False,False,False,True,False,True,True,False,False,False,True,confirmed_risk_off,False,True,False,True
2024-06-28,159995.SZ,0.848,0.8424833333333334,0.02168674698795181,-0.04396843291995489,-0.10264550264550265,0.01641955168240663,496670020.0521501,350,-0.029441774901901765,1,True,True,True,True,True,True,False,False,True,False,True,confirmed_risk_off,False,True,False,True
2024-06-28,510880.SH,2.916,2.9191166666666666,-0.021804763502180413,0.05384893386339007,0.16360734237829222,0.008806687494125621,266312549.1,359,0.04553913662014231,2,True,True,True,True,True,False,True,False,True,False,True,confirmed_risk_off,False,True,False,True
2024-06-28,510300.SH,3.276,3.361483333333333,-0.03220088626292461,-0.006971809639284676,0.051685393258426915,0.004562258103629213,3355609026.15,359,-0.005331999709198331,3,True,True,True,True,True,False,False,False,True,False,True,confirmed_risk_off,False,True,False,True
2024-06-28,512660.SH,0.879,0.88995,-0.0189732142857143,-0.04456521739130437,-0.056866952789699665,0.014262976669612648,246465610.7,353,-0.036788763228747405,4,True,True,False,True,True,False,False,False,True,False,True,confirmed_risk_off,False,True,False,True
2024-06-28,510500.SH,4.843,5.16865,-0.0655990738954273,-0.04345249851866473,-0.05336200156372162,0.009308852748424095,1619263678.35,359,-0.05429302927838114,5,True,True,False,True,True,False,False,False,True,False,True,confirmed_risk_off,False,True,False,True
2024-06-28,159915.SZ,1.652,1.7683333333333335,-0.07034327518289252,-0.060295790671217375,-0.06189664963089159,0.010871990032665502,1146102841.3938498,359,-0.06463495626782229,6,True,True,False,True,True,False,False,False,True,False,True,confirmed_risk_off,False,True,False,True
2024-06-28,588080.SH,0.717,0.7522500000000001,-0.037583892617449655,-0.0651890482398958,-0.15647058823529414,0.01282876126027894,566292619.65,274,-0.07240329398999701,7,True,False,False,True,True,False,False,False,True,False,True,confirmed_risk_off,False,True,False,True
2024-06-28,512880.SH,0.783,0.84055,-0.06785714285714284,-0.082063305978898,-0.10411899313501138,0.010516601948329304,940961500.5,359,-0.08079197816141861,8,True,False,False,True,True,False,False,False,True,False,True,confirmed_risk_off,False,True,False,True
2024-06-28,512100.SH,1.905,2.0670333333333333,-0.08148505303760845,-0.08676893576222433,-0.13487738419618522,0.014388097085469074,846292843.75,359,-0.09427707235917016,9,True,False,False,True,True,False,False,False,True,False,True,confirmed_risk_off,False,True,False,True
2024-06-28,512010.SH,0.326,0.35515,-0.0764872521246458,-0.10684931506849304,-0.18703241895261846,0.00890489988462913,367033645.15,359,-0.11074111066777924,10,True,False,False,True,True,False,False,False,True,False,True,confirmed_risk_off,False,True,False,True
2024-06-28,516160.SH,1.702,1.9214333333333333,-0.1303014818599898,-0.1316326530612245,-0.1447236180904523,0.010610746939642637,100369216.15,358,-0.1337183775865762,11,True,False,False,True,True,False,False,False,True,False,True,confirmed_risk_off,False,True,False,True
2024-06-28,159928.SZ,0.78,0.8582666666666667,-0.09930715935334866,-0.09302325581395343,-0.05454545454545445,0.007089002142939579,61564846.083399996,359,-0.08784125697601174,,False,False,False,True,False,False,False,False,False,False,True,confirmed_risk_off,False,True,False,True
2024-06-28,515300.SH,1.184,1.1641,-0.014975041597337757,0.07149321266968323,0.20693170234454628,0.006760784060280571,67506093.3,347,0.06399360889784744,,False,False,False,True,False,True,True,False,False,False,True,confirmed_risk_off,False,True,False,True
2024-07-05,510880.SH,2.933,2.9316999999999998,-0.005425567989148838,0.029122807017543773,0.13068619892058586,0.009739074468410292,279697945.45,364,0.035616135395475146,1,True,True,True,True,True,True,True,True,False,False,True,confirmed_risk_off,False,True,False,True
2024-07-05,510300.SH,3.247,3.3556666666666666,-0.04161747343565525,-0.021398432790837862,0.02655706607650976,0.004259721021310357,3631219905.8,364,-0.019894949275295296,2,True,True,True,True,True,False,False,False,True,False,True,confirmed_risk_off,False,True,False,True
2024-07-05,512660.SH,0.849,0.8875333333333334,-0.054565701559020074,-0.0035211267605633756,-0.10253699788583504,0.01376216471971915,210595864.9,358,-0.043742130905000384,3,True,True,True,True,True,False,False,False,True,False,True,confirmed_risk_off,False,True,False,True
2024-07-05,159995.SZ,0.832,0.8372666666666666,-0.013048635824436494,-0.06306306306306309,-0.10151187904967607,0.016658385094128904,467303021.13775,355,-0.05074705536493505,4,True,True,False,True,True,False,False,False,True,False,True,confirmed_risk_off,False,True,False,True
2024-07-05,510500.SH,4.777,5.137566666666666,-0.06626270523846745,-0.07044172017902317,-0.09009523809523812,0.00970633773514893,1632563532.7,364,-0.07270081778604387,5,True,True,False,True,True,False,False,False,True,False,True,confirmed_risk_off,False,True,False,True
2024-07-05,588080.SH,0.702,0.74715,-0.06149732620320858,-0.055181695827725474,-0.16129032258064513,0.013577378135996717,575286523.3,279,-0.07892967332850265,6,True,True,False,True,True,False,False,False,True,False,True,confirmed_risk_off,False,True,False,True
2024-07-05,159915.SZ,1.623,1.7550833333333336,-0.09075630252100841,-0.07679180887372017,-0.09177392277560148,0.010214340438137737,1188967244.702,364,-0.08537402911301173,7,True,False,False,True,True,False,False,False,True,False,True,confirmed_risk_off,False,True,False,True
2024-07-05,512880.SH,0.768,0.8338333333333333,-0.06341463414634141,-0.08788598574821849,-0.13901345291479816,0.010505604659431305,913225985.05,364,-0.0883229385407836,8,True,False,False,True,True,False,False,False,True,False,True,confirmed_risk_off,False,True,False,True
2024-07-05,512100.SH,1.873,2.04735,-0.06115288220551385,-0.10382775119617216,-0.17306843267108174,0.014431877568901682,932738905.7,364,-0.10060593989489075,9,True,False,False,True,True,False,False,False,True,False,True,confirmed_risk_off,False,True,False,True
2024-07-05,512010.SH,0.325,0.3518833333333333,-0.07932011331444755,-0.08192090395480223,-0.19753086419753085,0.010109525016270925,378134564.6,364,-0.10400257974720609,10,True,False,False,True,True,False,False,False,True,False,True,confirmed_risk_off,False,True,False,True
2024-07-05,159928.SZ,0.768,0.8504333333333333,-0.10593713620488943,-0.10175438596491226,-0.07913669064748197,0.0067707563387928585,61572629.38860001,364,-0.09890394699741707,,False,False,False,True,False,False,False,False,False,False,True,confirmed_risk_off,False,True,False,True
2024-07-05,515300.SH,1.187,1.1682666666666668,-0.0025210084033612246,0.07129963898916958,0.21618852459016402,0.007045727717081137,55902621.9,350,0.07074915715235615,,False,False,False,True,False,True,True,False,False,False,True,confirmed_risk_off,False,True,False,True
2024-07-05,516160.SH,1.669,1.89265,-0.12845953002610966,-0.1692384270781483,-0.18625060945880068,0.010752622055133255,94286388.35,363,-0.15632930473346332,,False,False,False,True,False,False,False,False,False,False,True,confirmed_risk_off,False,True,False,True
2024-07-12,159995.SZ,0.878,0.8382333333333333,0.009195402298850519,0.03905325443786989,-0.037280701754386025,0.01739297717166135,463468150.74355,360,0.011843322343810959,1,True,True,True,True,True,True,True,True,False,False,True,confirmed_risk_off,False,True,False,True
2024-07-12,510300.SH,3.308,3.353616666666667,-0.01046963804965606,-0.006009615384615419,0.08069258412283564,0.005893691312388886,3758432067.4,369,0.009546815450858536,2,True,True,True,True,True,False,True,False,True,False,True,confirmed_risk_off,False,True,False,True
2024-07-12,510880.SH,2.873,2.93355,-0.02212389380530977,-0.024448217317487142,0.10203298810893746,0.009345946602049269,296083987.45,369,0.00177775317266873,3,True,True,True,True,True,False,True,False,True,False,True,confirmed_risk_off,False,True,False,True
2024-07-12,512660.SH,0.863,0.8838333333333334,-0.044296788482835026,-0.024858757062146908,-0.10662525879917184,0.015413862851401247,193535118.55,363,-0.048987269977827146,4,True,True,False,True,True,False,False,False,True,False,True,confirmed_risk_off,False,True,False,True
2024-07-12,159915.SZ,1.653,1.7456666666666665,-0.05865603644646922,-0.053264604810996596,-0.026501766784452263,0.011889348369481006,1257760754.88835,369,-0.05006860985987678,5,True,True,False,True,True,False,False,False,True,False,True,confirmed_risk_off,False,True,False,True
2024-07-12,588080.SH,0.723,0.7444166666666666,-0.04743083003952575,-0.04111405835543769,-0.07544757033248084,0.013944171612433512,516331228.4,284,-0.050507469424481546,6,True,True,False,True,True,False,False,False,True,False,True,confirmed_risk_off,False,True,False,True
2024-07-12,510500.SH,4.832,5.10695,-0.0555121188428459,-0.06861989205859675,-0.03533639448991821,0.01225176057220086,1623408203.55,369,-0.056720083258560705,7,True,False,False,True,True,False,False,False,True,False,True,confirmed_risk_off,False,True,False,True
2024-07-12,512880.SH,0.775,0.8286833333333334,-0.06962785114045611,-0.059466019417475646,-0.09250585480093676,0.012181206943522838,857612030.25,369,-0.07013871918336007,8,True,False,False,True,True,False,False,False,True,False,True,confirmed_risk_off,False,True,False,True
2024-07-12,512100.SH,1.9,2.03015,-0.05987135081642747,-0.07181240840254044,-0.1121495327102805,0.017111743633117335,1036290792.6,369,-0.07510341022964326,9,True,False,False,True,True,False,False,False,True,False,True,confirmed_risk_off,False,True,False,True
2024-07-12,512010.SH,0.329,0.34928333333333333,-0.05187319884726216,-0.06534090909090895,-0.1476683937823834,0.013445560906210505,378689087.9,369,-0.07641932193174512,10,True,False,False,True,True,False,False,False,True,False,True,confirmed_risk_off,False,True,False,True
2024-07-12,159928.SZ,0.775,0.8439333333333334,-0.06738868832731637,-0.0860849056603773,-0.037267080745341685,0.008123196344734619,64238972.97520001,369,-0.06884285374414581,,False,False,False,True,False,False,False,False,False,False,True,confirmed_risk_off,False,True,False,True
2024-07-12,515300.SH,1.205,1.1710833333333333,0.014309764309764494,0.07974910394265233,0.22459349593495936,0.007630895530146916,49646111.6,352,0.0825422464879586,,False,False,False,True,False,True,True,False,False,False,True,confirmed_risk_off,False,True,False,True
2024-07-12,516160.SH,1.705,1.8645166666666666,-0.08185245018847598,-0.14149043303121844,-0.15131906421105024,0.014596242413385701,91925043.55,368,-0.11960096613008783,,False,False,False,True,False,False,False,False,False,False,True,confirmed_risk_off,False,True,False,True
2024-07-19,159995.SZ,0.929,0.8443166666666666,0.03914988814317666,0.13154689403166886,0.05209513023782564,0.019198670521736738,497933117.28615,365,0.07869773891750334,1,True,True,True,True,True,True,True,True,False,False,True,mixed,True,False,False,True
2024-07-19,510300.SH,3.389,3.3558833333333333,0.025416036308623102,0.022939933594928963,0.12516600265604239,0.006072322648809308,4878987425.3,374,0.044375588492629306,2,True,True,True,True,True,True,True,True,False,False,True,mixed,True,False,False,True
2024-07-19,512660.SH,0.89,0.8847833333333334,0.009070294784580435,0.05076741440377819,0.007927519818799578,0.01586583534166558,193096365.7,368,0.025520587639103365,3,True,True,True,True,True,True,True,True,False,False,True,mixed,True,False,False,True
2024-07-19,588080.SH,0.755,0.7439666666666667,-0.009186351706036766,0.028610354223433276,-0.006578947368421018,0.015761380292627268,536129138.9,289,0.0064538115332744015,4,True,True,False,True,True,True,True,True,False,False,True,mixed,True,False,False,True
2024-07-19,510880.SH,2.865,2.9257666666666666,-0.016815374056279975,-0.024182561307901862,0.11003487020534686,0.009515810774145143,303431002.0,374,0.005607799895396635,5,True,True,False,True,True,False,True,False,True,False,True,mixed,True,False,False,True
2024-07-19,159915.SZ,1.692,1.7413166666666666,-0.017991874637260707,-0.006459189665296572,0.021739130434782705,0.012289591048827151,1501285243.26315,374,-0.005432599634066371,6,True,True,False,True,True,False,False,False,True,False,True,mixed,True,False,False,True
2024-07-19,512010.SH,0.341,0.3479333333333333,0.020958083832335328,-0.022922636103151706,-0.09308510638297862,0.014412623983587376,386378939.7,374,-0.019402842184922275,7,True,False,False,True,True,False,False,False,True,False,True,mixed,True,False,False,True
2024-07-19,512880.SH,0.799,0.82545,-0.02679658952496944,-0.036188178528347326,-0.05667060212514752,0.01262641658565246,805470132.95,374,-0.03652802764635621,8,True,False,False,True,True,False,False,False,True,False,True,mixed,True,False,False,True
2024-07-19,510500.SH,4.793,5.078716666666667,-0.04178328668532583,-0.06185163437071828,-0.0220363191185472,0.011888944266303212,1942758329.8,374,-0.045861232246127086,9,True,False,False,True,True,False,False,False,True,False,True,mixed,True,False,False,True
2024-07-19,512100.SH,1.877,2.0180166666666666,-0.046239837398374006,-0.07582471688823245,-0.10191387559808607,0.016543532124941075,1350633161.1,374,-0.0692085968342598,10,True,False,False,True,True,False,False,False,True,False,True,mixed,True,False,False,True
2024-07-19,159928.SZ,0.807,0.8393333333333334,0.013819095477386911,-0.060535506402793926,0.029336734693877542,0.009231338676884363,65360729.8186,374,-0.012819217431387302,,False,False,False,True,False,False,False,False,False,False,True,mixed,True,False,False,True
2024-07-19,515300.SH,1.229,1.1794333333333331,0.041525423728813626,0.08473080317740522,0.2326980942828487,0.006151735121597958,38503609.05,357,0.09704210961905729,,False,False,False,True,False,True,True,False,False,False,True,mixed,True,False,False,True
2024-07-19,516160.SH,1.753,1.8471499999999998,-0.02012297372833982,-0.07688256977356511,-0.11732124874118832,0.01513109311778786,86795307.65,373,-0.062266467148999645,,False,False,False,True,False,False,False,False,False,False,True,mixed,True,False,False,True
2024-07-26,159995.SZ,0.878,0.8512333333333333,0.03537735849056611,0.09749999999999992,0.0378250591016549,0.018226910091370882,521660463.9058,370,0.0607159552165574,1,True,True,True,True,True,True,True,True,False,False,True,confirmed_risk_off,False,True,False,True
2024-07-26,512660.SH,0.895,0.8863333333333333,0.018202502844141044,0.020524515393386622,0.04069767441860472,0.014995898418663143,209778720.55,373,0.023630342178732014,2,True,True,True,True,True,True,True,True,False,False,True,confirmed_risk_off,False,True,False,True
2024-07-26,510300.SH,3.263,3.3518833333333333,-0.003968253968253954,-0.04170337738619678,0.06355932203389836,0.007853559914208276,4873486943.25,379,-0.005556788135000622,3,True,True,True,True,True,False,False,False,True,False,True,confirmed_risk_off,False,True,False,True
2024-07-26,510880.SH,2.782,2.919633333333333,-0.04595336076817558,-0.02214411247803172,0.0905527244217954,0.00912283725974229,318614988.85,379,-0.009128444414123835,4,True,True,False,True,True,False,False,False,True,False,True,confirmed_risk_off,False,True,False,True
2024-07-26,588080.SH,0.724,0.7421500000000001,0.009762900976290068,-0.07298335467349559,-0.03851261620185931,0.015214200979696568,503340351.4,294,-0.032990704719254076,5,True,True,False,True,True,False,False,False,True,False,True,confirmed_risk_off,False,True,False,True
2024-07-26,512880.SH,0.801,0.8205666666666667,0.02298850574712641,-0.09898762654668158,-0.09695603156707999,0.012666292106788055,727439319.6,379,-0.04979085463323807,6,True,True,False,True,True,False,False,False,True,False,True,confirmed_risk_off,False,True,False,True
2024-07-26,159915.SZ,1.627,1.7320166666666668,-0.015133171912832921,-0.11431682090364725,-0.013939393939393918,0.012011329887547299,1465919010.35,379,-0.05456787591447086,7,True,False,False,True,True,False,False,False,True,False,True,confirmed_risk_off,False,True,False,True
2024-07-26,512010.SH,0.328,0.34585000000000005,0.006134969325153339,-0.11111111111111105,-0.1345646437994723,0.01505044717836318,379742961.45,379,-0.06890338547427755,8,True,False,False,True,True,False,False,False,True,False,True,confirmed_risk_off,False,True,False,True
2024-07-26,510500.SH,4.653,5.035916666666666,-0.03923188106545539,-0.1265252487328704,-0.026161573880284617,0.012407543568553257,1568074466.85,379,-0.07153516669538726,9,True,False,False,True,True,False,False,False,True,False,True,confirmed_risk_off,False,True,False,True
2024-07-26,512100.SH,1.832,1.9973666666666667,-0.038320209973753294,-0.14869888475836435,-0.0830830830830831,0.014157652461688115,1314387713.45,379,-0.09142425450946368,10,True,False,False,True,True,False,False,False,True,False,True,confirmed_risk_off,False,True,False,True
2024-07-26,159928.SZ,0.758,0.8308166666666666,-0.028205128205128216,-0.1376564277588168,-0.03316326530612246,0.012590801167055585,66399015.87640001,379,-0.07297727544680249,,False,False,False,True,False,False,False,False,False,False,True,confirmed_risk_off,False,True,False,True
2024-07-26,515300.SH,1.193,1.1848166666666666,0.01965811965811981,0.04649122807017547,0.19061876247504994,0.006455932689398935,37047269.75,362,0.0645834915863281,,False,False,False,True,False,True,True,False,False,False,True,confirmed_risk_off,False,True,False,True
2024-07-26,516160.SH,1.747,1.8331833333333334,0.026439482961222227,-0.11901159858799792,-0.11048879837067205,0.014265366471628908,87218964.35,378,-0.05912660592484469,,False,False,False,True,False,False,False,False,False,False,True,confirmed_risk_off,False,True,False,True
2024-08-02,159995.SZ,0.884,0.858,0.0625,0.12325285895806859,0.0625,0.020708510282738547,546236744.4268501,375,0.08680114358322744,1,True,True,True,True,True,True,True,True,False,False,True,confirmed_risk_off,False,True,False,True
2024-08-02,512660.SH,0.913,0.8885166666666666,0.07538280329799774,0.02354260089686111,0.14267834793491874,0.01437729968674563,258087374.25,378,0.0681058312649273,2,True,True,True,True,True,True,True,True,False,False,True,confirmed_risk_off,False,True,False,True
2024-08-02,512880.SH,0.819,0.8160166666666666,0.06640625,-0.05862068965517242,-0.04210526315789476,0.017640907924383477,785127171.95,384,-0.005306828493647919,3,True,True,True,True,True,True,False,False,True,False,True,confirmed_risk_off,False,True,False,True
2024-08-02,588080.SH,0.731,0.7383666666666666,0.04131054131054146,-0.0652173913043479,0.06559766763848396,0.01867757699298766,526019061.65,299,0.003556793530174216,4,True,True,False,True,True,False,True,False,True,False,True,confirmed_risk_off,False,True,False,True
2024-08-02,510300.SH,3.236,3.3377166666666667,-0.0033877425315674836,-0.06066763425253985,0.0747260046496181,0.010000337088808537,4923497554.9,384,-0.010676949783719313,5,True,True,False,True,True,False,False,False,True,False,True,confirmed_risk_off,False,True,False,True
2024-08-02,510880.SH,2.803,2.9126666666666665,-0.04432321854756216,-0.03610729023383763,0.05813514533786335,0.0076899149210884156,292585738.75,384,-0.020545174444987244,6,True,True,False,True,True,False,False,False,True,False,True,confirmed_risk_off,False,True,False,True
2024-08-02,512010.SH,0.334,0.3421,0.027692307692307683,-0.1045576407506702,-0.02052785923753664,0.0170308068240073,387950544.0,384,-0.03485170507085234,7,True,False,False,True,True,False,False,False,True,False,True,confirmed_risk_off,False,True,False,True
2024-08-02,159915.SZ,1.609,1.7138833333333332,-0.008626001232285851,-0.1330818965517242,0.04957599478147423,0.015192425982267645,1530231977.8560002,384,-0.04676796015730918,8,True,False,False,True,True,False,False,False,True,False,True,confirmed_risk_off,False,True,False,True
2024-08-02,510500.SH,4.711,4.982766666666667,-0.013816202637638608,-0.12807699426244668,0.036979969183358996,0.015509695289685446,1585469906.55,384,-0.04936128492336232,9,True,False,False,True,True,False,False,False,True,False,True,confirmed_risk_off,False,True,False,True
2024-08-02,512100.SH,1.875,1.973083333333333,0.0010678056593700358,-0.14069660861594868,0.011872638963842386,0.016926638523230703,1370497020.0,384,-0.05347699338986299,10,True,False,False,True,True,False,False,False,True,False,True,confirmed_risk_off,False,True,False,True
2024-08-02,159928.SZ,0.752,0.8188166666666666,-0.02083333333333337,-0.16722037652270216,-0.024643320363164745,0.015489464073316903,72404785.9832,384,-0.08015014801504716,,False,False,False,True,False,False,False,False,False,False,True,confirmed_risk_off,False,True,False,True
2024-08-02,515300.SH,1.179,1.1872,-0.004222972972972916,0.001699235344095218,0.16732673267326725,0.006729404788918805,38472107.9,367,0.03245585148310237,,False,False,False,True,False,False,True,False,False,False,True,confirmed_risk_off,False,True,False,True
2024-08-02,516160.SH,1.698,1.8116500000000002,0.017375674056321122,-0.1560636182902585,-0.047138047138047146,0.015900288033235444,86365349.35,383,-0.06490278712118439,,False,False,False,True,False,False,False,False,False,False,True,confirmed_risk_off,False,True,False,True
2024-08-09,159995.SZ,0.844,0.8594,-0.03872437357630987,0.03052503052503064,0.023030303030302957,0.021559224916844096,534480680.383,380,0.0013263233855489017,1,True,True,True,True,True,False,True,False,True,False,True,confirmed_risk_off,False,True,False,True
2024-08-09,512660.SH,0.873,0.8862500000000001,0.011587485515643037,-0.053145336225596584,0.07777777777777772,0.017351332093252084,285961721.2,383,-0.001067584728425875,2,True,True,True,True,True,False,False,False,True,False,True,confirmed_risk_off,False,True,False,True
2024-08-09,512880.SH,0.806,0.81105,0.040000000000000036,-0.06060606060606055,-0.07674684994272618,0.01619557939219975,763357108.9,389,-0.023591794230969444,3,True,True,True,True,True,False,False,False,True,False,True,confirmed_risk_off,False,True,False,True
2024-08-09,510880.SH,2.763,2.899266666666667,-0.03828750435085293,-0.055061559507524005,0.016182420007355702,0.006667967286326454,271476360.1,389,-0.034103141541879635,4,True,True,False,True,True,False,False,False,True,False,True,confirmed_risk_off,False,True,False,True
2024-08-09,588080.SH,0.711,0.7343666666666666,-0.016597510373444035,-0.052000000000000046,-0.048192771084337394,0.019259684429471634,508153340.85,304,-0.037077558366245114,5,True,True,False,True,True,False,False,False,True,False,True,confirmed_risk_off,False,True,False,True
2024-08-09,510300.SH,3.182,3.3176333333333337,-0.03808948004836754,-0.07067757009345799,0.016938318951741804,0.009198944113401627,5057993767.3,389,-0.04011915626638185,6,True,True,False,True,True,False,False,False,True,False,True,confirmed_risk_off,False,True,False,True
2024-08-09,512010.SH,0.331,0.3391,0.006079027355623046,-0.102981029810298,-0.11021505376344076,0.015584253201199017,391383091.25,389,-0.060803811734558136,7,True,False,False,True,True,False,False,False,True,False,True,confirmed_risk_off,False,True,False,True
2024-08-09,512100.SH,1.83,1.9478666666666666,-0.03684210526315779,-0.1392285983066791,-0.016129032258064502,0.015664690480367668,1385885663.05,389,-0.07365408787954766,8,True,False,False,True,True,False,False,False,True,False,True,confirmed_risk_off,False,True,False,True
2024-08-09,510500.SH,4.639,4.926383333333334,-0.039942052980132425,-0.12023516025033176,-0.06940822467402208,0.01450935722002487,1619194036.2,389,-0.07795253022699009,9,True,False,False,True,True,False,False,False,True,False,True,confirmed_risk_off,False,True,False,True
2024-08-09,159915.SZ,1.566,1.6945833333333336,-0.05263157894736836,-0.13048306496390882,-0.05662650602409636,0.01454094578162208,1528740408.18375,389,-0.08457115876933015,10,True,False,False,True,True,False,False,False,True,False,True,confirmed_risk_off,False,True,False,True
2024-08-09,159928.SZ,0.766,0.8081499999999999,-0.011612903225806437,-0.13932584269662918,-0.07487922705313999,0.015213596160771437,75928759.92660001,389,-0.07535134377960225,,False,False,False,True,False,False,False,False,False,False,True,confirmed_risk_off,False,True,False,True
2024-08-09,515300.SH,1.168,1.18745,-0.030705394190871482,0.006029285099052428,0.18338399189463006,0.0063307391248872,49099459.2,372,0.02680635474219839,,False,False,False,True,False,False,True,False,False,False,True,confirmed_risk_off,False,True,False,True
2024-08-09,516160.SH,1.685,1.79035,-0.011730205278592365,-0.12603734439834025,-0.08124318429661936,0.014106683146720861,82093881.8,388,-0.07135565673009692,,False,False,False,True,False,False,False,False,False,False,True,confirmed_risk_off,False,True,False,True
2024-08-16,512880.SH,0.812,0.8065,0.016270337922402955,-0.04582843713278484,-0.09877913429522744,0.01649373211709746,748222560.15,394,-0.03157906654319824,1,True,True,True,True,True,True,False,False,True,False,True,confirmed_risk_off,False,True,False,True
2024-08-16,159995.SZ,0.837,0.8606333333333333,-0.09903121636167933,0.02573529411764719,0.13261163734776726,0.018819149980749676,428601663.21089995,385,-0.002796041428059403,2,True,True,True,True,True,False,False,False,True,False,True,confirmed_risk_off,False,True,False,True
2024-08-16,512660.SH,0.856,0.8823333333333334,-0.038202247191011285,-0.05204872646733116,0.1102464332036317,0.01688482760402199,282276868.45,388,-0.014051102822610642,3,True,True,True,True,True,False,False,False,True,False,True,confirmed_risk_off,False,True,False,True
2024-08-16,510880.SH,2.811,2.8838333333333335,-0.018848167539267102,-0.049695740365111596,-0.02564991334488731,0.006504060606905347,256154410.6,394,-0.03254754583072894,4,True,True,False,True,True,False,False,False,True,False,True,confirmed_risk_off,False,True,False,True
2024-08-16,510300.SH,3.199,3.294566666666667,-0.05606373561522571,-0.06789044289044288,-0.019914215686274495,0.009109049530626552,4135573290.85,394,-0.05356451453952234,5,True,True,False,True,True,False,False,False,True,False,True,confirmed_risk_off,False,True,False,True
2024-08-16,588080.SH,0.71,0.7308166666666668,-0.0596026490066226,-0.04825737265415553,-0.07310704960835512,0.018014030137578595,433085979.1,309,-0.05776541858598228,6,True,True,False,True,True,False,False,False,True,False,True,confirmed_risk_off,False,True,False,True
2024-08-16,512010.SH,0.329,0.33623333333333333,-0.035190615835777206,-0.08356545961002781,-0.125,0.014964826070782838,378803332.6,394,-0.07250243017832202,7,True,False,False,True,True,False,False,False,True,False,True,confirmed_risk_off,False,True,False,True
2024-08-16,510500.SH,4.593,4.86775,-0.04172751929897767,-0.12179732313575531,-0.0845126569663146,0.014782955290275207,1493655343.25,394,-0.08231246836715611,8,True,False,False,True,True,False,False,False,True,False,True,confirmed_risk_off,False,True,False,True
2024-08-16,512100.SH,1.811,1.9206333333333334,-0.03516249334043686,-0.13843958135109413,-0.09086345381526106,0.015835841042990136,1044663267.55,394,-0.08761352063966461,9,True,False,False,True,True,False,False,False,True,False,True,confirmed_risk_off,False,True,False,True
2024-08-16,159915.SZ,1.561,1.6728999999999998,-0.07742316784869974,-0.13804527885146334,-0.08713450292397662,0.014020266026961891,1366747507.52615,394,-0.10361427926486055,10,True,False,False,True,True,False,False,False,True,False,True,confirmed_risk_off,False,True,False,True
2024-08-16,159928.SZ,0.748,0.7958166666666666,-0.07311028500619587,-0.16237402015677493,-0.11792452830188682,0.01465420367019584,74632783.7248,394,-0.1177786277255657,,False,False,False,True,False,False,False,False,False,False,True,confirmed_risk_off,False,True,False,True
2024-08-16,515300.SH,1.178,1.1869666666666665,-0.04149715215622474,-0.00925147182506314,0.10402999062792873,0.006728857607555951,49756482.8,377,0.0005065485330705936,,False,False,False,True,False,False,True,False,False,False,True,confirmed_risk_off,False,True,False,True
2024-08-16,516160.SH,1.663,1.7667000000000002,-0.05134055904164281,-0.1489252814738996,-0.124275934702475,0.013328432071868726,80454673.9,393,-0.10496152314671198,,False,False,False,True,False,False,False,False,False,False,True,confirmed_risk_off,False,True,False,True
2024-08-23,510300.SH,3.182,3.2767833333333334,-0.024823781795893285,-0.05997045790251099,-0.033414337788578385,0.007944843885330446,3746594830.1,399,-0.040600563437077394,1,True,True,True,True,True,False,False,False,True,False,True,confirmed_risk_off,False,True,False,True
2024-08-23,159995.SZ,0.801,0.8609166666666666,-0.08769931662870156,-0.034939759036144435,0.015209125475285079,0.016551516360206874,363006926.65225,390,-0.04601380517088138,2,True,True,True,True,True,False,False,False,True,False,True,confirmed_risk_off,False,True,False,True
2024-08-23,512880.SH,0.795,0.803,-0.0074906367041198685,-0.05357142857142849,-0.12924424972617743,0.015213918606994163,687361486.25,399,-0.05027367605545483,3,True,True,True,True,True,False,False,False,True,False,True,confirmed_risk_off,False,True,False,True
2024-08-23,512660.SH,0.832,0.8782333333333334,-0.07039106145251406,-0.07142857142857151,-0.0023980815347721673,0.013852029912493683,255570032.8,393,-0.05720746945938866,4,True,True,False,True,True,False,False,False,True,False,True,confirmed_risk_off,False,True,False,True
2024-08-23,588080.SH,0.69,0.7273,-0.046961325966850875,-0.07382550335570481,-0.1502463054187193,0.015700410630404216,433663612.9,314,-0.07836399281276614,5,True,True,False,True,True,False,False,False,True,False,True,confirmed_risk_off,False,True,False,True
2024-08-23,512010.SH,0.317,0.3333666666666667,-0.03353658536585369,-0.1019830028328611,-0.16358839050131924,0.013776617096928146,352860589.35,399,-0.08692551337974977,6,True,True,False,True,True,False,False,False,True,False,True,confirmed_risk_off,False,True,False,True
2024-08-23,510500.SH,4.455,4.8106,-0.04255319148936165,-0.140459193517268,-0.14178385667501436,0.013341054969077625,1469409612.75,399,-0.10156172533765473,7,True,False,False,True,True,False,False,False,True,False,True,confirmed_risk_off,False,True,False,True
2024-08-23,512100.SH,1.75,1.895066666666667,-0.044759825327510994,-0.15621986499517837,-0.15581283164495896,0.014495747985943679,1042094521.15,399,-0.11155444245806755,8,True,False,False,True,True,False,False,False,True,False,True,confirmed_risk_off,False,True,False,True
2024-08-23,159915.SZ,1.517,1.6523833333333333,-0.06760909649661961,-0.14631401238041641,-0.13855763770584895,0.012385335215899178,1424525949.24575,399,-0.1132807710919842,9,True,False,False,True,True,False,False,False,True,False,True,confirmed_risk_off,False,True,False,True
2024-08-23,159928.SZ,0.715,0.7830666666666667,-0.05672823218997369,-0.17436489607390304,-0.1568396226415094,0.01281989042274472,76811094.63385001,399,-0.12380517583385259,,False,False,False,True,False,False,False,False,False,False,True,confirmed_risk_off,False,True,False,True
2024-08-23,515300.SH,1.187,1.1870666666666667,-0.005029337803855838,-0.0008417508417507547,0.1198113207547169,0.00701542881822831,42286861.1,382,0.021613828692700742,,False,False,False,True,False,False,True,False,False,False,True,confirmed_risk_off,False,True,False,True
2024-08-23,516160.SH,1.614,1.7411166666666666,-0.0761305094447624,-0.1752682677567705,-0.18195641155600606,0.01129866959957692,70469317.05,398,-0.13695079319181439,,False,False,False,True,False,False,False,False,False,False,True,confirmed_risk_off,False,True,False,True
2024-08-30,512880.SH,0.814,0.8001333333333333,-0.006105006105006083,-0.007317073170731714,-0.08539325842696632,0.009465673439360247,576546947.7,404,-0.022447483395688386,1,True,True,True,True,True,True,False,False,True,False,True,confirmed_risk_off,False,True,False,True
2024-08-30,159995.SZ,0.822,0.8575,-0.07013574660633493,-0.02491103202846978,0.0024390243902439046,0.015088876370396173,321791253.79445,395,-0.0375309065758731,2,True,True,True,True,True,False,False,False,True,False,True,confirmed_risk_off,False,True,False,True
2024-08-30,510300.SH,3.181,3.25825,-0.01699629171817063,-0.06109799291617468,-0.039553140096618256,0.006019265278853766,4083487779.45,404,-0.03914834187306178,3,True,True,True,True,True,False,False,False,True,False,True,confirmed_risk_off,False,True,False,True
2024-08-30,512660.SH,0.843,0.8715833333333334,-0.07667031763417309,-0.061247216035634766,-0.007067137809187329,0.01463585855409846,211069498.65,398,-0.05658044102976061,4,True,True,False,True,True,False,False,False,True,False,True,confirmed_risk_off,False,True,False,True
2024-08-30,588080.SH,0.697,0.7215833333333334,-0.04651162790697683,-0.06818181818181823,-0.12765957446808518,0.01133881891075805,429882078.15,319,-0.07140929332913507,5,True,True,False,True,True,False,False,False,True,False,True,confirmed_risk_off,False,True,False,True
2024-08-30,512010.SH,0.323,0.3302833333333333,-0.03293413173652693,-0.08498583569405094,-0.12466124661246614,0.009836125038399065,317969755.5,404,-0.07210023629472438,6,True,True,False,True,True,False,False,False,True,False,True,confirmed_risk_off,False,True,False,True
2024-08-30,512100.SH,1.804,1.8713333333333333,-0.037866666666666604,-0.09573934837092735,-0.12042905899561196,0.011551791106677377,1150202976.85,404,-0.07752821781415997,7,True,False,False,True,True,False,False,False,True,False,True,confirmed_risk_off,False,True,False,True
2024-08-30,510500.SH,4.559,4.752633333333334,-0.03226491190829972,-0.10887412040656752,-0.11009174311926606,0.009952621504255252,1505711637.5,404,-0.07847396154980012,8,True,False,False,True,True,False,False,False,True,False,True,confirmed_risk_off,False,True,False,True
2024-08-30,159915.SZ,1.552,1.6297166666666665,-0.03542573026724671,-0.13053221288515404,-0.10907003444316876,0.010367464868971922,1518904766.38305,404,-0.08819718414959404,9,True,False,False,True,True,False,False,False,True,False,True,confirmed_risk_off,False,True,False,True
2024-08-30,159928.SZ,0.722,0.7698166666666667,-0.039893617021276584,-0.15948777648428403,-0.14047619047619042,0.01131372847947926,76957279.30815001,404,-0.10784779549746233,,False,False,False,True,False,False,False,False,False,False,True,confirmed_risk_off,False,True,False,True
2024-08-30,515300.SH,1.146,1.1851999999999998,-0.027989821882951738,-0.04658901830282869,0.03429602888086625,0.007679245513974679,43964332.4,387,-0.022972330298138922,,False,False,False,True,False,False,False,False,False,False,True,confirmed_risk_off,False,True,False,True
2024-08-30,516160.SH,1.682,1.7167333333333334,-0.009422850412249661,-0.12167101827676241,-0.13787801127626864,0.010460690961574799,66900143.4,403,-0.08001314973085856,,False,False,False,True,False,False,False,False,False,False,True,confirmed_risk_off,False,True,False,True
2024-09-06,512880.SH,0.809,0.7986333333333333,0.003722084367245637,-0.02881152460984382,-0.09203142536475861,0.010996995844230828,567404547.35,409,-0.028442061169990998,1,True,True,True,True,True,True,False,False,True,False,True,confirmed_risk_off,False,True,False,True
2024-09-06,510300.SH,3.091,3.2394000000000003,-0.028598365807668058,-0.07538139395752308,-0.07482789583956895,0.007188735886149668,4081694230.6,409,-0.05655748307399025,2,True,True,True,True,True,False,False,False,True,False,True,confirmed_risk_off,False,True,False,True
2024-09-06,512660.SH,0.814,0.8642166666666667,-0.06758304696449036,-0.09856035437430799,-0.09454949944382651,0.012945331478997495,177286437.45,403,-0.08536726042428465,3,True,True,True,True,True,False,False,False,True,False,True,confirmed_risk_off,False,True,False,True
2024-09-06,512010.SH,0.316,0.32758333333333334,-0.04531722054380671,-0.0893371757925071,-0.18346253229974163,0.010766465830698606,286747830.7,409,-0.09055426499447386,4,True,True,False,True,True,False,False,False,True,False,True,confirmed_risk_off,False,True,False,True
2024-09-06,510500.SH,4.458,4.701616666666666,-0.039017029532226744,-0.12861610633307263,-0.14826136797860145,0.010341500454565658,1490273271.0,409,-0.09670552794184004,5,True,True,False,True,True,False,False,False,True,False,True,confirmed_risk_off,False,True,False,True
2024-09-06,159995.SZ,0.777,0.8512333333333334,-0.07938388625592407,-0.10689655172413792,-0.13570634037819795,0.013815439522701638,270620615.99125,400,-0.10165344326766439,6,True,True,False,True,True,False,False,False,True,False,True,confirmed_risk_off,False,True,False,True
2024-09-06,512100.SH,1.757,1.8508833333333332,-0.039890710382513794,-0.13062840178129642,-0.17356538099717778,0.011273070711221257,1149680884.05,409,-0.10292072106495964,7,True,False,False,True,True,False,False,False,True,False,True,confirmed_risk_off,False,True,False,True
2024-09-06,159915.SZ,1.508,1.6107166666666664,-0.03703703703703709,-0.1412300683371298,-0.17685589519650657,0.011763448440628653,1577463810.8073,409,-0.10667802118896808,8,True,False,False,True,True,False,False,False,True,False,True,confirmed_risk_off,False,True,False,True
2024-09-06,588080.SH,0.666,0.7146,-0.06329113924050622,-0.12252964426877466,-0.1777777777777778,0.01125219681716513,416998351.2,324,-0.10988386895926792,9,True,False,False,True,True,False,False,False,True,False,True,confirmed_risk_off,False,True,False,True
2024-09-06,159928.SZ,0.699,0.7588333333333334,-0.08746736292428203,-0.15884476534296033,-0.19097222222222232,0.01208749242654347,71971092.4618,409,-0.13671929575134142,,False,False,False,True,False,False,False,False,False,False,True,confirmed_risk_off,False,True,False,True
2024-09-06,515300.SH,1.124,1.1802,-0.037671232876712146,-0.05387205387205374,0.017194570135746767,0.007141438282269636,29692314.25,392,-0.033178400672357,,False,False,False,True,False,False,False,False,False,False,True,confirmed_risk_off,False,True,False,True
2024-09-06,516160.SH,1.634,1.6988833333333333,-0.030267062314540127,-0.12008616047388265,-0.20718098010674435,0.011565981158507791,64550915.95,408,-0.101577485136718,,False,False,False,True,False,False,False,False,False,False,True,confirmed_risk_off,False,True,False,True
2024-09-13,512880.SH,0.805,0.79675,-0.008620689655172376,-0.01948842874543233,-0.11147902869757176,0.01003229069130568,553735853.65,414,-0.033539453099756235,1,True,True,True,True,True,True,False,False,True,False,True,confirmed_risk_off,False,True,False,True
2024-09-13,510300.SH,3.017,3.2154833333333332,-0.05689277899343548,-0.08714069591527995,-0.10181601667162854,0.006776754535765387,3856006974.8,414,-0.0779765932978119,2,True,True,True,True,True,False,False,False,True,False,True,confirmed_risk_off,False,True,False,True
2024-09-13,512660.SH,0.805,0.8573166666666666,-0.05957943925233633,-0.08730158730158721,-0.11441144114411439,0.01229749250719608,165558703.7,408,-0.08163469885039229,3,True,True,True,True,True,False,False,False,True,False,True,confirmed_risk_off,False,True,False,True
2024-09-13,512010.SH,0.31,0.3253333333333333,-0.05775075987841949,-0.07185628742514971,-0.17553191489361708,0.00986683276562385,284064092.05,414,-0.0869492019001511,4,True,True,False,True,True,False,False,False,True,False,True,confirmed_risk_off,False,True,False,True
2024-09-13,159915.SZ,1.509,1.5913666666666666,-0.03331197950032039,-0.1242019733023797,-0.18255687973997847,0.011536670546064902,1765044846.289,414,-0.09951695706907573,5,True,True,False,True,True,False,False,False,True,False,True,confirmed_risk_off,False,True,False,True
2024-09-13,510500.SH,4.369,4.64795,-0.048769867189200955,-0.12654938024790086,-0.17690278824415973,0.009941562225474066,1271316129.0,414,-0.10550825662367266,6,True,True,False,True,True,False,False,False,True,False,True,confirmed_risk_off,False,True,False,True
2024-09-13,512100.SH,1.719,1.8291166666666667,-0.0508006626173384,-0.12652439024390238,-0.21649954421148576,0.01109186606684857,1211970080.8,414,-0.11422992998679346,7,True,False,False,True,True,False,False,False,True,False,True,confirmed_risk_off,False,True,False,True
2024-09-13,588080.SH,0.656,0.7063666666666666,-0.07605633802816891,-0.13910761154855644,-0.19012345679012344,0.0110822919114674,386539206.0,329,-0.12409027118871484,8,True,False,False,True,True,False,False,False,True,False,True,confirmed_risk_off,False,True,False,True
2024-09-13,159995.SZ,0.759,0.8412166666666666,-0.09318996415770608,-0.15100671140939603,-0.1462317210348707,0.013739422217262912,263766559.26655,405,-0.126925014433815,9,True,False,False,True,True,False,False,False,True,False,True,confirmed_risk_off,False,True,False,True
2024-09-13,159928.SZ,0.667,0.7484000000000001,-0.10828877005347592,-0.1620603015075377,-0.24632768361581914,0.01206278107268807,69967459.12179999,414,-0.1574051653475693,,False,False,False,True,False,False,False,False,False,False,True,confirmed_risk_off,False,True,False,True
2024-09-13,515300.SH,1.09,1.1725,-0.07470288624787769,-0.07627118644067787,-0.04302019315188754,0.0071583677337637725,29012139.8,397,-0.06899366770579973,,False,False,False,True,False,False,False,False,False,False,True,confirmed_risk_off,False,True,False,True
2024-09-13,516160.SH,1.608,1.6820166666666665,-0.03307276007215876,-0.10117384013415309,-0.21713729308666008,0.012406921071254396,64364571.55,413,-0.09712609869985676,,False,False,False,True,False,False,False,False,False,False,True,confirmed_risk_off,False,True,False,True
2024-09-20,512880.SH,0.816,0.7970166666666667,0.019999999999999796,0.007407407407407307,-0.05773672055427259,0.010136048706634544,582660665.95,417,-0.0005843811478916782,1,True,True,True,True,True,True,False,False,True,False,True,confirmed_risk_off,False,True,False,True
2024-09-20,510300.SH,3.063,3.2038333333333333,-0.03588290840415487,-0.0684306569343065,-0.07740963855421679,0.007302423318317232,4118195725.45,417,-0.0572073538462279,2,True,True,True,True,True,False,False,False,True,False,True,confirmed_risk_off,False,True,False,True
2024-09-20,510500.SH,4.415,4.624333333333333,-0.021064301552106368,-0.1024598495629192,-0.1376953125,0.010053335682833646,1298825323.85,417,-0.07694872294601024,3,True,True,True,True,True,False,False,False,True,False,True,confirmed_risk_off,False,True,False,True
2024-09-20,512010.SH,0.308,0.32425000000000004,-0.03749999999999998,-0.07784431137724557,-0.1607629427792916,0.010112999882078186,296296545.0,417,-0.07829031310675655,4,True,True,False,True,True,False,False,False,True,False,True,confirmed_risk_off,False,True,False,True
2024-09-20,159915.SZ,1.508,1.5825333333333333,-0.013734466971876969,-0.11241907004120077,-0.1584821428571429,0.01153562261345685,1943784155.3278,417,-0.08215784337665968,5,True,True,False,True,True,False,False,False,True,False,True,confirmed_risk_off,False,True,False,True
2024-09-20,512660.SH,0.791,0.8544833333333333,-0.05155875299760182,-0.08554913294797684,-0.14208242950108463,0.012455024511991765,174779216.9,411,-0.0832596402784484,6,True,True,False,True,True,False,False,False,True,False,True,confirmed_risk_off,False,True,False,True
2024-09-20,512100.SH,1.736,1.8201333333333334,-0.020316027088036148,-0.10699588477366251,-0.17647058823529416,0.011570168022382891,1370727430.75,417,-0.0862188823917383,7,True,False,False,True,True,False,False,False,True,False,True,confirmed_risk_off,False,True,False,True
2024-09-20,588080.SH,0.65,0.7022833333333334,-0.0660919540229884,-0.11444141689373288,-0.16237113402061853,0.011244815385585707,400047903.95,332,-0.10468757517081223,8,True,False,False,True,True,False,False,False,True,False,True,confirmed_risk_off,False,True,False,True
2024-09-20,159995.SZ,0.755,0.8362166666666667,-0.08038976857490854,-0.12107101280558785,-0.1611111111111111,0.014040678703929593,261890650.77815,408,-0.11280653477442078,9,True,False,False,True,True,False,False,False,True,False,True,confirmed_risk_off,False,True,False,True
2024-09-20,159928.SZ,0.67,0.7420833333333333,-0.07330567081604422,-0.1561712846347607,-0.23076923076923073,0.013370145749895748,74159537.24195,417,-0.13794462833416812,,False,False,False,True,False,False,False,False,False,False,True,confirmed_risk_off,False,True,False,True
2024-09-20,515300.SH,1.119,1.1689666666666667,-0.04765957446808511,-0.053299492385786795,-0.017559262510974505,0.00799130572281491,27728980.55,400,-0.043895479243743665,,False,False,False,True,False,False,False,False,False,False,True,confirmed_risk_off,False,True,False,True
2024-09-20,516160.SH,1.594,1.6748166666666668,-0.026267562614538775,-0.09277177006260662,-0.20775347912524844,0.01288393924747962,68350789.1,416,-0.08916642889590785,,False,False,False,True,False,False,False,False,False,False,True,confirmed_risk_off,False,True,False,True
2024-09-27,512880.SH,1.006,0.8066166666666668,0.27503168567807346,0.28644501278772383,0.16570104287369647,0.02443901905308657,1047641961.3,422,0.25773088796105825,1,True,True,True,True,True,True,True,True,False,False,True,risk_on_setup,True,False,True,False
2024-09-27,159915.SZ,1.86,1.5827,0.2391738840772819,0.14180478821362796,0.028761061946902755,0.02862957526782173,2926063190.60305,422,0.15814368130574452,2,True,True,True,True,True,True,True,True,False,False,True,risk_on_setup,True,False,True,False
2024-09-27,510500.SH,5.34,4.619316666666667,0.20951302378255932,0.10949511739040108,0.02259670624281873,0.02527307699260898,1915668456.55,422,0.1321225977177479,3,True,True,True,True,True,True,True,True,False,False,True,risk_on_setup,True,False,True,False
2024-09-27,510300.SH,3.658,3.2078166666666665,0.1627463445645263,0.11558401951814568,0.08836655757215106,0.02154994199236027,5635710611.95,422,0.129005457147499,4,True,True,False,True,True,True,True,True,False,False,True,risk_on_setup,True,False,True,False
2024-09-27,512100.SH,2.094,1.8178666666666667,0.20414031052328907,0.1061806656101425,-0.022865142323845067,0.02596521791115827,1877235408.45,422,0.11955536198860363,5,True,True,False,True,True,True,True,True,False,False,True,risk_on_setup,True,False,True,False
2024-09-27,159928.SZ,0.849,0.739,0.21982758620689657,0.08706786171574898,-0.03082191780821919,0.03309358365558397,155757873.72904998,422,0.1165937956074144,6,True,True,False,True,True,True,True,True,False,False,True,risk_on_setup,True,False,True,False
2024-09-27,512010.SH,0.363,0.32453333333333334,0.1560509554140126,0.1273291925465838,0.0,0.023254370761322894,427555288.2,422,0.11335205918423857,7,True,False,False,True,True,True,True,True,False,False,True,risk_on_setup,True,False,True,False
2024-09-27,512660.SH,0.909,0.8525166666666666,0.10989010989010994,0.0606767794632439,0.025959367945823875,0.019524518462871857,220132220.65,416,0.07341862933050632,8,True,False,False,True,True,True,True,True,False,False,True,risk_on_setup,True,False,True,False
2024-09-27,159995.SZ,0.884,0.8327333333333333,0.12325285895806859,0.05238095238095242,-0.015590200445434355,0.025827939180182943,346486608.31075,413,0.06713548444652154,9,True,False,False,True,True,True,True,True,False,False,True,risk_on_setup,True,False,True,False
2024-09-27,588080.SH,0.748,0.70015,0.10979228486646875,0.06099290780141842,-0.031088082901554404,0.022804455148504297,430013739.4,337,0.06209646048684399,10,True,False,False,True,True,True,True,True,False,False,True,risk_on_setup,True,False,True,False
2024-09-27,515300.SH,1.243,1.1707166666666666,0.058773424190800894,0.05967604433077578,0.11881188118811892,0.01448454034794061,32603788.5,405,0.07114216364625446,,False,False,False,True,False,True,True,False,False,False,True,risk_on_setup,True,False,True,False
2024-09-27,516160.SH,1.854,1.6749166666666668,0.1416256157635467,0.09574468085106402,-0.10174418604651159,0.022451730304804556,86211050.35,421,0.07459928143654197,,False,False,False,True,False,True,True,False,False,False,True,risk_on_setup,True,False,True,False
2024-10-11,512880.SH,1.116,0.8386666666666667,0.3984962406015038,0.46073298429319376,0.3510895883777241,0.03982917773953586,2305385343.5,427,0.4139096076334238,1,True,True,True,True,True,True,True,True,False,True,False,confirmed_risk_on,True,False,True,False
2024-10-11,588080.SH,0.908,0.7225833333333332,0.3431952662721893,0.2734922861150071,0.22371967654986524,0.06929884779883268,2635067428.15,342,0.29141895626485165,2,True,True,True,True,True,True,True,True,False,True,False,confirmed_risk_on,True,False,True,False
2024-10-11,159915.SZ,2.06,1.6379166666666665,0.3508196721311476,0.27317676143386893,0.19006354708261108,0.07770684129453008,9028298170.49635,427,0.28761128284252885,3,True,True,True,True,True,True,True,True,False,True,False,confirmed_risk_on,True,False,True,False
2024-10-11,159995.SZ,1.056,0.8523833333333334,0.3367088607594937,0.22222222222222232,0.26618705035971235,0.045973879260908436,856468635.0343001,418,0.2768098432646289,4,True,True,False,True,True,True,True,True,False,True,False,confirmed_risk_on,True,False,True,False
2024-10-11,510300.SH,3.766,3.2649666666666666,0.2101542416452442,0.15805658056580585,0.14712153518123672,0.03828723443673372,10479703273.15,427,0.17670863592066738,5,True,True,False,True,True,True,True,True,False,True,False,confirmed_risk_on,True,False,True,False
2024-10-11,512010.SH,0.379,0.33153333333333335,0.18808777429467094,0.18808777429467094,0.07365439093484416,0.044465548540985465,879695711.0,427,0.1652010976227056,6,True,True,False,True,True,True,True,True,False,True,False,confirmed_risk_on,True,False,True,False
2024-10-11,516160.SH,1.976,1.7112,0.1860744297719088,0.2026780279975655,-0.014955134596211228,0.041921724429292304,165152105.1,426,0.1525099561885475,7,True,False,False,True,True,True,True,True,False,True,False,confirmed_risk_on,True,False,True,False
2024-10-11,510500.SH,5.403,4.701516666666667,0.20039991113085964,0.13627760252365917,0.049941702293043067,0.037547186670697154,3647678989.65,427,0.14465934592041613,8,True,False,False,True,True,True,True,True,False,True,False,confirmed_risk_on,True,False,True,False
2024-10-11,512660.SH,0.968,0.8672,0.17761557177615583,0.1442080378250592,0.06490649064906484,0.040799492642388344,506167441.5,421,0.14171074197029898,9,True,False,False,True,True,True,True,True,False,True,False,confirmed_risk_on,True,False,True,False
2024-10-11,512100.SH,2.125,1.8523500000000002,0.1985335589396504,0.14308768154921991,0.01967370441458738,0.042058195578840905,3404591300.95,427,0.14058323707846562,10,True,False,False,True,True,True,True,True,False,True,False,confirmed_risk_on,True,False,True,False
2024-10-11,159928.SZ,0.836,0.7486499999999999,0.18918918918918926,0.1029023746701847,-0.0035756853396901045,0.045828151132924495,490475235.45600003,427,0.11612148847581158,11,True,False,False,True,True,True,True,True,False,True,False,confirmed_risk_on,True,False,True,False
2024-10-11,515300.SH,1.274,1.1801666666666664,0.12843224092116912,0.07329401853411954,0.14981949458483745,0.02639929345770295,43202137.6,410,0.11065440269908296,,False,False,False,True,False,True,True,False,False,True,False,confirmed_risk_on,True,False,True,False
2024-10-18,512880.SH,1.169,0.8665333333333333,0.45398009950248763,0.48727735368956737,0.4050480769230771,0.04287666666272529,2851219853.7,432,0.45751259666143745,1,True,True,True,True,True,True,True,True,False,True,False,confirmed_risk_on,True,False,True,False
2024-10-18,588080.SH,0.999,0.7389166666666667,0.497751124437781,0.36289222373806274,0.3320000000000001,0.07397007161275523,3506832124.6,347,0.41065733927033754,2,True,True,True,True,True,True,True,True,False,True,False,confirmed_risk_on,True,False,True,False
2024-10-18,159995.SZ,1.157,0.8686833333333334,0.48523748395378696,0.2812846068660022,0.38729016786570747,0.05008255641122428,1141560180.8211498,423,0.3840668699010572,3,True,True,True,True,True,True,True,True,False,True,False,confirmed_risk_on,True,False,True,False
2024-10-18,159915.SZ,2.156,1.6718833333333334,0.4109947643979057,0.29645219482862295,0.24050632911392422,0.07977956422703944,11136642532.1357,432,0.3310800495133963,4,True,True,False,True,True,True,True,True,False,True,False,confirmed_risk_on,True,False,True,False
2024-10-18,512660.SH,1.033,0.8790333333333333,0.26593137254901955,0.20396270396270388,0.2081871345029238,0.04182062980998923,703788576.9,426,0.22959505750527415,5,True,True,False,True,True,True,True,True,False,True,False,confirmed_risk_on,True,False,True,False
2024-10-18,512100.SH,2.259,1.8774,0.29307384087006283,0.20737573490112227,0.10464547677261615,0.04313274574601645,4356334694.4,432,0.22110892566299725,6,True,True,False,True,True,True,True,True,False,True,False,confirmed_risk_on,True,False,True,False
2024-10-18,510500.SH,5.584,4.7547,0.259075535512965,0.1686898283800753,0.07570795607782688,0.03880548433201327,4499834982.95,432,0.18624773677278153,7,True,False,False,True,True,True,True,True,False,True,False,confirmed_risk_on,True,False,True,False
2024-10-18,510300.SH,3.805,3.2998833333333333,0.2504107788366743,0.13751868460388628,0.13649940262843496,0.03957033287996977,12502913771.45,432,0.18247166590191122,8,True,False,False,True,True,True,True,True,False,True,False,confirmed_risk_on,True,False,True,False
2024-10-18,516160.SH,1.988,1.7317166666666666,0.21219512195121948,0.15715948777648436,0.014285714285714235,0.043793705873507977,185214726.4,431,0.15059898674822436,9,True,False,False,True,True,True,True,True,False,True,False,confirmed_risk_on,True,False,True,False
2024-10-18,512010.SH,0.376,0.33495,0.19365079365079363,0.12238805970149258,0.07428571428571429,0.04603739476760914,1039318851.5,432,0.14127268419805733,10,True,False,False,True,True,True,True,True,False,True,False,confirmed_risk_on,True,False,True,False
2024-10-18,159928.SZ,0.812,0.7512500000000001,0.17681159420289871,0.021383647798742134,-0.04470588235294104,0.047086840598537426,572994921.5860001,432,0.07033692033006814,11,True,False,False,True,True,True,True,True,False,True,False,confirmed_risk_on,True,False,True,False
2024-10-18,515300.SH,1.282,1.1858,0.17722681359045,0.053410024650780485,0.14771709937332145,0.026773482685349043,52491530.0,415,0.1217981551711565,,False,False,False,True,False,True,True,False,False,True,False,confirmed_risk_on,True,False,True,False
2024-10-25,159995.SZ,1.179,0.8918666666666667,0.5615894039735101,0.341296928327645,0.45915841584158423,0.049802979041604155,1587195353.5191,428,0.4529862160887789,1,True,True,True,True,True,True,True,True,False,True,False,confirmed_risk_on,True,False,True,False
2024-10-25,588080.SH,1.004,0.7605166666666666,0.5446153846153845,0.4022346368715084,0.3622795115332429,0.07357663565074535,4350158112.35,352,0.45119591090140576,2,True,True,True,True,True,True,True,True,False,True,False,confirmed_risk_on,True,False,True,False
2024-10-25,512880.SH,1.147,0.8957166666666667,0.4056372549019609,0.4761904761904763,0.38694074969770265,0.04403234902575375,3267969773.05,437,0.4301192423765154,3,True,True,True,True,True,True,True,True,False,True,False,confirmed_risk_on,True,False,True,False
2024-10-25,159915.SZ,2.196,1.7135833333333332,0.45623342175066317,0.35639283508338493,0.2797202797202798,0.07963331233768445,12477849801.95265,437,0.3809945586776752,4,True,True,False,True,True,True,True,True,False,True,False,confirmed_risk_on,True,False,True,False
2024-10-25,516160.SH,2.198,1.7624833333333332,0.3789209535759095,0.2944640753828034,0.1817204301075268,0.04479629028331961,244076839.1,436,0.3056980976049905,5,True,True,False,True,True,True,True,True,False,True,False,confirmed_risk_on,True,False,True,False
2024-10-25,512100.SH,2.359,1.916383333333333,0.3588709677419355,0.3105555555555555,0.1479318734793187,0.04246314185412006,4732718701.9,437,0.2973569840148601,6,True,True,False,True,True,True,True,True,False,True,False,confirmed_risk_on,True,False,True,False
2024-10-25,512660.SH,1.071,0.8950166666666667,0.35398230088495564,0.22680412371134007,0.2424593967517401,0.04294369662759485,949158173.7,431,0.2808064491888663,7,True,False,False,True,True,True,True,True,False,True,False,confirmed_risk_on,True,False,True,False
2024-10-25,510500.SH,5.754,4.835833333333334,0.3032842582106454,0.2552356020942408,0.12801411487943537,0.038296530985983936,4882682576.6,437,0.24901076709784153,8,True,False,False,True,True,True,True,True,False,True,False,confirmed_risk_on,True,False,True,False
2024-10-25,510300.SH,3.829,3.3404499999999997,0.25008161932745665,0.17166462668298665,0.1560990338164252,0.039641432915261496,13384829371.4,437,0.19991830516746237,9,True,False,False,True,True,True,True,True,False,True,False,confirmed_risk_on,True,False,True,False
2024-10-25,512010.SH,0.382,0.3385666666666667,0.2402597402597404,0.16463414634146334,0.0883190883190883,0.04568349243903178,1236986316.15,437,0.17962137230429917,10,True,False,False,True,True,True,True,True,False,True,False,confirmed_risk_on,True,False,True,False
2024-10-25,159928.SZ,0.83,0.7548499999999999,0.23880597014925353,0.0978835978835979,-0.03600464576074336,0.04614382203406207,646840375.7278001,437,0.1274748980609919,11,True,False,False,True,True,True,True,True,False,True,False,confirmed_risk_on,True,False,True,False
2024-10-25,515300.SH,1.265,1.1901499999999998,0.13047363717604998,0.04892205638474301,0.11159929701230231,0.02738072404314439,53481566.4,420,0.09407813682677767,,False,False,False,True,False,True,True,False,False,True,False,confirmed_risk_on,True,False,True,False
2024-11-01,159995.SZ,1.143,0.9162333333333333,0.2929864253393666,0.26438053097345127,0.4377358490566037,0.04923265761037783,1776931431.5898502,433,0.3104939523364479,1,True,True,True,True,True,True,True,True,False,True,False,confirmed_risk_on,True,False,True,False
2024-11-01,512880.SH,1.153,0.92435,0.14612326043737567,0.370986920332937,0.31771428571428584,0.039941261557506144,3186034083.55,442,0.27038692945098225,2,True,True,True,True,True,True,True,True,False,True,False,confirmed_risk_on,True,False,True,False
2024-11-01,588080.SH,0.95,0.7815333333333333,0.27005347593582885,0.26835781041388507,0.22739018087855278,0.07384189492803189,4775010747.95,357,0.26084255071559614,3,True,True,True,True,True,True,True,True,False,True,False,confirmed_risk_on,True,False,True,False
2024-11-01,159915.SZ,2.084,1.75585,0.12043010752688166,0.25693606755126663,0.12648648648648653,0.07737890334734084,12505343881.48715,442,0.17624376732855662,4,True,True,False,True,True,True,True,True,False,True,False,confirmed_risk_on,True,False,True,False
2024-11-01,516160.SH,2.14,1.7978166666666666,0.15426105717367844,0.2249570692615912,0.07537688442211055,0.043506714950704156,266423433.8,441,0.16676262745853,5,True,True,False,True,True,True,True,True,False,True,False,confirmed_risk_on,True,False,True,False
2024-11-01,512660.SH,1.056,0.9099999999999999,0.16171617161716179,0.14782608695652177,0.18253079507278835,0.04268980791503386,1036472592.7,436,0.1603230624440311,6,True,True,False,True,True,True,True,True,False,True,False,confirmed_risk_on,True,False,True,False
2024-11-01,512100.SH,2.333,1.9605666666666663,0.1141356255969439,0.21827676240208893,0.07067462138595704,0.038259945806121555,4717306999.0,442,0.14709987947680456,7,True,False,False,True,True,True,True,True,False,True,False,confirmed_risk_on,True,False,True,False
2024-11-01,510500.SH,5.793,4.931016666666666,0.08483146067415737,0.20136872666943173,0.07816862088218879,0.031928667591641036,4843396955.0,442,0.1301137991138734,8,True,False,False,True,True,True,True,True,False,True,False,confirmed_risk_on,True,False,True,False
2024-11-01,510300.SH,3.768,3.3846833333333337,0.03007107709130663,0.1428571428571428,0.09566734515847619,0.03532633002934579,12456268217.45,442,0.08830475701107501,9,True,False,False,True,True,True,True,True,False,True,False,confirmed_risk_on,True,False,True,False
2024-11-01,512010.SH,0.371,0.34265,0.02203856749311295,0.11077844311377238,-0.01591511936339529,0.04193789399628273,1268741630.9,442,0.049943780370075075,10,True,False,False,True,True,True,True,True,False,True,False,confirmed_risk_on,True,False,True,False
2024-11-01,159928.SZ,0.83,0.7612833333333333,-0.0223792697290931,0.08072916666666652,-0.07675194660734153,0.036017406536165246,660816512.95445,442,0.007989569453561062,11,True,False,False,True,True,True,True,True,False,True,False,confirmed_risk_on,True,False,True,False
2024-11-01,515300.SH,1.252,1.1952833333333333,0.007240547063555924,0.05298570227081578,0.08586296617519507,0.025382847576865642,54334626.6,425,0.04126309296878769,,False,False,False,True,False,True,True,False,False,True,False,confirmed_risk_on,True,False,True,False
2024-11-08,512880.SH,1.32,0.9629,0.18279569892473102,0.6296296296296295,0.4949037372593432,0.03174229710755451,2848454538.6,447,0.4239508788736129,1,True,True,True,True,True,True,True,True,False,True,False,confirmed_risk_on,True,False,True,False
2024-11-08,159995.SZ,1.274,0.9468833333333334,0.2064393939393938,0.5202863961813844,0.5294117647058825,0.0306023899881717,1569126895.836,438,0.3965726689894878,2,True,True,True,True,True,True,True,True,False,True,False,confirmed_risk_on,True,False,True,False
2024-11-08,588080.SH,1.038,0.8055166666666665,0.14317180616740077,0.457865168539326,0.36041939711664495,0.03378326187284854,3140228684.1,362,0.3124986693060197,3,True,True,True,True,True,True,True,True,False,True,False,confirmed_risk_on,True,False,True,False
2024-11-08,512660.SH,1.185,0.9298666666666666,0.22417355371900838,0.29934210526315796,0.30219780219780223,0.02526570183247049,1003833577.8,441,0.269845824032427,4,True,True,False,True,True,True,True,True,False,True,False,confirmed_risk_on,True,False,True,False
2024-11-08,159915.SZ,2.282,1.80915,0.10776699029126213,0.4361233480176212,0.25868725868725884,0.027702677623753835,7960555748.320498,447,0.26929358706100515,5,True,True,False,True,True,True,True,True,False,True,False,confirmed_risk_on,True,False,True,False
2024-11-08,512100.SH,2.529,2.0122,0.1901176470588235,0.3692474282620466,0.17573221757322188,0.019099741083608485,3504687257.35,447,0.25889247364299245,6,True,True,False,True,True,True,True,True,False,True,False,confirmed_risk_on,True,False,True,False
2024-11-08,510500.SH,6.173,5.046566666666667,0.1425134184712198,0.32184154175588864,0.15426327599102474,0.015754548944229094,3353454787.3,447,0.21659463928904832,7,True,False,False,True,True,True,True,True,False,True,False,confirmed_risk_on,True,False,True,False
2024-11-08,516160.SH,2.23,1.8396666666666666,0.12854251012145745,0.2980209545983703,0.1377551020408163,0.02448785759176258,233498903.8,446,0.19817640629609437,8,True,False,False,True,True,True,True,True,False,True,False,confirmed_risk_on,True,False,True,False
2024-11-08,510300.SH,3.983,3.4442666666666666,0.05762081784386619,0.24858934169279,0.15852239674229196,0.016896116493139622,8974902988.15,447,0.1541885431631209,9,True,False,False,True,True,True,True,True,False,True,False,confirmed_risk_on,True,False,True,False
2024-11-08,512010.SH,0.394,0.34693333333333337,0.0395778364116095,0.17261904761904767,0.0478723404255319,0.018447388353742804,1050522286.55,447,0.09445322169736925,10,True,False,False,True,True,True,True,True,False,True,False,confirmed_risk_on,True,False,True,False
2024-11-08,159928.SZ,0.886,0.7705666666666666,0.05980861244019153,0.1673254281949934,-0.008948545861297563,0.021339549855685095,537969155.6366,447,0.08906390708181447,11,True,False,False,True,True,True,True,True,False,True,False,confirmed_risk_on,True,False,True,False
2024-11-08,510880.SH,2.941,2.8691999999999998,0.05829435048578624,-0.005410889414947606,0.03229203229203215,0.01350962671182323,303490041.8,401,0.027611790886741885,12,True,False,False,True,True,True,True,True,False,True,False,confirmed_risk_on,True,False,True,False
2024-11-08,515300.SH,1.284,1.204,0.007849293563579218,0.10214592274678114,0.11652173913043495,0.012009255277545627,48297397.95,430,0.06730243435023114,,False,False,False,True,False,True,True,False,False,True,False,confirmed_risk_on,True,False,True,False
2024-11-15,159995.SZ,1.221,0.9849833333333333,0.05531547104580814,0.4605263157894739,0.48179611650485454,0.028339262347731337,1637199266.88605,443,0.30269593803508377,1,True,True,True,True,True,True,True,True,False,True,False,confirmed_risk_on,True,False,True,False
2024-11-15,512880.SH,1.215,1.0017333333333334,0.03934987168520099,0.5037128712871286,0.4030023094688222,0.029414446977403443,2755300823.35,452,0.2978255590826963,2,True,True,True,True,True,True,True,True,False,True,False,confirmed_risk_on,True,False,True,False
2024-11-15,588080.SH,0.998,0.8338,-0.0010010010010009784,0.41359773371104813,0.3288948069241011,0.022952755676408917,2787937612.9,367,0.2308176544688391,3,True,True,True,True,True,True,True,True,False,True,False,confirmed_risk_on,True,False,True,False
2024-11-15,159915.SZ,2.204,1.8710499999999999,0.02226345083487935,0.41736334405144704,0.2123212321232124,0.02307483981886113,6989860678.45455,452,0.21831496437917308,4,True,True,False,True,True,True,True,True,False,True,False,confirmed_risk_on,True,False,True,False
2024-11-15,512100.SH,2.411,2.0696,0.06728640991589208,0.33278054173576566,0.12296227293898476,0.018359352675778033,3096972903.85,452,0.18461923524846005,5,True,True,False,True,True,True,True,True,False,True,False,confirmed_risk_on,True,False,True,False
2024-11-15,516160.SH,2.168,1.88825,0.0905432595573441,0.30132052821128474,0.12273433454168825,0.023873050269341136,258708000.9,451,0.1812923820157892,6,True,True,False,True,True,True,True,True,False,True,False,confirmed_risk_on,True,False,True,False
2024-11-15,512660.SH,1.084,0.9532333333333333,0.04937076476282698,0.25462962962962976,0.1859956236323852,0.02861649387928618,1029778881.9,446,0.15879928248345976,7,True,False,False,True,True,True,True,True,False,True,False,confirmed_risk_on,True,False,True,False
2024-11-15,510500.SH,5.868,5.169883333333334,0.05085959885386826,0.2801047120418849,0.10073157006190203,0.014711433009517137,3040495880.05,452,0.1525320383706817,8,True,False,False,True,True,True,True,True,False,True,False,confirmed_risk_on,True,False,True,False
2024-11-15,510300.SH,3.844,3.507716666666667,0.010249671484888312,0.21684077239632793,0.11066165848020804,0.013567334335617123,8057629469.6,452,0.11296850924852811,9,True,False,False,True,True,True,True,True,False,True,False,confirmed_risk_on,True,False,True,False
2024-11-15,512010.SH,0.38,0.3519333333333333,0.010638297872340496,0.15853658536585358,0.041095890410958846,0.015715811164777462,1137678405.4,452,0.07588913137746942,10,True,False,False,True,True,True,True,True,False,True,False,confirmed_risk_on,True,False,True,False
2024-11-15,159928.SZ,0.848,0.7791333333333335,0.04433497536945796,0.13217623497997333,-0.06813186813186822,0.018962438163650987,630724566.9816,452,0.05697811051339888,11,True,False,False,True,True,True,True,True,False,True,False,confirmed_risk_on,True,False,True,False
2024-11-15,510880.SH,2.885,2.8646000000000003,0.04870956015994188,-0.011986301369863117,0.004526462395543218,0.01351602816116806,369540294.95,406,0.015594595995140147,12,True,False,False,True,True,True,True,True,False,True,False,confirmed_risk_on,True,False,True,False
2024-11-15,515300.SH,1.264,1.2128166666666667,-0.01404056162246492,0.09153713298791022,0.08126603934987164,0.009094178785862626,40201995.55,435,0.04725183641615245,,False,False,False,True,False,True,True,False,False,True,False,confirmed_risk_on,True,False,True,False
2024-11-15,530880.SH,0.961,,,,,,,4,0.0,,False,False,False,False,False,False,False,False,False,True,False,confirmed_risk_on,True,False,True,False
2024-11-22,512880.SH,1.178,1.0353833333333333,0.027027027027026973,0.4724999999999999,0.4023809523809523,0.03119203359813006,2711436340.8,457,0.28028700128700124,1,True,True,True,True,True,True,True,True,False,True,False,confirmed_risk_on,True,False,True,False
2024-11-22,159995.SZ,1.18,1.0167166666666667,0.0008481764206953457,0.43727161997563946,0.44254278728606367,0.029633482891521026,1405313774.0358,448,0.2637564760157467,2,True,True,True,True,True,True,True,True,False,True,False,confirmed_risk_on,True,False,True,False
2024-11-22,588080.SH,0.982,0.8584666666666667,-0.021912350597609542,0.4109195402298851,0.33062330623306235,0.025207240409391724,2249932527.3,372,0.2217275370995227,3,True,True,True,True,True,True,True,True,False,True,False,confirmed_risk_on,True,False,True,False
2024-11-22,159915.SZ,2.136,1.9242666666666666,-0.02732240437158473,0.39699149771092235,0.20746184284906732,0.025104770414704304,6427921904.0863,457,0.18936000590554852,4,True,True,False,True,True,True,True,True,False,True,False,confirmed_risk_on,True,False,True,False
2024-11-22,512100.SH,2.369,2.1204666666666667,0.004239084357778866,0.33690744920993243,0.14113680154142583,0.02136419775722285,2892649408.5,457,0.1646859737353697,5,True,True,False,True,True,True,True,True,False,True,False,confirmed_risk_on,True,False,True,False
2024-11-22,512660.SH,1.054,0.9721333333333334,-0.015873015873015817,0.2637889688249402,0.19096045197740108,0.02676362085778485,884354304.2,451,0.13735847157624997,6,True,True,False,True,True,True,True,True,False,True,False,confirmed_risk_on,True,False,True,False
2024-11-22,516160.SH,2.13,1.932,-0.030937215650591487,0.3011606597434331,0.10822060353798135,0.02034151391000203,216123914.75,456,0.1297334983447329,7,True,False,False,True,True,True,True,True,False,True,False,confirmed_risk_on,True,False,True,False
2024-11-22,510500.SH,5.687,5.275733333333334,-0.011644073687869239,0.2609756097560978,0.0972409801273395,0.017564405187562755,3055229396.7,457,0.11918081045275933,8,True,False,False,True,True,True,True,True,False,True,False,confirmed_risk_on,True,False,True,False
2024-11-22,510300.SH,3.742,3.560416666666667,-0.022721337163750355,0.1778407302486622,0.10123602118893471,0.014905574968302044,7636701724.05,457,0.0822949614717517,9,True,False,False,True,True,True,True,True,False,True,False,confirmed_risk_on,True,False,True,False
2024-11-22,512010.SH,0.371,0.35645,-0.028795811518324665,0.15937500000000004,0.04507042253521121,0.017843787052843313,1076868917.6,457,0.06124575989971239,10,True,False,False,True,True,True,True,True,False,True,False,confirmed_risk_on,True,False,True,False
2024-11-22,159928.SZ,0.813,0.7870833333333334,-0.02048192771084334,0.12448132780082988,-0.07191780821917815,0.019881762031364752,608047780.0898,457,0.027216198392158986,11,True,False,False,True,True,True,True,True,False,True,False,confirmed_risk_on,True,False,True,False
2024-11-22,510880.SH,2.857,2.8637,0.026221264367816133,-0.01584567688597993,0.031780426146623464,0.01515892710966505,454824050.05,411,0.010506320222059173,12,True,False,False,True,True,False,True,False,True,True,False,confirmed_risk_on,True,False,True,False
2024-11-22,515300.SH,1.246,1.22025,-0.015019762845849716,0.06042553191489364,0.06042553191489364,0.010381204786744857,46182709.4,440,0.030247414010596302,,False,False,False,True,False,True,True,False,False,True,False,confirmed_risk_on,True,False,True,False
2024-11-22,530880.SH,0.957,,,,,,,9,0.0,,False,False,False,False,False,False,False,False,False,True,False,confirmed_risk_on,True,False,True,False
2024-11-29,512880.SH,1.216,1.0683,0.05464006938421506,0.541191381495564,0.45803357314148685,0.031425638770799666,2672435282.65,462,0.329939294980209,1,True,True,True,True,True,True,True,True,False,True,False,confirmed_risk_on,True,False,True,False
2024-11-29,159995.SZ,1.213,1.0487499999999998,0.0612423447069117,0.5412960609911055,0.4406175771971499,0.029413582104641716,1288098672.64155,453,0.32913887771863687,2,True,True,True,True,True,True,True,True,False,True,False,confirmed_risk_on,True,False,True,False
2024-11-29,588080.SH,1.019,0.8838,0.07263157894736838,0.5118694362017802,0.3461030383091148,0.025590774738029266,1973655558.55,377,0.3030210137214824,3,True,True,True,True,True,True,True,True,False,True,False,confirmed_risk_on,True,False,True,False
2024-11-29,159915.SZ,2.179,1.977,0.045585412667946246,0.45169886742171883,0.20653377630121805,0.025606773984547318,6205404629.0069,462,0.24022046729610966,4,True,True,False,True,True,True,True,True,False,True,False,confirmed_risk_on,True,False,True,False
2024-11-29,512100.SH,2.435,2.1743499999999996,0.043720531504500615,0.4002300172512938,0.17917675544794198,0.020743971770423978,2686298093.05,462,0.2134155705919062,5,True,True,False,True,True,True,True,True,False,True,False,confirmed_risk_on,True,False,True,False
2024-11-29,512660.SH,1.066,0.9910166666666667,0.009469696969697017,0.30158730158730185,0.17142857142857149,0.027088906190652986,830303088.7,456,0.15870851370851385,6,True,True,False,True,True,True,True,True,False,True,False,confirmed_risk_on,True,False,True,False
2024-11-29,516160.SH,2.16,1.97515,0.009345794392523477,0.3300492610837438,0.10204081632653073,0.020190076138950817,191599452.55,461,0.15616618545581304,7,True,False,False,True,True,True,True,True,False,True,False,confirmed_risk_on,True,False,True,False
2024-11-29,510500.SH,5.791,5.381483333333334,-0.0003452442603141259,0.311664779161948,0.11108979278587894,0.017919056109115976,2626496962.05,462,0.14674577251782933,8,True,False,False,True,True,True,True,True,False,True,False,confirmed_risk_on,True,False,True,False
2024-11-29,510300.SH,3.79,3.60875,0.0058386411889597145,0.2047043865225684,0.11437812408115278,0.015468954678431675,7147897860.3,462,0.1070928359008418,9,True,False,False,True,True,True,True,True,False,True,False,confirmed_risk_on,True,False,True,False
2024-11-29,512010.SH,0.377,0.3612,0.016172506738544534,0.2006369426751593,0.05602240896358546,0.017721129875847504,1014620304.3,462,0.09792826155819863,10,True,False,False,True,True,True,True,True,False,True,False,confirmed_risk_on,True,False,True,False
2024-11-29,159928.SZ,0.828,0.7964333333333333,-0.002409638554216831,0.18965517241379315,-0.052631578947368474,0.018981491921576433,568369561.5477501,462,0.06437189775435684,11,True,False,False,True,True,True,True,True,False,True,False,confirmed_risk_on,True,False,True,False
2024-11-29,510880.SH,2.916,2.8632833333333334,0.039201710620099695,0.010745233968804113,0.04403866809881829,0.014704982921717789,514107233.4,416,0.02878651145532518,12,True,False,False,True,True,True,True,True,False,True,False,confirmed_risk_on,True,False,True,False
2024-11-29,515300.SH,1.257,1.2261333333333335,0.003993610223642197,0.07069846678023839,0.06345177664974622,0.010373334540023774,48610763.0,445,0.04256718613150148,,False,False,False,True,False,True,True,False,False,True,False,confirmed_risk_on,True,False,True,False
2024-11-29,530880.SH,0.966,,,,,,,14,0.0,,False,False,False,False,False,False,False,False,False,True,False,confirmed_risk_on,True,False,True,False
2024-12-06,512880.SH,1.244,1.1040833333333333,-0.05757575757575761,0.5588972431077692,0.5245098039215688,0.01923951599743647,2049014581.75,467,0.3054305549971184,1,True,True,True,True,True,True,True,True,False,True,False,confirmed_risk_on,True,False,True,False
2024-12-06,159995.SZ,1.214,1.0827166666666665,-0.047095761381475754,0.5367088607594936,0.4002306805074971,0.026390040398952142,1120038120.3854,458,0.27589137585270657,2,True,True,True,True,True,True,True,True,False,True,False,confirmed_risk_on,True,False,True,False
2024-12-06,588080.SH,1.026,0.9118333333333334,-0.011560693641618491,0.5177514792899407,0.3500000000000001,0.022976376406156712,1567994749.5,382,0.2724763142593289,3,True,True,True,True,True,True,True,True,False,True,False,confirmed_risk_on,True,False,True,False
2024-12-06,159915.SZ,2.224,2.032966666666667,-0.025416301489921023,0.4583606557377051,0.27596098680436043,0.02152708940019957,5033042584.0407,467,0.22836993905998573,4,True,True,False,True,True,True,True,True,False,True,False,confirmed_risk_on,True,False,True,False
2024-12-06,512100.SH,2.502,2.2326166666666665,-0.01067615658362997,0.41116751269035534,0.23372781065088755,0.01932434625609898,2727638893.2,467,0.20694210457286766,5,True,True,False,True,True,True,True,True,False,True,False,confirmed_risk_on,True,False,True,False
2024-12-06,510500.SH,5.923,5.495416666666667,-0.04049894702737733,0.31592979337924887,0.15728800312622115,0.016208494845311193,2395930510.4,467,0.14162993916599287,6,True,True,False,True,True,True,True,True,False,True,False,confirmed_risk_on,True,False,True,False
2024-12-06,516160.SH,2.15,2.0161,-0.0358744394618834,0.290516206482593,0.15405260332796566,0.0197361907970816,150877701.1,466,0.132667227473877,7,True,False,False,True,True,True,True,True,False,True,False,confirmed_risk_on,True,False,True,False
2024-12-06,512660.SH,1.078,1.0112333333333334,-0.09029535864978899,0.3114355231143553,0.18461538461538463,0.021145000749754804,625699816.55,461,0.12537914270890346,8,True,False,False,True,True,True,True,True,False,True,False,confirmed_risk_on,True,False,True,False
2024-12-06,510300.SH,3.846,3.665516666666667,-0.03439618378106957,0.23586118251928023,0.15287769784172678,0.011387518405934244,5929465291.25,467,0.11116153906362962,9,True,False,False,True,True,True,True,True,False,True,False,confirmed_risk_on,True,False,True,False
2024-12-06,512010.SH,0.382,0.36610000000000004,-0.030456852791878153,0.19749216300940442,0.07909604519774027,0.015787977306977067,865705313.95,467,0.08263333312655857,10,True,False,False,True,True,True,True,True,False,True,False,confirmed_risk_on,True,False,True,False
2024-12-06,159928.SZ,0.833,0.8067666666666666,-0.05981941309255079,0.18492176386913228,-0.004778972520907976,0.010938992295593431,427170971.47069997,467,0.04908514580645101,11,True,False,False,True,True,True,True,True,False,True,False,confirmed_risk_on,True,False,True,False
2024-12-06,510880.SH,3.017,2.8662833333333335,0.025841550493029608,0.010381781647689214,0.0844716031631918,0.00948551013752247,595202780.45,421,0.03138365348892589,12,True,False,False,True,True,True,True,True,False,True,False,confirmed_risk_on,True,False,True,False
2024-12-06,515300.SH,1.282,1.2371,-0.0015576323987539498,0.13551815766164754,0.07731092436974807,0.008694365993414277,50608800.9,450,0.06904639497910706,,False,False,False,True,False,True,True,False,False,True,False,confirmed_risk_on,True,False,True,False
2024-12-06,530880.SH,0.997,,,,,,,19,0.0,,False,False,False,False,False,False,False,False,False,True,False,confirmed_risk_on,True,False,True,False
2024-12-13,512880.SH,1.219,1.1401333333333334,0.003292181069958877,0.5161691542288558,0.4740024183796858,0.018092335295473456,1931781895.55,472,0.30258501779546304,1,True,True,True,True,True,True,True,True,False,True,False,confirmed_risk_on,True,False,True,False
2024-12-13,588080.SH,1.001,0.9409166666666666,0.0030060120240480437,0.500749625187406,0.32407407407407396,0.017474008037906576,1279841343.55,387,0.2663170696993964,2,True,True,True,True,True,True,True,True,False,True,False,confirmed_risk_on,True,False,True,False
2024-12-13,159995.SZ,1.185,1.1173166666666667,-0.029484029484029506,0.521181001283697,0.32996632996633,0.018455268809713883,915565911.31705,463,0.26267205471313304,3,True,True,True,True,True,True,True,True,False,True,False,confirmed_risk_on,True,False,True,False
2024-12-13,512100.SH,2.507,2.2960833333333333,0.03981750311074239,0.4350314825414996,0.24788451966152336,0.017329703790845318,2691416211.15,472,0.2395164981932015,4,True,True,False,True,True,True,True,True,False,True,False,confirmed_risk_on,True,False,True,False
2024-12-13,159915.SZ,2.193,2.0911166666666667,-0.004990925589836714,0.4352094240837696,0.250998288648032,0.018146658577572358,4526097386.7227,472,0.22228705712717955,5,True,True,False,True,True,True,True,True,False,True,False,confirmed_risk_on,True,False,True,False
2024-12-13,510500.SH,5.946,5.6212,0.01329243353783216,0.3406989853438558,0.17254979294024841,0.014083787691455163,2454792429.3,472,0.17610652614072486,6,True,True,False,True,True,True,True,True,False,True,False,confirmed_risk_on,True,False,True,False
2024-12-13,512660.SH,1.071,1.0331,-0.011992619926199377,0.3125,0.19265033407572374,0.016458274052935578,484220957.6,466,0.158733018844665,7,True,False,False,True,True,True,True,True,False,True,False,confirmed_risk_on,True,False,True,False
2024-12-13,510300.SH,3.809,3.7312333333333334,-0.009105098855358928,0.2517252711140321,0.14247150569886036,0.011451725947931476,5766277134.7,472,0.12554237004324134,8,True,False,False,True,True,True,True,True,False,True,False,confirmed_risk_on,True,False,True,False
2024-12-13,516160.SH,2.09,2.0566666666666666,-0.03597785977859791,0.27439024390243905,0.13958560523446017,0.015928551918837915,116720327.6,471,0.12328207469642849,9,True,False,False,True,True,True,True,True,False,True,False,confirmed_risk_on,True,False,True,False
2024-12-13,159928.SZ,0.846,0.8194,-0.002358490566037763,0.22608695652173916,0.04702970297029685,0.013629671535930707,438063107.08085,472,0.09889732697633993,10,True,False,False,True,True,True,True,True,False,True,False,confirmed_risk_on,True,False,True,False
2024-12-13,512010.SH,0.374,0.37145,-0.015789473684210575,0.1873015873015873,0.09677419354838701,0.014954758334052156,747332019.05,472,0.0879596841566281,11,True,False,False,True,True,True,True,True,False,True,False,confirmed_risk_on,True,False,True,False
2024-12-13,510880.SH,3.003,2.87305,0.04090121317157713,0.018656716417910557,0.055165144061841254,0.009021543243957285,640989625.95,426,0.034856200648163325,12,True,False,False,True,True,True,True,True,False,True,False,confirmed_risk_on,True,False,True,False
2024-12-13,515300.SH,1.293,1.25215,0.022943037974683556,0.18732782369145995,0.08746846089150528,0.00813625160163972,51307533.0,455,0.10160203684475846,,False,False,False,True,False,True,True,False,False,True,False,confirmed_risk_on,True,False,True,False
2024-12-13,530880.SH,0.989,,0.02913631633714875,,,0.00869643198225493,20203002.9,24,0.0116545265348595,,False,False,False,False,False,False,True,False,False,True,False,confirmed_risk_on,True,False,True,False
2024-12-20,159995.SZ,1.253,1.1539166666666667,0.061864406779660985,0.6596026490066225,0.4586728754365541,0.016197343674041863,872537689.0720501,468,0.3803213974018242,1,True,True,True,True,True,True,True,True,False,True,False,confirmed_risk_on,True,False,True,False
2024-12-20,588080.SH,1.021,0.9693499999999999,0.03971486761710796,0.5707692307692305,0.3910081743869209,0.014406997266341872,1187578201.4,392,0.3223952742319196,2,True,True,True,True,True,True,True,True,False,True,False,confirmed_risk_on,True,False,True,False
2024-12-20,512880.SH,1.203,1.1728166666666666,0.021222410865874508,0.47426470588235303,0.48518518518518516,0.013707858300854204,1695858005.5,477,0.295231883736328,3,True,True,True,True,True,True,True,True,False,True,False,confirmed_risk_on,True,False,True,False
2024-12-20,512100.SH,2.471,2.3560166666666666,0.043056141831996575,0.4233870967741935,0.2710905349794239,0.013581203139796015,2539961414.6,477,0.2407954024383608,4,True,True,False,True,True,True,True,True,False,True,False,confirmed_risk_on,True,False,True,False
2024-12-20,159915.SZ,2.169,2.145283333333333,0.015449438202247201,0.43832891246684347,0.2766333137139494,0.013698530599196835,3942107517.9792504,477,0.23683800301042618,5,True,True,False,True,True,True,True,True,False,True,False,confirmed_risk_on,True,False,True,False
2024-12-20,512660.SH,1.06,1.0536166666666666,0.005692599620493288,0.34007585335018975,0.22543352601156075,0.01392138799484808,413935026.1,471,0.18339408639058538,6,True,True,False,True,True,True,True,True,False,True,False,confirmed_risk_on,True,False,True,False
2024-12-20,510500.SH,5.856,5.7401,0.029716898188851593,0.32638731596828996,0.19048587111201476,0.01028666617718817,2322115800.55,477,0.18053885988525958,7,True,False,False,True,True,True,True,True,False,True,False,confirmed_risk_on,True,False,True,False
2024-12-20,510300.SH,3.807,3.795016666666667,0.017370390165686755,0.24289911851126345,0.15784671532846728,0.009136076389651745,5345474023.55,477,0.13567714653647356,8,True,False,False,True,True,True,True,True,False,True,False,confirmed_risk_on,True,False,True,False
2024-12-20,510880.SH,2.979,2.8839333333333332,0.04270213510675536,0.028305143251639686,-0.004344919786096191,0.007271530352151372,642796691.95,431,0.02753392738613878,9,True,False,False,True,True,True,True,True,False,True,False,confirmed_risk_on,True,False,True,False
2024-12-20,516160.SH,2.024,2.0925,-0.04976525821596234,0.2697616060225847,0.15196357427433127,0.011293822218519075,102030057.45,476,0.11839125397751521,10,True,False,False,True,True,False,True,False,True,True,False,confirmed_risk_on,True,False,True,False
2024-12-20,159928.SZ,0.826,0.8329666666666667,0.01599015990159902,0.23283582089552235,0.04030226700251882,0.011737488354032963,457931381.5804001,477,0.10759084571935232,11,True,False,False,True,True,False,True,False,True,True,False,confirmed_risk_on,True,False,True,False
2024-12-20,512010.SH,0.368,0.3763833333333333,-0.008086253369272267,0.19480519480519476,0.10179640718562877,0.011274043407480023,660005502.6,477,0.09504685801149476,12,True,False,False,True,True,False,True,False,True,True,False,confirmed_risk_on,True,False,True,False
2024-12-20,515300.SH,1.288,1.26805,0.03370786516853941,0.1510277033065237,0.08967851099830804,0.005407552416671339,56567825.6,460,0.09182992958968686,,False,False,False,True,False,True,True,False,False,True,False,confirmed_risk_on,True,False,True,False
2024-12-20,530880.SH,0.99,,0.034482758620689724,,,0.007314434242989586,14946211.25,29,0.01379310344827589,,False,False,False,False,False,False,True,False,False,True,False,confirmed_risk_on,True,False,True,False
2024-12-27,159995.SZ,1.271,1.1923000000000001,0.047815333882934796,0.43778280542986403,0.513095238095238,0.014094069924376186,920433912.9834,473,0.2968583033441672,1,True,True,True,True,True,True,True,True,False,True,False,confirmed_risk_on,True,False,True,False
2024-12-27,588080.SH,1.03,0.9976833333333333,0.01079489695780178,0.37700534759358284,0.46099290780141855,0.011317762181930188,1132082562.75,397,0.24731867938083757,2,True,True,True,True,True,True,True,True,False,True,False,confirmed_risk_on,True,False,True,False
2024-12-27,512880.SH,1.213,1.1979333333333335,-0.002467105263157854,0.205765407554672,0.551150895140665,0.01187906670758283,1635868119.45,482,0.19154949994473863,3,True,True,True,True,True,True,True,True,False,True,False,confirmed_risk_on,True,False,True,False
2024-12-27,512100.SH,2.429,2.4008666666666665,-0.00246406570841895,0.1599808978032473,0.2831484416270469,0.013762353819642541,2532264487.65,482,0.11963642116334072,4,True,True,False,True,True,True,True,True,False,True,False,confirmed_risk_on,True,False,True,False
2024-12-27,510500.SH,5.838,5.824833333333332,0.008116042134346246,0.09325842696629216,0.21296488676501157,0.009937305313181497,2494519651.45,482,0.08314276499325768,5,True,True,False,True,True,True,True,True,False,True,False,confirmed_risk_on,True,False,True,False
2024-12-27,510300.SH,3.856,3.8385166666666666,0.017414248021108136,0.05412793876435207,0.17596828301311374,0.008058421274908925,5403382440.1,482,0.06381053131680683,6,True,True,False,True,True,True,True,True,False,True,False,confirmed_risk_on,True,False,True,False
2024-12-27,510880.SH,3.03,2.8979166666666667,0.039094650205761194,0.07752489331436707,0.04880581516095539,0.007398513316829031,660238993.0,436,0.05640898044024239,7,True,False,False,True,True,True,True,True,False,True,False,confirmed_risk_on,True,False,True,False
2024-12-27,159915.SZ,2.163,2.1879166666666667,-0.007342817806333168,0.16290322580645156,0.3278084714548801,0.010856313148699524,3535697652.4486,482,0.1277858574910234,8,True,False,False,True,True,False,True,False,True,True,False,confirmed_risk_on,True,False,True,False
2024-12-27,512660.SH,1.07,1.07075,0.0037523452157599557,0.17711771177117708,0.24854142357059517,0.01243744256911526,413982613.35,476,0.12205630750889385,9,True,False,False,True,True,False,True,False,True,True,False,confirmed_risk_on,True,False,True,False
2024-12-27,512010.SH,0.366,0.37961666666666666,-0.02917771883289122,0.008264462809917328,0.1366459627329193,0.010393080938717476,623853895.55,482,0.0189638901373943,10,True,False,False,True,True,False,True,False,True,True,False,confirmed_risk_on,True,False,True,False
2024-12-27,159928.SZ,0.826,0.8395333333333334,-0.0024154589371980784,-0.027090694935217874,0.05761843790012788,0.010995267003081548,464689832.33280003,482,-0.00027877396894080385,11,True,False,False,True,True,False,False,False,True,True,False,confirmed_risk_on,True,False,True,False
2024-12-27,515300.SH,1.32,1.2786666666666666,0.05011933174224348,0.06194690265486713,0.1253196930946292,0.006409501123519731,65361223.55,465,0.0698904323777701,,False,False,False,True,False,True,True,False,False,True,False,confirmed_risk_on,True,False,True,False
2024-12-27,516160.SH,2.014,2.1191833333333334,-0.06759259259259276,0.08629989212513478,0.19030732860520083,0.009321518897413917,96407257.15,481,0.04554438553405697,,False,False,False,True,False,False,True,False,False,True,False,confirmed_risk_on,True,False,True,False
2024-12-27,530880.SH,1.006,,0.04140786749482395,,,0.007370449004214243,16291981.6,34,0.01656314699792958,,False,False,False,False,False,False,True,False,False,True,False,confirmed_risk_on,True,False,True,False
2025-01-03,510880.SH,2.963,2.9130833333333332,-0.0036987222595831204,0.06048675733715103,0.03673897830650796,0.00968993633577832,699636623.4,440,0.03006300969232876,1,True,True,True,True,True,True,True,True,False,False,True,confirmed_risk_off,False,True,False,True
2025-01-03,159995.SZ,1.147,1.2001666666666668,-0.043369474562135135,0.01504424778761071,0.32601156069364157,0.019720009864387284,914106391.76485,477,0.05387222142891855,2,True,True,True,True,True,False,True,False,True,False,True,confirmed_risk_off,False,True,False,True
2025-01-03,512880.SH,1.076,1.1972666666666667,-0.12377850162866444,-0.033243486073674666,0.4102228047182177,0.019275291986095636,1720854064.85,486,0.019235765862707893,3,True,True,True,True,True,False,True,False,True,False,True,confirmed_risk_off,False,True,False,True
2025-01-03,512100.SH,2.212,2.4013333333333335,-0.10590137429264346,-0.00225529995489393,0.18415417558886515,0.015972759991494893,2557217138.55,486,-0.00643183458124192,4,True,True,False,True,True,False,False,False,True,False,True,confirmed_risk_off,False,True,False,True
2025-01-03,510300.SH,3.658,3.824066666666667,-0.03635405690200211,-0.05600000000000005,0.12208588957055211,0.011060805116217334,5925065573.05,486,-0.012524444846690436,5,True,True,False,True,True,False,False,False,True,False,True,confirmed_risk_off,False,True,False,True
2025-01-03,510500.SH,5.37,5.809283333333334,-0.08126603934987164,-0.04719659332860182,0.12272632239180425,0.013458264253169204,2682722973.65,486,-0.026839788593028543,6,True,True,False,True,True,False,False,False,True,False,True,confirmed_risk_off,False,True,False,True
2025-01-03,159915.SZ,1.978,2.1702166666666667,-0.09141019751952228,-0.09015639374425022,0.22098765432098766,0.014694738694307579,3610319408.2813997,486,-0.028429105641311472,7,True,False,False,True,True,False,False,False,True,False,True,confirmed_risk_off,False,True,False,True
2025-01-03,512660.SH,0.966,1.0696333333333332,-0.09550561797752821,-0.05386875612144948,0.14049586776859502,0.016699231394567787,429395382.1,480,-0.03165057608587207,8,True,False,False,True,True,False,False,False,True,False,True,confirmed_risk_off,False,True,False,True
2025-01-03,159928.SZ,0.791,0.8341333333333333,-0.041212121212121144,-0.07916181606519201,0.04629629629629628,0.011765402368080373,464681613.40564996,486,-0.03889031565166601,9,True,False,False,True,True,False,False,False,True,False,True,confirmed_risk_off,False,True,False,True
2025-01-03,516160.SH,1.883,2.1082833333333335,-0.11513157894736847,-0.095581171950048,0.14607425441265987,0.010932833464168434,100503520.8,485,-0.05507024947643463,10,True,False,False,True,True,False,False,False,True,False,True,confirmed_risk_off,False,True,False,True
2025-01-03,512010.SH,0.348,0.37608333333333327,-0.06702412868632712,-0.13000000000000012,0.09090909090909083,0.011567309883035353,628461194.5,486,-0.06062783329271273,11,True,False,False,True,True,False,False,False,True,False,True,confirmed_risk_off,False,True,False,True
2025-01-03,515300.SH,1.284,1.2789166666666665,0.009433962264151052,-0.008494208494208455,0.07357859531772593,0.008659145904699569,77640859.4,469,0.015091620571522224,,False,False,False,True,False,True,True,False,False,False,True,confirmed_risk_off,False,True,False,True
2025-01-03,530880.SH,0.976,,-0.008130081300813052,,,0.010109089866315531,13299997.05,38,-0.003252032520325221,,False,False,False,False,False,False,False,False,False,False,True,confirmed_risk_off,False,True,False,True
2025-01-10,159995.SZ,1.195,1.2100833333333334,-0.007475083056478371,0.13593155893536113,0.3074398249452954,0.021619791949105745,915004300.3897501,482,0.11287055534061219,1,True,True,True,True,True,False,True,False,True,False,True,confirmed_risk_off,False,True,False,True
2025-01-10,588080.SH,0.961,0.9977166666666667,-0.05133267522211249,0.027807486631015843,0.3310249307479225,0.01885408375450791,1141969232.5,403,0.056794910713145845,2,True,True,True,True,True,False,True,False,True,False,True,confirmed_risk_off,False,True,False,True
2025-01-10,512880.SH,1.054,1.19495,-0.16282764098490854,-0.03125,0.35128205128205137,0.018362541977645943,1450346471.7,491,-0.007374646137553148,3,True,True,True,True,True,False,False,False,True,False,True,confirmed_risk_off,False,True,False,True
2025-01-10,510880.SH,2.866,2.9240333333333335,-0.05723684210526314,0.03765387400434461,-0.020840450973693136,0.009617218319332299,630585611.5,445,-0.012001277435106041,4,True,True,False,True,True,False,False,False,True,False,True,confirmed_risk_off,False,True,False,True
2025-01-10,510300.SH,3.612,3.81705,-0.07526881720430112,-0.010952902519167584,0.08143712574850315,0.010173188976554242,5288138843.9,491,-0.018201262739686853,5,True,True,False,True,True,False,False,False,True,False,True,confirmed_risk_off,False,True,False,True
2025-01-10,512100.SH,2.177,2.4053999999999998,-0.14927706135209073,0.009272137227630983,0.15552016985138017,0.015240270535173975,2376041781.7,491,-0.024897935679507863,6,True,True,False,True,True,False,False,False,True,False,True,confirmed_risk_off,False,True,False,True
2025-01-10,510500.SH,5.306,5.805533333333333,-0.12210456651224344,-0.008038885773041682,0.10243091626843981,0.012412363062051488,2380219806.0,491,-0.03157119766042609,7,True,False,False,True,True,False,False,False,True,False,True,confirmed_risk_off,False,True,False,True
2025-01-10,159915.SZ,1.938,2.164,-0.1379003558718862,-0.028571428571428692,0.16466346153846145,0.013002451402071125,3194160556.58805,491,-0.03365602146963367,8,True,False,False,True,True,False,False,False,True,False,True,confirmed_risk_off,False,True,False,True
2025-01-10,512660.SH,0.967,1.0676666666666668,-0.12010919017288446,-0.02618328298086614,0.11921296296296302,0.01649851355719598,409558023.05,485,-0.034674396668907634,9,True,False,False,True,True,False,False,False,True,False,True,confirmed_risk_off,False,True,False,True
2025-01-10,159928.SZ,0.768,0.8309,-0.11724137931034484,-0.026615969581749055,-0.015384615384615441,0.008554654699650723,340341527.68595004,491,-0.06061986263376065,10,True,False,False,True,True,False,False,False,True,False,True,confirmed_risk_off,False,True,False,True
2025-01-10,512010.SH,0.336,0.37370000000000003,-0.1272727272727272,-0.06666666666666654,0.02752293577981657,0.009424727043645928,561227013.15,491,-0.07207117041979418,11,True,False,False,True,True,False,False,False,True,False,True,confirmed_risk_off,False,True,False,True
2025-01-10,515300.SH,1.261,1.2794166666666666,-0.03223330775134303,0.003980891719745028,0.03700657894736836,0.009033573006015526,84733010.8,474,-0.0038996506231655306,,False,False,False,True,False,False,False,False,False,False,True,confirmed_risk_off,False,True,False,True
2025-01-10,516160.SH,1.833,2.1019666666666668,-0.1434579439252337,-0.029645314981471715,0.0669383003492432,0.010702524770242989,90100774.55,490,-0.05585364349283353,,False,False,False,True,False,False,False,False,False,False,True,confirmed_risk_off,False,True,False,True
2025-01-10,530880.SH,0.95,,-0.05284147557328012,,,0.01045177542196262,8878951.75,43,-0.02113659022931205,,False,False,False,False,False,False,False,False,False,False,True,confirmed_risk_off,False,True,False,True
2025-01-17,159995.SZ,1.22,1.2126833333333333,0.0016420361247948545,0.0418445772843723,0.375422773393461,0.022375475271114102,910971194.9609,487,0.09247920004235906,1,True,True,True,True,True,True,True,True,False,False,True,confirmed_risk_off,False,True,False,True
2025-01-17,588080.SH,0.975,1.0009666666666666,-0.010152284263959421,-0.034653465346534684,0.3193504736129904,0.01998685976811623,1087826062.2,408,0.045947794878400436,2,True,True,True,True,True,False,True,False,True,False,True,confirmed_risk_off,False,True,False,True
2025-01-17,512880.SH,1.094,1.1900499999999998,-0.08681135225375614,-0.03866432337434078,0.3918575063613232,0.020835879910382066,1437103289.45,496,0.028181231021025883,3,True,True,True,True,True,False,True,False,True,False,True,confirmed_risk_off,False,True,False,True
2025-01-17,512100.SH,2.295,2.40225,-0.06173344235486522,-0.00390625,0.25684556407447956,0.018682153464503866,2446832222.4,496,0.025113235872949825,4,True,True,False,True,True,False,True,False,True,False,True,confirmed_risk_off,False,True,False,True
2025-01-17,510500.SH,5.519,5.788366666666667,-0.05561259411362085,-0.02577228596646075,0.18918336565395388,0.0149181130068222,2259757116.65,496,0.005282721098758138,5,True,True,False,True,True,False,True,False,True,False,True,confirmed_risk_off,False,True,False,True
2025-01-17,510880.SH,2.911,2.93455,-0.031925507149983434,0.04599353215954016,-0.011544991511035607,0.010143282707987419,594383674.05,450,0.0033182117016155696,6,True,True,False,True,True,False,True,False,True,False,True,confirmed_risk_off,False,True,False,True
2025-01-17,159915.SZ,2.026,2.151016666666666,-0.06678949792722244,-0.04971857410881819,0.23536585365853657,0.017481891266445084,3352711060.8360996,496,0.00046994191729106405,7,True,False,False,True,True,False,True,False,True,False,True,confirmed_risk_off,False,True,False,True
2025-01-17,510300.SH,3.687,3.804416666666667,-0.03456402199528674,-0.029736842105263173,0.12066869300911853,0.01102926245023185,4961533798.25,496,-0.0015866070383962587,8,True,False,False,True,True,False,False,False,True,False,True,confirmed_risk_off,False,True,False,True
2025-01-17,512660.SH,0.992,1.06095,-0.05523809523809531,-0.06415094339622651,0.14022988505747125,0.0182599724224345,406838451.3,490,-0.019709638442234487,9,True,False,False,True,True,False,False,False,True,False,True,confirmed_risk_off,False,True,False,True
2025-01-17,159928.SZ,0.783,0.8272166666666667,-0.05434782608695643,-0.048602673147023046,0.0235294117647058,0.009593995462788898,269501105.9592,496,-0.03647431734065064,10,True,False,False,True,True,False,False,False,True,False,True,confirmed_risk_off,False,True,False,True
2025-01-17,512010.SH,0.341,0.3706333333333333,-0.07588075880758804,-0.09308510638297862,0.027108433734939874,0.01045558459411837,537504323.0,496,-0.062164659329238696,11,True,False,False,True,True,False,False,False,True,False,True,confirmed_risk_off,False,True,False,True
2025-01-17,515300.SH,1.268,1.27855,-0.020849420849420763,0.0007892659826362891,0.052282157676348584,0.009817299560273303,85099875.25,479,0.0024323695885559264,,False,False,False,True,False,False,True,False,False,False,True,confirmed_risk_off,False,True,False,True
2025-01-17,516160.SH,1.908,2.0881166666666666,-0.06148548942449583,-0.07915057915057921,0.11513734658094665,0.01320520922507276,87126851.75,495,-0.03322695811384069,,False,False,False,True,False,False,False,False,False,False,True,confirmed_risk_off,False,True,False,True
2025-01-17,530880.SH,0.963,,-0.03313253012048201,,,0.01050857589900623,6468578.75,48,-0.013253012048192804,,False,False,False,False,False,False,False,False,False,False,True,confirmed_risk_off,False,True,False,True
2025-01-24,159995.SZ,1.216,1.2162833333333334,-0.050741608118657244,0.025295109612141653,0.39609644087256024,0.02101063110351269,792944206.8186,492,0.06904068877190582,1,True,True,True,True,True,False,True,False,True,False,True,confirmed_risk_off,False,True,False,True
2025-01-24,588080.SH,0.985,1.0002499999999999,-0.03525954946131238,-0.018924302788844605,0.3756983240223464,0.019374877002893885,1047359461.55,412,0.053466123904406485,2,True,True,True,True,True,False,True,False,True,False,True,confirmed_risk_off,False,True,False,True
2025-01-24,159915.SZ,2.084,2.1439333333333335,-0.03785780240073866,-0.01790763430725717,0.30168644597126804,0.01816567569112432,3427590136.30515,501,0.03803111451105527,3,True,True,True,True,True,False,True,False,True,False,True,confirmed_risk_off,False,True,False,True
2025-01-24,512880.SH,1.114,1.1864333333333335,-0.07475083056478393,-0.04459691252144071,0.3977415307402761,0.02057557068462368,1430278536.6,501,0.03180920891356536,4,True,True,False,True,True,False,True,False,True,False,True,confirmed_risk_off,False,True,False,True
2025-01-24,512100.SH,2.339,2.3970166666666666,-0.03546391752577316,-0.027442827442827333,0.2774440196613872,0.017902236650151136,2445732869.35,501,0.03032610594483725,5,True,True,False,True,True,False,True,False,True,False,True,confirmed_risk_off,False,True,False,True
2025-01-24,510300.SH,3.718,3.7962499999999997,-0.037286380113930595,-0.011170212765957421,0.15465838509316754,0.011104191275356386,4619352007.55,501,0.011549039866678303,6,True,True,False,True,True,False,True,False,True,False,True,confirmed_risk_off,False,True,False,True
2025-01-24,510500.SH,5.59,5.768400000000001,-0.0401785714285714,-0.043954164528818285,0.2102186620480624,0.014517201604028135,2174906486.4,501,0.008390638026656613,7,True,False,False,True,True,False,True,False,True,False,True,confirmed_risk_off,False,True,False,True
2025-01-24,510880.SH,2.924,2.9421833333333334,-0.035301880567469524,0.02921506511791616,-0.009820521503555724,0.010523273968300568,599329973.55,455,-0.00439883048053249,8,True,False,False,True,True,False,False,False,True,False,True,confirmed_risk_off,False,True,False,True
2025-01-24,512010.SH,0.346,0.36789999999999995,-0.05722070844686655,-0.06486486486486487,0.08124999999999982,0.011546074933052637,536124329.55,501,-0.032584229324692605,9,True,False,False,True,True,False,False,False,True,False,True,confirmed_risk_off,False,True,False,True
2025-01-24,159928.SZ,0.773,0.82255,-0.06075334143377875,-0.06075334143377875,0.03897849462365599,0.009777000061025913,241259602.90550002,501,-0.040806974222291806,10,True,False,False,True,True,False,False,False,True,False,True,confirmed_risk_off,False,True,False,True
2025-01-24,512660.SH,0.99,1.0535333333333332,-0.05982905982905973,-0.0892364305427783,0.0915104740904078,0.01780718370290703,378106725.5,495,-0.041324101330653645,11,True,False,False,True,True,False,False,False,True,False,True,confirmed_risk_off,False,True,False,True
2025-01-24,515300.SH,1.266,1.2787333333333335,-0.040909090909090895,0.018503620273531807,0.07197290431837433,0.00931460277569201,98747321.1,484,0.005432392609451232,,False,False,False,True,False,False,True,False,False,False,True,confirmed_risk_off,False,True,False,True
2025-01-24,516160.SH,1.892,2.0656000000000003,-0.06197322756569157,-0.12569316081330884,0.1116333725029377,0.013749991416134677,83469987.8,500,-0.05273988085101262,,False,False,False,True,False,False,False,False,False,False,True,confirmed_risk_off,False,True,False,True
2025-01-24,530880.SH,0.959,,-0.045771144278606846,,,0.011238791645374913,4672381.15,53,-0.018308457711442738,,False,False,False,False,False,False,False,False,False,False,True,confirmed_risk_off,False,True,False,True
2025-02-07,159995.SZ,1.273,1.2193166666666668,0.08803418803418794,0.03244120032441189,0.5082938388625591,0.02027614950875495,796003855.3051001,496,0.14984892311595177,1,True,True,True,True,True,True,True,True,False,False,True,mixed,False,True,True,False
2025-02-07,588080.SH,1.029,1.0016166666666666,-0.008670520231213952,0.051072522982635205,0.4411764705882353,0.021304874541050855,1109940291.9,416,0.10519609521821557,2,True,True,True,True,True,True,True,True,False,False,True,mixed,False,True,True,False
2025-02-07,512100.SH,2.414,2.3924000000000003,0.0601668862538427,-0.026220250100847053,0.32419089413055424,0.01707709726247634,2476097992.7,505,0.07841683328730911,3,True,True,True,True,True,True,True,True,False,False,True,mixed,False,True,True,False
2025-02-07,510500.SH,5.769,5.746899999999999,0.051969365426695946,-0.04958813838550247,0.24951267056530213,0.012759116636974531,2167183694.45,505,0.05085502492953782,4,True,True,False,True,True,True,True,True,False,False,True,mixed,False,True,True,False
2025-02-07,159915.SZ,2.131,2.1366333333333336,0.05547300643883091,-0.041385515069725654,0.35215736040609125,0.017582420701806475,3443339907.55935,505,0.07606646862886035,5,True,True,False,True,True,False,True,False,True,False,True,mixed,False,True,True,False
2025-02-07,512880.SH,1.128,1.1786166666666666,0.01989150090415892,-0.10262529832935563,0.38916256157635454,0.01569738030226489,1315990967.85,505,0.04473899334519223,6,True,True,False,True,True,False,True,False,True,False,True,mixed,False,True,True,False
2025-02-07,510300.SH,3.777,3.7871666666666663,0.021362898864250912,-0.031538461538461515,0.18142008132624343,0.00941071695494907,4384657202.5,505,0.032213791195564445,7,True,False,False,True,True,False,True,False,True,False,True,mixed,False,True,True,False
2025-02-07,512660.SH,1.028,1.0463333333333333,0.032128514056224855,-0.11455641688199825,0.16289592760181004,0.0157919604491562,347018973.4,499,-0.0003919756099473523,8,True,False,False,True,True,False,False,False,True,False,True,mixed,False,True,True,False
2025-02-07,512010.SH,0.354,0.36596666666666666,0.008547008547008517,-0.0732984293193718,0.05988023952095789,0.010358603179489641,537926341.75,505,-0.013924520404753737,9,True,False,False,True,True,False,False,False,True,False,True,mixed,False,True,True,False
2025-02-07,510880.SH,2.911,2.9490333333333334,-0.027722110888443563,0.002065404475042998,-0.02348205300234818,0.010152301272356994,581672064.5,459,-0.014959093165829863,10,True,False,False,True,True,False,False,False,True,False,True,mixed,False,True,True,False
2025-02-07,159928.SZ,0.772,0.8173666666666667,-0.03379224030037553,-0.09601873536299765,0.015789473684210575,0.00958906479725906,218922361.24795,505,-0.048766495528507155,11,True,False,False,True,True,False,False,False,True,False,True,mixed,False,True,True,False
2025-02-07,515300.SH,1.272,1.279283333333333,-0.019275250578257408,0.006329113924050667,0.09372312983662945,0.00957553397563564,98553344.85,488,0.013566171305643193,,False,False,False,True,False,False,True,False,False,False,True,mixed,False,True,True,False
2025-02-07,516160.SH,1.963,2.046983333333333,0.022395833333333393,-0.11416967509025278,0.16706302021403108,0.014363983135971642,82604307.3,504,-0.0032969326599615392,,False,False,False,True,False,False,False,False,False,False,True,mixed,False,True,True,False
2025-02-07,530880.SH,0.962,,-0.022357723577235755,,,0.010939703490053052,3579449.55,57,-0.008943089430894302,,False,False,False,False,False,False,False,False,False,False,True,mixed,False,True,True,False
2025-02-14,159995.SZ,1.276,1.2173666666666667,0.06510851419031716,-0.035525321239606944,0.5190476190476192,0.01984731671473267,865101880.1042999,501,0.11564280098980793,1,True,True,True,True,True,True,True,True,False,False,True,risk_on_setup,True,False,True,False
2025-02-14,588080.SH,1.033,1.0054666666666665,0.058401639344262124,-0.006730769230769318,0.4387186629526463,0.016009431148164912,1102667028.65,421,0.10841208063592638,2,True,True,True,True,True,True,True,True,False,False,True,risk_on_setup,True,False,True,False
2025-02-14,512100.SH,2.459,2.38415,0.10467205750224617,-0.03492935635792782,0.34887547997805823,0.015607099559788035,2158631730.6,510,0.09767217645333899,3,True,True,True,True,True,True,True,True,False,False,True,risk_on_setup,True,False,True,False
2025-02-14,159915.SZ,2.174,2.1209666666666664,0.1029934043632672,-0.08347386172006743,0.39091490722968647,0.017526500052389284,3365956657.9011497,510,0.08599079850321721,4,True,True,False,True,True,True,True,True,False,False,True,risk_on_setup,True,False,True,False
2025-02-14,510500.SH,5.891,5.716333333333334,0.09335560504825535,-0.049838709677419435,0.2693385046326222,0.011754137392114606,2103902251.5,510,0.07127445907485881,5,True,True,False,True,True,True,True,True,False,False,True,risk_on_setup,True,False,True,False
2025-02-14,510300.SH,3.823,3.770483333333333,0.045964432284541834,-0.04041164658634544,0.2029578351164254,0.009171504546284502,4352346911.05,510,0.042812681302563646,6,True,True,False,True,True,True,True,True,False,False,True,risk_on_setup,True,False,True,False
2025-02-14,512880.SH,1.133,1.1631666666666665,0.055917986952469745,-0.11897356143079318,0.40920398009950243,0.014523066072602923,1427880244.1,510,0.056618566228571116,7,True,False,False,True,True,False,True,False,True,False,True,risk_on_setup,True,False,True,False
2025-02-14,512660.SH,1.025,1.0340500000000001,0.04698672114402447,-0.12393162393162394,0.18497109826589586,0.013678517173068906,326946481.15,504,0.0062162585381393826,8,True,False,False,True,True,False,True,False,True,False,True,risk_on_setup,True,False,True,False
2025-02-14,510880.SH,2.925,2.9485,0.008968609865470878,0.0058459422283356766,-0.008138351983723258,0.009392547826849278,582262084.2,464,0.004298150440777971,9,True,False,False,True,True,False,True,False,True,False,True,risk_on_setup,True,False,True,False
2025-02-14,512010.SH,0.362,0.3624666666666666,0.061583577712609916,-0.09273182957393489,0.07738095238095233,0.011101501280593265,561882838.45,510,0.0030168897316604805,10,True,False,False,True,True,False,True,False,True,False,True,risk_on_setup,True,False,True,False
2025-02-14,159928.SZ,0.787,0.8083666666666667,0.011568123393316254,-0.09747706422018343,0.026075619295958363,0.010630020874733068,259196376.62695003,510,-0.029148452471555203,11,True,False,False,True,True,False,False,False,True,False,True,risk_on_setup,True,False,True,False
2025-02-14,515300.SH,1.285,1.27915,0.005477308294209671,0.0031225604996096834,0.10300429184549342,0.009027027930036464,95406428.0,493,0.024040805886626427,,False,False,False,True,False,True,True,False,False,False,True,risk_on_setup,True,False,True,False
2025-02-14,516160.SH,1.947,2.0185333333333335,0.03729355354288755,-0.16005176876617777,0.16169451073985686,0.01465905877989924,99477700.6,509,-0.016764383941344718,,False,False,False,True,False,False,False,False,False,False,True,risk_on_setup,True,False,True,False
2025-02-14,530880.SH,0.962,0.9757833333333333,-0.0010384215991692258,-0.0041407867494823725,,0.010197273865215609,3091754.4,62,-0.0020716833394606397,,False,False,False,False,False,False,False,False,False,False,True,risk_on_setup,True,False,True,False
2025-02-21,159995.SZ,1.385,1.2245166666666667,0.15899581589958145,0.12876935615321905,0.6507747318235997,0.023005927144215635,925848033.9438499,506,0.24526101518584015,1,True,True,True,True,True,True,True,True,False,True,False,confirmed_risk_on,True,False,True,False
2025-02-21,588080.SH,1.108,1.0049666666666668,0.12145748987854255,0.06743737957610785,0.5474860335195533,0.020855010698856993,1216734391.05,426,0.1850551544857708,2,True,True,True,True,True,True,True,True,False,True,False,confirmed_risk_on,True,False,True,False
2025-02-21,512100.SH,2.54,2.3890000000000002,0.11501316944688322,0.032940219601464094,0.3994490358126723,0.012848100657520586,2108678756.5,515,0.1390711627818734,3,True,True,True,True,True,True,True,True,False,True,False,confirmed_risk_on,True,False,True,False
2025-02-21,159915.SZ,2.239,2.1184833333333333,0.11393034825870663,0.007197480881691476,0.43617703656189866,0.015032437853719589,3249088064.23265,515,0.135686538968539,4,True,True,False,True,True,True,True,True,False,True,False,confirmed_risk_on,True,False,True,False
2025-02-21,510500.SH,5.992,5.715400000000001,0.0944292237442923,0.01011463250168565,0.30232558139534893,0.010157889383816834,2064067847.3,515,0.10228265877746097,5,True,True,False,True,True,True,True,True,False,True,False,confirmed_risk_on,True,False,True,False
2025-02-21,510300.SH,3.864,3.7678000000000003,0.0517147523135546,0.001814882032667775,0.20448877805486276,0.007149354322587181,4555759604.25,515,0.06230960934946151,6,True,True,False,True,True,True,True,True,False,True,False,confirmed_risk_on,True,False,True,False
2025-02-21,512010.SH,0.373,0.36095,0.09705882352941164,-0.036175710594315236,0.14417177914110435,0.011218797899805486,662606136.25,515,0.05318760100225944,7,True,False,False,True,True,True,True,True,False,True,False,confirmed_risk_on,True,False,True,False
2025-02-21,512660.SH,1.043,1.0286333333333333,0.061037639877924654,-0.046617915904936136,0.22274325908558024,0.01265246530112803,355919518.0,509,0.05031654140631146,8,True,False,False,True,True,True,True,True,False,True,False,confirmed_risk_on,True,False,True,False
2025-02-21,512880.SH,1.141,1.1548333333333334,0.04487179487179471,-0.06857142857142862,0.406905055487053,0.012725697534788225,1648403269.25,515,0.07190115761755705,9,True,False,False,True,True,False,True,False,True,True,False,confirmed_risk_on,True,False,True,False
2025-02-21,515300.SH,1.274,1.27975,0.006319115323854652,0.0031496062992126816,0.08149405772495766,0.007553897230263545,103797047.4,497,0.020086300194218466,10,True,False,False,True,True,False,True,False,True,True,False,confirmed_risk_on,True,False,True,False
2025-02-21,516160.SH,1.963,1.9981833333333334,0.02774869109947642,-0.11176470588235288,0.18538647342995174,0.012362857097641197,116298851.7,514,0.0034708887728397697,11,True,False,False,True,True,False,True,False,True,True,False,confirmed_risk_on,True,False,True,False
2025-02-21,159928.SZ,0.786,0.8033333333333333,0.014193548387096744,-0.06650831353919229,0.05929919137466322,0.00894557834045556,295526618.33485,515,-0.009066067785905574,12,True,False,False,True,True,False,False,False,True,True,False,confirmed_risk_on,True,False,True,False
2025-02-21,510880.SH,2.857,2.946766666666667,-0.02424863387978138,-0.02491467576791806,-0.027569775357385917,0.007849607774712416,635385786.7,469,-0.02517927893055696,13,True,False,False,True,True,False,False,False,True,True,False,confirmed_risk_on,True,False,True,False
2025-02-21,530880.SH,0.951,0.9747333333333332,-0.017561983471074405,-0.02361396303901442,,0.008667308971528231,3291730.6,67,-0.01647037860403553,,False,False,False,False,False,False,False,False,False,True,False,confirmed_risk_on,True,False,True,False
2025-02-28,159995.SZ,1.328,1.2408166666666667,0.09842845326716287,0.11409395973154379,0.6579275905118602,0.025682276832193325,1046395062.5765501,511,0.2165944833018547,1,True,True,True,True,True,True,True,True,False,True,False,confirmed_risk_on,True,False,True,False
2025-02-28,588080.SH,1.09,1.0146333333333333,0.11566018423746183,0.06758080313418224,0.5616045845272208,0.022930560683688733,1380026053.85,431,0.1856173118541018,2,True,True,True,True,True,True,True,True,False,True,False,confirmed_risk_on,True,False,True,False
2025-02-28,512100.SH,2.47,2.400816666666666,0.07766143106457268,0.02574750830564798,0.40580535002845775,0.015655093179242813,2059199563.6,520,0.12252464575377983,3,True,True,True,True,True,True,True,True,False,True,False,confirmed_risk_on,True,False,True,False
2025-02-28,159915.SZ,2.128,2.1220833333333333,0.03703703703703698,-0.017090069284064646,0.40462046204620483,0.017895472010192245,3315100597.35405,520,0.08890287951042991,4,True,True,False,True,True,True,True,True,False,True,False,confirmed_risk_on,True,False,True,False
2025-02-28,510500.SH,5.805,5.731716666666667,0.051249547265483475,0.010795751349468752,0.30156950672645744,0.012705112296848257,2081077033.6,520,0.08513202079127238,5,True,True,False,True,True,True,True,True,False,True,False,confirmed_risk_on,True,False,True,False
2025-02-28,510300.SH,3.783,3.7733166666666667,0.026315789473684292,0.001853813559322015,0.18850141376060314,0.008780798001277592,4906326978.4,520,0.04896812396532316,6,True,True,False,True,True,True,True,True,False,True,False,confirmed_risk_on,True,False,True,False
2025-02-28,512880.SH,1.109,1.1499833333333334,0.0072661217075387086,-0.07274247491638797,0.3949685534591194,0.016297608863819216,1993956928.75,520,0.05280316940828418,7,True,False,False,True,True,False,True,False,True,True,False,confirmed_risk_on,True,False,True,False
2025-02-28,512660.SH,1.006,1.0269333333333333,0.024439918533604832,-0.052730696798493404,0.21939393939393947,0.0144835323956202,385699253.15,514,0.03256247657283247,8,True,False,False,True,True,False,True,False,True,True,False,confirmed_risk_on,True,False,True,False
2025-02-28,516160.SH,1.97,1.9844499999999998,0.053475935828877,-0.0849976776590804,0.2034208918753817,0.012900950343311979,136592060.25,519,0.028075481642994986,9,True,False,False,True,True,False,True,False,True,True,False,confirmed_risk_on,True,False,True,False
2025-02-28,159928.SZ,0.797,0.8006666666666666,0.03506493506493502,-0.036275695284159526,0.1209563994374121,0.009804496187724365,381527757.5502,520,0.02370697579979262,10,True,False,False,True,True,False,True,False,True,True,False,confirmed_risk_on,True,False,True,False
2025-02-28,512010.SH,0.357,0.36013333333333336,0.04081632653061207,-0.05053191489361708,0.1333333333333333,0.013751433406304272,708770887.95,520,0.022780431321464654,11,True,False,False,True,True,False,True,False,True,True,False,confirmed_risk_on,True,False,True,False
2025-02-28,515300.SH,1.264,1.279483333333333,0.0007917656373714888,0.014446227929374,0.07574468085106378,0.008273384830834165,101254639.7,500,0.021244133596910953,12,True,False,False,True,True,False,True,False,True,True,False,confirmed_risk_on,True,False,True,False
2025-02-28,510880.SH,2.867,2.9444999999999997,-0.014437951185974462,-0.012741046831955871,-0.016129032258064613,0.007343420238692627,654794151.4,474,-0.014097405658785058,13,True,False,False,True,True,False,False,False,True,True,False,confirmed_risk_on,True,False,True,False
2025-02-28,530880.SH,0.943,0.9730166666666666,-0.013598326359832602,-0.023809523809523836,,0.007412322950556021,3525508.65,72,-0.014963140067742575,,False,False,False,False,False,False,False,False,False,True,False,confirmed_risk_on,True,False,True,False
2025-03-07,159995.SZ,1.358,1.2522,0.06677140612725863,0.1288445552784705,0.7124842370744011,0.02453841587384178,1051524863.37565,516,0.22074323197717188,1,True,True,True,True,True,True,True,True,False,True,False,confirmed_risk_on,True,False,True,False
2025-03-07,588080.SH,1.122,1.0249833333333334,0.09037900874635585,0.1287726358148895,0.6548672566371683,0.023056578165571707,1350011984.4,436,0.21863410915193182,2,True,True,True,True,True,True,True,True,False,True,False,confirmed_risk_on,True,False,True,False
2025-03-07,512100.SH,2.562,2.40715,0.061309030654515206,0.047852760736196265,0.45238095238095233,0.013967087721858491,1808654610.1,525,0.13414090703247505,3,True,True,True,True,True,True,True,True,False,True,False,confirmed_risk_on,True,False,True,False
2025-03-07,159915.SZ,2.16,2.1207000000000003,0.01360863444392324,-0.004608294930875445,0.43331121433311237,0.015607101985418226,3198459778.4609003,525,0.0902623786718416,4,True,True,False,True,True,True,True,True,False,True,False,confirmed_risk_on,True,False,True,False
2025-03-07,510500.SH,5.951,5.738583333333334,0.03154792858380984,0.021105010295126903,0.3331093189964156,0.011275482631784737,1885437662.4,525,0.08768303935085783,5,True,True,False,True,True,True,True,True,False,True,False,confirmed_risk_on,True,False,True,False
2025-03-07,512660.SH,1.072,1.0253166666666667,0.04280155642023353,0.014191106906338735,0.3201970443349753,0.014235315288800444,462935872.55,519,0.08683647419762397,6,True,True,False,True,True,True,True,True,False,True,False,confirmed_risk_on,True,False,True,False
2025-03-07,510300.SH,3.828,3.773333333333333,0.01350277998411431,0.006573757559821258,0.22652995834668377,0.008072880971133685,4802332908.85,525,0.05333660668691098,7,True,False,False,True,True,True,True,True,False,True,False,confirmed_risk_on,True,False,True,False
2025-03-07,159928.SZ,0.805,0.7978666666666666,0.042746113989637236,-0.02895054282267784,0.14835948644793162,0.009437609799523515,414094335.5552,525,0.03519012575637008,8,True,False,False,True,True,True,True,True,False,True,False,confirmed_risk_on,True,False,True,False
2025-03-07,516160.SH,1.98,1.9709,0.008660213958227247,-0.06998590887740719,0.20731707317073167,0.012505602731212782,151067037.15,524,0.01693313666647436,9,True,False,False,True,True,True,True,True,False,True,False,confirmed_risk_on,True,False,True,False
2025-03-07,512880.SH,1.12,1.1419166666666667,-0.007092198581560072,-0.07742998352553532,0.41235813366960916,0.015479844049904034,2163708284.05,525,0.048662753891083675,10,True,False,False,True,True,False,True,False,True,True,False,confirmed_risk_on,True,False,True,False
2025-03-07,512010.SH,0.358,0.35861666666666664,0.011299435028248705,-0.042780748663101664,0.13291139240506333,0.014134924620272125,698267351.7,525,0.013989753027071485,11,True,False,False,True,True,False,True,False,True,True,False,confirmed_risk_on,True,False,True,False
2025-03-07,510880.SH,2.854,2.937816666666667,-0.019580900034352422,-0.04260315330426023,-0.02126200274348422,0.004733202984464755,611513791.55,479,-0.029126021884141904,12,True,False,False,True,True,False,False,False,True,True,False,confirmed_risk_on,True,False,True,False
2025-03-07,515300.SH,1.271,1.2807999999999997,-0.011664074650077905,0.011137629276054106,0.08262350936967633,0.006619953863933403,97721061.55,505,0.01631412372432575,,False,False,False,True,False,False,True,False,False,True,False,confirmed_risk_on,True,False,True,False
2025-03-07,530880.SH,0.938,0.9704833333333334,-0.02494802494802495,-0.0457782299084436,,0.003934029105164113,3620670.3,77,-0.02829050194258742,,False,False,False,False,False,False,False,False,False,True,False,confirmed_risk_on,True,False,True,False
2025-03-14,159995.SZ,1.328,1.26345,0.040752351097178785,0.11316010058675618,0.7157622739018088,0.02404402254772895,994451473.2253001,521,0.20471743545393575,1,True,True,True,True,True,True,True,True,False,True,False,confirmed_risk_on,True,False,True,False
2025-03-14,588080.SH,1.101,1.0322166666666666,0.06582768635043568,0.08687068114511365,0.6215022091310749,0.022752756986802302,1284417768.5,441,0.18537978882443473,2,True,True,True,True,True,True,True,True,False,True,False,confirmed_risk_on,True,False,True,False
2025-03-14,512100.SH,2.59,2.4133500000000003,0.05327368849125658,0.020086648286727016,0.48679678530424786,0.014222294758894983,1748751700.5,530,0.12670349177204301,3,True,True,True,True,True,True,True,True,False,True,False,confirmed_risk_on,True,False,True,False
2025-03-14,512660.SH,1.095,1.0268000000000002,0.06829268292682933,0.011080332409972415,0.350184956843403,0.013959177459295488,569293713.3,524,0.1017861975034013,4,True,True,False,True,True,True,True,True,False,True,False,confirmed_risk_on,True,False,True,False
2025-03-14,510500.SH,6.036,5.7431,0.02461381768799864,0.008016032064128042,0.3640677966101695,0.011497746903591309,1850707788.15,530,0.08586549922288458,5,True,True,False,True,True,True,True,True,False,True,False,confirmed_risk_on,True,False,True,False
2025-03-14,159915.SZ,2.186,2.116233333333333,0.005519779208831732,-0.014427412082957614,0.4448116325181759,0.01573640227227412,3061260799.1653,530,0.08539927335398483,6,True,True,False,True,True,True,True,True,False,True,False,confirmed_risk_on,True,False,True,False
2025-03-14,159928.SZ,0.845,0.79645,0.07369758576874208,-0.009378663540445475,0.22286541244573077,0.01239137443297542,444509531.67340004,530,0.07030065138046479,7,True,False,False,True,True,True,True,True,False,True,False,confirmed_risk_on,True,False,True,False
2025-03-14,510300.SH,3.895,3.7719333333333336,0.018833376929113355,0.008022774327122173,0.27704918032786896,0.009680245806448553,4790824197.4,530,0.06615229656806801,8,True,False,False,True,True,True,True,True,False,True,False,confirmed_risk_on,True,False,True,False
2025-03-14,512880.SH,1.152,1.1323,0.01676963812886134,-0.07171635777598728,0.42574257425742545,0.016832853746791304,2257567201.6,530,0.06316982699263472,9,True,False,False,True,True,True,True,True,False,True,False,confirmed_risk_on,True,False,True,False
2025-03-14,516160.SH,2.002,1.9583833333333334,0.02824858757062132,-0.05655042412818101,0.23275862068965503,0.0119279246621334,142748648.0,529,0.035230989514907135,10,True,False,False,True,True,True,True,True,False,True,False,confirmed_risk_on,True,False,True,False
2025-03-14,512010.SH,0.366,0.35691666666666666,0.011049723756906049,-0.03937007874015752,0.15822784810126578,0.01416815653193853,676874166.85,530,0.020317427626952572,11,True,False,False,True,True,True,True,True,False,True,False,confirmed_risk_on,True,False,True,False
2025-03-14,510880.SH,2.925,2.9273000000000002,0.0,-0.03592617007251153,-0.0027275826798499603,0.005696126013234891,589067796.15,484,-0.014915984564974605,12,True,False,False,True,True,False,False,False,True,True,False,confirmed_risk_on,True,False,True,False
2025-03-14,515300.SH,1.28,1.2803333333333333,0.002349256068911565,-0.0015600624024960652,0.133746678476528,0.005662710390852828,94395333.4,510,0.0270650131618718,,False,False,False,True,False,False,True,False,False,True,False,confirmed_risk_on,True,False,True,False
2025-03-14,530880.SH,0.956,0.9662666666666665,-0.006237006237006293,-0.044955044955044876,,0.005254597641774083,3249749.1,82,-0.020476820476820472,,False,False,False,False,False,False,False,False,False,True,False,confirmed_risk_on,True,False,True,False
2025-03-21,588080.SH,1.052,1.0374,-0.05054151624548742,0.03036238981390804,0.5867269984917043,0.01737328473550499,1133072439.0,446,0.10927374912570911,1,True,True,True,True,True,True,True,True,False,True,False,confirmed_risk_on,True,False,True,False
2025-03-21,512100.SH,2.521,2.4213666666666662,-0.007480314960629952,0.03362033620336202,0.47340736411455286,0.012942341140664497,1531413435.55,535,0.1051374813200034,2,True,True,True,True,True,True,True,True,False,True,False,confirmed_risk_on,True,False,True,False
2025-03-21,512660.SH,1.077,1.0285333333333333,0.03259827420901251,0.02767175572519065,0.33788819875776377,0.012094260783457822,577167269.3,529,0.09168565172523402,3,True,True,True,True,True,True,True,True,False,True,False,confirmed_risk_on,True,False,True,False
2025-03-21,510500.SH,5.906,5.752933333333333,-0.014352469959946657,0.01373154823206324,0.3471715328467151,0.010318348432619476,1712891823.45,535,0.06918593787818965,4,True,True,False,True,True,True,True,True,False,True,False,confirmed_risk_on,True,False,True,False
2025-03-21,159928.SZ,0.815,0.7954000000000001,0.03689567430025442,-0.02395209580838331,0.2386018237082066,0.013087609045359164,532783079.93320006,535,0.05289779613838976,5,True,True,False,True,True,True,True,True,False,True,False,confirmed_risk_on,True,False,True,False
2025-03-21,510300.SH,3.799,3.775733333333333,-0.016821946169772284,-0.003671649619722106,0.25503799141063754,0.009897334332032721,4531440135.55,535,0.04281015996632975,6,True,True,False,True,True,True,True,True,False,True,False,confirmed_risk_on,True,False,True,False
2025-03-21,516160.SH,1.961,1.9515500000000001,-0.0010188487009679115,-0.04154447702834785,0.2279273638071384,0.01187487526173506,133106487.1,534,0.028560142469701382,7,True,False,False,True,True,True,True,True,False,True,False,confirmed_risk_on,True,False,True,False
2025-03-21,512010.SH,0.36,0.3563,-0.034852546916890104,-0.027027027027027084,0.16504854368932032,0.012798176075613336,620400882.6,535,0.008257879160297191,8,True,False,False,True,True,True,True,True,False,True,False,confirmed_risk_on,True,False,True,False
2025-03-21,159995.SZ,1.263,1.2735166666666666,-0.08808664259927801,0.059563758389261645,0.6817576564580559,0.018192362555237367,907588608.1221001,526,0.12494237760760463,9,True,False,False,True,True,False,True,False,True,True,False,confirmed_risk_on,True,False,True,False
2025-03-21,159915.SZ,2.112,2.1144000000000003,-0.0567217507815988,-0.02131603336422605,0.4042553191489362,0.014056042873672724,2858088108.011,535,0.0496359501714573,10,True,False,False,True,True,False,True,False,True,True,False,confirmed_risk_on,True,False,True,False
2025-03-21,512880.SH,1.111,1.1252166666666665,-0.0262927256792288,-0.07570715474209644,0.37841191066997504,0.015505443312072993,2142501764.9,535,0.034882429965464916,11,True,False,False,True,True,False,True,False,True,True,False,confirmed_risk_on,True,False,True,False
2025-03-21,510880.SH,2.912,2.9183,0.019250962548127415,-0.0443058746307845,0.013574660633484115,0.005131285184006142,517930280.9,489,-0.007307032706366012,12,True,False,False,True,True,False,False,False,True,True,False,confirmed_risk_on,True,False,True,False
2025-03-21,515300.SH,1.272,1.2790666666666666,-0.011655011655011593,-0.016241299303944245,0.16804407713498626,0.005640602905004231,92275583.4,515,0.022450291043414915,,False,False,False,True,False,False,True,False,False,True,False,confirmed_risk_on,True,False,True,False
2025-03-21,530880.SH,0.963,0.9627666666666667,0.012618296529968376,-0.046534653465346576,,0.005495745308866969,2928953.85,87,-0.013566542774151279,,False,False,False,False,False,True,False,False,False,True,False,confirmed_risk_on,True,False,True,False
2025-03-28,512100.SH,2.466,2.4262333333333332,-0.0016194331983805377,0.027072053311120614,0.3497536945812809,0.010174432574369448,1462883640.4,540,0.08013178696135222,1,True,True,True,True,True,True,True,True,False,True,False,confirmed_risk_on,True,False,True,False
2025-03-28,512660.SH,1.04,1.0288333333333335,0.03379721669980129,0.0009624639076035724,0.2484993997599041,0.010359516916298772,578367289.1,534,0.06360375219494277,2,True,True,True,True,True,True,True,True,False,True,False,confirmed_risk_on,True,False,True,False
2025-03-28,510500.SH,5.847,5.7584,0.007235142118863225,0.011766741650804713,0.2547210300429186,0.00776345944604518,1529796356.35,540,0.05854495951645089,3,True,True,True,True,True,True,True,True,False,True,False,confirmed_risk_on,True,False,True,False
2025-03-28,159928.SZ,0.821,0.795,0.030112923462985997,-0.00364077669902918,0.14985994397759095,0.011924363935397891,496934491.63675004,540,0.04056084750110092,4,True,True,False,True,True,True,True,True,False,True,False,confirmed_risk_on,True,False,True,False
2025-03-28,512010.SH,0.366,0.3557666666666667,0.025210084033613578,-0.008130081300813052,0.1366459627329193,0.010778856067984713,596564353.2,540,0.034161193639704074,5,True,True,False,True,True,True,True,True,False,True,False,confirmed_risk_on,True,False,True,False
2025-03-28,510300.SH,3.797,3.7739499999999997,0.0037007665873645124,-0.016576016576016595,0.16365307998774137,0.008595378571459025,4012022556.55,540,0.027580516002087444,6,True,True,False,True,True,True,True,True,False,True,False,confirmed_risk_on,True,False,True,False
2025-03-28,510880.SH,2.939,2.9132833333333332,0.02511335891175448,-0.03354159815850044,0.025828970331588152,0.004458833532885255,481258693.95,494,0.0017944983676192452,7,True,False,False,True,True,True,True,True,False,True,False,confirmed_risk_on,True,False,True,False
2025-03-28,588080.SH,1.041,1.0419666666666667,-0.04495412844036706,0.038922155688622784,0.5917431192660549,0.013931885885063234,868413576.6,451,0.11593583475251328,8,True,False,False,True,True,False,True,False,True,True,False,confirmed_risk_on,True,False,True,False
2025-03-28,159995.SZ,1.237,1.2741166666666668,-0.06852409638554213,-0.019032513877874524,0.581841432225064,0.015337249718029348,734747728.4368,531,0.08134564233964614,9,True,False,False,True,True,False,True,False,True,True,False,confirmed_risk_on,True,False,True,False
2025-03-28,159915.SZ,2.089,2.1092999999999997,-0.018327067669173025,-0.031076066790352574,0.29751552795031055,0.010906721576057153,2499156799.45285,540,0.03974185180625187,10,True,False,False,True,True,False,True,False,True,True,False,confirmed_risk_on,True,False,True,False
2025-03-28,512880.SH,1.107,1.1175166666666667,-0.0018034265103696878,-0.07826810990840971,0.2551020408163265,0.011816623069339094,1760535376.45,540,0.018991793595753537,11,True,False,False,True,True,False,True,False,True,True,False,confirmed_risk_on,True,False,True,False
2025-03-28,516160.SH,1.942,1.9457333333333333,-0.014213197969543123,-0.04193389245189949,0.1538918597742127,0.01044434302583302,116523582.75,539,0.008319535786265497,12,True,False,False,True,True,False,True,False,True,True,False,confirmed_risk_on,True,False,True,False
2025-03-28,515300.SH,1.285,1.2780833333333335,0.01661392405063289,-0.0023291925465839247,0.14834673815907062,0.004151975616092474,89007748.65,520,0.03538324023343371,,False,False,False,True,False,True,True,False,False,True,False,confirmed_risk_on,True,False,True,False
2025-03-28,530880.SH,0.97,0.9608,0.028632025450689325,-0.03865213082259655,,0.005302427305252691,3012467.25,92,-0.004008042148762891,,False,False,False,False,False,True,False,False,False,True,False,confirmed_risk_on,True,False,True,False
2025-04-11,159928.SZ,0.834,0.7982833333333333,0.027093596059113212,0.06786171574903954,0.024570024570024662,0.016146183262205287,658349243.4008,549,0.04289612963726604,1,True,True,True,True,True,True,True,True,False,False,True,confirmed_risk_off,False,True,False,True
2025-04-11,159995.SZ,1.25,1.2730166666666667,-0.03993855606758834,0.046025104602510414,0.1617100371747211,0.027260530779756063,723978572.8329,540,0.03477662684891305,2,True,True,True,True,True,False,True,False,True,False,True,confirmed_risk_off,False,True,False,True
2025-04-11,512660.SH,1.021,1.0274666666666665,-0.06587374199451057,0.05803108808290158,0.020999999999999908,0.02566564346188401,623391218.95,543,0.0010629384353563857,3,True,True,True,True,True,False,True,False,True,False,True,confirmed_risk_off,False,True,False,True
2025-04-11,588080.SH,1.021,1.0416333333333332,-0.05550416281221093,0.04610655737704916,0.01189296333002976,0.023947187972697747,1046879454.3,460,-0.0013804495080587589,4,True,True,False,True,True,False,False,False,True,False,True,confirmed_risk_off,False,True,False,True
2025-04-11,510880.SH,2.88,2.898366666666667,-0.007922838442990021,-0.021406727828746197,0.0245464247598719,0.015257932666835262,565072769.1,503,-0.006822541556720108,5,True,True,False,True,True,False,False,False,True,False,True,confirmed_risk_off,False,True,False,True
2025-04-11,512010.SH,0.349,0.3558333333333333,-0.0196629213483146,0.023460410557184508,-0.05675675675675684,0.019731973785717744,734715927.5,549,-0.009832355667803406,6,True,True,False,True,True,False,False,False,True,False,True,confirmed_risk_off,False,True,False,True
2025-04-11,512100.SH,2.302,2.4300166666666665,-0.0961915979583825,0.03647005853219265,0.06672845227062107,0.024776661949728856,2284855424.2,549,-0.01054292531635173,7,True,False,False,True,True,False,False,False,True,False,True,confirmed_risk_off,False,True,False,True
2025-04-11,510500.SH,5.511,5.756266666666667,-0.07018727855576168,0.022069732937685327,0.020933679140422434,0.02359307988838014,2215846483.5,549,-0.015060282419146052,8,True,False,False,True,True,False,False,False,True,False,True,confirmed_risk_off,False,True,False,True
2025-04-11,510300.SH,3.629,3.759466666666667,-0.04348972061149181,-0.009282009282009285,-0.024462365591397917,0.018221930277181633,5794018967.25,549,-0.026001165075680024,9,True,False,False,True,True,False,False,False,True,False,True,confirmed_risk_off,False,True,False,True
2025-04-11,512880.SH,1.031,1.1033666666666668,-0.07450628366247769,-0.04271123491179207,-0.05151793928242876,0.025185130927935086,1581090125.65,549,-0.057190595286193656,10,True,False,False,True,True,False,False,False,True,False,True,confirmed_risk_off,False,True,False,True
2025-04-11,159915.SZ,1.892,2.0900833333333333,-0.10964705882352943,-0.03861788617886186,-0.07481662591687044,0.029976002959581336,3362764949.4908495,549,-0.07426930318433062,11,True,False,False,True,True,False,False,False,True,False,True,confirmed_risk_off,False,True,False,True
2025-04-11,516160.SH,1.732,1.9224666666666665,-0.11902339776195325,-0.07823310271420969,-0.1149718957588145,0.02381613481788323,100406304.05,548,-0.10189697934222809,12,True,False,False,True,True,False,False,False,True,False,True,confirmed_risk_off,False,True,False,True
2025-04-11,515300.SH,1.268,1.27225,0.002371541501976271,-0.012461059190031154,-0.020849420849420763,0.01058671181509026,98900073.25,529,-0.008205691245106107,,False,False,False,True,False,False,False,False,False,False,True,confirmed_risk_off,False,True,False,True
2025-04-11,530880.SH,0.936,0.9545833333333333,-0.019895287958115127,-0.040983606557376984,,0.01506588958847982,2751544.25,101,-0.02435155780619684,,False,False,False,False,False,False,False,False,False,False,True,confirmed_risk_off,False,True,False,True
2025-04-18,159928.SZ,0.832,0.8029666666666666,0.009708737864077666,0.06666666666666665,0.004830917874396157,0.013155772522028097,595218788.86675,554,0.03151634538717696,1,True,True,True,True,True,True,True,True,False,False,True,confirmed_risk_off,False,True,False,True
2025-04-18,515300.SH,1.296,1.2727833333333334,0.018067556952081842,0.027755749405234065,0.031847133757961776,0.0105043658696863,100986431.3,534,0.02469874929451872,2,True,True,True,True,True,True,True,True,False,False,True,confirmed_risk_off,False,True,False,True
2025-04-18,510880.SH,2.934,2.90245,0.005483207676490798,0.012422360248447228,0.05767844268204758,0.015370538397502543,526423755.05,508,0.018697915706384727,3,True,True,True,True,True,True,True,True,False,False,True,confirmed_risk_off,False,True,False,True
2025-04-18,588080.SH,1.018,1.0456166666666666,-0.053023255813953396,0.02724520686175591,0.1528878822197055,0.023434935450966702,1012391096.15,465,0.020266356863062107,4,True,True,False,True,True,False,True,False,True,False,True,confirmed_risk_off,False,True,False,True
2025-04-18,159995.SZ,1.24,1.2760833333333332,-0.04320987654320996,0.012244897959183598,0.04201680672268915,0.026977833655055947,677711403.43315,545,-0.003982630089072714,5,True,True,False,True,True,False,False,False,True,False,True,confirmed_risk_off,False,True,False,True
2025-04-18,510300.SH,3.662,3.759616666666667,-0.052522639068564136,-0.002723311546841023,-0.043614520762601305,0.01705532687744216,5970627111.55,554,-0.030821284398682328,6,True,True,False,True,True,False,False,False,True,False,True,confirmed_risk_off,False,True,False,True
2025-04-18,512010.SH,0.347,0.3564333333333333,-0.05191256830601099,0.011661807580174877,-0.08923884514435698,0.018265698172516356,649566434.75,554,-0.033948073319205845,7,True,False,False,True,True,False,False,False,True,False,True,confirmed_risk_off,False,True,False,True
2025-04-18,510500.SH,5.488,5.765866666666667,-0.08502834278092697,0.0056807769836908495,-0.03600913402424011,0.02318418019342608,2251219655.1,554,-0.03894085312374247,8,True,False,False,True,True,False,False,False,True,False,True,confirmed_risk_off,False,True,False,True
2025-04-18,512660.SH,0.995,1.0296333333333334,-0.08040665434380778,0.011178861788617933,-0.06220546654099901,0.02575370405916878,609130510.3,548,-0.04013221033027574,9,True,False,False,True,True,False,False,False,True,False,True,confirmed_risk_off,False,True,False,True
2025-04-18,512100.SH,2.291,2.4366499999999998,-0.11029126213592244,0.010141093474426821,-0.009939498703543714,0.024609671281846556,2359408661.95,554,-0.042047967205307,10,True,False,False,True,True,False,False,False,True,False,True,confirmed_risk_off,False,True,False,True
2025-04-18,512880.SH,1.031,1.09935,-0.08761061946902649,-0.05412844036697262,-0.1003490401396161,0.023757891748217755,1286367333.9,554,-0.07676543196232286,11,True,False,False,True,True,False,False,False,True,False,True,confirmed_risk_off,False,True,False,True
2025-04-18,159915.SZ,1.878,2.082133333333333,-0.1297497683039852,-0.06053026513256643,-0.13655172413793104,0.029046456290535712,3284035517.6622996,554,-0.10342235820220687,12,True,False,False,True,True,False,False,False,True,False,True,confirmed_risk_off,False,True,False,True
2025-04-18,516160.SH,1.729,1.9111833333333335,-0.13159216474133606,-0.088560885608856,-0.16311713455953525,0.023362747218914303,85570726.3,553,-0.1206846470519839,,False,False,False,True,False,False,False,False,False,False,True,confirmed_risk_off,False,True,False,True
2025-04-18,530880.SH,0.963,0.9547833333333333,0.009433962264151052,0.0031250000000000444,,0.015453861434210637,3604711.6,106,0.005023584905660439,,False,False,False,False,False,True,True,False,False,False,True,confirmed_risk_off,False,True,False,True
2025-04-25,159928.SZ,0.82,0.8067666666666667,-0.008464328899637219,0.06631989596879051,-0.012048192771084376,0.012953114685819023,593661548.7715499,559,0.02073258827344444,1,True,True,True,True,True,True,True,True,False,False,True,confirmed_risk_off,False,True,False,True
2025-04-25,510880.SH,2.928,2.9049833333333335,-0.009472259810554773,0.023776223776223793,0.04347826086956519,0.015290918801883852,486196486.5,513,0.014417237760180647,2,True,True,True,True,True,True,True,True,False,False,True,confirmed_risk_off,False,True,False,True
2025-04-25,159995.SZ,1.23,1.2780833333333335,-0.019138755980861233,0.0032626427406199365,0.043256997455470625,0.026267528160752753,623745984.99155,550,0.0023009541949976075,3,True,True,True,True,True,False,True,False,True,False,True,confirmed_risk_off,False,True,False,True
2025-04-25,588080.SH,1.013,1.0489333333333333,-0.03431839847473783,0.027383367139959258,0.02323232323232305,0.02296775300415427,929145456.35,470,0.0018724521125531796,4,True,True,False,True,True,False,True,False,True,False,True,confirmed_risk_off,False,True,False,True
2025-04-25,512010.SH,0.351,0.35706666666666664,-0.040983606557377095,0.02631578947368407,-0.07142857142857151,0.017627855547556442,628585698.75,559,-0.020152841119191512,5,True,True,False,True,True,False,False,False,True,False,True,confirmed_risk_off,False,True,False,True
2025-04-25,512100.SH,2.335,2.439783333333333,-0.0630016051364366,0.01345486111111116,-0.00849256900212314,0.025064516441386457,2330247800.1,559,-0.021517211410554807,6,True,True,False,True,True,False,False,False,True,False,True,confirmed_risk_off,False,True,False,True
2025-04-25,510300.SH,3.671,3.7578000000000005,-0.03799790356394128,-0.00108843537414971,-0.03445554971067866,0.016646327681973095,5777411506.5,559,-0.022525645517372128,7,True,False,False,True,True,False,False,False,True,False,True,confirmed_risk_off,False,True,False,True
2025-04-25,510500.SH,5.559,5.768233333333333,-0.056837461825585356,0.002524797114517696,-0.03539823008849552,0.023410546712923228,2210152717.65,559,-0.02880471190212617,8,True,False,False,True,True,False,False,False,True,False,True,confirmed_risk_off,False,True,False,True
2025-04-25,512660.SH,0.998,1.0305333333333333,-0.0486177311725452,0.009100101112234693,-0.07421150278293143,0.026048087264249085,612888067.45,553,-0.03064935258071049,9,True,False,False,True,True,False,False,False,True,False,True,confirmed_risk_off,False,True,False,True
2025-04-25,512880.SH,1.041,1.0942833333333333,-0.05962059620596216,-0.05104831358249773,-0.08362676056338025,0.023809665427215708,1213097617.3,559,-0.06099291602806001,10,True,False,False,True,True,False,False,False,True,False,True,confirmed_risk_off,False,True,False,True
2025-04-25,159915.SZ,1.92,2.0709,-0.08701854493580607,-0.06750849927149116,-0.10070257611241207,0.029471287150981164,3321244735.9098,559,-0.08195133290540131,11,True,False,False,True,True,False,False,False,True,False,True,confirmed_risk_off,False,True,False,True
2025-04-25,515300.SH,1.29,1.2749499999999998,0.0031104199066873672,0.01735015772870674,0.01815311760063154,0.010821915438525283,95917151.0,539,0.011814854574283952,,False,False,False,True,False,True,True,False,False,False,True,confirmed_risk_off,False,True,False,True
2025-04-25,516160.SH,1.755,1.8981999999999999,-0.10413476263399701,-0.06350053361792962,-0.18067226890756305,0.023520239959506858,71278360.95,558,-0.10318857228228326,,False,False,False,True,False,False,False,False,False,False,True,confirmed_risk_off,False,True,False,True
2025-04-25,530880.SH,0.96,0.9551,-0.017400204708290734,0.022364217252396124,,0.01535105036966567,3848216.1,111,0.0019856050176421556,,False,False,False,False,False,True,True,False,False,False,True,confirmed_risk_off,False,True,False,True
2025-05-09,512660.SH,1.047,1.0328333333333333,0.10676532769556024,0.007699711260827691,-0.09193408499566358,0.017708327801860466,664897998.4,560,0.02739919858342246,1,True,True,True,True,True,True,True,True,False,False,True,confirmed_risk_off,False,True,False,True
2025-05-09,510880.SH,2.927,2.904433333333333,0.023426573426573505,0.007920110192837448,-0.01580363147276398,0.005109176430456962,388582777.4,520,0.009377947153211585,2,True,True,True,True,True,True,True,True,False,False,True,confirmed_risk_off,False,True,False,True
2025-05-09,159928.SZ,0.823,0.8125833333333333,-0.008433734939759074,0.06883116883116869,-0.09261300992282262,0.005361362558577098,532081850.90774995,566,0.005636371571999324,3,True,True,True,True,True,True,True,True,False,False,True,confirmed_risk_off,False,True,False,True
2025-05-09,512010.SH,0.358,0.35775,0.04069767441860472,0.0028011204481792618,-0.09823677581863988,0.005753411264680108,464609254.15,566,-0.0022478372170143812,4,True,True,False,True,True,True,False,False,True,False,True,confirmed_risk_off,False,True,False,True
2025-05-09,588080.SH,1.017,1.0515666666666668,0.07505285412262142,-0.029580152671755844,0.07052631578947355,0.012851707496641312,644581086.5,477,0.03229434373824094,5,True,True,False,True,True,False,True,False,True,False,True,confirmed_risk_off,False,True,False,True
2025-05-09,512100.SH,2.396,2.44195,0.10009182736455458,-0.018837018837018937,-0.051840126632370476,0.011597909373813924,1632875323.55,566,0.02213389808454016,6,True,True,False,True,True,False,True,False,True,False,True,confirmed_risk_off,False,True,False,True
2025-05-09,159995.SZ,1.239,1.2803499999999999,0.09743135518157664,-0.03804347826086951,-0.02670856245090325,0.016998828143408015,557673636.10455,557,0.018413438278102198,7,True,False,False,True,True,False,True,False,True,False,True,confirmed_risk_off,False,True,False,True
2025-05-09,510300.SH,3.734,3.7545333333333333,0.06109690252912747,-0.012430573922242782,-0.07505573445627944,0.004816778570779722,3638465176.25,566,0.004455384551497988,8,True,False,False,True,True,False,True,False,True,False,True,confirmed_risk_off,False,True,False,True
2025-05-09,510500.SH,5.658,5.766566666666667,0.0775090458960197,-0.027835051546391765,-0.08594507269789986,0.008848573845457402,1371432486.75,566,0.0026805832002712027,9,True,False,False,True,True,False,True,False,True,False,True,confirmed_risk_off,False,True,False,True
2025-05-09,159915.SZ,1.984,2.055883333333333,0.0997782705099779,-0.07376283846872078,-0.1396357328707719,0.009783082725392606,2624981907.7555,566,-0.017520973757651534,10,True,False,False,True,True,False,False,False,True,False,True,confirmed_risk_off,False,True,False,True
2025-05-09,512880.SH,1.046,1.0868666666666666,0.05337361530715001,-0.07433628318584062,-0.23313782991202348,0.007707729310385041,1057858848.4,566,-0.05501263313388094,11,True,False,False,True,True,False,False,False,True,False,True,confirmed_risk_off,False,True,False,True
2025-05-09,515300.SH,1.307,1.2787666666666666,0.03157063930544601,0.035657686212361206,0.03730158730158717,0.005299474877901625,86385752.75,546,0.034351647667440324,,False,False,False,True,False,True,True,False,False,False,True,confirmed_risk_off,False,True,False,True
2025-05-09,516160.SH,1.799,1.8829500000000001,0.06828978622327786,-0.0774358974358974,-0.19399641577060944,0.008013975718787288,58604828.35,565,-0.04245772763916971,,False,False,False,True,False,False,False,False,False,False,True,confirmed_risk_off,False,True,False,True
2025-05-09,530880.SH,0.956,0.9541166666666665,0.02027748132337237,-0.006237006237006293,,0.006482929609804292,4262966.65,118,0.005616190034546432,,False,False,False,False,False,True,True,False,False,False,True,confirmed_risk_off,False,True,False,True
2025-05-16,510880.SH,2.963,2.90845,0.013684570646596006,0.017513736263736313,0.028105482303955487,0.004916607939130412,360151813.2,525,0.018100419224924027,1,True,True,True,True,True,True,True,True,False,False,True,mixed,True,False,False,True
2025-05-16,159928.SZ,0.823,0.81655,-0.00962695547533099,0.04441624365482233,-0.0407925407925408,0.004852760395634224,372467934.0967,571,0.0057572071132883755,2,True,True,True,True,True,True,True,True,False,False,True,mixed,True,False,False,True
2025-05-16,512010.SH,0.363,0.3580833333333333,0.046109510086455474,-0.0027472527472527375,-0.06201550387596899,0.004884440503520214,422433915.15,571,0.004941802160487296,3,True,True,True,True,True,True,True,True,False,False,True,mixed,True,False,False,True
2025-05-16,512660.SH,1.038,1.0353166666666667,0.032835820895522616,0.012682926829268304,-0.07569011576135354,0.018100947495675722,710124016.05,565,0.0030694759376456594,4,True,True,False,True,True,True,True,True,False,False,True,mixed,True,False,False,True
2025-05-16,510300.SH,3.778,3.7538666666666667,0.03791208791208778,-0.013577023498694496,-0.03450038333759253,0.005376312780020729,3393143694.45,571,0.0028339490978388053,5,True,True,False,True,True,True,True,True,False,False,True,mixed,True,False,False,True
2025-05-16,512100.SH,2.391,2.43805,0.028829604130808928,-0.031983805668016285,-0.03237555645487655,0.010736596153405446,1428812910.95,571,-0.007736791905858255,6,True,True,False,True,True,False,False,False,True,False,True,mixed,True,False,False,True
2025-05-16,510500.SH,5.649,5.75325,0.021149674620390524,-0.03961237674260454,-0.06287325812873257,0.007698762828897636,1272686137.8,571,-0.01995973247463212,7,True,False,False,True,True,False,False,False,True,False,True,mixed,True,False,False,True
2025-05-16,588080.SH,1.003,1.0495666666666665,-0.010848126232741784,-0.04293893129771009,-0.033718689788054035,0.008128978246381549,523226720.95,482,-0.028258560969791558,8,True,False,False,True,True,False,False,False,True,False,True,mixed,True,False,False,True
2025-05-16,159915.SZ,2.008,2.0456666666666665,0.06075013206550439,-0.07974335472043992,-0.12237762237762229,0.011498720637602796,2210795948.9999,571,-0.03207281353749866,9,True,False,False,True,True,False,False,False,True,False,True,mixed,True,False,False,True
2025-05-16,512880.SH,1.067,1.0821166666666668,0.0399610136452242,-0.06321334503950837,-0.15652173913043477,0.011926901029825552,1192730265.4,571,-0.040605280383800624,10,True,False,False,True,True,False,False,False,True,False,True,mixed,True,False,False,True
2025-05-16,159995.SZ,1.212,1.2757,-0.01543460601137292,-0.06553585196607559,-0.050900548159749426,0.009530790097892735,430394073.39495003,562,-0.042568292822929295,11,True,False,False,True,True,False,False,False,True,False,True,mixed,True,False,False,True
2025-05-16,515300.SH,1.319,1.2828000000000002,0.028861154446177872,0.03288958496476124,0.036949685534591215,0.005497444784324053,91202721.95,551,0.03209023287129389,,False,False,False,True,False,True,True,False,False,False,True,mixed,True,False,False,True
2025-05-16,516160.SH,1.829,1.8752833333333332,0.048738532110091715,-0.061570035915854304,-0.18530066815144774,0.009622354581029714,58730740.0,570,-0.042192735152594585,,False,False,False,True,False,False,False,False,False,False,True,mixed,True,False,False,True
2025-05-16,530880.SH,0.971,0.95495,0.018887722980063026,0.009355509355509328,0.013569937369519947,0.006892821241079188,5070514.55,123,0.014011280408132933,,False,False,False,True,False,True,True,False,False,False,True,mixed,True,False,False,True
2025-05-23,510880.SH,2.98,2.9177166666666667,0.015678254942058656,0.04451454609183303,0.016024548244118808,0.005559704848213268,349435119.85,530,0.027282030062380436,1,True,True,True,True,True,True,True,True,False,False,True,confirmed_risk_off,False,True,False,True
2025-05-23,512010.SH,0.37,0.35841666666666666,0.05113636363636376,0.005434782608695565,-0.038961038961038974,0.005429201405313393,441676478.35,576,0.014836250705815936,2,True,True,True,True,True,True,True,True,False,False,True,confirmed_risk_off,False,True,False,True
2025-05-23,510300.SH,3.777,3.75065,0.029997272975184064,-0.01921578810698521,-0.02200932159502844,0.0058960848737634715,2757741621.4,576,-8.927037172614706e-05,3,True,True,True,True,True,True,False,False,True,False,True,confirmed_risk_off,False,True,False,True
2025-05-23,159928.SZ,0.818,0.8195333333333333,-0.013268998793727449,0.03282828282828265,-0.027348394768133222,0.004905653991549856,312636623.38995,576,0.002354034660195436,4,True,True,False,True,True,False,True,False,True,False,True,confirmed_risk_off,False,True,False,True
2025-05-23,512660.SH,1.029,1.0364499999999999,0.022862823061630122,-0.016252390057361454,-0.05855443732845389,0.01791463334377713,744873435.65,570,-0.009066714263983313,5,True,True,False,True,True,False,False,False,True,False,True,confirmed_risk_off,False,True,False,True
2025-05-23,510500.SH,5.6,5.732916666666666,0.008100810081008047,-0.06260462002008715,-0.0551712502108993,0.007276065305070894,1023036968.65,576,-0.03283577401781151,6,True,True,False,True,True,False,False,False,True,False,True,confirmed_risk_off,False,True,False,True
2025-05-23,512100.SH,2.361,2.4300833333333336,0.009405728943993275,-0.07193396226415083,-0.04219066937119664,0.010242769703885818,1218103085.2,576,-0.03344942720230235,7,True,False,False,True,True,False,False,False,True,False,True,confirmed_risk_off,False,True,False,True
2025-05-23,159915.SZ,1.994,2.0305833333333334,0.05002632964718279,-0.10220621341737957,-0.10301394511920825,0.011399917131837828,2050468707.8440502,576,-0.041474742531920364,8,True,False,False,True,True,False,False,False,True,False,True,confirmed_risk_off,False,True,False,True
2025-05-23,588080.SH,0.99,1.0440833333333333,-0.03508771929824561,-0.11131059245960506,-0.008016032064128265,0.007668389237489873,486559798.25,487,-0.06016253111596593,9,True,False,False,True,True,False,False,False,True,False,True,confirmed_risk_off,False,True,False,True
2025-05-23,512880.SH,1.043,1.0767166666666665,0.007729468599033895,-0.08105726872246699,-0.15683104284559435,0.012401245419656872,1170368285.0,576,-0.06069732861849211,10,True,False,False,True,True,False,False,False,True,False,True,confirmed_risk_off,False,True,False,True
2025-05-23,159995.SZ,1.192,1.2654333333333334,-0.0464,-0.1424460431654676,-0.03481781376518234,0.009307758252116787,403481266.9363,567,-0.08250198001922351,11,True,False,False,True,True,False,False,False,True,False,True,confirmed_risk_off,False,True,False,True
2025-05-23,515300.SH,1.33,1.2868166666666667,0.030209140201394424,0.04313725490196085,0.03987490226739654,0.005398011177968225,97439216.9,556,0.03731353849482142,,False,False,False,True,False,True,True,False,False,False,True,confirmed_risk_off,False,True,False,True
2025-05-23,516160.SH,1.816,1.8650166666666668,0.042479908151549894,-0.07864028411973623,-0.17790855590765053,0.009948900527694515,61023431.3,575,-0.05004586156880464,,False,False,False,True,False,False,False,False,False,False,True,confirmed_risk_off,False,True,False,True
2025-05-23,530880.SH,0.978,0.9570666666666666,0.019812304483837417,0.03601694915254239,0.0,0.0071887460591863964,5605350.1,128,0.022331701454551923,,False,False,False,True,False,True,True,False,False,False,True,confirmed_risk_off,False,True,False,True
2025-05-30,515300.SH,1.33,1.2918166666666666,0.027027027027027195,0.0538827258320127,0.06741573033707882,0.005163312004700488,112674833.65,561,0.04584704721103172,1,True,True,True,True,True,True,True,True,False,False,True,mixed,True,False,False,True
2025-05-30,512010.SH,0.373,0.3589666666666666,0.06571428571428584,0.04189944134078205,0.0,0.006520394277743821,444454335.6,581,0.04304549082202716,2,True,True,True,True,True,True,True,True,False,False,True,mixed,True,False,False,True
2025-05-30,512660.SH,1.048,1.0373666666666665,0.057517658930373416,0.036597428288823064,-0.00663507109004724,0.018333528692532654,759133131.65,575,0.03631902066966915,3,True,True,True,True,True,True,True,True,False,False,True,mixed,True,False,False,True
2025-05-30,510880.SH,2.979,2.9264,0.020554984583761593,0.04379817799579544,0.026887280248190315,0.005561936836922557,336207140.75,535,0.031118721081460878,4,True,True,False,True,True,True,True,True,False,False,True,mixed,True,False,False,True
2025-05-30,510300.SH,3.748,3.745033333333333,0.024603608529251142,-0.005835543766578244,0.00026688017080345183,0.006364547952284305,2904375788.55,581,0.00756060193922985,5,True,True,False,True,True,True,True,True,False,False,True,mixed,True,False,False,True
2025-05-30,159928.SZ,0.82,0.8218666666666666,0.006134969325153339,0.03144654088050314,0.003671970624234966,0.004683742827510731,288163829.4998,581,0.015766998207109584,6,True,True,False,True,True,False,True,False,True,False,True,mixed,True,False,False,True
2025-05-30,512100.SH,2.382,2.41825,0.025839793281653867,-0.03445480340494522,-0.005012531328320802,0.010638916875475454,1205850058.5,581,-0.004448510314980701,7,True,False,False,True,True,False,False,False,True,False,True,mixed,True,False,False,True
2025-05-30,510500.SH,5.632,5.709666666666666,0.01734104046242768,-0.031470335339638944,-0.012795793163891345,0.007893864146613395,1093014364.85,581,-0.008210876583662773,8,True,False,False,True,True,False,False,False,True,False,True,mixed,True,False,False,True
2025-05-30,159915.SZ,1.972,2.0130833333333333,0.036258539148712465,-0.08449396471680592,-0.07330827067669177,0.011888218966436194,1917209082.0941002,581,-0.03395582436257574,9,True,False,False,True,True,False,False,False,True,False,True,mixed,True,False,False,True
2025-05-30,588080.SH,0.991,1.03405,-0.02075098814229248,-0.07728119180633153,0.009164969450101923,0.0088700330780898,475065732.6,492,-0.03737987808942922,10,True,False,False,True,True,False,False,False,True,False,True,mixed,True,False,False,True
2025-05-30,512880.SH,1.043,1.06985,0.012621359223300876,-0.056108597285067896,-0.11908783783783783,0.012519974219031157,1137320251.45,581,-0.041212462792274376,11,True,False,False,True,True,False,False,False,True,False,True,mixed,True,False,False,True
2025-05-30,159995.SZ,1.176,1.2506333333333333,-0.0561797752808989,-0.09885057471264369,-0.010101010101010055,0.011133614378439982,402333603.0545,572,-0.06403234201761905,12,True,False,False,True,True,False,False,False,True,False,True,mixed,True,False,False,True
2025-05-30,516160.SH,1.774,1.8476166666666667,0.01778542742398148,-0.12178217821782178,-0.1690866510538641,0.010575926862343125,61972778.3,580,-0.07541603052830895,,False,False,False,True,False,False,False,False,False,False,True,mixed,True,False,False,True
2025-05-30,530880.SH,0.978,0.9596166666666667,0.021943573667711602,0.03821656050955413,0.016632016632016633,0.006666817574588057,5942156.55,133,0.02739045699730962,,False,False,False,True,False,True,True,False,False,False,True,mixed,True,False,False,True
2025-06-06,515300.SH,1.324,1.2954166666666669,0.019245573518090975,0.041699449252557086,0.05330151153540186,0.004645823775192057,119286897.5,565,0.0350383114153396,1,True,True,True,True,True,True,True,True,False,False,True,confirmed_risk_off,False,True,False,True
2025-06-06,512010.SH,0.373,0.3601,0.04481792717086841,0.04189944134078205,-0.002673796791443861,0.007155568368425297,456197599.6,585,0.03415218804637142,2,True,True,True,True,True,True,True,True,False,False,True,confirmed_risk_off,False,True,False,True
2025-06-06,510880.SH,2.981,2.9352166666666673,0.024398625429553178,0.04449894884372796,0.0,0.005240523963680647,313596238.0,539,0.027559029709312455,3,True,True,True,True,True,True,True,True,False,False,True,confirmed_risk_off,False,True,False,True
2025-06-06,510300.SH,3.775,3.7424000000000004,0.009628242845680646,-0.01384535005224663,-0.007362608466999765,0.005832225846010638,2721445340.0,585,-0.003159364576026347,4,True,True,False,True,True,True,False,False,True,False,True,confirmed_risk_off,False,True,False,True
2025-06-06,510500.SH,5.723,5.694599999999999,0.0031551270815073362,-0.038312888590152916,-0.018016472203157274,0.006899568088420574,999936975.9,585,-0.017666399044089686,5,True,True,False,True,True,True,False,False,True,False,True,confirmed_risk_off,False,True,False,True
2025-06-06,512100.SH,2.432,2.4104000000000005,0.0028865979381442752,-0.050741608118657244,-0.005316973415132931,0.009113854700831843,1037378331.2,585,-0.020205398755231776,6,True,True,False,True,True,True,False,False,True,False,True,confirmed_risk_off,False,True,False,True
2025-06-06,512660.SH,1.047,1.0370333333333333,-0.02332089552238814,-0.02332089552238814,-0.009460737937559194,0.015627995432091698,684038874.85,579,-0.02054886400542235,7,True,False,False,True,True,True,False,False,True,False,True,confirmed_risk_off,False,True,False,True
2025-06-06,159915.SZ,2.017,2.00255,0.007996001999000413,-0.06620370370370376,-0.07050691244239637,0.010939666489253937,1648776356.2836,585,-0.03738446317036062,8,True,False,False,True,True,True,False,False,True,False,True,confirmed_risk_off,False,True,False,True
2025-06-06,512880.SH,1.068,1.0661166666666666,0.008498583569405138,-0.046428571428571486,-0.12026359143327836,0.012687159022371825,1142605874.25,585,-0.03922471343032222,9,True,False,False,True,True,True,False,False,True,False,True,confirmed_risk_off,False,True,False,True
2025-06-06,159928.SZ,0.819,0.8235666666666667,-0.0036496350364964014,0.017391304347825987,-0.012062726176115812,0.004799106837516748,260052512.591,585,0.0030841224893086716,10,True,False,False,True,True,False,True,False,True,False,True,confirmed_risk_off,False,True,False,True
2025-06-06,588080.SH,1.007,1.0267833333333334,-0.028929604628736727,-0.10249554367201441,0.013078470824949617,0.00840183688580093,432097674.55,496,-0.049954365155310536,11,True,False,False,True,True,False,False,False,True,False,True,confirmed_risk_off,False,True,False,True
2025-06-06,159995.SZ,1.21,1.2404499999999998,-0.04347826086956519,-0.10898379970544925,0.005818786367414619,0.01120812097822179,375516408.62885,576,-0.05982106695652285,12,True,False,False,True,True,False,False,False,True,False,True,confirmed_risk_off,False,True,False,True
2025-06-06,516160.SH,1.793,1.8345166666666666,-0.010485651214128144,-0.09444444444444444,-0.15782057303898545,0.009305080089250371,57787816.5,584,-0.07353615287122613,,False,False,False,True,False,False,False,False,False,False,True,confirmed_risk_off,False,True,False,True
2025-06-06,530880.SH,0.976,0.9622499999999999,0.02413431269674704,0.04051172707889128,-0.007121057985757906,0.006243315104112633,6358196.65,137,0.02443420431310375,,False,False,False,True,False,True,True,False,False,False,True,confirmed_risk_off,False,True,False,True
2025-06-13,512010.SH,0.377,0.36171666666666663,0.038567493112947604,0.030054644808743092,-0.01049868766404205,0.008678499198447301,493363442.0,590,0.02534911763586787,1,True,True,True,True,True,True,True,True,False,False,True,confirmed_risk_off,False,True,False,True
2025-06-13,515300.SH,1.324,1.3002333333333336,-0.0022607385079125297,0.034375000000000044,0.032761310452418035,0.004162824569106017,141230742.05,570,0.019397966687318614,2,True,True,True,True,True,True,True,True,False,False,True,confirmed_risk_off,False,True,False,True
2025-06-13,510880.SH,2.982,2.9437666666666664,0.0003354579000336422,0.019487179487179596,-0.01713909030982186,0.004527105956452679,262217369.25,544,0.0045012368929209234,3,True,True,True,True,True,True,True,True,False,False,True,confirmed_risk_off,False,True,False,True
2025-06-13,512660.SH,1.056,1.0335666666666665,0.018322082931533368,-0.03561643835616435,-0.024930747922437546,0.008945472465454763,518188917.9,584,-0.011903891754339903,4,True,True,False,True,True,True,False,False,True,False,True,confirmed_risk_off,False,True,False,True
2025-06-13,510300.SH,3.769,3.73845,-0.00815789473684203,-0.03234916559691914,-0.024585921325051663,0.004667689552354868,2618421329.75,590,-0.0211200083985148,5,True,True,False,True,True,True,False,False,True,False,True,confirmed_risk_off,False,True,False,True
2025-06-13,510500.SH,5.714,5.6754,0.009719031631030273,-0.05334658714380369,-0.04575818303273216,0.006146353648273747,970060873.3,590,-0.026602658811655803,6,True,True,False,True,True,True,False,False,True,False,True,confirmed_risk_off,False,True,False,True
2025-06-13,512100.SH,2.418,2.3992999999999998,0.012987012987013102,-0.06640926640926625,-0.04765655769988186,0.008355640419530432,950142149.3,590,-0.030900212908877636,7,True,False,False,True,True,True,False,False,True,False,True,confirmed_risk_off,False,True,False,True
2025-06-13,159915.SZ,2.02,1.9919833333333332,0.003976143141153132,-0.0759377859103385,-0.08926961226330021,0.008640610711457743,1493303509.93985,590,-0.046638579560334195,8,True,False,False,True,True,True,False,False,True,False,True,confirmed_risk_off,False,True,False,True
2025-06-13,512880.SH,1.076,1.0626833333333332,-0.00278035217794248,-0.0659722222222221,-0.1329572925060435,0.009376675939153445,1037579640.65,590,-0.05409248826127453,9,True,False,False,True,True,True,False,False,True,False,True,confirmed_risk_off,False,True,False,True
2025-06-13,159928.SZ,0.798,0.8232333333333333,-0.03971119133573997,-0.0556213017751479,-0.06447831184056263,0.006715492953469785,264401712.54070002,590,-0.05102865961246768,10,True,False,False,True,True,False,False,False,True,False,True,confirmed_risk_off,False,True,False,True
2025-06-13,588080.SH,0.983,1.0176333333333332,-0.025768087215064295,-0.1071752951861944,-0.02961500493583402,0.00788406091504701,413557371.8,501,-0.059100353947670284,11,True,False,False,True,True,False,False,False,True,False,True,confirmed_risk_off,False,True,False,True
2025-06-13,159995.SZ,1.172,1.2278166666666666,-0.03855619360131268,-0.11746987951807242,-0.017602682313495488,0.010259242438939028,370285831.5904,581,-0.06593096571045313,12,True,False,False,True,True,False,False,False,True,False,True,confirmed_risk_off,False,True,False,True
2025-06-13,516160.SH,1.794,1.8196166666666669,-0.018599562363238564,-0.10389610389610382,-0.15457115928369458,0.007588648418044167,51956304.7,589,-0.07991249836047587,,False,False,False,True,False,False,False,False,False,False,True,confirmed_risk_off,False,True,False,True
2025-06-13,530880.SH,0.981,0.9651833333333334,0.0010204081632652073,0.026150627615062705,-0.01998001998001986,0.005114917407837817,6766583.5,142,0.006872410315327194,,False,False,False,True,False,True,True,False,False,False,True,confirmed_risk_off,False,True,False,True
2025-06-20,515300.SH,1.333,1.3044166666666668,-0.005965697240865042,0.047955974842767146,0.030935808197989134,0.0036326850655783497,143310429.25,575,0.022983272680358668,1,True,True,True,True,True,True,True,True,False,False,True,confirmed_risk_off,False,True,False,True
2025-06-20,510880.SH,2.997,2.9494833333333337,-0.0036569148936170803,0.029189560439560447,-0.01640958319658692,0.003998787723291532,247000414.6,549,0.006931141579059964,2,True,True,True,True,True,True,True,True,False,False,True,confirmed_risk_off,False,True,False,True
2025-06-20,512010.SH,0.363,0.36169999999999997,-0.016260162601625994,0.008333333333333304,-0.018918918918918948,0.009689926500972581,503820344.45,595,-0.006954515491100866,3,True,True,True,True,True,True,False,False,True,False,True,confirmed_risk_off,False,True,False,True
2025-06-20,510300.SH,3.755,3.7302166666666667,-0.013399894902785148,-0.01158199526191106,-0.015211119853134059,0.004607718434315137,2558673906.5,595,-0.013034980036505295,4,True,True,False,True,True,True,False,False,True,False,True,confirmed_risk_off,False,True,False,True
2025-06-20,512660.SH,1.034,1.0308666666666668,-0.005769230769230749,-0.03992571959145774,-0.013358778625954248,0.009786807124734597,509858546.05,589,-0.020949735869466246,5,True,True,False,True,True,True,False,False,True,False,True,confirmed_risk_off,False,True,False,True
2025-06-20,512880.SH,1.059,1.0581833333333333,0.0018921475875117721,-0.046804680468046866,-0.11896838602329451,0.010768308322760031,1132114147.2,595,-0.04175869035687294,6,True,True,False,True,True,True,False,False,True,False,True,confirmed_risk_off,False,True,False,True
2025-06-20,159915.SZ,1.988,1.9800833333333332,-0.01388888888888895,-0.058712121212121215,-0.07877664504170523,0.009060884075227212,1393006226.0535998,595,-0.04479573304874511,7,True,False,False,True,True,True,False,False,True,False,True,confirmed_risk_off,False,True,False,True
2025-06-20,510500.SH,5.617,5.648716666666667,-0.005664719419366304,-0.048933288181510326,-0.035873669756264936,0.00647672374089793,1098054879.9,595,-0.02901393699160364,8,True,False,False,True,True,False,False,False,True,False,True,confirmed_risk_off,False,True,False,True
2025-06-20,512100.SH,2.376,2.3856333333333333,-0.006688963210702337,-0.057516858389528025,-0.02583025830258312,0.008558180666725692,971672170.15,595,-0.03084838030060877,9,True,False,False,True,True,False,False,False,True,False,True,confirmed_risk_off,False,True,False,True
2025-06-20,159928.SZ,0.794,0.8200166666666667,-0.03406326034063245,-0.025766871165644023,-0.049101796407185594,0.006607644540565385,254847542.92650002,595,-0.03375241188394771,10,True,False,False,True,True,False,False,False,True,False,True,confirmed_risk_off,False,True,False,True
2025-06-20,159995.SZ,1.165,1.2168666666666668,-0.03559602649006621,-0.07759303246239102,-0.022651006711409294,0.010060099889916348,372413660.57414997,586,-0.049805824923264755,11,True,False,False,True,True,False,False,False,True,False,True,confirmed_risk_off,False,True,False,True
2025-06-20,588080.SH,0.968,1.0087,-0.030060120240480992,-0.07984790874524716,-0.051909892262487656,0.007967805186612067,442400824.15,506,-0.0543451900467888,12,True,False,False,True,True,False,False,False,True,False,True,confirmed_risk_off,False,True,False,True
2025-06-20,516160.SH,1.78,1.8028333333333333,-0.02732240437158473,-0.09229984701682814,-0.13000977517106538,0.007169633223118643,53670524.85,594,-0.07385085558957823,,False,False,False,True,False,False,False,False,False,False,True,confirmed_risk_off,False,True,False,True
2025-06-20,530880.SH,0.985,0.9672166666666666,-0.0010141987829614951,0.022845275181723856,-0.024752475247524774,0.003913615132187854,6400105.7,147,0.0037819355099999903,,False,False,False,True,False,True,True,False,False,False,True,confirmed_risk_off,False,True,False,True
2025-06-27,512660.SH,1.099,1.0331166666666667,0.049665711556829084,0.05673076923076925,0.0577478344562079,0.011110084673216777,611828746.2,594,0.05410815920628091,1,True,True,True,True,True,True,True,True,False,False,True,risk_on_setup,True,False,True,False
2025-06-27,512880.SH,1.138,1.0593166666666667,0.08484270734032417,0.028003613369466995,-0.05245628642797684,0.016676957707206855,1615561119.05,600,0.0346472709983211,2,True,True,True,True,True,True,True,True,False,False,True,risk_on_setup,True,False,True,False
2025-06-27,512100.SH,2.488,2.383666666666667,0.03451143451143457,0.008921330089213253,0.036234902124115065,0.00908890843786593,1032502010.3,600,0.024620086265082143,3,True,True,True,True,True,True,True,True,False,False,True,risk_on_setup,True,False,True,False
2025-06-27,515300.SH,1.332,1.3092833333333334,0.006802721088435382,0.036575875486381415,0.034161490683229934,0.004377835308088888,142404032.95,580,0.024183736766572705,4,True,True,False,True,True,True,True,True,False,False,True,risk_on_setup,True,False,True,False
2025-06-27,159915.SZ,2.101,1.9773833333333333,0.05630970336852692,0.005744375299186144,-0.025510204081632737,0.01153957184718324,1601136492.35245,600,0.01971959065075868,5,True,True,False,True,True,True,True,True,False,False,True,risk_on_setup,True,False,True,False
2025-06-27,510500.SH,5.848,5.6407,0.03230361871138565,0.0001710278775439722,0.01193978196919887,0.00770688772626603,1219354264.3,600,0.015377815029411622,6,True,True,False,True,True,True,True,True,False,False,True,risk_on_setup,True,False,True,False
2025-06-27,510880.SH,3.011,2.955433333333333,0.015514333895446875,0.024498128615175307,-0.009865175928970626,0.0038318956261702846,277030173.45,554,0.01403194981845475,7,True,False,False,True,True,True,True,True,False,False,True,risk_on_setup,True,False,True,False
2025-06-27,510300.SH,3.84,3.7321000000000004,0.022636484687083902,0.011324730050039422,-0.005439005439005551,0.006084340736942959,2973249228.85,600,0.012496684807048221,8,True,False,False,True,True,True,True,True,False,False,True,risk_on_setup,True,False,True,False
2025-06-27,159995.SZ,1.214,1.2128833333333333,0.017602682313495377,-0.01859337105901382,-0.03727200634417127,0.009700029870680601,429586300.15485,591,-0.007850676767041632,9,True,False,False,True,True,True,False,False,True,False,True,risk_on_setup,True,False,True,False
2025-06-27,512010.SH,0.365,0.362,-0.018817204301075252,-0.002732240437158473,-0.01084010840108407,0.00919725629542003,514551056.8,600,-0.010787799575510305,10,True,False,False,True,True,True,False,False,True,False,True,risk_on_setup,True,False,True,False
2025-06-27,588080.SH,0.999,1.0043499999999999,-0.0010000000000000009,-0.040345821325648346,-0.0029940119760478723,0.008928798999705282,517561713.5,511,-0.017137130925468917,11,True,False,False,True,True,False,False,False,True,False,True,risk_on_setup,True,False,True,False
2025-06-27,159928.SZ,0.792,0.81775,-0.03414634146341455,-0.0353227771010961,-0.03883495145631055,0.007040712524838701,247474541.58905,600,-0.03555463771706638,12,True,False,False,True,True,False,False,False,True,False,True,risk_on_setup,True,False,True,False
2025-06-27,516160.SH,1.865,1.7934666666666668,0.04131769960915688,-0.03964984552008233,-0.07992106561420831,0.00910566043981309,65069462.65,599,-0.015317071487211842,,False,False,False,True,False,True,False,False,False,False,True,risk_on_setup,True,False,True,False
2025-06-27,530880.SH,0.99,0.9688333333333332,0.01747173689619741,0.020618556701030855,-0.018830525272547027,0.004534951067338752,6396186.15,152,0.0114700123843819,,False,False,False,True,False,True,True,False,False,False,True,risk_on_setup,True,False,True,False
2025-07-04,512660.SH,1.116,1.0435166666666666,0.0659025787965617,0.2038834951456312,0.12048192771084354,0.015352297717985528,714863709.95,599,0.1320108151190459,1,True,True,True,True,True,True,True,True,False,True,False,confirmed_risk_on,True,False,True,False
2025-07-04,159915.SZ,2.133,1.9881333333333333,0.05751115518096195,0.20169014084507042,0.05646359583952454,0.012192326669056782,1755383982.5649,605,0.11497323757831786,2,True,True,True,True,True,True,True,True,False,True,False,confirmed_risk_on,True,False,True,False
2025-07-04,512880.SH,1.131,1.0648,0.0589887640449438,0.15526046986721154,0.022603978300180794,0.016500226625263435,1729417908.5,605,0.0902204892248983,3,True,True,True,True,True,True,True,True,False,True,False,confirmed_risk_on,True,False,True,False
2025-07-04,512100.SH,2.506,2.3929833333333335,0.030427631578947345,0.14272685818513442,0.10057092665788292,0.009187743125984402,1038131152.7,605,0.0893759812372093,4,True,True,False,True,True,True,True,True,False,True,False,confirmed_risk_on,True,False,True,False
2025-07-04,510500.SH,5.901,5.65855,0.03110256858291116,0.13089306247604449,0.07603938730853388,0.007735147707476936,1212417591.65,605,0.08000612988528905,5,True,True,False,True,True,True,True,True,False,True,False,confirmed_risk_on,True,False,True,False
2025-07-04,510300.SH,3.909,3.746266666666666,0.03549668874172185,0.12198622273249127,0.05705786911844246,0.006142990621367014,3209661901.65,605,0.07440473841337375,6,True,True,False,True,True,True,True,True,False,True,False,confirmed_risk_on,True,False,True,False
2025-07-04,510880.SH,3.079,2.9655833333333335,0.03287487420328761,0.10161001788908774,0.02839011356045429,0.004209696051823,312712229.95,559,0.059471979549040994,7,True,False,False,True,True,True,True,True,False,True,False,confirmed_risk_on,True,False,True,False
2025-07-04,515300.SH,1.361,1.3147166666666665,0.027945619335347338,0.09405144694533751,0.03106060606060601,0.004863715791648557,135689683.4,585,0.05501094772439515,8,True,False,False,True,True,True,True,True,False,True,False,confirmed_risk_on,True,False,True,False
2025-07-04,512010.SH,0.371,0.3625666666666667,-0.00536193029490617,0.08479532163742687,0.056980056980056926,0.00892826307615809,496769536.35,605,0.04316936793301967,9,True,False,False,True,True,True,True,True,False,True,False,confirmed_risk_on,True,False,True,False
2025-07-04,159995.SZ,1.197,1.2124833333333334,-0.01074380165289246,0.06400000000000006,0.023076923076923217,0.010082510373425311,475901488.17775,596,0.025917863954227686,10,True,False,False,True,True,False,True,False,True,True,False,confirmed_risk_on,True,False,True,False
2025-07-04,588080.SH,0.996,1.0033833333333333,-0.010923535253227312,0.060702875399361034,-0.040462427745664775,0.009454570295265459,567196653.3,516,0.011819250509320532,11,True,False,False,True,True,False,True,False,True,True,False,confirmed_risk_on,True,False,True,False
2025-07-04,159928.SZ,0.798,0.8162,-0.02564102564102555,-0.0024999999999999467,-0.0012515644555695093,0.007048081915987325,240889720.15405002,605,-0.0115067231475241,12,True,False,False,True,True,False,False,False,True,True,False,confirmed_risk_on,True,False,True,False
2025-07-04,516160.SH,1.913,1.7977500000000002,0.06692693809258232,0.13396561944279783,-0.003645833333333237,0.009666606041087421,82500698.25,604,0.07962785634748543,,False,False,False,True,False,True,True,False,False,True,False,confirmed_risk_on,True,False,True,False
2025-07-04,530880.SH,1.013,0.9721333333333333,0.03790983606557363,0.10228509249183881,0.029471544715446996,0.004634735576485793,6727890.65,157,0.06197228036605438,,False,False,False,True,False,True,True,False,False,True,False,confirmed_risk_on,True,False,True,False
2025-07-11,512880.SH,1.181,1.0757833333333333,0.09758364312267664,0.14548981571290032,0.10065237651444559,0.01609924225935299,1933831975.4,610,0.11735985883711991,1,True,True,True,True,True,True,True,True,False,True,False,confirmed_risk_on,True,False,True,False
2025-07-11,159915.SZ,2.185,2.0132833333333333,0.08168316831683176,0.15303430079155667,0.10857432775240983,0.012420946793949412,1902634180.5058498,610,0.11560185319383734,2,True,True,True,True,True,True,True,True,False,True,False,confirmed_risk_on,True,False,True,False
2025-07-11,512660.SH,1.128,1.0535333333333332,0.06818181818181812,0.1026392961876832,0.1521961184882532,0.01458483433869358,742558592.5,604,0.09876766944545118,3,True,True,True,True,True,True,True,True,False,True,False,confirmed_risk_on,True,False,True,False
2025-07-11,512100.SH,2.568,2.4162999999999997,0.06203473945409432,0.10072867552507492,0.15363881401617263,0.008648188841495227,1090095030.95,610,0.09583312879490222,4,True,True,False,True,True,True,True,True,False,True,False,confirmed_risk_on,True,False,True,False
2025-07-11,510500.SH,6.028,5.702699999999999,0.05495274763738167,0.08514851485148522,0.11878247958426136,0.007671231461300657,1197577683.1,610,0.07979700091239904,5,True,True,False,True,True,True,True,True,False,True,False,confirmed_risk_on,True,False,True,False
2025-07-11,510300.SH,3.956,3.7742333333333336,0.049615282568320485,0.08770965081110815,0.08235294117647074,0.005798080391099343,3165482750.35,610,0.0714005615870656,6,True,True,False,True,True,True,True,True,False,True,False,confirmed_risk_on,True,False,True,False
2025-07-11,512010.SH,0.381,0.36476666666666663,0.010610079575596787,0.08857142857142875,0.11730205278592365,0.008853126562564888,492039172.4,610,0.06313301381599494,7,True,False,False,True,True,True,True,True,False,True,False,confirmed_risk_on,True,False,True,False
2025-07-11,510880.SH,3.107,2.9840500000000003,0.041918175720992545,0.06843191196698761,0.0717488789237668,0.004725656037883538,321042496.45,564,0.05848981085994543,8,True,False,False,True,True,True,True,True,False,True,False,confirmed_risk_on,True,False,True,False
2025-07-11,515300.SH,1.362,1.3227,0.028700906344410804,0.07159716758457924,0.05992217898832708,0.005222602148954846,126890992.9,590,0.052103665369261434,9,True,False,False,True,True,True,True,True,False,True,False,confirmed_risk_on,True,False,True,False
2025-07-11,588080.SH,1.006,1.0035333333333334,0.02339776195320442,-0.016617790811339073,0.03073770491803285,0.009337108257552962,594808956.8,521,0.00885952944035271,10,True,False,False,True,True,True,True,True,False,True,False,confirmed_risk_on,True,False,True,False
2025-07-11,159995.SZ,1.212,1.2123166666666667,0.03412969283276457,-0.0296236989591675,0.011686143572620988,0.010070626901999651,476388444.8593,601,0.004139626263963026,11,True,False,False,True,True,False,True,False,True,True,False,confirmed_risk_on,True,False,True,False
2025-07-11,159928.SZ,0.808,0.8133333333333332,0.012531328320801949,-0.026506024096385472,0.03856041131105403,0.004786462645028614,215551281.62585002,610,0.0021222039519773984,12,True,False,False,True,True,False,True,False,True,True,False,confirmed_risk_on,True,False,True,False
2025-07-11,516160.SH,1.97,1.8179666666666667,0.09810479375696768,0.1289398280802292,0.049547149706979265,0.010836277919096056,92756674.6,609,0.1007272786762746,,False,False,False,True,False,True,True,False,False,True,False,confirmed_risk_on,True,False,True,False
2025-07-11,530880.SH,1.023,0.9786833333333333,0.04281345565749217,0.08025343189017953,0.06230529595015577,0.00541291214463277,7353954.55,162,0.061687814209099835,,False,False,False,True,False,True,True,False,False,True,False,confirmed_risk_on,True,False,True,False
2025-07-18,159915.SZ,2.252,2.04115,0.1327967806841046,0.18029350104821806,0.12039800995024885,0.011963473730436115,2162204004.1855,615,0.14931571468297883,1,True,True,True,True,True,True,True,True,False,True,False,confirmed_risk_on,True,False,True,False
2025-07-18,512660.SH,1.155,1.0643166666666668,0.11702127659574457,0.14130434782608692,0.17497456765005093,0.014368063100977312,784783417.35,609,0.13832516329874278,2,True,True,True,True,True,True,True,True,False,True,False,confirmed_risk_on,True,False,True,False
2025-07-18,512100.SH,2.605,2.4388333333333336,0.09638047138047146,0.11372381359555361,0.1435469710272168,0.0076636349116942955,1102762837.15,615,0.1127511081958534,3,True,True,True,True,True,True,True,True,False,True,False,confirmed_risk_on,True,False,True,False
2025-07-18,512010.SH,0.391,0.36779999999999996,0.07713498622589543,0.12356321839080464,0.1499999999999999,0.007305648559651918,505937729.35,615,0.11027928184668002,4,True,True,False,True,True,True,True,True,False,True,False,confirmed_risk_on,True,False,True,False
2025-07-18,512880.SH,1.171,1.0872666666666668,0.10576015108593029,0.12921890067502417,0.07234432234432231,0.01505482980713897,2080536285.3,615,0.10846048517324626,5,True,True,False,True,True,True,True,True,False,True,False,confirmed_risk_on,True,False,True,False
2025-07-18,510500.SH,6.103,5.7472666666666665,0.08652305501157187,0.09569120287253141,0.11470319634703197,0.006898063585097679,1101328882.0,615,0.09582634242304772,6,True,True,False,True,True,True,True,True,False,True,False,confirmed_risk_on,True,False,True,False
2025-07-18,510300.SH,4.009,3.8005166666666668,0.06764314247669789,0.09415938864628837,0.0911812738160045,0.0056117123846899765,3346514292.85,615,0.08295726721239541,7,True,False,False,True,True,True,True,True,False,True,False,confirmed_risk_on,True,False,True,False
2025-07-18,515300.SH,1.363,1.3287333333333333,0.022505626406601698,0.06070038910505837,0.09565916398713825,0.005734853453526441,129782972.1,595,0.05241423900209168,8,True,False,False,True,True,True,True,True,False,True,False,confirmed_risk_on,True,False,True,False
2025-07-18,510880.SH,3.083,2.997333333333333,0.02869536202869538,0.05437756497948021,0.0529371584699454,0.00584557902502445,360489348.4,569,0.04381660249725932,9,True,False,False,True,True,True,True,True,False,True,False,confirmed_risk_on,True,False,True,False
2025-07-18,588080.SH,1.019,1.0027666666666666,0.052685950413223104,-0.008754863813229652,0.03137651821862342,0.008875186398963607,659409598.95,526,0.023847738283722067,10,True,False,False,True,True,True,True,True,False,True,False,confirmed_risk_on,True,False,True,False
2025-07-18,159928.SZ,0.816,0.8112499999999999,0.027707808564231717,-0.013301088270858519,0.05290322580645146,0.005040734556286296,214823414.51135,615,0.01634333327863957,11,True,False,False,True,True,True,True,True,False,True,False,confirmed_risk_on,True,False,True,False
2025-07-18,159995.SZ,1.222,1.2095666666666667,0.04892703862660941,-0.02396166134185307,0.02259414225941425,0.009969144244649786,540865162.59935,606,0.014504979365785386,12,True,False,False,True,True,True,True,True,False,True,False,confirmed_risk_on,True,False,True,False
2025-07-18,516160.SH,1.98,1.83715,0.1123595505617978,0.1333714939896966,0.03664921465968596,0.010793461456563883,94582221.05,614,0.10562226075253497,,False,False,False,True,False,True,True,False,False,True,False,confirmed_risk_on,True,False,True,False
2025-07-18,530880.SH,1.012,0.9831,0.02741116751269046,0.05088265835929384,0.045454545454545414,0.006391005644803681,7771252.9,167,0.040408439439702806,,False,False,False,True,False,True,True,False,False,True,False,confirmed_risk_on,True,False,True,False
2025-07-25,159915.SZ,2.318,2.0735333333333332,0.1032841504045694,0.21615949632738718,0.12962962962962954,0.009891387747235122,2154083102.9017496,620,0.15370338461870853,1,True,True,True,True,True,True,True,True,False,True,False,confirmed_risk_on,True,False,True,False
2025-07-25,516160.SH,2.077,1.8622666666666667,0.11367292225201076,0.18617932609937182,0.11069518716577531,0.01190937703265614,101303495.9,619,0.14207993677370812,2,True,True,True,True,True,True,True,True,False,True,False,confirmed_risk_on,True,False,True,False
2025-07-25,512660.SH,1.174,1.0783500000000001,0.06824385805277511,0.18466195761856707,0.1955193482688391,0.013726345236063689,771834838.75,614,0.1402661959223047,3,True,True,True,True,True,True,True,True,False,True,False,confirmed_risk_on,True,False,True,False
2025-07-25,512010.SH,0.401,0.3715,0.09863013698630141,0.14899713467048725,0.16909620991253638,0.00751140555487251,565796434.25,620,0.13287015064522276,4,True,True,False,True,True,True,True,True,False,True,False,confirmed_risk_on,True,False,True,False
2025-07-25,512880.SH,1.227,1.10155,0.07820738137082617,0.18780251694094896,0.1144414168937331,0.009593705813462576,2118196574.15,620,0.12929224270345668,5,True,True,False,True,True,True,True,True,False,True,False,confirmed_risk_on,True,False,True,False
2025-07-25,512100.SH,2.667,2.4650333333333334,0.07194533762057875,0.15454545454545454,0.16361256544502623,0.006613107228586461,1066524485.15,620,0.12331882995541857,6,True,True,False,True,True,True,True,True,False,True,False,confirmed_risk_on,True,False,True,False
2025-07-25,510500.SH,6.303,5.804766666666667,0.07780437756497949,0.13916500994035785,0.14143426294820705,0.006227787002655804,1094854960.1,620,0.11507460759177635,7,True,False,False,True,True,True,True,True,False,True,False,confirmed_risk_on,True,False,True,False
2025-07-25,510300.SH,4.08,3.8342666666666667,0.0625,0.11323328785811726,0.10689093868692345,0.0044339963001250055,3171550118.05,620,0.0916715028806316,8,True,False,False,True,True,True,True,True,False,True,False,confirmed_risk_on,True,False,True,False
2025-07-25,588080.SH,1.068,1.0046333333333333,0.06906906906906918,0.05637982195845703,0.09314227226202676,0.008488884241770389,719053800.05,531,0.06880801086341584,9,True,False,False,True,True,True,True,True,False,True,False,confirmed_risk_on,True,False,True,False
2025-07-25,510880.SH,3.15,3.01545,0.04616406509465287,0.07471852610030694,0.08284633894809224,0.006563289243111207,384946851.75,574,0.06492230426760237,10,True,False,False,True,True,True,True,True,False,True,False,confirmed_risk_on,True,False,True,False
2025-07-25,159995.SZ,1.278,1.20985,0.05271828665568368,0.034817813765182226,0.05707196029776673,0.009663663479219854,582357230.9558499,611,0.0464288322278997,11,True,False,False,True,True,True,True,True,False,True,False,confirmed_risk_on,True,False,True,False
2025-07-25,515300.SH,1.355,1.3352499999999998,0.017267267267267128,0.043110084680523464,0.0728424386381632,0.005599106643994161,134651294.1,600,0.03871942850674888,12,True,False,False,True,True,True,True,True,False,True,False,confirmed_risk_on,True,False,True,False
2025-07-25,159928.SZ,0.828,0.8119666666666666,0.045454545454545414,0.01346389228886169,0.07532467532467524,0.006250324809919436,251215493.5522,620,0.038632310162297887,13,True,False,False,True,True,True,True,True,False,True,False,confirmed_risk_on,True,False,True,False
2025-07-25,530880.SH,1.04,0.9896999999999999,0.05050505050505061,0.07883817427385909,0.08786610878661105,0.008442834998784234,7763771.85,172,0.0693105116688861,,False,False,False,True,False,True,True,False,False,True,False,confirmed_risk_on,True,False,True,False
2025-08-01,512010.SH,0.409,0.3765833333333334,0.10242587601078168,0.14565826330532206,0.15536723163841804,0.011909752486903714,766939215.25,625,0.1303071020541251,1,True,True,True,True,True,True,True,True,False,True,False,confirmed_risk_on,True,False,True,False
2025-08-01,159915.SZ,2.303,2.1056,0.07969995311767453,0.15092453773113457,0.08071328015016421,0.01116871230404381,2468180722.88585,625,0.10839245236955648,2,True,True,True,True,True,True,True,True,False,True,False,confirmed_risk_on,True,False,True,False
2025-08-01,512880.SH,1.191,1.1160500000000002,0.05305039787798416,0.12464589235127499,0.05585106382978733,0.011661014344009547,2331001703.85,625,0.08224872885766112,3,True,True,True,True,True,True,True,True,False,True,False,confirmed_risk_on,True,False,True,False
2025-08-01,512660.SH,1.167,1.091883333333333,0.045698924731182755,0.08861940298507465,0.13521400778210113,0.010766827028825178,771410504.7,619,0.08077013264292318,4,True,True,False,True,True,True,True,True,False,True,False,confirmed_risk_on,True,False,True,False
2025-08-01,512100.SH,2.652,2.4893833333333335,0.058260175578611406,0.09360824742268048,0.09859154929577474,0.006614417879006553,1111918217.3,625,0.0804656790596717,5,True,True,False,True,True,True,True,True,False,True,False,confirmed_risk_on,True,False,True,False
2025-08-01,510500.SH,6.225,5.8602333333333325,0.05490594814438232,0.09114811568799297,0.07904316172646908,0.007357819749903,1163594804.6,625,0.07423025787824394,6,True,True,False,True,True,True,True,True,False,True,False,confirmed_risk_on,True,False,True,False
2025-08-01,516160.SH,2.0,1.8845166666666668,0.045478306325143825,0.10375275938189832,0.01884870096790614,0.014374117746526423,100465404.5,624,0.06346216647639809,7,True,False,False,True,True,True,True,True,False,True,False,confirmed_risk_on,True,False,True,False
2025-08-01,510300.SH,4.01,3.8658333333333332,0.025837810181632115,0.07247927253276276,0.06168917129997342,0.006624610003399118,3234637881.6,625,0.05166466734575263,8,True,False,False,True,True,True,True,True,False,True,False,confirmed_risk_on,True,False,True,False
2025-08-01,588080.SH,1.05,1.0077166666666666,0.054216867469879526,0.012536162005786,0.020408163265306145,0.008814637604142804,837226639.9,536,0.030782844443327437,9,True,False,False,True,True,True,True,True,False,True,False,confirmed_risk_on,True,False,True,False
2025-08-01,510880.SH,3.065,3.03145,-0.0045469308216954385,0.053264604810996596,0.05290278254895231,0.007682311831266693,395016013.0,579,0.030067626105510926,10,True,False,False,True,True,True,True,True,False,True,False,confirmed_risk_on,True,False,True,False
2025-08-01,159995.SZ,1.25,1.2107166666666664,0.044277360066833804,-0.011857707509881354,-0.01806755695208162,0.009467388784187647,632861635.1151,616,0.009354349632364655,11,True,False,False,True,True,True,True,True,False,True,False,confirmed_risk_on,True,False,True,False
2025-08-01,515300.SH,1.333,1.3396499999999998,-0.020573108008817065,0.026173979984603468,0.036547433903576954,0.0058842811218253275,141320933.0,605,0.009549835571029952,12,True,False,False,True,True,False,True,False,True,True,False,confirmed_risk_on,True,False,True,False
2025-08-01,159928.SZ,0.806,0.8116833333333333,0.010025062656641603,-0.019464720194647067,0.04404145077720201,0.00872025664045964,327680802.07000005,625,0.005032427140238216,13,True,False,False,True,True,False,True,False,True,True,False,confirmed_risk_on,True,False,True,False
2025-08-01,530880.SH,1.008,0.9956999999999999,-0.004935834155972207,0.057712486883525704,0.047817047817047875,0.009585059885522839,6949034.75,177,0.03067407065443098,,False,False,False,True,False,True,True,False,False,True,False,confirmed_risk_on,True,False,True,False
2025-08-08,512660.SH,1.234,1.1056,0.09397163120567376,0.18997107039537142,0.20390243902439043,0.013712665408748862,915475316.55,624,0.15435756844529616,1,True,True,True,True,True,True,True,True,False,True,False,confirmed_risk_on,True,False,True,False
2025-08-08,512100.SH,2.722,2.5145166666666667,0.05996884735202479,0.14034352744030154,0.10695404636030892,0.006544539306547638,1126115749.3,630,0.10151575918899232,2,True,True,True,True,True,True,True,True,False,True,False,confirmed_risk_on,True,False,True,False
2025-08-08,512010.SH,0.406,0.38061666666666666,0.06561679790026242,0.11845730027548229,0.12154696132596698,0.011433011188381595,770019017.1,630,0.09793903153549129,3,True,True,True,True,True,True,True,True,False,True,False,confirmed_risk_on,True,False,True,False
2025-08-08,159915.SZ,2.312,2.130333333333333,0.05812356979405031,0.14910536779324057,0.06347746090156381,0.01011675163853821,2439189478.70815,630,0.09558706721522912,4,True,True,False,True,True,True,True,True,False,True,False,confirmed_risk_on,True,False,True,False
2025-08-08,510500.SH,6.335,5.912483333333332,0.05092899800928996,0.1194557342286624,0.07536920726532004,0.006969435339863511,1139780167.5,630,0.08322773434824496,5,True,True,False,True,True,True,True,True,False,True,False,confirmed_risk_on,True,False,True,False
2025-08-08,512880.SH,1.199,1.1270499999999999,0.015241320914479273,0.11121408711770164,0.058252427184465994,0.010506452533976626,2245999123.0,630,0.06223264864976557,6,True,True,False,True,True,True,True,True,False,True,False,confirmed_risk_on,True,False,True,False
2025-08-08,510300.SH,4.06,3.8885,0.02628918099089983,0.06842105263157894,0.06199319905833112,0.006461195384451406,3001489948.0,630,0.050282733260657735,7,True,False,False,True,True,True,True,True,False,True,False,confirmed_risk_on,True,False,True,False
2025-08-08,588080.SH,1.056,1.01175,0.0497017892644136,0.04658077304261665,0.022265246853824028,0.008733179588244188,844906170.45,541,0.042966074293576906,8,True,False,False,True,True,True,True,True,False,True,False,confirmed_risk_on,True,False,True,False
2025-08-08,510880.SH,3.135,3.0445333333333333,0.009011908593498319,0.05166051660516602,0.07179487179487176,0.007661503992759014,407945210.25,584,0.03862794443844009,9,True,False,False,True,True,True,True,True,False,True,False,confirmed_risk_on,True,False,True,False
2025-08-08,159995.SZ,1.256,1.2132666666666665,0.03630363036303641,0.03035274815422473,-0.01567398119122254,0.0093970675031832,659021203.1899999,621,0.023527755168659948,10,True,False,False,True,True,True,True,True,False,True,False,confirmed_risk_on,True,False,True,False
2025-08-08,515300.SH,1.357,1.3422166666666666,-0.0036710719530104186,0.022607385079125963,0.06264682850430714,0.005925099611354206,132205716.65,610,0.020103890951307647,11,True,False,False,True,True,True,True,True,False,True,False,confirmed_risk_on,True,False,True,False
2025-08-08,159928.SZ,0.814,0.81065,0.00742574257425721,-0.020457280385078214,0.03430749682337986,0.008719009766973396,342143868.61085,630,0.0016488842403475697,12,True,False,False,True,True,True,True,True,False,True,False,confirmed_risk_on,True,False,True,False
2025-08-08,516160.SH,2.024,1.89875,0.02741116751269046,0.10722100656455136,0.039548022598870025,0.012705671618095056,92660889.8,629,0.06176247415067074,,False,False,False,True,False,True,True,False,False,True,False,confirmed_risk_on,True,False,True,False
2025-08-08,530880.SH,1.035,1.0005333333333335,0.011730205278592365,0.05612244897959173,0.07588357588357586,0.009749313987192957,5162652.65,182,0.04231777687998881,,False,False,False,True,False,True,True,False,False,True,False,confirmed_risk_on,True,False,True,False
2025-08-15,159915.SZ,2.509,2.1652,0.11412078152753113,0.2445436507936507,0.12058954890576157,0.013491459383152576,2766115093.48675,635,0.16758368270962504,1,True,True,True,True,True,True,True,True,False,True,False,confirmed_risk_on,True,False,True,False
2025-08-15,512880.SH,1.3,1.14195,0.1101622544833476,0.22989593188268698,0.13935144609991235,0.014558510080667305,2650653874.5,635,0.1638935637663963,2,True,True,True,True,True,True,True,True,False,True,False,confirmed_risk_on,True,False,True,False
2025-08-15,512660.SH,1.243,1.1219500000000002,0.07619047619047636,0.19519230769230766,0.19175455417066178,0.01387352953802414,1023810680.55,629,0.14690402438724598,3,True,True,True,True,True,True,True,True,False,True,False,confirmed_risk_on,True,False,True,False
2025-08-15,512100.SH,2.84,2.5469500000000003,0.09021113243762002,0.18729096989966565,0.11811023622047245,0.008572277841801083,1332264180.55,635,0.13462288817900878,4,True,True,False,True,True,True,True,True,False,True,False,confirmed_risk_on,True,False,True,False
2025-08-15,510500.SH,6.596,5.9802,0.0807799442896937,0.16764029031687033,0.10080106809078782,0.00883086131526369,1216701636.6,635,0.11952830746078319,5,True,True,False,True,True,True,True,True,False,True,False,confirmed_risk_on,True,False,True,False
2025-08-15,516160.SH,2.123,1.9195666666666666,0.07222222222222241,0.1601092896174865,0.08150789607743247,0.015160065214819165,107995344.6,634,0.10923418395137006,6,True,True,False,True,True,True,True,True,False,True,False,confirmed_risk_on,True,False,True,False
2025-08-15,512010.SH,0.417,0.3844666666666667,0.06649616368286426,0.13008130081300817,0.11796246648793551,0.012097058346259366,789729489.55,635,0.10222347909593608,7,True,False,False,True,True,True,True,True,False,True,False,confirmed_risk_on,True,False,True,False
2025-08-15,588080.SH,1.117,1.0190666666666666,0.09617271835132502,0.11923847695390788,0.008122743682310363,0.009874957894556294,947571101.9,546,0.08778902685855523,8,True,False,False,True,True,True,True,True,False,True,False,confirmed_risk_on,True,False,True,False
2025-08-15,159995.SZ,1.348,1.2211166666666666,0.10310965630114577,0.11589403973509937,-0.026714801444043257,0.011277563908458637,776944093.8496001,626,0.0822585181256894,9,True,False,False,True,True,True,True,True,False,True,False,confirmed_risk_on,True,False,True,False
2025-08-15,510300.SH,4.172,3.9163833333333335,0.040658518333748894,0.09616395165528102,0.07971014492753614,0.0066464231190548955,3129412590.0,635,0.0706710169811192,10,True,False,False,True,True,True,True,True,False,True,False,confirmed_risk_on,True,False,True,False
2025-08-15,510880.SH,3.088,3.0548500000000005,0.0016217969510217145,0.02659574468085113,0.08085404270213514,0.007364108715886035,412632533.5,589,0.027457825193176168,11,True,False,False,True,True,True,True,True,False,True,False,confirmed_risk_on,True,False,True,False
2025-08-15,159928.SZ,0.822,0.8105666666666667,0.007352941176470562,0.0,0.045801526717557106,0.008308731761782203,390311491.6912,635,0.012101481814099646,12,True,False,False,True,True,True,True,True,False,True,False,confirmed_risk_on,True,False,True,False
2025-08-15,515300.SH,1.334,1.34345,-0.02127659574468077,-0.005219985085756829,0.03651903651903665,0.00571931999227906,146691042.1,615,-0.0032948250283677104,13,True,False,False,True,True,False,False,False,True,True,False,confirmed_risk_on,True,False,True,False
2025-08-15,530880.SH,1.018,1.0043833333333334,0.005928853754940677,0.032454361054766734,0.07045215562565721,0.0095770446358319,4249252.9,187,0.029443717049014405,,False,False,False,True,False,True,True,False,False,True,False,confirmed_risk_on,True,False,True,False
2025-08-22,159915.SZ,2.662,2.2167499999999998,0.1484037963761864,0.33836098541980886,0.25093984962406,0.01575238671218686,3477805228.4053,640,0.2448938826432101,1,True,True,True,True,True,True,True,True,False,True,False,confirmed_risk_on,True,False,True,False
2025-08-22,159995.SZ,1.543,1.2398166666666668,0.20735524256651017,0.2933780385582563,0.1618975903614457,0.02497092776763765,888538482.5312,631,0.23267283052219573,2,True,True,True,True,True,True,True,True,False,True,False,confirmed_risk_on,True,False,True,False
2025-08-22,588080.SH,1.281,1.0345333333333333,0.19943820224719078,0.2809999999999999,0.17522935779816495,0.023895198587026927,1120807687.3,551,0.22722115245850927,3,True,True,True,True,True,True,True,True,False,True,False,confirmed_risk_on,True,False,True,False
2025-08-22,512880.SH,1.338,1.164116666666667,0.09046454767726164,0.27550047664442334,0.20649233543733092,0.016268729971281034,2899059360.5,640,0.18768447681614017,4,True,True,False,True,True,True,True,True,False,True,False,confirmed_risk_on,True,False,True,False
2025-08-22,512660.SH,1.279,1.1407333333333334,0.08943781942078366,0.22158548233046793,0.27137176938369767,0.015106495021969982,1132688944.65,634,0.1786836745772402,5,True,True,False,True,True,True,True,True,False,True,False,confirmed_risk_on,True,False,True,False
2025-08-22,512100.SH,2.941,2.591,0.10273715785526805,0.22286902286902288,0.19068825910931153,0.009482271098544172,1584946869.5,640,0.1683801241115787,6,True,True,False,True,True,True,True,True,False,True,False,confirmed_risk_on,True,False,True,False
2025-08-22,510500.SH,6.853,6.074233333333334,0.08726003490401402,0.20970873786407762,0.18053402239448757,0.009578459201112584,1565834446.75,640,0.15489431358613417,7,True,False,False,True,True,True,True,True,False,True,False,confirmed_risk_on,True,False,True,False
2025-08-22,516160.SH,2.192,1.9494666666666667,0.05536831969186329,0.22389726409826927,0.11269035532994942,0.014079501592729157,119721431.9,639,0.1342443045820429,8,True,False,False,True,True,True,True,True,False,True,False,confirmed_risk_on,True,False,True,False
2025-08-22,510300.SH,4.356,3.9577833333333334,0.0676470588235294,0.16005326231691086,0.15146708961141941,0.008298871317273594,3359714703.25,640,0.12137354637845998,9,True,False,False,True,True,True,True,True,False,True,False,confirmed_risk_on,True,False,True,False
2025-08-22,512010.SH,0.424,0.3885833333333333,0.05735660847880286,0.13978494623655902,0.1876750700280112,0.012534724525877044,792006427.45,640,0.116391635891747,10,True,False,False,True,True,True,True,True,False,True,False,confirmed_risk_on,True,False,True,False
2025-08-22,159928.SZ,0.852,0.8124666666666667,0.02898550724637694,0.039024390243902474,0.06900878293600998,0.007499627573570063,478945087.3554999,640,0.041005715583313763,11,True,False,False,True,True,True,True,True,False,True,False,confirmed_risk_on,True,False,True,False
2025-08-22,510880.SH,3.11,3.0657833333333335,-0.012698412698412764,0.04890387858347389,0.08475758632717123,0.006335655658290226,402378494.7,594,0.0314337036194587,12,True,False,False,True,True,True,True,True,False,True,False,confirmed_risk_on,True,False,True,False
2025-08-22,515300.SH,1.345,1.3447666666666664,-0.0073800738007380184,0.016628873771730834,0.06408227848101267,0.005519446946358482,149129005.35,620,0.01651597568459966,13,True,False,False,True,True,True,True,True,False,True,False,confirmed_risk_on,True,False,True,False
2025-08-22,530880.SH,1.024,1.0083,-0.015384615384615441,0.05241521068859201,0.08589607635206797,0.007240604230620088,3196110.85,192,0.031991453392004224,,False,False,False,True,False,True,True,False,False,True,False,confirmed_risk_on,True,False,True,False
2025-08-29,159915.SZ,2.865,2.2806,0.2440295267042989,0.4204263758056521,0.32638888888888884,0.016559384991708177,4462564303.229349,645,0.3310601387817582,1,True,True,True,True,True,True,True,True,False,True,False,confirmed_risk_on,True,False,True,False
2025-08-29,159995.SZ,1.655,1.2754,0.32400000000000007,0.3677685950413223,0.2187039764359351,0.02922132083027643,1175483618.8372,636,0.32044823330371597,2,True,True,True,True,True,True,True,True,False,True,False,confirmed_risk_on,True,False,True,False
2025-08-29,588080.SH,1.367,1.0619666666666667,0.3019047619047619,0.35749751737835167,0.21836007130124768,0.02807519718898736,1750341183.5,556,0.307432925973495,3,True,True,True,True,True,True,True,True,False,True,False,confirmed_risk_on,True,False,True,False
2025-08-29,516160.SH,2.296,1.9869999999999999,0.1479999999999999,0.2805354155047406,0.1595959595959595,0.014378756413217042,141308856.85,644,0.2033333581210881,4,True,True,False,True,True,True,True,True,False,True,False,confirmed_risk_on,True,False,True,False
2025-08-29,512660.SH,1.311,1.1613833333333334,0.12339331619537264,0.2521489971346704,0.22294776119402981,0.015349861476330882,1241722720.45,639,0.1948064775708232,5,True,True,False,True,True,True,True,True,False,True,False,confirmed_risk_on,True,False,True,False
2025-08-29,510500.SH,7.079,6.1837,0.13718875502008032,0.23693866853049106,0.18954797513023025,0.010116384078316177,2158421347.45,645,0.1875605644462746,6,True,True,False,True,True,True,True,True,False,True,False,confirmed_risk_on,True,False,True,False
2025-08-29,512880.SH,1.328,1.1864166666666665,0.11502938706968924,0.24344569288389506,0.18571428571428572,0.016729272084842223,3531165338.0,645,0.18053288912429089,7,True,False,False,True,True,True,True,True,False,True,False,confirmed_risk_on,True,False,True,False
2025-08-29,512100.SH,2.965,2.6369499999999997,0.11802413273001489,0.21916118421052633,0.1572989851678377,0.010294307895429313,1737164823.5,645,0.16633392380978404,8,True,False,False,True,True,True,True,True,False,True,False,confirmed_risk_on,True,False,True,False
2025-08-29,510300.SH,4.478,4.013133333333333,0.11670822942643388,0.1862251655629139,0.16980146290491116,0.00912228613927306,4002614825.15,645,0.15513365057672135,9,True,False,False,True,True,True,True,True,False,True,False,confirmed_risk_on,True,False,True,False
2025-08-29,512010.SH,0.431,0.39286666666666664,0.05378973105134488,0.1554959785522787,0.2039106145251397,0.01265434026819786,710815960.25,645,0.12449640674647738,10,True,False,False,True,True,True,True,True,False,True,False,confirmed_risk_on,True,False,True,False
2025-08-29,159928.SZ,0.877,0.8165666666666667,0.08808933002481378,0.07081807081807079,0.08944099378881987,0.01016416964110164,670363041.5189,645,0.0814511590949178,11,True,False,False,True,True,True,True,True,False,True,False,confirmed_risk_on,True,False,True,False
2025-08-29,510880.SH,3.046,3.0739499999999995,-0.006199021207177857,0.021804763502180524,0.0672740014015416,0.006257324333656352,433653216.6,599,0.019697097198309386,12,True,False,False,True,True,False,True,False,True,True,False,confirmed_risk_on,True,False,True,False
2025-08-29,515300.SH,1.326,1.3460833333333333,-0.005251312828207011,0.0015105740181269312,0.04327301337529521,0.006064801406920657,148207558.65,625,0.007158307151027011,13,True,False,False,True,True,False,True,False,True,True,False,confirmed_risk_on,True,False,True,False
2025-08-29,530880.SH,0.999,1.0111999999999999,-0.008928571428571397,0.023565573770491843,0.06503198294243084,0.007247553886104176,2860035.1,197,0.01886119752525435,,False,False,False,True,False,False,True,False,False,True,False,confirmed_risk_on,True,False,True,False
2025-09-05,159915.SZ,2.944,2.3505333333333334,0.273356401384083,0.4574257425742574,0.34675205855443725,0.025108177695533786,5972722260.09075,650,0.36166326929422365,1,True,True,True,True,True,True,True,True,False,True,False,confirmed_risk_on,True,False,True,False
2025-09-05,516160.SH,2.552,2.0337833333333335,0.26086956521739135,0.42251950947603123,0.27472527472527486,0.02351833991783128,234677756.45,649,0.328300684822424,2,True,True,True,True,True,True,True,True,False,True,False,confirmed_risk_on,True,False,True,False
2025-09-05,588080.SH,1.282,1.0887166666666666,0.21401515151515138,0.30417090539165814,0.16439600363306095,0.034208589720832766,2149327393.35,561,0.24015362348933603,3,True,True,True,True,True,True,True,True,False,True,False,confirmed_risk_on,True,False,True,False
2025-09-05,159995.SZ,1.528,1.3086166666666668,0.21656050955414008,0.3037542662116042,0.1506024096385541,0.03675762251358766,1379774076.5765,641,0.23824639223400854,4,True,True,False,True,True,True,True,True,False,True,False,confirmed_risk_on,True,False,True,False
2025-09-05,512010.SH,0.446,0.39825,0.09852216748768461,0.18302387267904519,0.21857923497267762,0.018046374973860767,812128026.5,650,0.15633426306122744,5,True,True,False,True,True,True,True,True,False,True,False,confirmed_risk_on,True,False,True,False
2025-09-05,510500.SH,6.949,6.283266666666666,0.09692186266771907,0.2161358067903394,0.15125911199469844,0.015490132978232929,2401908963.5,650,0.1554748901821631,6,True,True,False,True,True,True,True,True,False,True,False,confirmed_risk_on,True,False,True,False
2025-09-05,510300.SH,4.431,4.067266666666667,0.09137931034482771,0.1756434067391881,0.13761232349165597,0.011992468147065973,4790866355.1,650,0.13433155153193752,7,True,False,False,True,True,True,True,True,False,True,False,confirmed_risk_on,True,False,True,False
2025-09-05,512100.SH,2.888,2.6748666666666665,0.06098457016899328,0.19437551695616206,0.11505791505791518,0.015387275843116024,2011198586.5,650,0.12515561786164517,8,True,False,False,True,True,True,True,True,False,True,False,confirmed_risk_on,True,False,True,False
2025-09-05,512880.SH,1.257,1.2024000000000001,0.048373644703919805,0.16821561338289936,0.09114583333333326,0.019386348954798405,4072871502.45,650,0.10486486990139432,9,True,False,False,True,True,True,True,True,False,True,False,confirmed_risk_on,True,False,True,False
2025-09-05,159928.SZ,0.865,0.8207666666666668,0.0626535626535627,0.08395989974937335,0.02366863905325456,0.011133773465467825,818100341.39775,650,0.06337911277182534,10,True,False,False,True,True,True,True,True,False,True,False,confirmed_risk_on,True,False,True,False
2025-09-05,512660.SH,1.184,1.17605,-0.04051863857374394,0.1212121212121211,0.08127853881278546,0.020339184234031825,1350223263.75,644,0.04853310081790796,11,True,False,False,True,True,True,True,True,False,True,False,confirmed_risk_on,True,False,True,False
2025-09-05,510880.SH,3.019,3.0768833333333334,-0.03700159489633159,0.012407780013413694,0.032136752136752156,0.00625266919463237,483323465.65,604,-0.0034101755258167284,12,True,False,False,True,True,False,False,False,True,True,False,confirmed_risk_on,True,False,True,False
2025-09-05,515300.SH,1.321,1.3459333333333334,-0.026529108327192352,-0.0022658610271903967,0.032031249999999956,0.006152379438009337,148840015.1,630,-0.0051117377417531085,13,True,False,False,True,True,False,False,False,True,True,False,confirmed_risk_on,True,False,True,False
2025-09-05,530880.SH,0.995,1.0123833333333334,-0.03864734299516903,0.014271151885830724,0.04079497907949792,0.006585729107111737,2422502.2,202,-0.0015914806278357393,,False,False,False,True,False,False,False,False,False,True,False,confirmed_risk_on,True,False,True,False
2025-09-12,159915.SZ,2.995,2.4264666666666668,0.19370267038660827,0.5065392354124749,0.4180871212121211,0.027284812013186853,6694528356.77915,655,0.36371418656205756,1,True,True,True,True,True,True,True,True,False,True,False,confirmed_risk_on,True,False,True,False
2025-09-12,159995.SZ,1.647,1.3413499999999998,0.22181008902077148,0.41373390557939915,0.30403800475059395,0.039196202679349985,1381930845.4969,646,0.31502519879018703,2,True,True,True,True,True,True,True,True,False,True,False,confirmed_risk_on,True,False,True,False
2025-09-12,588080.SH,1.358,1.11625,0.21575649059982105,0.4028925619834711,0.290874524714829,0.03609603600259712,2261478057.05,566,0.30563452597628266,3,True,True,True,True,True,True,True,True,False,True,False,confirmed_risk_on,True,False,True,False
2025-09-12,516160.SH,2.528,2.0954,0.19076778144135642,0.4202247191011237,0.28913819479857206,0.023936584210706446,311437797.65,654,0.3022246391767065,4,True,True,False,True,True,True,True,True,False,True,False,confirmed_risk_on,True,False,True,False
2025-09-12,510500.SH,7.18,6.396483333333333,0.08853850818677977,0.27826241766067294,0.2157128344056891,0.016029948246647014,2541759480.8,655,0.1898629372201189,5,True,True,False,True,True,True,True,True,False,True,False,confirmed_risk_on,True,False,True,False
2025-09-12,512010.SH,0.441,0.4048333333333333,0.05755395683453246,0.2148760330578512,0.2250000000000001,0.01907667534661853,862293182.35,655,0.1539719959569535,6,True,True,False,True,True,True,True,True,False,True,False,confirmed_risk_on,True,False,True,False
2025-09-12,512100.SH,2.959,2.717,0.041901408450704336,0.24537037037037046,0.17374057913526375,0.015437804304483946,2021135667.1,655,0.1496568273554827,7,True,False,False,True,True,True,True,True,False,True,False,confirmed_risk_on,True,False,True,False
2025-09-12,510300.SH,4.498,4.124666666666666,0.07813998082454465,0.19786950732356856,0.18399578836535935,0.01346819666726504,4929145847.0,655,0.14720295293231717,8,True,False,False,True,True,True,True,True,False,True,False,confirmed_risk_on,True,False,True,False
2025-09-12,512880.SH,1.266,1.2174166666666666,-0.026153846153846194,0.1954674220963173,0.13951395139513956,0.01745343840466602,4066067440.55,655,0.09562822065601635,9,True,False,False,True,True,True,True,True,False,True,False,confirmed_risk_on,True,False,True,False
2025-09-12,159928.SZ,0.88,0.8281666666666666,0.07055961070559613,0.10831234256926958,0.07975460122699385,0.012222179924842322,924501998.65975,655,0.08749970155534506,10,True,False,False,True,True,True,True,True,False,True,False,confirmed_risk_on,True,False,True,False
2025-09-12,512660.SH,1.2,1.18755,-0.03459372485921175,0.16054158607350089,0.11420612813370479,0.020830157782796458,1227649290.85,649,0.0732203701124566,11,True,False,False,True,True,True,True,True,False,True,False,confirmed_risk_on,True,False,True,False
2025-09-12,510880.SH,3.016,3.079766666666666,-0.023316062176165775,0.006339673006339641,0.03571428571428581,0.005915707574101116,480424468.15,609,0.00035230147492670925,12,True,False,False,True,True,False,True,False,True,True,False,confirmed_risk_on,True,False,True,False
2025-09-12,515300.SH,1.317,1.3457000000000001,-0.01274362818590713,-0.012003000750187565,0.03537735849056589,0.00641780288576744,133471374.75,635,-0.002823179876324699,13,True,False,False,True,True,False,False,False,True,True,False,confirmed_risk_on,True,False,True,False
2025-09-12,530880.SH,0.992,1.01325,-0.025540275049115935,0.007106598984771617,0.03011422637590866,0.006243698370675172,1689526.5,207,-0.0013506251505559959,,False,False,False,True,False,False,False,False,False,True,False,confirmed_risk_on,True,False,True,False
2025-09-19,159915.SZ,3.062,2.509783333333333,0.1502629601803156,0.4574012375059495,0.46577309717568216,0.026728423622873098,6887930311.421499,660,0.33622029850964247,1,True,True,True,True,True,True,True,True,False,True,False,confirmed_risk_on,True,False,True,False
2025-09-19,516160.SH,2.57,2.156066666666667,0.17244525547445244,0.37801608579088475,0.3233779608650875,0.024157313073729758,344024863.35,659,0.2848601286791524,2,True,True,True,True,True,True,True,True,False,True,False,confirmed_risk_on,True,False,True,False
2025-09-19,159995.SZ,1.703,1.3821666666666668,0.10369410239792631,0.4028006589785833,0.3767178658043653,0.032812456831175583,1385382734.5932999,651,0.2779414777114769,3,True,True,True,True,True,True,True,True,False,True,False,confirmed_risk_on,True,False,True,False
2025-09-19,588080.SH,1.384,1.14875,0.08040593286494935,0.38538538538538525,0.329490874159462,0.028989904282373583,2264815316.3,571,0.2522147021320263,4,True,True,False,True,True,True,True,True,False,True,False,confirmed_risk_on,True,False,True,False
2025-09-19,510500.SH,7.199,6.516333333333333,0.050488837005690845,0.23101915184678523,0.23122969043954145,0.01562623734332279,2289406829.0,660,0.15884913362889874,5,True,True,False,True,True,True,True,True,False,True,False,confirmed_risk_on,True,False,True,False
2025-09-19,512010.SH,0.439,0.4112166666666667,0.03537735849056611,0.20273972602739732,0.19945355191256842,0.018696678831657067,828373924.55,660,0.13513754418969906,6,True,True,False,True,True,True,True,True,False,True,False,confirmed_risk_on,True,False,True,False
2025-09-19,512100.SH,2.965,2.7600499999999997,0.008160489629377876,0.19172025723472674,0.20235198702351975,0.014982107227885991,1783394523.75,660,0.12042269615034581,7,True,False,False,True,True,True,True,True,False,True,False,confirmed_risk_on,True,False,True,False
2025-09-19,510300.SH,4.481,4.18005,0.028696051423324098,0.1669270833333334,0.18014221754016324,0.012761200993877418,4703457370.0,660,0.11427769741069566,8,True,False,False,True,True,True,True,True,False,True,False,confirmed_risk_on,True,False,True,False
2025-09-19,159928.SZ,0.86,0.8345666666666667,0.009389671361502261,0.08585858585858586,0.047503045066991545,0.012865550269710594,945962096.3626999,660,0.047599911901433554,9,True,False,False,True,True,True,True,True,False,True,False,confirmed_risk_on,True,False,True,False
2025-09-19,512660.SH,1.195,1.1968166666666666,-0.06567630961688808,0.0873521383075524,0.14903846153846145,0.019091326279372548,1111043590.85,654,0.03847802378395801,10,True,False,False,True,True,False,True,False,True,True,False,confirmed_risk_on,True,False,True,False
2025-09-19,512880.SH,1.221,1.2281166666666665,-0.08744394618834084,0.07293497363796142,0.10298102981029822,0.015444223235742292,4092320337.4,660,0.01479261694190788,11,True,False,False,True,True,False,True,False,True,True,False,confirmed_risk_on,True,False,True,False
2025-09-19,510880.SH,2.97,3.0767333333333338,-0.04501607717041789,-0.013616738625041536,0.010547805375978214,0.006827189643225082,536782134.7,614,-0.021343565242988128,12,True,False,False,True,True,False,False,False,True,True,False,confirmed_risk_on,True,False,True,False
2025-09-19,515300.SH,1.287,1.3420833333333333,-0.043122676579925745,-0.03378378378378388,0.0015564202334630295,0.006527923308745519,130645181.9,640,-0.030451300098791243,13,True,False,False,True,True,False,False,False,True,True,False,confirmed_risk_on,True,False,True,False
2025-09-19,530880.SH,0.983,1.0128,-0.0400390625,-0.007070707070707116,0.013402061855670055,0.006900263160193561,1419053.7,212,-0.016163495457148836,,False,False,False,True,False,False,False,False,False,True,False,confirmed_risk_on,True,False,True,False
2025-09-26,159995.SZ,1.837,1.4328833333333333,0.10996978851963735,0.5346700083542189,0.6328888888888888,0.030054207136153446,1268023988.0444,656,0.3844336965273203,1,True,True,True,True,True,True,True,True,False,True,False,confirmed_risk_on,True,False,True,False
2025-09-26,159915.SZ,3.129,2.59375,0.09214659685863857,0.4669479606188467,0.7628169014084507,0.02583537779908986,6492085657.86685,665,0.37620120327268425,2,True,True,True,True,True,True,True,True,False,True,False,confirmed_risk_on,True,False,True,False
2025-09-26,516160.SH,2.69,2.217216666666667,0.17160278745644608,0.4061683220073182,0.5945465323058683,0.02341574678833293,363878103.6,664,0.3500177502466794,3,True,True,True,True,True,True,True,True,False,True,False,confirmed_risk_on,True,False,True,False
2025-09-26,588080.SH,1.479,1.1872833333333332,0.08193123628383336,0.4849397590361446,0.575079872204473,0.025481520049644296,1827230616.75,576,0.3417643725688858,4,True,True,False,True,True,True,True,True,False,True,False,confirmed_risk_on,True,False,True,False
2025-09-26,510500.SH,7.274,6.632633333333334,0.027546263596553322,0.2326724284019659,0.3940206975852818,0.015365283665577097,1795726600.6,665,0.18289161631646406,5,True,True,False,True,True,True,True,True,False,True,False,confirmed_risk_on,True,False,True,False
2025-09-26,512100.SH,2.954,2.7987666666666664,-0.003709949409780644,0.17877094972067065,0.34701322389420897,0.01505302958156302,1590611703.75,665,0.1394270449031978,6,True,True,False,True,True,True,True,True,False,True,False,confirmed_risk_on,True,False,True,False
2025-09-26,510300.SH,4.528,4.234066666666667,0.011165698972755544,0.15835251982604248,0.29965556831228457,0.01101554649858863,4170487074.7,665,0.12773840118197613,7,True,False,False,True,True,True,True,True,False,True,False,confirmed_risk_on,True,False,True,False
2025-09-26,512010.SH,0.433,0.41681666666666667,0.004640371229698292,0.1671159029649596,0.26608187134502903,0.017802141383284488,750497962.4,665,0.12191888394686898,8,True,False,False,True,True,True,True,True,False,True,False,confirmed_risk_on,True,False,True,False
2025-09-26,159928.SZ,0.839,0.8385666666666667,-0.04332953249714944,0.05137844611528819,0.04874999999999985,0.008949987828646528,757603771.6063,665,0.012969565447255475,9,True,False,False,True,True,True,True,True,False,True,False,confirmed_risk_on,True,False,True,False
2025-09-26,512660.SH,1.196,1.2025166666666667,-0.08771929824561409,0.07168458781361986,0.29018338727076576,0.01732917858832488,945164194.0,659,0.05162279328135547,10,True,False,False,True,True,False,True,False,True,True,False,confirmed_risk_on,True,False,True,False
2025-09-26,512880.SH,1.219,1.2358,-0.08207831325301207,0.0778072502210434,0.24514811031664974,0.014153090131726862,3595752865.05,665,0.04732119685054248,11,True,False,False,True,True,False,True,False,True,True,False,confirmed_risk_on,True,False,True,False
2025-09-26,510880.SH,2.955,3.069266666666666,-0.02987524622455673,-0.04027281584930176,0.05724508050089461,0.006157739790276157,516420518.35,619,-0.016610208729364473,12,True,False,False,True,True,False,False,False,True,True,False,confirmed_risk_on,True,False,True,False
2025-09-26,515300.SH,1.282,1.3366000000000002,-0.03318250377073906,-0.0580455547391624,0.030546623794212246,0.005940397371824315,124080338.85,645,-0.030381898645118133,13,True,False,False,True,True,False,False,False,True,True,False,confirmed_risk_on,True,False,True,False
2025-09-26,530880.SH,0.979,1.0109833333333333,-0.020020020020020013,-0.033563672260611965,0.06528835690968426,0.005607191972557905,1148792.2,217,-0.00837580553031594,,False,False,False,True,False,False,False,False,False,True,False,confirmed_risk_on,True,False,True,False
2025-10-10,159995.SZ,1.829,1.4783666666666666,0.24,0.5318257956448911,0.46320000000000006,0.026226911775325438,1280552148.62465,660,0.40137031825795644,1,True,True,True,True,True,True,True,True,False,True,False,confirmed_risk_on,True,False,True,False
2025-10-10,588080.SH,1.484,1.2221000000000002,0.198707592891761,0.4944612286002015,0.45347698334965725,0.02293660716132288,1774132126.9,580,0.3679629252667165,2,True,True,True,True,True,True,True,True,False,True,False,confirmed_risk_on,True,False,True,False
2025-10-10,516160.SH,2.77,2.2760000000000002,0.18477331052181345,0.4004044489383216,0.5993071593533488,0.02901945069564545,359645010.55,668,0.3539325356547238,3,True,True,True,True,True,True,True,True,False,True,False,confirmed_risk_on,True,False,True,False
2025-10-10,159915.SZ,3.095,2.6630666666666665,0.12504543802253743,0.4269248501613647,0.635835095137421,0.025175970967803385,5939992528.326,669,0.3479551343010451,4,True,True,False,True,True,True,True,True,False,True,False,confirmed_risk_on,True,False,True,False
2025-10-10,510500.SH,7.443,6.734466666666667,0.10808396605627513,0.24548192771084332,0.35057158410451805,0.013946603821881192,1876030475.25,669,0.21154067432775098,5,True,True,False,True,True,True,True,True,False,True,False,confirmed_risk_on,True,False,True,False
2025-10-10,512100.SH,3.007,2.8310166666666663,0.07201426024955437,0.18292682926829285,0.3062554300608167,0.012625602321938238,1439549435.25,669,0.16322752181930222,6,True,True,False,True,True,True,True,True,False,True,False,confirmed_risk_on,True,False,True,False
2025-10-10,510300.SH,4.596,4.281266666666666,0.06069697669051455,0.16590563165905636,0.26646459079636275,0.011554281916309816,4081931156.75,669,0.14393396149910093,7,True,False,False,True,True,True,True,True,False,True,False,confirmed_risk_on,True,False,True,False
2025-10-10,512010.SH,0.437,0.4215,0.0139211136890951,0.16533333333333333,0.25214899713467065,0.0159596149002714,684937237.7,669,0.12213157823590551,8,True,False,False,True,True,True,True,True,False,True,False,confirmed_risk_on,True,False,True,False
2025-10-10,512660.SH,1.233,1.2099,0.05746140651801035,0.1078167115902966,0.2076395690499513,0.011365536537654847,772094543.9,663,0.10763916105331306,9,True,False,False,True,True,True,True,True,False,True,False,confirmed_risk_on,True,False,True,False
2025-10-10,512880.SH,1.27,1.2442333333333333,0.017628205128205066,0.09956709956709964,0.23181377303588757,0.01653630902953463,3792466802.4,669,0.0932408764852994,10,True,False,False,True,True,True,True,True,False,True,False,confirmed_risk_on,True,False,True,False
2025-10-10,159928.SZ,0.846,0.84165,-0.013986013986013957,0.05223880597014907,0.014388489208633004,0.008756662489555539,719992579.9187,669,0.018178814635380645,11,True,False,False,True,True,True,True,True,False,True,False,confirmed_risk_on,True,False,True,False
2025-10-10,510880.SH,2.993,3.059833333333333,-0.011885110597556925,-0.043158567774936096,0.03923611111111103,0.006211487147291462,522988950.6,623,-0.014170249126775005,12,True,False,False,True,True,False,False,False,True,True,False,confirmed_risk_on,True,False,True,False
2025-10-10,515300.SH,1.289,1.33105,-0.02643504531722063,-0.059810357403355274,0.016561514195583493,0.005733077911538289,123457414.4,649,-0.031185858249113668,13,True,False,False,True,True,False,False,False,True,True,False,confirmed_risk_on,True,False,True,False
2025-10-10,530880.SH,0.991,1.0086,-0.005020080321285092,-0.03599221789883267,0.058760683760683774,0.005755306453425559,1278605.85,221,-0.0046527825359103485,,False,False,False,True,False,False,False,False,False,True,False,confirmed_risk_on,True,False,True,False
2025-10-17,516160.SH,2.658,2.341583333333333,0.043990573448546844,0.35060975609756095,0.537304800462695,0.024538242297284896,318968208.35,673,0.2653010919109821,1,True,True,True,True,True,True,True,True,False,True,False,confirmed_risk_on,True,False,True,False
2025-10-17,159995.SZ,1.703,1.5251,0.04929143561306226,0.39934264585045187,0.3733870967741937,0.02723320070296572,1351224205.9069,665,0.25413105194024443,2,True,True,True,True,True,True,True,True,False,True,False,confirmed_risk_on,True,False,True,False
2025-10-17,588080.SH,1.388,1.2583,0.03043801039346694,0.3647984267453295,0.3634577603143416,0.02330479116431293,1900925227.7,585,0.2307861269183869,3,True,True,True,True,True,True,True,True,False,True,False,confirmed_risk_on,True,False,True,False
2025-10-17,159915.SZ,2.915,2.72795,-0.036363636363636376,0.29728526924788623,0.5521831735889244,0.02047876290546886,5726525055.49325,674,0.21480528787148484,4,True,True,False,True,True,True,True,True,False,True,False,confirmed_risk_on,True,False,True,False
2025-10-17,510500.SH,7.052,6.836683333333334,-0.0153588383133203,0.15910585141354372,0.28498542274052463,0.013902337424810013,2029347682.85,674,0.1144958897881943,5,True,True,False,True,True,True,True,True,False,True,False,confirmed_risk_on,True,False,True,False
2025-10-17,510300.SH,4.501,4.330966666666667,-0.007934758651090945,0.1311887408896708,0.22910977607864558,0.010748000538132406,4207355061.1,674,0.09512354811116107,6,True,True,False,True,True,True,True,True,False,True,False,confirmed_risk_on,True,False,True,False
2025-10-17,512100.SH,2.868,2.8625333333333334,-0.030425963488843966,0.10350134667179667,0.25185508511567,0.012382859622758792,1307650395.9,674,0.07960117029631508,7,True,False,False,True,True,True,True,True,False,True,False,confirmed_risk_on,True,False,True,False
2025-10-17,510880.SH,3.086,3.0570166666666667,0.01814582645991414,0.005539263603779654,0.05180640763462829,0.008127418465189393,655757916.9,628,0.019835317552403177,8,True,False,False,True,True,True,True,True,False,True,False,confirmed_risk_on,True,False,True,False
2025-10-17,512880.SH,1.233,1.2511999999999999,-0.03971962616822422,0.05746140651801035,0.19592628516003896,0.016040161686087687,3844311090.3,674,0.046281969171922246,9,True,False,False,True,True,False,True,False,True,True,False,confirmed_risk_on,True,False,True,False
2025-10-17,512010.SH,0.415,0.4247166666666667,-0.05681818181818188,0.07235142118863047,0.19596541786743527,0.01492241604848943,682015755.2,674,0.045406379321666496,10,True,False,False,True,True,False,True,False,True,True,False,confirmed_risk_on,True,False,True,False
2025-10-17,512660.SH,1.177,1.2178,-0.021612635078969267,0.027947598253275086,0.18291457286432156,0.012317569609326196,795608205.75,668,0.039116899842586636,11,True,False,False,True,True,False,True,False,True,True,False,confirmed_risk_on,True,False,True,False
2025-10-17,159928.SZ,0.843,0.8450666666666666,-0.05280898876404494,0.043316831683168244,0.013221153846153966,0.007713000249777561,714338700.88,674,-0.0011526320631198863,12,True,False,False,True,True,False,False,False,True,True,False,confirmed_risk_on,True,False,True,False
2025-10-17,515300.SH,1.312,1.3267166666666665,-0.01427498121712989,-0.031734317343173335,0.012345679012345734,0.006517049238484639,139937276.45,654,-0.01593458362165214,13,True,False,False,True,True,False,False,False,True,True,False,confirmed_risk_on,True,False,True,False
2025-10-17,530880.SH,1.031,1.0090833333333333,0.037223340040241304,0.024850894632206577,0.0706126687435098,0.008470703182811096,1902137.5,226,0.038952227617681114,,False,False,False,True,False,True,True,False,False,True,False,confirmed_risk_on,True,False,True,False
2025-10-24,159995.SZ,1.843,1.5702500000000001,0.06286043829296428,0.47322142286171065,0.4983739837398373,0.029290464007291277,1274374610.13985,670,0.31410754120983747,1,True,True,True,True,True,True,True,True,False,True,False,confirmed_risk_on,True,False,True,False
2025-10-24,588080.SH,1.487,1.2918999999999998,0.06138472519628846,0.42160611854684515,0.4679170779861799,0.02553556813109138,1850129116.15,590,0.28677975309448944,2,True,True,True,True,True,True,True,True,False,True,False,confirmed_risk_on,True,False,True,False
2025-10-24,159915.SZ,3.147,2.7917666666666667,0.026084121291163775,0.35354838709677394,0.6390624999999999,0.022399436061981685,5237417788.85205,679,0.27966550335517504,3,True,True,True,True,True,True,True,True,False,True,False,confirmed_risk_on,True,False,True,False
2025-10-24,516160.SH,2.763,2.3977166666666667,0.07551576488906186,0.3245445829338447,0.5743589743589743,0.02473107191456005,288869474.35,678,0.2748959340009575,4,True,True,False,True,True,True,True,True,False,True,False,confirmed_risk_on,True,False,True,False
2025-10-24,510500.SH,7.307,6.919449999999999,0.010650069156293185,0.1596571972702745,0.31444504407267493,0.014639625221862074,2096939504.85,679,0.13101191538516208,5,True,True,False,True,True,True,True,True,False,True,False,confirmed_risk_on,True,False,True,False
2025-10-24,510300.SH,4.647,4.374533333333333,0.03936479534779691,0.13286201852754753,0.26586761100517586,0.010867513192377526,4107390692.7,679,0.12206424775117296,6,True,True,False,True,True,True,True,True,False,True,False,confirmed_risk_on,True,False,True,False
2025-10-24,512100.SH,2.967,2.8865166666666666,-0.003024193548387011,0.11165230423379535,0.2706638115631692,0.012779062755850248,1284829123.95,679,0.09758400658679718,7,True,False,False,True,True,True,True,True,False,True,False,confirmed_risk_on,True,False,True,False
2025-10-24,512880.SH,1.257,1.2551833333333335,0.02029220779220764,0.02029220779220764,0.20749279538904908,0.014933411131355077,3566711795.6,679,0.05773232531157593,8,True,False,False,True,True,True,True,True,False,True,False,confirmed_risk_on,True,False,True,False
2025-10-24,510880.SH,3.116,3.0556333333333336,0.055198103623433914,-0.015170670037926715,0.06420765027322406,0.007013363779224844,667380014.2,633,0.028852503488847693,9,True,False,False,True,True,True,True,True,False,True,False,confirmed_risk_on,True,False,True,False
2025-10-24,515300.SH,1.325,1.3225333333333331,0.03032659409020222,-0.03072421360643751,0.027131782945736482,0.005171960989517111,139572223.9,659,0.00526730878265318,10,True,False,False,True,True,True,True,True,False,True,False,confirmed_risk_on,True,False,True,False
2025-10-24,512660.SH,1.208,1.2199,0.020270270270270396,0.028960817717206266,0.2104208416833666,0.01394122141789758,735878112.1,673,0.06177660353166399,11,True,False,False,True,True,False,True,False,True,True,False,confirmed_risk_on,True,False,True,False
2025-10-24,512010.SH,0.417,0.4266333333333333,-0.05869074492099324,0.03990024937655856,0.18803418803418803,0.015004178315400143,629369891.35,679,0.03009063938906374,12,True,False,False,True,True,False,True,False,True,True,False,confirmed_risk_on,True,False,True,False
2025-10-24,159928.SZ,0.826,0.8455166666666667,-0.037296037296037365,-0.011961722488038284,0.007317073170731714,0.0069520691242715696,663179416.0252001,679,-0.01823968927948392,13,True,False,False,True,True,False,False,False,True,True,False,confirmed_risk_on,True,False,True,False
2025-10-24,530880.SH,1.042,1.0098333333333334,0.06543967280163598,-0.0047755491881565915,0.0854166666666667,0.00790080229426294,2047821.3,231,0.0413489827787251,,False,False,False,True,False,True,True,False,False,True,False,confirmed_risk_on,True,False,True,False
2025-10-31,516160.SH,2.927,2.46635,0.08047249907715015,0.4723340040241448,0.6425364758698091,0.02731042297947862,302071333.1,683,0.34962989641447983,1,True,True,True,True,True,True,True,True,False,True,False,confirmed_risk_on,True,False,True,False
2025-10-31,159915.SZ,3.166,2.8656,-0.014014325755216439,0.37592351151673165,0.6095577020843923,0.023883920057764612,5008507947.0455,684,0.2666752147214846,2,True,True,True,True,True,True,True,True,False,True,False,confirmed_risk_on,True,False,True,False
2025-10-31,159995.SZ,1.765,1.6179333333333334,-0.05107526881720437,0.3963607594936709,0.3864886095836606,0.028345536763034918,1258204392.3473,675,0.21541191818731875,3,True,True,True,True,True,True,True,True,False,True,False,confirmed_risk_on,True,False,True,False
2025-10-31,588080.SH,1.442,1.3268833333333334,-0.038025350233489075,0.36037735849056585,0.38520653218059553,0.024491566958444556,1718083723.95,595,0.20598210973894981,4,True,True,False,True,True,True,True,True,False,True,False,confirmed_risk_on,True,False,True,False
2025-10-31,510500.SH,7.374,7.012333333333333,-0.0006775985905949078,0.1826784282277465,0.2980109135715543,0.015213233005432834,2071404549.4,684,0.13240251456917151,5,True,True,False,True,True,True,True,True,False,True,False,confirmed_risk_on,True,False,True,False
2025-10-31,510300.SH,4.633,4.425033333333333,0.01334208223972011,0.14905753968253976,0.2467707212055974,0.01201629805909406,4199640024.75,684,0.11431399301002343,6,True,True,False,True,True,True,True,True,False,True,False,confirmed_risk_on,True,False,True,False
2025-10-31,512100.SH,2.996,2.9135333333333335,0.00033388981636051085,0.1288620949510173,0.24677486475239285,0.012379530456056506,1341502208.65,684,0.1010333668574297,7,True,False,False,True,True,True,True,True,False,True,False,confirmed_risk_on,True,False,True,False
2025-10-31,510880.SH,3.097,3.0556166666666664,0.04840893703452931,0.009452411994784748,0.06572608396421198,0.006720728073590778,642412355.5,638,0.036289756404568024,8,True,False,False,True,True,True,True,True,False,True,False,confirmed_risk_on,True,False,True,False
2025-10-31,512880.SH,1.254,1.2588166666666667,0.02450980392156854,0.046744574290484175,0.18862559241706167,0.01579996221462861,3855833349.25,684,0.06622686976823343,9,True,False,False,True,True,False,True,False,True,True,False,confirmed_risk_on,True,False,True,False
2025-10-31,512660.SH,1.204,1.222883333333333,0.0033333333333334103,0.015177065767284947,0.14557564224548059,0.01495436374374489,745760848.95,678,0.03651928808934346,10,True,False,False,True,True,False,True,False,True,True,False,confirmed_risk_on,True,False,True,False
2025-10-31,159928.SZ,0.831,0.8461333333333332,-0.010714285714285676,0.032298136645962705,0.013414634146341475,0.0064719327064701165,693704691.6304,684,0.011316467201939108,11,True,False,False,True,True,False,True,False,True,True,False,confirmed_risk_on,True,False,True,False
2025-10-31,515300.SH,1.314,1.3203166666666668,0.029780564263322873,-0.01646706586826352,0.015455950540958385,0.005108123646068613,144589477.2,664,0.008416589466215419,12,True,False,False,True,True,False,True,False,True,True,False,confirmed_risk_on,True,False,True,False
2025-10-31,512010.SH,0.413,0.42678333333333335,-0.06772009029345383,-0.007211538461538436,0.1568627450980391,0.015803346575017026,654071654.65,684,0.0013998975176109166,13,True,False,False,True,True,False,True,False,True,True,False,confirmed_risk_on,True,False,True,False
2025-10-31,530880.SH,1.03,1.01075,0.052093973442288055,0.020812685827552135,0.08535300316122241,0.008046432678050743,2056063.15,236,0.04623326434018056,,False,False,False,True,False,True,True,False,False,True,False,confirmed_risk_on,True,False,True,False
2025-11-07,516160.SH,3.083,2.548216666666667,0.1129963898916968,0.5391912131802297,0.6575268817204301,0.02315752158632439,296381901.4,688,0.3923804175728566,1,True,True,True,True,True,True,True,True,False,True,False,confirmed_risk_on,True,False,True,False
2025-11-07,159915.SZ,3.185,2.936,0.029079159935379684,0.3728448275862071,0.5506329113924051,0.021172302876184674,4621072815.17835,689,0.27089617728711574,2,True,True,True,True,True,True,True,True,False,True,False,confirmed_risk_on,True,False,True,False
2025-11-07,159995.SZ,1.77,1.6586500000000002,-0.032258064516129004,0.38497652582159625,0.42282958199356924,0.025838448039025925,1214418718.6813998,680,0.22565330092090077,3,True,True,True,True,True,True,True,True,False,True,False,confirmed_risk_on,True,False,True,False
2025-11-07,588080.SH,1.442,1.3573666666666668,-0.028301886792452824,0.34640522875817004,0.408203125,0.021592503172245585,1516604199.0,600,0.20888196178628687,4,True,True,False,True,True,True,True,True,False,True,False,confirmed_risk_on,True,False,True,False
2025-11-07,510500.SH,7.378,7.097983333333333,-0.008733037753593909,0.16262212417270727,0.28626220362622035,0.014102214501780208,1919235458.4,689,0.11880807529288942,5,True,True,False,True,True,True,True,True,False,True,False,confirmed_risk_on,True,False,True,False
2025-11-07,510300.SH,4.672,4.474566666666666,0.016536118363794428,0.1479115479115478,0.21857068335941565,0.0102353862830894,4035112017.3,689,0.10949320318202004,6,True,True,False,True,True,True,True,True,False,True,False,confirmed_risk_on,True,False,True,False
2025-11-07,512100.SH,3.014,2.9383333333333335,0.002327901563019541,0.10362504577077991,0.24186238154099704,0.011652694210716734,1245473024.35,689,0.09075365524171919,7,True,False,False,True,True,True,True,True,False,True,False,confirmed_risk_on,True,False,True,False
2025-11-07,510880.SH,3.188,3.061366666666667,0.06515202138322773,0.01658163265306123,0.06622073578595322,0.006777637185287387,616844178.25,643,0.04593760877170623,8,True,False,False,True,True,True,True,True,False,True,False,confirmed_risk_on,True,False,True,False
2025-11-07,515300.SH,1.335,1.3190333333333333,0.035686578743211905,-0.013303769401330379,0.005271084337349352,0.004880060251827427,141305942.2,669,0.010007340604222481,9,True,False,False,True,True,True,True,True,False,True,False,confirmed_risk_on,True,False,True,False
2025-11-07,512880.SH,1.244,1.2625166666666667,-0.020472440944881876,0.028949545078577277,0.13193812556869888,0.011253011897288142,3396606739.2,689,0.02977846676721794,10,True,False,False,True,True,False,True,False,True,True,False,confirmed_risk_on,True,False,True,False
2025-11-07,512660.SH,1.195,1.2219166666666665,-0.03081914030819144,-0.034733441033925616,0.13055818353831605,0.013584621052720382,605855242.25,683,-0.0001093958291836089,11,True,False,False,True,True,False,False,False,True,True,False,confirmed_risk_on,True,False,True,False
2025-11-07,159928.SZ,0.822,0.84705,-0.028368794326241176,0.007352941176470562,-0.013205282112845107,0.006552707648784936,638282367.54005,689,-0.011047397682477266,12,True,False,False,True,True,False,False,False,True,True,False,confirmed_risk_on,True,False,True,False
2025-11-07,512010.SH,0.401,0.4263166666666666,-0.08237986270022879,-0.014742014742014642,0.10468319559228667,0.013309982277430521,600493384.4,689,-0.017912111858440043,13,True,False,False,True,True,False,False,False,True,True,False,confirmed_risk_on,True,False,True,False
2025-11-07,530880.SH,1.063,1.0139166666666666,0.07265388496468206,0.028046421663442844,0.08358817533129459,0.008658322939887862,2282446.1,241,0.05699775771750888,,False,False,False,True,False,True,True,False,False,True,False,confirmed_risk_on,True,False,True,False
2025-11-14,516160.SH,3.051,2.6296833333333334,0.14785553047404076,0.47891420261754725,0.6465191581219645,0.022802238932279527,306631738.05,693,0.38001172486102813,1,True,True,True,True,True,True,True,True,False,True,False,confirmed_risk_on,True,False,True,False
2025-11-14,159915.SZ,3.093,2.99735,0.06106346483704983,0.2645134914145544,0.5206489675516226,0.018820889946446418,4159228758.2773004,694,0.23436057601096622,2,True,True,True,True,True,True,True,True,False,True,False,confirmed_risk_on,True,False,True,False
2025-11-14,588080.SH,1.387,1.3851,-0.0007204610951008217,0.26205641492265697,0.3814741035856575,0.018797931145765882,1204281614.45,605,0.18082920224815396,3,True,True,True,True,True,True,True,True,False,True,False,confirmed_risk_on,True,False,True,False
2025-11-14,510500.SH,7.276,7.173766666666666,0.03176403857061838,0.12771233725976439,0.2778363189322093,0.011646068708909402,1595416384.65,694,0.11935781411859497,4,True,True,False,True,True,True,True,True,False,True,False,confirmed_risk_on,True,False,True,False
2025-11-14,510300.SH,4.618,4.5205,0.025994223505887648,0.11734817323977742,0.21271008403361358,0.009284494247536086,3581566204.4,694,0.09987897550498875,5,True,True,False,True,True,True,True,True,False,True,False,confirmed_risk_on,True,False,True,False
2025-11-14,512100.SH,2.994,2.9583333333333335,0.04393305439330564,0.07620416966211363,0.23923841059602657,0.008831477598896558,1094239552.5,694,0.09590257174137302,6,True,True,False,True,True,True,True,True,False,True,False,confirmed_risk_on,True,False,True,False
2025-11-14,510880.SH,3.205,3.06905,0.038561244329228916,0.03587588881706538,0.06584635849684073,0.005350637756278159,471009616.3,648,0.04294412495788587,7,True,False,False,True,True,True,True,True,False,True,False,confirmed_risk_on,True,False,True,False
2025-11-14,515300.SH,1.342,1.3187666666666666,0.02286585365853666,0.0014925373134329067,0.006751687921980665,0.004309807963226007,136193860.35,674,0.011093693973183962,8,True,False,False,True,True,True,True,True,False,True,False,confirmed_risk_on,True,False,True,False
2025-11-14,159995.SZ,1.686,1.6951500000000002,-0.009982384028185631,0.2676691729323306,0.3922378199834846,0.022653496275824934,1061974741.9274,685,0.18152227955835493,9,True,False,False,True,True,False,True,False,True,True,False,confirmed_risk_on,True,False,True,False
2025-11-14,512880.SH,1.232,1.2642666666666666,-0.0008110300081103361,-0.007252215954875241,0.1568075117370893,0.010732347642920852,3108313604.25,694,0.028136203962223626,10,True,False,False,True,True,False,True,False,True,True,False,confirmed_risk_on,True,False,True,False
2025-11-14,159928.SZ,0.842,0.8493833333333334,-0.0011862396204033177,0.025578562728379994,0.01937046004842613,0.009209631214025415,687150914.6561501,694,0.013631021252875896,11,True,False,False,True,True,False,True,False,True,True,False,confirmed_risk_on,True,False,True,False
2025-11-14,512010.SH,0.408,0.42596666666666666,-0.016867469879518038,-0.016867469879518038,0.09973045822102411,0.010959601409489705,523075371.35,694,0.006452115740590392,12,True,False,False,True,True,False,True,False,True,True,False,confirmed_risk_on,True,False,True,False
2025-11-14,512660.SH,1.174,1.2170666666666667,-0.002548853016142827,-0.04475183075671285,0.12237093690248546,0.011034554055852717,523470315.8,688,0.005553913871354822,13,True,False,False,True,True,False,True,False,True,True,False,confirmed_risk_on,True,False,True,False
2025-11-14,530880.SH,1.067,1.0175166666666666,0.03491755577109612,0.045053868756121496,0.08324873096446694,0.007206241005931219,1981534.75,246,0.048638316003780435,,False,False,False,True,False,True,True,False,False,True,False,confirmed_risk_on,True,False,True,False
2025-11-21,516160.SH,2.76,2.6967,-0.0010857763300760048,0.28791413905739627,0.5514333895446879,0.02767611247404329,330724126.3,698,0.2250180229998657,1,True,True,True,True,True,True,True,True,False,False,True,confirmed_risk_off,False,True,False,True
2025-11-21,510880.SH,3.112,3.074066666666667,-0.0012836970474967568,-0.0003212335367811514,0.05241799120730484,0.006789778970276327,435754254.35,653,0.009841626007749805,2,True,True,True,True,True,True,True,True,False,False,True,confirmed_risk_off,False,True,False,True
2025-11-21,515300.SH,1.324,1.31805,-0.0007547169811319421,-0.018532246108228234,0.0,0.0053798583810905996,135735918.35,679,-0.00771478523574407,3,True,True,True,True,True,True,False,False,True,False,True,confirmed_risk_off,False,True,False,True
2025-11-21,159915.SZ,2.904,3.035616666666667,-0.07721639656816015,0.12908242612752718,0.4823889739663092,0.017591434733887235,4209821851.0984,699,0.11722420661700866,4,True,True,False,True,True,False,True,False,True,False,True,confirmed_risk_off,False,True,False,True
2025-11-21,159995.SZ,1.585,1.7185666666666668,-0.13998914812805208,0.12972202423378465,0.35354397950469685,0.019759072234416537,988275902.13355,690,0.06660194634323241,5,True,True,False,True,True,False,True,False,True,False,True,confirmed_risk_off,False,True,False,True
2025-11-21,588080.SH,1.308,1.4029166666666668,-0.12037659717552118,0.12178387650085765,0.3292682926829269,0.015754879706813142,1123047244.75,610,0.06641657026671996,6,True,True,False,True,True,False,True,False,True,False,True,confirmed_risk_off,False,True,False,True
2025-11-21,510300.SH,4.441,4.548183333333333,-0.044329675059178064,0.04371327849588713,0.19029750737067808,0.009856952258717147,3735242955.1,699,0.03781294284881924,7,True,False,False,True,True,False,True,False,True,False,True,confirmed_risk_off,False,True,False,True
2025-11-21,510500.SH,6.86,7.2099,-0.061174216504721546,0.020226055919095876,0.22829006266786034,0.012856743500776232,1677335214.45,699,0.029278748299321804,8,True,False,False,True,True,False,True,False,True,False,True,confirmed_risk_off,False,True,False,True
2025-11-21,512100.SH,2.821,2.962816666666667,-0.049207954162453604,-0.02387543252595159,0.19432684165961045,0.011472080393302197,1145901999.2,699,0.009632013656560013,9,True,False,False,True,True,False,True,False,True,False,True,confirmed_risk_off,False,True,False,True
2025-11-21,159928.SZ,0.825,0.8492833333333334,-0.001210653753026647,-0.027122641509433998,0.0060975609756097615,0.009047211413517435,661877486.4287,699,-0.010113805909862307,10,True,False,False,True,True,False,False,False,True,False,True,confirmed_risk_off,False,True,False,True
2025-11-21,512660.SH,1.142,1.2100333333333333,-0.054635761589403975,-0.08566853482786241,0.11306042884990242,0.010387252943591526,552998832.55,693,-0.033509632796926064,11,True,False,False,True,True,False,False,False,True,False,True,confirmed_risk_off,False,True,False,True
2025-11-21,512880.SH,1.173,1.2566833333333336,-0.06682577565632442,-0.0928074245939674,0.13223938223938214,0.012608598603611704,3137500869.3,699,-0.03740540365224031,12,True,False,False,True,True,False,False,False,True,False,True,confirmed_risk_off,False,True,False,True
2025-11-21,512010.SH,0.387,0.4242666666666667,-0.07194244604316535,-0.07857142857142851,0.05449591280653965,0.011576820706502981,557647088.4,699,-0.04930636728452962,13,True,False,False,True,True,False,False,False,True,False,True,confirmed_risk_off,False,True,False,True
2025-11-21,530880.SH,1.036,1.0202333333333333,-0.0057581573896353655,0.008763388510224068,0.06694129763130796,0.007431805638279557,1936697.65,251,0.014590351974497075,,False,False,False,True,False,True,True,False,False,False,True,confirmed_risk_off,False,True,False,True
2025-11-28,516160.SH,2.829,2.7440166666666665,-0.03348138025281855,0.2703188145487203,0.5751670378619154,0.02420987474378687,303811379.6,703,0.20976838129074377,1,True,True,True,True,True,True,True,True,False,False,True,confirmed_risk_off,False,True,False,True
2025-11-28,510880.SH,3.087,3.0733333333333333,-0.003228931223764886,0.008164598301763748,0.03555853740355586,0.007076045913102451,428148582.25,658,0.009085974311910716,2,True,True,True,True,True,True,True,True,False,False,True,confirmed_risk_off,False,True,False,True
2025-11-28,515300.SH,1.317,1.3159833333333333,0.0022831050228309113,-0.011261261261261368,-0.002272727272727315,0.004797675968472442,130767878.65,684,-0.0040458079499176465,3,True,True,True,True,True,True,False,False,True,False,True,confirmed_risk_off,False,True,False,True
2025-11-28,159915.SZ,3.035,3.0577166666666664,-0.04137713202779525,0.08161083392729873,0.5002471576866041,0.01613039886488528,4204195224.1113997,704,0.11614291229712222,4,True,True,False,True,True,False,True,False,True,False,True,confirmed_risk_off,False,True,False,True
2025-11-28,159995.SZ,1.657,1.7209166666666669,-0.06118980169971666,-0.024720423778693323,0.3716887417218544,0.01762963137574507,829543882.7211001,695,0.039973658153006894,5,True,True,False,True,True,False,True,False,True,False,True,confirmed_risk_off,False,True,False,True
2025-11-28,510300.SH,4.512,4.555149999999999,-0.02611698683358521,0.017132551848512145,0.19586535913066516,0.008765869370149355,3585565944.6,704,0.035579297832103805,6,True,True,False,True,True,False,True,False,True,False,True,confirmed_risk_off,False,True,False,True
2025-11-28,510500.SH,7.073,7.213516666666666,-0.040819094114456056,0.004402158477705198,0.23610625655365247,0.011947313259498238,1910433150.0,704,0.032654477056030154,7,True,False,False,True,True,False,True,False,True,False,True,confirmed_risk_off,False,True,False,True
2025-11-28,588080.SH,1.35,1.4046666666666667,-0.06380027739251026,-0.028077753779697567,0.3353115727002969,0.01440563810248857,1078879106.05,615,0.030311102071176252,8,True,False,False,True,True,False,True,False,True,False,True,confirmed_risk_off,False,True,False,True
2025-11-28,512100.SH,2.926,2.9572000000000003,-0.02336448598130836,-0.014150943396226356,0.2006565449322939,0.011844217657912633,1146960781.6,704,0.025125137235444895,9,True,False,False,True,True,False,True,False,True,False,True,confirmed_risk_off,False,True,False,True
2025-11-28,159928.SZ,0.829,0.8460166666666668,-0.002406738868832692,-0.03267211201866982,0.01097560975609757,0.008820928143795752,604414228.3315,704,-0.011836418403781492,10,True,False,False,True,True,False,False,False,True,False,True,confirmed_risk_off,False,True,False,True
2025-11-28,512660.SH,1.172,1.2002166666666667,-0.02657807308970106,-0.09776751347190149,0.11406844106463865,0.01341526918632396,523220623.2,698,-0.026924546411713296,11,True,False,False,True,True,False,False,False,True,False,True,confirmed_risk_off,False,True,False,True
2025-11-28,512010.SH,0.393,0.4215666666666667,-0.048426150121065326,-0.06205250596658707,0.04521276595744683,0.009183453948296448,483749477.55,704,-0.03514890924357159,12,True,False,False,True,True,False,False,False,True,False,True,confirmed_risk_off,False,True,False,True
2025-11-28,512880.SH,1.18,1.2439166666666666,-0.05901116427432218,-0.11010558069381604,0.0976744186046512,0.010287009268693314,2533134291.35,704,-0.048111814266325055,13,True,False,False,True,True,False,False,False,True,False,True,confirmed_risk_off,False,True,False,True
2025-11-28,530880.SH,1.027,1.0209833333333334,-0.002912621359223433,0.02189054726368167,0.05333333333333323,0.007360989282451796,2084088.9,256,0.018257837028449943,,False,False,False,True,False,True,True,False,False,False,True,confirmed_risk_off,False,True,False,True
2025-12-05,516160.SH,2.793,2.7837166666666664,-0.09406422315926044,0.1946107784431137,0.5439469320066337,0.02107656296018676,254081773.05,708,0.14900800851486803,1,True,True,True,True,True,True,True,True,False,False,True,mixed,True,False,False,True
2025-12-05,159915.SZ,3.089,3.074766666666667,-0.030141287284144447,0.12286441294074879,0.5142156862745098,0.01572260406441259,3853722524.9721003,709,0.1399323875175437,2,True,True,True,True,True,True,True,True,False,False,True,mixed,True,False,False,True
2025-12-05,510300.SH,4.575,4.564166666666667,-0.020761986301369717,0.05585045003461797,0.2055335968379448,0.008720465052903378,3202774313.8,709,0.05514210486088827,3,True,True,True,True,True,True,True,True,False,False,True,mixed,True,False,False,True
2025-12-05,512660.SH,1.204,1.19445,0.007531380753138084,0.032590051457976,0.15658021133525457,0.014292510046390592,551864337.85,703,0.04736461515149655,4,True,True,False,True,True,True,True,True,False,False,True,mixed,True,False,False,True
2025-12-05,510880.SH,3.083,3.0786333333333333,-0.03293601003764113,0.017827665896335443,0.02869536202869538,0.005919173658298127,391066507.5,663,-0.00030426525078319777,5,True,True,False,True,True,True,False,False,True,False,True,mixed,True,False,False,True
2025-12-05,515300.SH,1.317,1.3158333333333334,-0.013483146067415741,-0.005287009063444148,-0.009029345372460473,0.004734966041880083,128723715.15,689,-0.009313931126836051,6,True,True,False,True,True,True,False,False,True,False,True,mixed,True,False,False,True
2025-12-05,159995.SZ,1.681,1.7263333333333333,-0.05028248587570616,0.13966101694915256,0.4343003412969284,0.016414708790306626,688167921.73115,700,0.12261148068876426,7,True,False,False,True,True,False,True,False,True,False,True,mixed,True,False,False,True
2025-12-05,588080.SH,1.351,1.40595,-0.06310679611650483,0.09127625201938616,0.367408906882591,0.012216458369185145,1056150327.15,620,0.08474956373767073,8,True,False,False,True,True,False,True,False,True,False,True,mixed,True,False,False,True
2025-12-05,510500.SH,7.154,7.224616666666667,-0.030360531309297945,0.0650588060145898,0.24136734339753607,0.01158163465017791,1850491368.8,709,0.062152778561623954,9,True,False,False,True,True,False,True,False,True,False,True,mixed,True,False,False,True
2025-12-05,512100.SH,2.937,2.957816666666667,-0.025547445255474477,0.0470588235294116,0.19877551020408157,0.011913439850507771,1129795148.2,709,0.04835965335039116,10,True,False,False,True,True,False,True,False,True,False,True,mixed,True,False,False,True
2025-12-05,512880.SH,1.194,1.23455,-0.04019292604501612,-0.04326923076923084,0.0984360625574976,0.011900145404993288,2338305267.25,709,-0.013697650214199261,11,True,False,False,True,True,False,False,False,True,False,True,mixed,True,False,False,True
2025-12-05,159928.SZ,0.809,0.8416833333333333,-0.015815085158150777,-0.05710955710955701,-0.006142506142505999,0.008851557392083206,594788179.061,709,-0.030398358135584315,12,True,False,False,True,True,False,False,False,True,False,True,mixed,True,False,False,True
2025-12-05,512010.SH,0.389,0.4172333333333333,-0.029925187032418976,-0.0974477958236658,0.015665796344647598,0.008708861874183887,479602310.65,709,-0.047816033873504395,13,True,False,False,True,True,False,False,False,True,False,True,mixed,True,False,False,True
2025-12-05,530880.SH,1.021,1.02355,-0.039510818438382,0.02510040160642557,0.03971486761710796,0.005354115521978346,1846811.55,261,0.0021788067906390214,,False,False,False,True,False,False,True,False,False,False,True,mixed,True,False,False,True
2025-12-12,159915.SZ,3.174,3.0959999999999996,0.026188166828321924,0.04925619834710737,0.5830423940149627,0.014729749102235576,3693804668.8156,714,0.14678622487316428,1,True,True,True,True,True,True,True,True,False,False,True,confirmed_risk_off,False,True,False,True
2025-12-12,516160.SH,2.815,2.8074500000000002,-0.0773516879711571,0.10565593087195602,0.5770308123249299,0.017690558923080833,198762683.7,713,0.12672785962530556,2,True,True,True,True,True,True,True,True,False,False,True,confirmed_risk_off,False,True,False,True
2025-12-12,512660.SH,1.233,1.1975,0.05025553662691662,0.02493765586034913,0.1799043062200958,0.014123931085847887,562342525.95,708,0.06605813823892547,3,True,True,True,True,True,True,True,True,False,False,True,confirmed_risk_off,False,True,False,True
2025-12-12,159995.SZ,1.709,1.7406,0.013641755634638209,0.052988293284041976,0.4557069846678026,0.015241609925982988,673083277.0695499,705,0.11779341650103259,4,True,True,False,True,True,False,True,False,True,False,True,confirmed_risk_off,False,True,False,True
2025-12-12,588080.SH,1.372,1.4124333333333334,-0.010814708002883866,0.018559762435040872,0.40862422997946624,0.012178797011532887,1139375806.65,625,0.08482286776875606,5,True,True,False,True,True,False,True,False,True,False,True,confirmed_risk_off,False,True,False,True
2025-12-12,510500.SH,7.223,7.240183333333333,-0.007284222100054971,0.008517173973750403,0.277050919377652,0.01117690688818605,2042446806.1,714,0.05590336462500858,6,True,True,False,True,True,False,True,False,True,False,True,confirmed_risk_off,False,True,False,True
2025-12-12,510300.SH,4.571,4.575316666666667,-0.010177566045907471,0.007493938726030436,0.2189333333333332,0.00800578862978534,3393401072.6,714,0.04271321573871582,7,True,False,False,True,True,False,True,False,True,False,True,confirmed_risk_off,False,True,False,True
2025-12-12,512100.SH,2.947,2.9615666666666667,-0.015698062792251166,-0.0037187288708587785,0.22996661101836402,0.011662160077060885,1220300813.95,714,0.038226605538428826,8,True,False,False,True,True,False,True,False,True,False,True,confirmed_risk_off,False,True,False,True
2025-12-12,512880.SH,1.196,1.2300333333333333,-0.02922077922077926,-0.06853582554517135,0.12723845428840708,0.012380113262385662,2327736304.0,714,-0.013654951048698825,9,True,False,False,True,True,False,False,False,True,False,True,confirmed_risk_off,False,True,False,True
2025-12-12,510880.SH,2.999,3.07895,-0.06427457098283929,-0.010557571758495587,0.006038242200604005,0.00547267869570276,442972100.5,668,-0.02872520865641315,10,True,False,False,True,True,False,False,False,True,False,True,confirmed_risk_off,False,True,False,True
2025-12-12,515300.SH,1.293,1.3136333333333332,-0.036512667660208775,-0.02854996243426,-0.02562170308967593,0.004523433449236496,119957913.5,694,-0.031149392655722696,11,True,False,False,True,True,False,False,False,True,False,True,confirmed_risk_off,False,True,False,True
2025-12-12,512010.SH,0.391,0.41265,-0.04166666666666652,-0.11136363636363633,0.08310249307479234,0.007595595381039815,452573767.85,714,-0.04459162259716268,12,True,False,False,True,True,False,False,False,True,False,True,confirmed_risk_off,False,True,False,True
2025-12-12,159928.SZ,0.796,0.8347333333333334,-0.05463182897862229,-0.10561797752808988,0.010152284263959421,0.005023034296779012,444827971.73155004,714,-0.06206946574989299,13,True,False,False,True,True,False,False,False,True,False,True,confirmed_risk_off,False,True,False,True
2025-12-12,530880.SH,0.995,1.02445,-0.0674789128397375,0.001006036217303885,0.014271151885830724,0.00423710478724977,1621017.25,266,-0.023734920271807302,,False,False,False,True,False,False,False,False,False,False,True,confirmed_risk_off,False,True,False,True
2025-12-19,159915.SZ,3.107,3.1004333333333336,0.06990358126721774,0.01304206064558211,0.484472049689441,0.015222227233635834,3541302306.0712,719,0.13007266670300816,1,True,True,True,True,True,True,True,True,False,False,True,confirmed_risk_off,False,True,False,True
2025-12-19,512660.SH,1.255,1.2015166666666668,0.09894921190893169,0.05996621621621623,0.1503208065994499,0.013042752353082164,534288073.75,713,0.09363033256994915,2,True,True,True,True,True,True,True,True,False,False,True,confirmed_risk_off,False,True,False,True
2025-12-19,516160.SH,2.744,2.822033333333333,-0.005797101449275255,0.0681198910081744,0.47685683530678147,0.013487989158963615,161548385.8,718,0.12030048288491595,3,True,True,True,True,True,False,True,False,True,False,True,confirmed_risk_off,False,True,False,True
2025-12-19,159995.SZ,1.665,1.7388833333333333,0.05047318611987395,-0.03979238754325254,0.37603305785123964,0.014401192866370259,623048326.64575,710,0.07947893100089651,4,True,True,False,True,True,False,True,False,True,False,True,confirmed_risk_off,False,True,False,True
2025-12-19,510500.SH,7.224,7.235666666666668,0.05306122448979589,-0.0008298755186721962,0.2399588053553039,0.00921948488852705,1849923300.3,719,0.06888430065951026,5,True,True,False,True,True,False,True,False,True,False,True,confirmed_risk_off,False,True,False,True
2025-12-19,588080.SH,1.336,1.40885,0.021406727828746197,-0.04639543183440398,0.3333333333333335,0.012702814519412242,1078973409.8,630,0.05667118506440358,6,True,True,False,True,True,False,True,False,True,False,True,confirmed_risk_off,False,True,False,True
2025-12-19,510300.SH,4.565,4.579066666666667,0.027921639270434673,0.021024379333482557,0.18172404866683944,0.007236803913130388,3284992660.8,719,0.055923217174934786,7,True,False,False,True,True,False,True,False,True,False,True,confirmed_risk_off,False,True,False,True
2025-12-19,512100.SH,2.933,2.9559333333333333,0.03970223325062028,-0.014448924731182866,0.18313836224283975,0.00907664600328828,1099869457.25,719,0.04672899585634292,8,True,False,False,True,True,False,True,False,True,False,True,confirmed_risk_off,False,True,False,True
2025-12-19,512880.SH,1.211,1.2256666666666665,0.03239556692242118,-0.017045454545454475,0.06414762741652047,0.010570096766494378,2059157863.55,719,0.01896957043409078,9,True,False,False,True,True,False,True,False,True,False,True,confirmed_risk_off,False,True,False,True
2025-12-19,510880.SH,3.031,3.0809333333333333,-0.026028277634961405,0.02641381645783958,-0.0019756338491931924,0.005454174906778476,451812661.8,673,-0.00024091124068736962,10,True,False,False,True,True,False,False,False,True,False,True,confirmed_risk_off,False,True,False,True
2025-12-19,515300.SH,1.303,1.3132,-0.015861027190332444,0.013219284603421366,-0.03552923760177651,0.004064247186122181,113378751.95,699,-0.008162544555119732,11,True,False,False,True,True,False,False,False,True,False,True,confirmed_risk_off,False,True,False,True
2025-12-19,159928.SZ,0.811,0.8288166666666666,-0.016969696969696857,-0.054778554778554644,0.018844221105527748,0.006275257371917227,408875336.21599996,719,-0.02493045647819505,12,True,False,False,True,True,False,False,False,True,False,True,confirmed_risk_off,False,True,False,True
2025-12-19,512010.SH,0.388,0.40878333333333333,-0.015228426395939132,-0.12808988764044937,0.051490514905149,0.008069083869438935,438355639.05,718,-0.0470292226335256,13,True,False,False,True,True,False,False,False,True,False,True,confirmed_risk_off,False,True,False,True
2025-12-19,530880.SH,1.003,1.0251499999999998,-0.031853281853281956,0.02556237218813906,0.005010020040079999,0.005152333347710323,1691187.55,271,-0.001514359858041159,,False,False,False,True,False,False,False,False,False,False,True,confirmed_risk_off,False,True,False,True
2025-12-26,516160.SH,2.927,2.83925,0.0509874326750448,0.09872372372372373,0.5348715259570005,0.014503195078096406,235818279.95,722,0.16685876775090752,1,True,True,True,True,True,True,True,True,False,False,True,risk_on_setup,True,False,True,False
2025-12-26,512660.SH,1.332,1.2088666666666668,0.13651877133105805,0.1100000000000001,0.185053380782918,0.012227799386441484,538567231.05,718,0.13561818468900685,2,True,True,True,True,True,True,True,True,False,False,True,risk_on_setup,True,False,True,False
2025-12-26,159915.SZ,3.226,3.1073000000000004,0.06293245469522235,0.004671441918405517,0.5067725361980382,0.014726266237029988,3176023447.90615,724,0.1283960658850588,3,True,True,True,True,True,True,True,True,False,False,True,risk_on_setup,True,False,True,False
2025-12-26,510500.SH,7.518,7.245616666666666,0.0629153117489043,0.018837240818539103,0.27229649686918256,0.00924400669467451,1821213790.0,724,0.08716032040081387,4,True,True,False,True,True,True,True,True,False,False,True,risk_on_setup,True,False,True,False
2025-12-26,512100.SH,3.041,2.9572999999999996,0.03930280246069717,0.015358931552587496,0.20866454689984093,0.009071582289124277,1070352602.8,724,0.06359760298528205,5,True,True,False,True,True,True,True,True,False,False,True,risk_on_setup,True,False,True,False
2025-12-26,510300.SH,4.661,4.588633333333333,0.033023049645390046,0.01946631671041099,0.197584789311408,0.007137998888377337,3185468523.85,724,0.06051270440460202,6,True,True,False,True,True,True,True,True,False,False,True,risk_on_setup,True,False,True,False
2025-12-26,512880.SH,1.229,1.2251833333333333,0.041525423728813626,0.004084967320261423,0.08664898320070735,0.010734379023464016,2063656242.8,724,0.03557395305977149,7,True,False,False,True,True,True,True,True,False,False,True,risk_on_setup,True,False,True,False
2025-12-26,159995.SZ,1.733,1.7341000000000002,0.04586602293301145,-0.06827956989247308,0.4441666666666668,0.015524419475976542,643489354.70955,715,0.07986791454954872,8,True,False,False,True,True,False,True,False,True,False,True,risk_on_setup,True,False,True,False
2025-12-26,588080.SH,1.374,1.4026666666666665,0.017777777777777892,-0.08338892595063374,0.3809045226130654,0.012956069967691799,1009321448.85,635,0.04993644525347075,9,True,False,False,True,True,False,True,False,True,False,True,risk_on_setup,True,False,True,False
2025-12-26,510880.SH,3.044,3.0864666666666665,-0.013929381276320152,0.030467163168584888,-0.0036006546644844484,0.0051693258319834585,445033467.45,678,0.005894981824009004,10,True,False,False,True,True,False,True,False,True,False,True,risk_on_setup,True,False,True,False
2025-12-26,515300.SH,1.296,1.3144833333333332,-0.015945330296127547,0.01567398119122254,-0.03857566765578635,0.004013469827098872,109203468.2,704,-0.007823673173119272,11,True,False,False,True,True,False,False,False,True,False,True,risk_on_setup,True,False,True,False
2025-12-26,159928.SZ,0.8,0.8250666666666666,-0.03498190591073569,-0.04761904761904756,0.0037641154328733606,0.006570415862898051,425288398.20165,724,-0.03228755832533863,12,True,False,False,True,True,False,False,False,True,False,True,risk_on_setup,True,False,True,False
2025-12-26,512010.SH,0.387,0.4044833333333333,-0.012755102040816313,-0.1103448275862069,0.05163043478260865,0.006852991203741196,399358741.1,723,-0.03891388489428756,13,True,False,False,True,True,False,False,False,True,False,True,risk_on_setup,True,False,True,False
2025-12-26,530880.SH,1.009,1.0267166666666665,-0.017526777020447915,0.03064351378958108,0.0019860973187686426,0.005502816423612177,1621602.0,276,0.005643914171406994,,False,False,False,True,False,False,True,False,False,False,True,risk_on_setup,True,False,True,False
